# vsim -c -debugdb TIP_EMAMBA_V1_SIM -do "debug.do" -l qtsim.log 
# Start time: 19:08:22 on Jul 04,2026
# Loading sv_std.std
# Loading work.TIP_EMAMBA_V1_SIM
# Loading work.CLOCK_GENERATOR
# Loading work.NCSIM_MANAGER
# Loading work.NCSIM_PRINTF
# Loading work.TIP_EMAMBA_V1
# Loading work.TIP_EMAMBA_V1_RTL
# Loading work.RVC_ORCA
# Loading work.ERVP_COMMON_PERI_GROUP
# Loading work.ERVP_APB_BUS
# Loading work.RVX_MODULE_051
# Loading work.ERVP_MUX_WITH_ONEHOT_ENCODED_SELECT
# Loading work.ERVP_IROM_APB
# Loading work.RVX_MODULE_082
# Loading work.ERVP_TICK_GENERATOR
# Loading work.ERVP_COUNTER
# Loading work.ERVP_REAL_CLOCK
# Loading work.ERVP_EXTERNAL_PERI_GROUP
# Loading work.RVX_MODULE_110
# Loading work.RVX_MODULE_030
# Loading work.RVX_MODULE_078
# Loading work.ERVP_GPIO
# Loading work.ERVP_SYNCHRONIZER
# Loading work.ERVP_DEBOUNCER
# Loading work.RVX_MODULE_040
# Loading work.ERVP_CORE_PERI_GROUP
# Loading work.ERVP_PLATFORM_CONTROLLER
# Loading work.RVX_MODULE_009
# Loading work.RVX_MODULE_103
# Loading work.RVX_MODULE_013
# Loading work.RVX_MODULE_108
# Loading work.RVX_MODULE_029
# Loading work.ERVP_FIFO
# Loading work.ERVP_UPDOWN_COUNTER
# Loading work.ERVP_MUX
# Loading work.RVX_MODULE_065
# Loading work.RVX_MODULE_123
# Loading work.RESET_BUF
# Loading work.RVX_MODULE_058
# Loading work.RVX_MODULE_101
# Loading work.RVX_MODULE_026
# Loading work.RVX_MODULE_031
# Loading work.RVX_MODULE_118
# Loading work.MUNOC_DEFAULT_SNIM
# Loading work.MUNOC_MODULE_06
# Loading work.MUNOC_MODULE_21
# Loading work.MUNOC_MODULE_34
# Loading work.MUNOC_MODULE_46
# Loading work.ERVP_COUNTER_WITH_ONEHOT_ENCODING
# Loading work.MUNOC_MODULE_35
# Loading work.MUNOC_MODULE_40
# Loading work.ERVP_BARREL_SHIFTER
# Loading work.RVX_MODULE_062
# Loading work.RVX_MODULE_070
# Loading work.MUNOC_MODULE_29
# Loading work.MUNOC_MODULE_28
# Loading work.ERVP_SMALL_FIFO
# Loading work.ERVP_SHIFT_REGISTER
# Loading work.ERVP_ASYNCH_FIFO
# Loading work.MUNOC_MODULE_16
# Loading work.MUNOC_MODULE_27
# Loading work.MUNOC_MODULE_00
# Loading work.MUNOC_AXI2APB_CONVERTER_
# Loading work.MUNOC_AXI2LPIXS
# Loading work.RVX_MODULE_095
# Loading work.ERVP_GRANTER
# Loading work.RVX_MODULE_037
# Loading work.RVX_MODULE_092
# Loading work.RVX_MODULE_036
# Loading work.RVX_MODULE_111
# Loading work.RVX_MODULE_007
# Loading work.RVX_MODULE_022
# Loading work.RVX_MODULE_017
# Loading work.MUNOC_MODULE_07
# Loading work.MUNOC_AXI_MASTER_NETWORK_INTERFACE_MODULE
# Loading work.MUNOC_MODULE_14
# Loading work.MUNOC_MODULE_10
# Loading work.MUNOC_MODULE_20
# Loading work.MUNOC_AXI2APB_BRIDGE
# Loading work.MUNOC_MODULE_01
# Loading work.MUNOC_MODULE_02
# Loading work.MUNOC_MODULE_44
# Loading work.MUNOC_MODULE_33
# Loading work.MUNOC_MODULE_22
# Loading work.MUNOC_MODULE_12
# Loading work.MUNOC_MODULE_31
# Loading work.MUNOC_MODULE_43
# Loading work.MUNOC_AHB_MASTER_NETWORK_INTERFACE_MODULE
# Loading work.MUNOC_MODULE_37
# Loading work.MUNOC_MODULE_39
# Loading work.MUNOC_AXI4_SLAVE_NETWORK_INTERFACE_MODULE
# Loading work.MUNOC_AXI_SLAVE_NETWORK_INTERFACE_MODULE
# Loading work.MUNOC_MODULE_36
# Loading work.MUNOC_MODULE_47
# Loading work.MUNOC_MODULE_25
# Loading work.MUNOC_APB_SLAVE_NETWORK_INTERFACE_MODULE
# Loading work.MUNOC_MODULE_08
# Loading work.MUNOC_MODULE_32
# Loading work.MUNOC_NETWORK_DUAL_ROUTER
# Loading work.MUNOC_NETWORK_ROUTER
# Loading work.TIP_EMAMBA_V1_CLOCK_PLL_0_00
# Loading work.TIP_EMAMBA_V1_SRAM_AXI_01
# Loading work.ERVP_SPSRAM_CONTROLLER_AXI
# Loading work.RVX_MODULE_088
# Loading work.MUNOC_LPIXM2SCELL
# Loading work.RVX_MODULE_016
# Loading work.RVX_MODULE_072
# Loading work.ERVP_DEMUX
# Loading work.ERVP_DUPLICATOR
# Loading work.eMamba_IP
# Loading work.S_AXI
# Loading work.eMamba
# Loading work.Patchembedding
# Loading work.Patch_Rearrange
# Loading work.Patch_Linear
# Loading work.matMult_20
# Loading work.shifter_left
# Loading work.CLA_32
# Loading work.CLA_16
# Loading work.CLA_4
# Loading work.shifter_right
# Loading work.saturator
# Loading work.MAMBA
# Loading work.LightNorm
# Loading work.calculator_mean
# Loading work.calculator_range
# Loading work.comparator
# Loading work.Linear_expand
# Loading work.SiLU_piecewise
# Loading work.Convolution1D
# Loading work.matMult_40
# Loading work.activator
# Loading work.SSM
# Loading work.SSM_Preprocess
# Loading work.Linear_expand_dBC_delta
# Loading work.matMult_40_wo_bias
# Loading work.Linear_expand_dBC_BC
# Loading work.Linear_expand_delta
# Loading work.matMult_32
# Loading work.ReLU
# Loading work.Dim_expand_delta_B
# Loading work.Dim_expand_delta_B_compute
# Loading work.Exp_piecewise
# Loading work.Dim_expand_delta_A_compute
# Loading work.Exp_piecewise_compute
# Loading work.SSM_Computation
# Loading work.SSM_xkP1_compute
# Loading work.SSM_y_compute
# Loading work.ElementWise_Prod
# Loading work.Linear_contract
# Loading work.matMult_40_LinCont
# Loading work.ElementWise_Add
# Loading work.Outputhead
# Loading work.edgeDetector
# Loading work.RVX_MODULE_120
# Loading work.RVX_MODULE_090
# Loading work.RVX_MODULE_106
# Loading work.RVX_MODULE_097
# Loading work.RVX_MODULE_098
# Loading work.RVX_MODULE_073
# Loading work.RVX_MODULE_027
# Loading work.RESET_NOT
# Loading work.MUNOC_MODULE_04
# Loading work.RVX_MODULE_076
# Loading work.MUNOC_ROUTING_TABLE
# Loading work.MUNOC_MODULE_38
# Loading work.ERVP_MEMORY_CELL_1R1W
# Loading work.LightNorm_compute
# Loading work.int8_divider
# Loading std.standard
# Loading std.textio(body)
# Loading ieee.std_logic_1164(body)
# Loading ieee.numeric_std(body)
# Loading work.utils_pkg(body)
# Loading work.constants_pkg(body)
# Loading work.rv_components
# Loading work.orca(rtl)
# Loading work.orca_core(rtl)
# Loading work.instruction_fetch(rtl)
# Loading work.decode(rtl)
# Loading work.register_file(rtl)
# Loading ieee.std_logic_textio(body)
# Loading work.execute(behavioural)
# Loading work.arithmetic_unit(rtl)
# Loading work.divider(rtl)
# Loading work.branch_unit(rtl)
# Loading work.load_store_unit(rtl)
# Loading work.sys_call(rtl)
# Loading work.vcp_handler(rtl)
# Loading work.memory_interface(rtl)
# Loading work.cache_mux(rtl)
# Loading work.oimm_register(rtl)
# Loading work.cache_controller(rtl)
# Loading work.cache(rtl)
# Loading work.axi_master(rtl)
# Loading work.ERVP_ORCA_CACHE_AXI_MASTER_OLD
# Loading work.a4l_master(rtl)
# ** Warning: (vsim-3015) [PCDPC] - Port size (1) does not match connection size (32) for port 's_axi_awlock'. The port definition is at: /home/sanghun/RVX/rvx-tutorials/platform/tip_emamba_v1/user/rtl/src/eMamba_IP.v(67).
#    Time: 0 ps  Iteration: 0  Instance: /TIP_EMAMBA_V1_SIM/i_platform/my_emamba_ip File: /home/sanghun/RVX/rvx-tutorials/platform/tip_emamba_v1/user/rtl/include/tip_emamba_v1_user_region.vh Line: 149
# ** Warning: (vsim-3015) [PCDPC] - Port size (2) does not match connection size (32) for port 's_axi_awuser'. The port definition is at: /home/sanghun/RVX/rvx-tutorials/platform/tip_emamba_v1/user/rtl/src/eMamba_IP.v(72).
#    Time: 0 ps  Iteration: 0  Instance: /TIP_EMAMBA_V1_SIM/i_platform/my_emamba_ip File: /home/sanghun/RVX/rvx-tutorials/platform/tip_emamba_v1/user/rtl/include/tip_emamba_v1_user_region.vh Line: 149
# ** Warning: (vsim-3015) [PCDPC] - Port size (2) does not match connection size (32) for port 's_axi_wuser'. The port definition is at: /home/sanghun/RVX/rvx-tutorials/platform/tip_emamba_v1/user/rtl/src/eMamba_IP.v(81).
#    Time: 0 ps  Iteration: 0  Instance: /TIP_EMAMBA_V1_SIM/i_platform/my_emamba_ip File: /home/sanghun/RVX/rvx-tutorials/platform/tip_emamba_v1/user/rtl/include/tip_emamba_v1_user_region.vh Line: 149
# ** Warning: (vsim-3015) [PCDPC] - Port size (1) does not match connection size (32) for port 's_axi_arlock'. The port definition is at: /home/sanghun/RVX/rvx-tutorials/platform/tip_emamba_v1/user/rtl/src/eMamba_IP.v(100).
#    Time: 0 ps  Iteration: 0  Instance: /TIP_EMAMBA_V1_SIM/i_platform/my_emamba_ip File: /home/sanghun/RVX/rvx-tutorials/platform/tip_emamba_v1/user/rtl/include/tip_emamba_v1_user_region.vh Line: 149
# ** Warning: (vsim-3015) [PCDPC] - Port size (2) does not match connection size (32) for port 's_axi_aruser'. The port definition is at: /home/sanghun/RVX/rvx-tutorials/platform/tip_emamba_v1/user/rtl/src/eMamba_IP.v(105).
#    Time: 0 ps  Iteration: 0  Instance: /TIP_EMAMBA_V1_SIM/i_platform/my_emamba_ip File: /home/sanghun/RVX/rvx-tutorials/platform/tip_emamba_v1/user/rtl/include/tip_emamba_v1_user_region.vh Line: 149
# ** Warning: (vsim-2685) [TFMPC] - Too few port connections for 'CLA_A'.  Expected 5, found 4.
#    Time: 0 ps  Iteration: 0  Instance: /TIP_EMAMBA_V1_SIM/i_platform/my_emamba_ip/eMamba/Patchembedding/Patch_Linear/matMult_20/Stage_A[0]/CLA_A File: /home/sanghun/RVX/rvx-tutorials/platform/tip_emamba_v1/user/rtl/src/matMult_20.sv Line: 76
# ** Warning: (vsim-3015) [PCDPC] - Port size (1) does not match connection size (32) for port 'carryIn'. The port definition is at: /home/sanghun/RVX/rvx-tutorials/platform/tip_emamba_v1/user/rtl/src/CLA_32.sv(26).
#    Time: 0 ps  Iteration: 0  Instance: /TIP_EMAMBA_V1_SIM/i_platform/my_emamba_ip/eMamba/Patchembedding/Patch_Linear/matMult_20/Stage_A[0]/CLA_A File: /home/sanghun/RVX/rvx-tutorials/platform/tip_emamba_v1/user/rtl/src/matMult_20.sv Line: 76
# ** Warning: (vsim-3722) /home/sanghun/RVX/rvx-tutorials/platform/tip_emamba_v1/user/rtl/src/matMult_20.sv(76): [TFMPC] - Missing connection for port 'carryOut'.
# ** Warning: (vsim-2685) [TFMPC] - Too few port connections for 'CLA_A'.  Expected 5, found 4.
#    Time: 0 ps  Iteration: 0  Instance: /TIP_EMAMBA_V1_SIM/i_platform/my_emamba_ip/eMamba/Patchembedding/Patch_Linear/matMult_20/Stage_A[1]/CLA_A File: /home/sanghun/RVX/rvx-tutorials/platform/tip_emamba_v1/user/rtl/src/matMult_20.sv Line: 76
# ** Warning: (vsim-3015) [PCDPC] - Port size (1) does not match connection size (32) for port 'carryIn'. The port definition is at: /home/sanghun/RVX/rvx-tutorials/platform/tip_emamba_v1/user/rtl/src/CLA_32.sv(26).
#    Time: 0 ps  Iteration: 0  Instance: /TIP_EMAMBA_V1_SIM/i_platform/my_emamba_ip/eMamba/Patchembedding/Patch_Linear/matMult_20/Stage_A[1]/CLA_A File: /home/sanghun/RVX/rvx-tutorials/platform/tip_emamba_v1/user/rtl/src/matMult_20.sv Line: 76
# ** Warning: (vsim-3722) /home/sanghun/RVX/rvx-tutorials/platform/tip_emamba_v1/user/rtl/src/matMult_20.sv(76): [TFMPC] - Missing connection for port 'carryOut'.
# ** Warning: (vsim-2685) [TFMPC] - Too few port connections for 'CLA_A'.  Expected 5, found 4.
#    Time: 0 ps  Iteration: 0  Instance: /TIP_EMAMBA_V1_SIM/i_platform/my_emamba_ip/eMamba/Patchembedding/Patch_Linear/matMult_20/Stage_A[2]/CLA_A File: /home/sanghun/RVX/rvx-tutorials/platform/tip_emamba_v1/user/rtl/src/matMult_20.sv Line: 76
# ** Warning: (vsim-3015) [PCDPC] - Port size (1) does not match connection size (32) for port 'carryIn'. The port definition is at: /home/sanghun/RVX/rvx-tutorials/platform/tip_emamba_v1/user/rtl/src/CLA_32.sv(26).
#    Time: 0 ps  Iteration: 0  Instance: /TIP_EMAMBA_V1_SIM/i_platform/my_emamba_ip/eMamba/Patchembedding/Patch_Linear/matMult_20/Stage_A[2]/CLA_A File: /home/sanghun/RVX/rvx-tutorials/platform/tip_emamba_v1/user/rtl/src/matMult_20.sv Line: 76
# ** Warning: (vsim-3722) /home/sanghun/RVX/rvx-tutorials/platform/tip_emamba_v1/user/rtl/src/matMult_20.sv(76): [TFMPC] - Missing connection for port 'carryOut'.
# ** Warning: (vsim-2685) [TFMPC] - Too few port connections for 'CLA_A'.  Expected 5, found 4.
#    Time: 0 ps  Iteration: 0  Instance: /TIP_EMAMBA_V1_SIM/i_platform/my_emamba_ip/eMamba/Patchembedding/Patch_Linear/matMult_20/Stage_A[3]/CLA_A File: /home/sanghun/RVX/rvx-tutorials/platform/tip_emamba_v1/user/rtl/src/matMult_20.sv Line: 76
# ** Warning: (vsim-3015) [PCDPC] - Port size (1) does not match connection size (32) for port 'carryIn'. The port definition is at: /home/sanghun/RVX/rvx-tutorials/platform/tip_emamba_v1/user/rtl/src/CLA_32.sv(26).
#    Time: 0 ps  Iteration: 0  Instance: /TIP_EMAMBA_V1_SIM/i_platform/my_emamba_ip/eMamba/Patchembedding/Patch_Linear/matMult_20/Stage_A[3]/CLA_A File: /home/sanghun/RVX/rvx-tutorials/platform/tip_emamba_v1/user/rtl/src/matMult_20.sv Line: 76
# ** Warning: (vsim-3722) /home/sanghun/RVX/rvx-tutorials/platform/tip_emamba_v1/user/rtl/src/matMult_20.sv(76): [TFMPC] - Missing connection for port 'carryOut'.
# ** Warning: (vsim-2685) [TFMPC] - Too few port connections for 'CLA_A'.  Expected 5, found 4.
#    Time: 0 ps  Iteration: 0  Instance: /TIP_EMAMBA_V1_SIM/i_platform/my_emamba_ip/eMamba/Patchembedding/Patch_Linear/matMult_20/Stage_A[4]/CLA_A File: /home/sanghun/RVX/rvx-tutorials/platform/tip_emamba_v1/user/rtl/src/matMult_20.sv Line: 76
# ** Warning: (vsim-3015) [PCDPC] - Port size (1) does not match connection size (32) for port 'carryIn'. The port definition is at: /home/sanghun/RVX/rvx-tutorials/platform/tip_emamba_v1/user/rtl/src/CLA_32.sv(26).
#    Time: 0 ps  Iteration: 0  Instance: /TIP_EMAMBA_V1_SIM/i_platform/my_emamba_ip/eMamba/Patchembedding/Patch_Linear/matMult_20/Stage_A[4]/CLA_A File: /home/sanghun/RVX/rvx-tutorials/platform/tip_emamba_v1/user/rtl/src/matMult_20.sv Line: 76
# ** Warning: (vsim-3722) /home/sanghun/RVX/rvx-tutorials/platform/tip_emamba_v1/user/rtl/src/matMult_20.sv(76): [TFMPC] - Missing connection for port 'carryOut'.
# ** Warning: (vsim-2685) [TFMPC] - Too few port connections for 'CLA_A'.  Expected 5, found 4.
#    Time: 0 ps  Iteration: 0  Instance: /TIP_EMAMBA_V1_SIM/i_platform/my_emamba_ip/eMamba/Patchembedding/Patch_Linear/matMult_20/Stage_A[5]/CLA_A File: /home/sanghun/RVX/rvx-tutorials/platform/tip_emamba_v1/user/rtl/src/matMult_20.sv Line: 76
# ** Warning: (vsim-3015) [PCDPC] - Port size (1) does not match connection size (32) for port 'carryIn'. The port definition is at: /home/sanghun/RVX/rvx-tutorials/platform/tip_emamba_v1/user/rtl/src/CLA_32.sv(26).
#    Time: 0 ps  Iteration: 0  Instance: /TIP_EMAMBA_V1_SIM/i_platform/my_emamba_ip/eMamba/Patchembedding/Patch_Linear/matMult_20/Stage_A[5]/CLA_A File: /home/sanghun/RVX/rvx-tutorials/platform/tip_emamba_v1/user/rtl/src/matMult_20.sv Line: 76
# ** Warning: (vsim-3722) /home/sanghun/RVX/rvx-tutorials/platform/tip_emamba_v1/user/rtl/src/matMult_20.sv(76): [TFMPC] - Missing connection for port 'carryOut'.
# ** Warning: (vsim-2685) [TFMPC] - Too few port connections for 'CLA_A'.  Expected 5, found 4.
#    Time: 0 ps  Iteration: 0  Instance: /TIP_EMAMBA_V1_SIM/i_platform/my_emamba_ip/eMamba/Patchembedding/Patch_Linear/matMult_20/Stage_A[6]/CLA_A File: /home/sanghun/RVX/rvx-tutorials/platform/tip_emamba_v1/user/rtl/src/matMult_20.sv Line: 76
# ** Warning: (vsim-3015) [PCDPC] - Port size (1) does not match connection size (32) for port 'carryIn'. The port definition is at: /home/sanghun/RVX/rvx-tutorials/platform/tip_emamba_v1/user/rtl/src/CLA_32.sv(26).
#    Time: 0 ps  Iteration: 0  Instance: /TIP_EMAMBA_V1_SIM/i_platform/my_emamba_ip/eMamba/Patchembedding/Patch_Linear/matMult_20/Stage_A[6]/CLA_A File: /home/sanghun/RVX/rvx-tutorials/platform/tip_emamba_v1/user/rtl/src/matMult_20.sv Line: 76
# ** Warning: (vsim-3722) /home/sanghun/RVX/rvx-tutorials/platform/tip_emamba_v1/user/rtl/src/matMult_20.sv(76): [TFMPC] - Missing connection for port 'carryOut'.
# ** Warning: (vsim-2685) [TFMPC] - Too few port connections for 'CLA_A'.  Expected 5, found 4.
#    Time: 0 ps  Iteration: 0  Instance: /TIP_EMAMBA_V1_SIM/i_platform/my_emamba_ip/eMamba/Patchembedding/Patch_Linear/matMult_20/Stage_A[7]/CLA_A File: /home/sanghun/RVX/rvx-tutorials/platform/tip_emamba_v1/user/rtl/src/matMult_20.sv Line: 76
# ** Warning: (vsim-3015) [PCDPC] - Port size (1) does not match connection size (32) for port 'carryIn'. The port definition is at: /home/sanghun/RVX/rvx-tutorials/platform/tip_emamba_v1/user/rtl/src/CLA_32.sv(26).
#    Time: 0 ps  Iteration: 0  Instance: /TIP_EMAMBA_V1_SIM/i_platform/my_emamba_ip/eMamba/Patchembedding/Patch_Linear/matMult_20/Stage_A[7]/CLA_A File: /home/sanghun/RVX/rvx-tutorials/platform/tip_emamba_v1/user/rtl/src/matMult_20.sv Line: 76
# ** Warning: (vsim-3722) /home/sanghun/RVX/rvx-tutorials/platform/tip_emamba_v1/user/rtl/src/matMult_20.sv(76): [TFMPC] - Missing connection for port 'carryOut'.
# ** Warning: (vsim-2685) [TFMPC] - Too few port connections for 'CLA_A'.  Expected 5, found 4.
#    Time: 0 ps  Iteration: 0  Instance: /TIP_EMAMBA_V1_SIM/i_platform/my_emamba_ip/eMamba/Patchembedding/Patch_Linear/matMult_20/Stage_A[8]/CLA_A File: /home/sanghun/RVX/rvx-tutorials/platform/tip_emamba_v1/user/rtl/src/matMult_20.sv Line: 76
# ** Warning: (vsim-3015) [PCDPC] - Port size (1) does not match connection size (32) for port 'carryIn'. The port definition is at: /home/sanghun/RVX/rvx-tutorials/platform/tip_emamba_v1/user/rtl/src/CLA_32.sv(26).
#    Time: 0 ps  Iteration: 0  Instance: /TIP_EMAMBA_V1_SIM/i_platform/my_emamba_ip/eMamba/Patchembedding/Patch_Linear/matMult_20/Stage_A[8]/CLA_A File: /home/sanghun/RVX/rvx-tutorials/platform/tip_emamba_v1/user/rtl/src/matMult_20.sv Line: 76
# ** Warning: (vsim-3722) /home/sanghun/RVX/rvx-tutorials/platform/tip_emamba_v1/user/rtl/src/matMult_20.sv(76): [TFMPC] - Missing connection for port 'carryOut'.
# ** Warning: (vsim-2685) [TFMPC] - Too few port connections for 'CLA_A'.  Expected 5, found 4.
#    Time: 0 ps  Iteration: 0  Instance: /TIP_EMAMBA_V1_SIM/i_platform/my_emamba_ip/eMamba/Patchembedding/Patch_Linear/matMult_20/Stage_A[9]/CLA_A File: /home/sanghun/RVX/rvx-tutorials/platform/tip_emamba_v1/user/rtl/src/matMult_20.sv Line: 76
# ** Warning: (vsim-3015) [PCDPC] - Port size (1) does not match connection size (32) for port 'carryIn'. The port definition is at: /home/sanghun/RVX/rvx-tutorials/platform/tip_emamba_v1/user/rtl/src/CLA_32.sv(26).
#    Time: 0 ps  Iteration: 0  Instance: /TIP_EMAMBA_V1_SIM/i_platform/my_emamba_ip/eMamba/Patchembedding/Patch_Linear/matMult_20/Stage_A[9]/CLA_A File: /home/sanghun/RVX/rvx-tutorials/platform/tip_emamba_v1/user/rtl/src/matMult_20.sv Line: 76
# ** Warning: (vsim-3722) /home/sanghun/RVX/rvx-tutorials/platform/tip_emamba_v1/user/rtl/src/matMult_20.sv(76): [TFMPC] - Missing connection for port 'carryOut'.
# ** Warning: (vsim-2685) [TFMPC] - Too few port connections for 'CLA_B'.  Expected 5, found 4.
#    Time: 0 ps  Iteration: 0  Instance: /TIP_EMAMBA_V1_SIM/i_platform/my_emamba_ip/eMamba/Patchembedding/Patch_Linear/matMult_20/Stage_B[0]/CLA_B File: /home/sanghun/RVX/rvx-tutorials/platform/tip_emamba_v1/user/rtl/src/matMult_20.sv Line: 86
# ** Warning: (vsim-3015) [PCDPC] - Port size (1) does not match connection size (32) for port 'carryIn'. The port definition is at: /home/sanghun/RVX/rvx-tutorials/platform/tip_emamba_v1/user/rtl/src/CLA_32.sv(26).
#    Time: 0 ps  Iteration: 0  Instance: /TIP_EMAMBA_V1_SIM/i_platform/my_emamba_ip/eMamba/Patchembedding/Patch_Linear/matMult_20/Stage_B[0]/CLA_B File: /home/sanghun/RVX/rvx-tutorials/platform/tip_emamba_v1/user/rtl/src/matMult_20.sv Line: 86
# ** Warning: (vsim-3722) /home/sanghun/RVX/rvx-tutorials/platform/tip_emamba_v1/user/rtl/src/matMult_20.sv(86): [TFMPC] - Missing connection for port 'carryOut'.
# ** Warning: (vsim-2685) [TFMPC] - Too few port connections for 'CLA_B'.  Expected 5, found 4.
#    Time: 0 ps  Iteration: 0  Instance: /TIP_EMAMBA_V1_SIM/i_platform/my_emamba_ip/eMamba/Patchembedding/Patch_Linear/matMult_20/Stage_B[1]/CLA_B File: /home/sanghun/RVX/rvx-tutorials/platform/tip_emamba_v1/user/rtl/src/matMult_20.sv Line: 86
# ** Warning: (vsim-3015) [PCDPC] - Port size (1) does not match connection size (32) for port 'carryIn'. The port definition is at: /home/sanghun/RVX/rvx-tutorials/platform/tip_emamba_v1/user/rtl/src/CLA_32.sv(26).
#    Time: 0 ps  Iteration: 0  Instance: /TIP_EMAMBA_V1_SIM/i_platform/my_emamba_ip/eMamba/Patchembedding/Patch_Linear/matMult_20/Stage_B[1]/CLA_B File: /home/sanghun/RVX/rvx-tutorials/platform/tip_emamba_v1/user/rtl/src/matMult_20.sv Line: 86
# ** Warning: (vsim-3722) /home/sanghun/RVX/rvx-tutorials/platform/tip_emamba_v1/user/rtl/src/matMult_20.sv(86): [TFMPC] - Missing connection for port 'carryOut'.
# ** Warning: (vsim-2685) [TFMPC] - Too few port connections for 'CLA_B'.  Expected 5, found 4.
#    Time: 0 ps  Iteration: 0  Instance: /TIP_EMAMBA_V1_SIM/i_platform/my_emamba_ip/eMamba/Patchembedding/Patch_Linear/matMult_20/Stage_B[2]/CLA_B File: /home/sanghun/RVX/rvx-tutorials/platform/tip_emamba_v1/user/rtl/src/matMult_20.sv Line: 86
# ** Warning: (vsim-3015) [PCDPC] - Port size (1) does not match connection size (32) for port 'carryIn'. The port definition is at: /home/sanghun/RVX/rvx-tutorials/platform/tip_emamba_v1/user/rtl/src/CLA_32.sv(26).
#    Time: 0 ps  Iteration: 0  Instance: /TIP_EMAMBA_V1_SIM/i_platform/my_emamba_ip/eMamba/Patchembedding/Patch_Linear/matMult_20/Stage_B[2]/CLA_B File: /home/sanghun/RVX/rvx-tutorials/platform/tip_emamba_v1/user/rtl/src/matMult_20.sv Line: 86
# ** Warning: (vsim-3722) /home/sanghun/RVX/rvx-tutorials/platform/tip_emamba_v1/user/rtl/src/matMult_20.sv(86): [TFMPC] - Missing connection for port 'carryOut'.
# ** Warning: (vsim-2685) [TFMPC] - Too few port connections for 'CLA_B'.  Expected 5, found 4.
#    Time: 0 ps  Iteration: 0  Instance: /TIP_EMAMBA_V1_SIM/i_platform/my_emamba_ip/eMamba/Patchembedding/Patch_Linear/matMult_20/Stage_B[3]/CLA_B File: /home/sanghun/RVX/rvx-tutorials/platform/tip_emamba_v1/user/rtl/src/matMult_20.sv Line: 86
# ** Warning: (vsim-3015) [PCDPC] - Port size (1) does not match connection size (32) for port 'carryIn'. The port definition is at: /home/sanghun/RVX/rvx-tutorials/platform/tip_emamba_v1/user/rtl/src/CLA_32.sv(26).
#    Time: 0 ps  Iteration: 0  Instance: /TIP_EMAMBA_V1_SIM/i_platform/my_emamba_ip/eMamba/Patchembedding/Patch_Linear/matMult_20/Stage_B[3]/CLA_B File: /home/sanghun/RVX/rvx-tutorials/platform/tip_emamba_v1/user/rtl/src/matMult_20.sv Line: 86
# ** Warning: (vsim-3722) /home/sanghun/RVX/rvx-tutorials/platform/tip_emamba_v1/user/rtl/src/matMult_20.sv(86): [TFMPC] - Missing connection for port 'carryOut'.
# ** Warning: (vsim-2685) [TFMPC] - Too few port connections for 'CLA_B'.  Expected 5, found 4.
#    Time: 0 ps  Iteration: 0  Instance: /TIP_EMAMBA_V1_SIM/i_platform/my_emamba_ip/eMamba/Patchembedding/Patch_Linear/matMult_20/Stage_B[4]/CLA_B File: /home/sanghun/RVX/rvx-tutorials/platform/tip_emamba_v1/user/rtl/src/matMult_20.sv Line: 86
# ** Warning: (vsim-3015) [PCDPC] - Port size (1) does not match connection size (32) for port 'carryIn'. The port definition is at: /home/sanghun/RVX/rvx-tutorials/platform/tip_emamba_v1/user/rtl/src/CLA_32.sv(26).
#    Time: 0 ps  Iteration: 0  Instance: /TIP_EMAMBA_V1_SIM/i_platform/my_emamba_ip/eMamba/Patchembedding/Patch_Linear/matMult_20/Stage_B[4]/CLA_B File: /home/sanghun/RVX/rvx-tutorials/platform/tip_emamba_v1/user/rtl/src/matMult_20.sv Line: 86
# ** Warning: (vsim-3722) /home/sanghun/RVX/rvx-tutorials/platform/tip_emamba_v1/user/rtl/src/matMult_20.sv(86): [TFMPC] - Missing connection for port 'carryOut'.
# ** Warning: (vsim-2685) [TFMPC] - Too few port connections for 'CLA_C0'.  Expected 5, found 4.
#    Time: 0 ps  Iteration: 0  Instance: /TIP_EMAMBA_V1_SIM/i_platform/my_emamba_ip/eMamba/Patchembedding/Patch_Linear/matMult_20/CLA_C0 File: /home/sanghun/RVX/rvx-tutorials/platform/tip_emamba_v1/user/rtl/src/matMult_20.sv Line: 97
# ** Warning: (vsim-3015) [PCDPC] - Port size (1) does not match connection size (32) for port 'carryIn'. The port definition is at: /home/sanghun/RVX/rvx-tutorials/platform/tip_emamba_v1/user/rtl/src/CLA_32.sv(26).
#    Time: 0 ps  Iteration: 0  Instance: /TIP_EMAMBA_V1_SIM/i_platform/my_emamba_ip/eMamba/Patchembedding/Patch_Linear/matMult_20/CLA_C0 File: /home/sanghun/RVX/rvx-tutorials/platform/tip_emamba_v1/user/rtl/src/matMult_20.sv Line: 97
# ** Warning: (vsim-3722) /home/sanghun/RVX/rvx-tutorials/platform/tip_emamba_v1/user/rtl/src/matMult_20.sv(97): [TFMPC] - Missing connection for port 'carryOut'.
# ** Warning: (vsim-2685) [TFMPC] - Too few port connections for 'CLA_C1'.  Expected 5, found 4.
#    Time: 0 ps  Iteration: 0  Instance: /TIP_EMAMBA_V1_SIM/i_platform/my_emamba_ip/eMamba/Patchembedding/Patch_Linear/matMult_20/CLA_C1 File: /home/sanghun/RVX/rvx-tutorials/platform/tip_emamba_v1/user/rtl/src/matMult_20.sv Line: 105
# ** Warning: (vsim-3015) [PCDPC] - Port size (1) does not match connection size (32) for port 'carryIn'. The port definition is at: /home/sanghun/RVX/rvx-tutorials/platform/tip_emamba_v1/user/rtl/src/CLA_32.sv(26).
#    Time: 0 ps  Iteration: 0  Instance: /TIP_EMAMBA_V1_SIM/i_platform/my_emamba_ip/eMamba/Patchembedding/Patch_Linear/matMult_20/CLA_C1 File: /home/sanghun/RVX/rvx-tutorials/platform/tip_emamba_v1/user/rtl/src/matMult_20.sv Line: 105
# ** Warning: (vsim-3722) /home/sanghun/RVX/rvx-tutorials/platform/tip_emamba_v1/user/rtl/src/matMult_20.sv(105): [TFMPC] - Missing connection for port 'carryOut'.
# ** Warning: (vsim-2685) [TFMPC] - Too few port connections for 'CLA_C2'.  Expected 5, found 4.
#    Time: 0 ps  Iteration: 0  Instance: /TIP_EMAMBA_V1_SIM/i_platform/my_emamba_ip/eMamba/Patchembedding/Patch_Linear/matMult_20/CLA_C2 File: /home/sanghun/RVX/rvx-tutorials/platform/tip_emamba_v1/user/rtl/src/matMult_20.sv Line: 113
# ** Warning: (vsim-3015) [PCDPC] - Port size (1) does not match connection size (32) for port 'carryIn'. The port definition is at: /home/sanghun/RVX/rvx-tutorials/platform/tip_emamba_v1/user/rtl/src/CLA_32.sv(26).
#    Time: 0 ps  Iteration: 0  Instance: /TIP_EMAMBA_V1_SIM/i_platform/my_emamba_ip/eMamba/Patchembedding/Patch_Linear/matMult_20/CLA_C2 File: /home/sanghun/RVX/rvx-tutorials/platform/tip_emamba_v1/user/rtl/src/matMult_20.sv Line: 113
# ** Warning: (vsim-3722) /home/sanghun/RVX/rvx-tutorials/platform/tip_emamba_v1/user/rtl/src/matMult_20.sv(113): [TFMPC] - Missing connection for port 'carryOut'.
# ** Warning: (vsim-2685) [TFMPC] - Too few port connections for 'CLA_D'.  Expected 5, found 4.
#    Time: 0 ps  Iteration: 0  Instance: /TIP_EMAMBA_V1_SIM/i_platform/my_emamba_ip/eMamba/Patchembedding/Patch_Linear/matMult_20/CLA_D File: /home/sanghun/RVX/rvx-tutorials/platform/tip_emamba_v1/user/rtl/src/matMult_20.sv Line: 122
# ** Warning: (vsim-3015) [PCDPC] - Port size (1) does not match connection size (32) for port 'carryIn'. The port definition is at: /home/sanghun/RVX/rvx-tutorials/platform/tip_emamba_v1/user/rtl/src/CLA_32.sv(26).
#    Time: 0 ps  Iteration: 0  Instance: /TIP_EMAMBA_V1_SIM/i_platform/my_emamba_ip/eMamba/Patchembedding/Patch_Linear/matMult_20/CLA_D File: /home/sanghun/RVX/rvx-tutorials/platform/tip_emamba_v1/user/rtl/src/matMult_20.sv Line: 122
# ** Warning: (vsim-3722) /home/sanghun/RVX/rvx-tutorials/platform/tip_emamba_v1/user/rtl/src/matMult_20.sv(122): [TFMPC] - Missing connection for port 'carryOut'.
# ** Warning: (vsim-2685) [TFMPC] - Too few port connections for 'CLA_E'.  Expected 5, found 4.
#    Time: 0 ps  Iteration: 0  Instance: /TIP_EMAMBA_V1_SIM/i_platform/my_emamba_ip/eMamba/Patchembedding/Patch_Linear/matMult_20/CLA_E File: /home/sanghun/RVX/rvx-tutorials/platform/tip_emamba_v1/user/rtl/src/matMult_20.sv Line: 131
# ** Warning: (vsim-3015) [PCDPC] - Port size (1) does not match connection size (32) for port 'carryIn'. The port definition is at: /home/sanghun/RVX/rvx-tutorials/platform/tip_emamba_v1/user/rtl/src/CLA_32.sv(26).
#    Time: 0 ps  Iteration: 0  Instance: /TIP_EMAMBA_V1_SIM/i_platform/my_emamba_ip/eMamba/Patchembedding/Patch_Linear/matMult_20/CLA_E File: /home/sanghun/RVX/rvx-tutorials/platform/tip_emamba_v1/user/rtl/src/matMult_20.sv Line: 131
# ** Warning: (vsim-3722) /home/sanghun/RVX/rvx-tutorials/platform/tip_emamba_v1/user/rtl/src/matMult_20.sv(131): [TFMPC] - Missing connection for port 'carryOut'.
# ** Warning: (vsim-2685) [TFMPC] - Too few port connections for 'CLA_A'.  Expected 5, found 4.
#    Time: 0 ps  Iteration: 0  Instance: /TIP_EMAMBA_V1_SIM/i_platform/my_emamba_ip/eMamba/MAMBA_1st/LightNorm/calculator_mean/Stage_A[0]/CLA_A File: /home/sanghun/RVX/rvx-tutorials/platform/tip_emamba_v1/user/rtl/src/calculator_mean.sv Line: 109
# ** Warning: (vsim-3015) [PCDPC] - Port size (1) does not match connection size (32) for port 'carryIn'. The port definition is at: /home/sanghun/RVX/rvx-tutorials/platform/tip_emamba_v1/user/rtl/src/CLA_32.sv(26).
#    Time: 0 ps  Iteration: 0  Instance: /TIP_EMAMBA_V1_SIM/i_platform/my_emamba_ip/eMamba/MAMBA_1st/LightNorm/calculator_mean/Stage_A[0]/CLA_A File: /home/sanghun/RVX/rvx-tutorials/platform/tip_emamba_v1/user/rtl/src/calculator_mean.sv Line: 109
# ** Warning: (vsim-3722) /home/sanghun/RVX/rvx-tutorials/platform/tip_emamba_v1/user/rtl/src/calculator_mean.sv(109): [TFMPC] - Missing connection for port 'carryOut'.
# ** Warning: (vsim-2685) [TFMPC] - Too few port connections for 'CLA_A'.  Expected 5, found 4.
#    Time: 0 ps  Iteration: 0  Instance: /TIP_EMAMBA_V1_SIM/i_platform/my_emamba_ip/eMamba/MAMBA_1st/LightNorm/calculator_mean/Stage_A[1]/CLA_A File: /home/sanghun/RVX/rvx-tutorials/platform/tip_emamba_v1/user/rtl/src/calculator_mean.sv Line: 109
# ** Warning: (vsim-3015) [PCDPC] - Port size (1) does not match connection size (32) for port 'carryIn'. The port definition is at: /home/sanghun/RVX/rvx-tutorials/platform/tip_emamba_v1/user/rtl/src/CLA_32.sv(26).
#    Time: 0 ps  Iteration: 0  Instance: /TIP_EMAMBA_V1_SIM/i_platform/my_emamba_ip/eMamba/MAMBA_1st/LightNorm/calculator_mean/Stage_A[1]/CLA_A File: /home/sanghun/RVX/rvx-tutorials/platform/tip_emamba_v1/user/rtl/src/calculator_mean.sv Line: 109
# ** Warning: (vsim-3722) /home/sanghun/RVX/rvx-tutorials/platform/tip_emamba_v1/user/rtl/src/calculator_mean.sv(109): [TFMPC] - Missing connection for port 'carryOut'.
# ** Warning: (vsim-2685) [TFMPC] - Too few port connections for 'CLA_A'.  Expected 5, found 4.
#    Time: 0 ps  Iteration: 0  Instance: /TIP_EMAMBA_V1_SIM/i_platform/my_emamba_ip/eMamba/MAMBA_1st/LightNorm/calculator_mean/Stage_A[2]/CLA_A File: /home/sanghun/RVX/rvx-tutorials/platform/tip_emamba_v1/user/rtl/src/calculator_mean.sv Line: 109
# ** Warning: (vsim-3015) [PCDPC] - Port size (1) does not match connection size (32) for port 'carryIn'. The port definition is at: /home/sanghun/RVX/rvx-tutorials/platform/tip_emamba_v1/user/rtl/src/CLA_32.sv(26).
#    Time: 0 ps  Iteration: 0  Instance: /TIP_EMAMBA_V1_SIM/i_platform/my_emamba_ip/eMamba/MAMBA_1st/LightNorm/calculator_mean/Stage_A[2]/CLA_A File: /home/sanghun/RVX/rvx-tutorials/platform/tip_emamba_v1/user/rtl/src/calculator_mean.sv Line: 109
# ** Warning: (vsim-3722) /home/sanghun/RVX/rvx-tutorials/platform/tip_emamba_v1/user/rtl/src/calculator_mean.sv(109): [TFMPC] - Missing connection for port 'carryOut'.
# ** Warning: (vsim-2685) [TFMPC] - Too few port connections for 'CLA_A'.  Expected 5, found 4.
#    Time: 0 ps  Iteration: 0  Instance: /TIP_EMAMBA_V1_SIM/i_platform/my_emamba_ip/eMamba/MAMBA_1st/LightNorm/calculator_mean/Stage_A[3]/CLA_A File: /home/sanghun/RVX/rvx-tutorials/platform/tip_emamba_v1/user/rtl/src/calculator_mean.sv Line: 109
# ** Warning: (vsim-3015) [PCDPC] - Port size (1) does not match connection size (32) for port 'carryIn'. The port definition is at: /home/sanghun/RVX/rvx-tutorials/platform/tip_emamba_v1/user/rtl/src/CLA_32.sv(26).
#    Time: 0 ps  Iteration: 0  Instance: /TIP_EMAMBA_V1_SIM/i_platform/my_emamba_ip/eMamba/MAMBA_1st/LightNorm/calculator_mean/Stage_A[3]/CLA_A File: /home/sanghun/RVX/rvx-tutorials/platform/tip_emamba_v1/user/rtl/src/calculator_mean.sv Line: 109
# ** Warning: (vsim-3722) /home/sanghun/RVX/rvx-tutorials/platform/tip_emamba_v1/user/rtl/src/calculator_mean.sv(109): [TFMPC] - Missing connection for port 'carryOut'.
# ** Warning: (vsim-2685) [TFMPC] - Too few port connections for 'CLA_A'.  Expected 5, found 4.
#    Time: 0 ps  Iteration: 0  Instance: /TIP_EMAMBA_V1_SIM/i_platform/my_emamba_ip/eMamba/MAMBA_1st/LightNorm/calculator_mean/Stage_A[4]/CLA_A File: /home/sanghun/RVX/rvx-tutorials/platform/tip_emamba_v1/user/rtl/src/calculator_mean.sv Line: 109
# ** Warning: (vsim-3015) [PCDPC] - Port size (1) does not match connection size (32) for port 'carryIn'. The port definition is at: /home/sanghun/RVX/rvx-tutorials/platform/tip_emamba_v1/user/rtl/src/CLA_32.sv(26).
#    Time: 0 ps  Iteration: 0  Instance: /TIP_EMAMBA_V1_SIM/i_platform/my_emamba_ip/eMamba/MAMBA_1st/LightNorm/calculator_mean/Stage_A[4]/CLA_A File: /home/sanghun/RVX/rvx-tutorials/platform/tip_emamba_v1/user/rtl/src/calculator_mean.sv Line: 109
# ** Warning: (vsim-3722) /home/sanghun/RVX/rvx-tutorials/platform/tip_emamba_v1/user/rtl/src/calculator_mean.sv(109): [TFMPC] - Missing connection for port 'carryOut'.
# ** Warning: (vsim-2685) [TFMPC] - Too few port connections for 'CLA_A'.  Expected 5, found 4.
#    Time: 0 ps  Iteration: 0  Instance: /TIP_EMAMBA_V1_SIM/i_platform/my_emamba_ip/eMamba/MAMBA_1st/LightNorm/calculator_mean/Stage_A[5]/CLA_A File: /home/sanghun/RVX/rvx-tutorials/platform/tip_emamba_v1/user/rtl/src/calculator_mean.sv Line: 109
# ** Warning: (vsim-3015) [PCDPC] - Port size (1) does not match connection size (32) for port 'carryIn'. The port definition is at: /home/sanghun/RVX/rvx-tutorials/platform/tip_emamba_v1/user/rtl/src/CLA_32.sv(26).
#    Time: 0 ps  Iteration: 0  Instance: /TIP_EMAMBA_V1_SIM/i_platform/my_emamba_ip/eMamba/MAMBA_1st/LightNorm/calculator_mean/Stage_A[5]/CLA_A File: /home/sanghun/RVX/rvx-tutorials/platform/tip_emamba_v1/user/rtl/src/calculator_mean.sv Line: 109
# ** Warning: (vsim-3722) /home/sanghun/RVX/rvx-tutorials/platform/tip_emamba_v1/user/rtl/src/calculator_mean.sv(109): [TFMPC] - Missing connection for port 'carryOut'.
# ** Warning: (vsim-2685) [TFMPC] - Too few port connections for 'CLA_A'.  Expected 5, found 4.
#    Time: 0 ps  Iteration: 0  Instance: /TIP_EMAMBA_V1_SIM/i_platform/my_emamba_ip/eMamba/MAMBA_1st/LightNorm/calculator_mean/Stage_A[6]/CLA_A File: /home/sanghun/RVX/rvx-tutorials/platform/tip_emamba_v1/user/rtl/src/calculator_mean.sv Line: 109
# ** Warning: (vsim-3015) [PCDPC] - Port size (1) does not match connection size (32) for port 'carryIn'. The port definition is at: /home/sanghun/RVX/rvx-tutorials/platform/tip_emamba_v1/user/rtl/src/CLA_32.sv(26).
#    Time: 0 ps  Iteration: 0  Instance: /TIP_EMAMBA_V1_SIM/i_platform/my_emamba_ip/eMamba/MAMBA_1st/LightNorm/calculator_mean/Stage_A[6]/CLA_A File: /home/sanghun/RVX/rvx-tutorials/platform/tip_emamba_v1/user/rtl/src/calculator_mean.sv Line: 109
# ** Warning: (vsim-3722) /home/sanghun/RVX/rvx-tutorials/platform/tip_emamba_v1/user/rtl/src/calculator_mean.sv(109): [TFMPC] - Missing connection for port 'carryOut'.
# ** Warning: (vsim-2685) [TFMPC] - Too few port connections for 'CLA_A'.  Expected 5, found 4.
#    Time: 0 ps  Iteration: 0  Instance: /TIP_EMAMBA_V1_SIM/i_platform/my_emamba_ip/eMamba/MAMBA_1st/LightNorm/calculator_mean/Stage_A[7]/CLA_A File: /home/sanghun/RVX/rvx-tutorials/platform/tip_emamba_v1/user/rtl/src/calculator_mean.sv Line: 109
# ** Warning: (vsim-3015) [PCDPC] - Port size (1) does not match connection size (32) for port 'carryIn'. The port definition is at: /home/sanghun/RVX/rvx-tutorials/platform/tip_emamba_v1/user/rtl/src/CLA_32.sv(26).
#    Time: 0 ps  Iteration: 0  Instance: /TIP_EMAMBA_V1_SIM/i_platform/my_emamba_ip/eMamba/MAMBA_1st/LightNorm/calculator_mean/Stage_A[7]/CLA_A File: /home/sanghun/RVX/rvx-tutorials/platform/tip_emamba_v1/user/rtl/src/calculator_mean.sv Line: 109
# ** Warning: (vsim-3722) /home/sanghun/RVX/rvx-tutorials/platform/tip_emamba_v1/user/rtl/src/calculator_mean.sv(109): [TFMPC] - Missing connection for port 'carryOut'.
# ** Warning: (vsim-2685) [TFMPC] - Too few port connections for 'CLA_A'.  Expected 5, found 4.
#    Time: 0 ps  Iteration: 0  Instance: /TIP_EMAMBA_V1_SIM/i_platform/my_emamba_ip/eMamba/MAMBA_1st/LightNorm/calculator_mean/Stage_A[8]/CLA_A File: /home/sanghun/RVX/rvx-tutorials/platform/tip_emamba_v1/user/rtl/src/calculator_mean.sv Line: 109
# ** Warning: (vsim-3015) [PCDPC] - Port size (1) does not match connection size (32) for port 'carryIn'. The port definition is at: /home/sanghun/RVX/rvx-tutorials/platform/tip_emamba_v1/user/rtl/src/CLA_32.sv(26).
#    Time: 0 ps  Iteration: 0  Instance: /TIP_EMAMBA_V1_SIM/i_platform/my_emamba_ip/eMamba/MAMBA_1st/LightNorm/calculator_mean/Stage_A[8]/CLA_A File: /home/sanghun/RVX/rvx-tutorials/platform/tip_emamba_v1/user/rtl/src/calculator_mean.sv Line: 109
# ** Warning: (vsim-3722) /home/sanghun/RVX/rvx-tutorials/platform/tip_emamba_v1/user/rtl/src/calculator_mean.sv(109): [TFMPC] - Missing connection for port 'carryOut'.
# ** Warning: (vsim-2685) [TFMPC] - Too few port connections for 'CLA_A'.  Expected 5, found 4.
#    Time: 0 ps  Iteration: 0  Instance: /TIP_EMAMBA_V1_SIM/i_platform/my_emamba_ip/eMamba/MAMBA_1st/LightNorm/calculator_mean/Stage_A[9]/CLA_A File: /home/sanghun/RVX/rvx-tutorials/platform/tip_emamba_v1/user/rtl/src/calculator_mean.sv Line: 109
# ** Warning: (vsim-3015) [PCDPC] - Port size (1) does not match connection size (32) for port 'carryIn'. The port definition is at: /home/sanghun/RVX/rvx-tutorials/platform/tip_emamba_v1/user/rtl/src/CLA_32.sv(26).
#    Time: 0 ps  Iteration: 0  Instance: /TIP_EMAMBA_V1_SIM/i_platform/my_emamba_ip/eMamba/MAMBA_1st/LightNorm/calculator_mean/Stage_A[9]/CLA_A File: /home/sanghun/RVX/rvx-tutorials/platform/tip_emamba_v1/user/rtl/src/calculator_mean.sv Line: 109
# ** Warning: (vsim-3722) /home/sanghun/RVX/rvx-tutorials/platform/tip_emamba_v1/user/rtl/src/calculator_mean.sv(109): [TFMPC] - Missing connection for port 'carryOut'.
# ** Warning: (vsim-2685) [TFMPC] - Too few port connections for 'CLA_B'.  Expected 5, found 4.
#    Time: 0 ps  Iteration: 0  Instance: /TIP_EMAMBA_V1_SIM/i_platform/my_emamba_ip/eMamba/MAMBA_1st/LightNorm/calculator_mean/Stage_B[0]/CLA_B File: /home/sanghun/RVX/rvx-tutorials/platform/tip_emamba_v1/user/rtl/src/calculator_mean.sv Line: 119
# ** Warning: (vsim-3015) [PCDPC] - Port size (1) does not match connection size (32) for port 'carryIn'. The port definition is at: /home/sanghun/RVX/rvx-tutorials/platform/tip_emamba_v1/user/rtl/src/CLA_32.sv(26).
#    Time: 0 ps  Iteration: 0  Instance: /TIP_EMAMBA_V1_SIM/i_platform/my_emamba_ip/eMamba/MAMBA_1st/LightNorm/calculator_mean/Stage_B[0]/CLA_B File: /home/sanghun/RVX/rvx-tutorials/platform/tip_emamba_v1/user/rtl/src/calculator_mean.sv Line: 119
# ** Warning: (vsim-3722) /home/sanghun/RVX/rvx-tutorials/platform/tip_emamba_v1/user/rtl/src/calculator_mean.sv(119): [TFMPC] - Missing connection for port 'carryOut'.
# ** Warning: (vsim-2685) [TFMPC] - Too few port connections for 'CLA_B'.  Expected 5, found 4.
#    Time: 0 ps  Iteration: 0  Instance: /TIP_EMAMBA_V1_SIM/i_platform/my_emamba_ip/eMamba/MAMBA_1st/LightNorm/calculator_mean/Stage_B[1]/CLA_B File: /home/sanghun/RVX/rvx-tutorials/platform/tip_emamba_v1/user/rtl/src/calculator_mean.sv Line: 119
# ** Warning: (vsim-3015) [PCDPC] - Port size (1) does not match connection size (32) for port 'carryIn'. The port definition is at: /home/sanghun/RVX/rvx-tutorials/platform/tip_emamba_v1/user/rtl/src/CLA_32.sv(26).
#    Time: 0 ps  Iteration: 0  Instance: /TIP_EMAMBA_V1_SIM/i_platform/my_emamba_ip/eMamba/MAMBA_1st/LightNorm/calculator_mean/Stage_B[1]/CLA_B File: /home/sanghun/RVX/rvx-tutorials/platform/tip_emamba_v1/user/rtl/src/calculator_mean.sv Line: 119
# ** Warning: (vsim-3722) /home/sanghun/RVX/rvx-tutorials/platform/tip_emamba_v1/user/rtl/src/calculator_mean.sv(119): [TFMPC] - Missing connection for port 'carryOut'.
# ** Warning: (vsim-2685) [TFMPC] - Too few port connections for 'CLA_B'.  Expected 5, found 4.
#    Time: 0 ps  Iteration: 0  Instance: /TIP_EMAMBA_V1_SIM/i_platform/my_emamba_ip/eMamba/MAMBA_1st/LightNorm/calculator_mean/Stage_B[2]/CLA_B File: /home/sanghun/RVX/rvx-tutorials/platform/tip_emamba_v1/user/rtl/src/calculator_mean.sv Line: 119
# ** Warning: (vsim-3015) [PCDPC] - Port size (1) does not match connection size (32) for port 'carryIn'. The port definition is at: /home/sanghun/RVX/rvx-tutorials/platform/tip_emamba_v1/user/rtl/src/CLA_32.sv(26).
#    Time: 0 ps  Iteration: 0  Instance: /TIP_EMAMBA_V1_SIM/i_platform/my_emamba_ip/eMamba/MAMBA_1st/LightNorm/calculator_mean/Stage_B[2]/CLA_B File: /home/sanghun/RVX/rvx-tutorials/platform/tip_emamba_v1/user/rtl/src/calculator_mean.sv Line: 119
# ** Warning: (vsim-3722) /home/sanghun/RVX/rvx-tutorials/platform/tip_emamba_v1/user/rtl/src/calculator_mean.sv(119): [TFMPC] - Missing connection for port 'carryOut'.
# ** Warning: (vsim-2685) [TFMPC] - Too few port connections for 'CLA_B'.  Expected 5, found 4.
#    Time: 0 ps  Iteration: 0  Instance: /TIP_EMAMBA_V1_SIM/i_platform/my_emamba_ip/eMamba/MAMBA_1st/LightNorm/calculator_mean/Stage_B[3]/CLA_B File: /home/sanghun/RVX/rvx-tutorials/platform/tip_emamba_v1/user/rtl/src/calculator_mean.sv Line: 119
# ** Warning: (vsim-3015) [PCDPC] - Port size (1) does not match connection size (32) for port 'carryIn'. The port definition is at: /home/sanghun/RVX/rvx-tutorials/platform/tip_emamba_v1/user/rtl/src/CLA_32.sv(26).
#    Time: 0 ps  Iteration: 0  Instance: /TIP_EMAMBA_V1_SIM/i_platform/my_emamba_ip/eMamba/MAMBA_1st/LightNorm/calculator_mean/Stage_B[3]/CLA_B File: /home/sanghun/RVX/rvx-tutorials/platform/tip_emamba_v1/user/rtl/src/calculator_mean.sv Line: 119
# ** Warning: (vsim-3722) /home/sanghun/RVX/rvx-tutorials/platform/tip_emamba_v1/user/rtl/src/calculator_mean.sv(119): [TFMPC] - Missing connection for port 'carryOut'.
# ** Warning: (vsim-2685) [TFMPC] - Too few port connections for 'CLA_B'.  Expected 5, found 4.
#    Time: 0 ps  Iteration: 0  Instance: /TIP_EMAMBA_V1_SIM/i_platform/my_emamba_ip/eMamba/MAMBA_1st/LightNorm/calculator_mean/Stage_B[4]/CLA_B File: /home/sanghun/RVX/rvx-tutorials/platform/tip_emamba_v1/user/rtl/src/calculator_mean.sv Line: 119
# ** Warning: (vsim-3015) [PCDPC] - Port size (1) does not match connection size (32) for port 'carryIn'. The port definition is at: /home/sanghun/RVX/rvx-tutorials/platform/tip_emamba_v1/user/rtl/src/CLA_32.sv(26).
#    Time: 0 ps  Iteration: 0  Instance: /TIP_EMAMBA_V1_SIM/i_platform/my_emamba_ip/eMamba/MAMBA_1st/LightNorm/calculator_mean/Stage_B[4]/CLA_B File: /home/sanghun/RVX/rvx-tutorials/platform/tip_emamba_v1/user/rtl/src/calculator_mean.sv Line: 119
# ** Warning: (vsim-3722) /home/sanghun/RVX/rvx-tutorials/platform/tip_emamba_v1/user/rtl/src/calculator_mean.sv(119): [TFMPC] - Missing connection for port 'carryOut'.
# ** Warning: (vsim-2685) [TFMPC] - Too few port connections for 'CLA_C'.  Expected 5, found 4.
#    Time: 0 ps  Iteration: 0  Instance: /TIP_EMAMBA_V1_SIM/i_platform/my_emamba_ip/eMamba/MAMBA_1st/LightNorm/calculator_mean/Stage_C[0]/CLA_C File: /home/sanghun/RVX/rvx-tutorials/platform/tip_emamba_v1/user/rtl/src/calculator_mean.sv Line: 129
# ** Warning: (vsim-3015) [PCDPC] - Port size (1) does not match connection size (32) for port 'carryIn'. The port definition is at: /home/sanghun/RVX/rvx-tutorials/platform/tip_emamba_v1/user/rtl/src/CLA_32.sv(26).
#    Time: 0 ps  Iteration: 0  Instance: /TIP_EMAMBA_V1_SIM/i_platform/my_emamba_ip/eMamba/MAMBA_1st/LightNorm/calculator_mean/Stage_C[0]/CLA_C File: /home/sanghun/RVX/rvx-tutorials/platform/tip_emamba_v1/user/rtl/src/calculator_mean.sv Line: 129
# ** Warning: (vsim-3722) /home/sanghun/RVX/rvx-tutorials/platform/tip_emamba_v1/user/rtl/src/calculator_mean.sv(129): [TFMPC] - Missing connection for port 'carryOut'.
# ** Warning: (vsim-2685) [TFMPC] - Too few port connections for 'CLA_C'.  Expected 5, found 4.
#    Time: 0 ps  Iteration: 0  Instance: /TIP_EMAMBA_V1_SIM/i_platform/my_emamba_ip/eMamba/MAMBA_1st/LightNorm/calculator_mean/Stage_C[1]/CLA_C File: /home/sanghun/RVX/rvx-tutorials/platform/tip_emamba_v1/user/rtl/src/calculator_mean.sv Line: 129
# ** Warning: (vsim-3015) [PCDPC] - Port size (1) does not match connection size (32) for port 'carryIn'. The port definition is at: /home/sanghun/RVX/rvx-tutorials/platform/tip_emamba_v1/user/rtl/src/CLA_32.sv(26).
#    Time: 0 ps  Iteration: 0  Instance: /TIP_EMAMBA_V1_SIM/i_platform/my_emamba_ip/eMamba/MAMBA_1st/LightNorm/calculator_mean/Stage_C[1]/CLA_C File: /home/sanghun/RVX/rvx-tutorials/platform/tip_emamba_v1/user/rtl/src/calculator_mean.sv Line: 129
# ** Warning: (vsim-3722) /home/sanghun/RVX/rvx-tutorials/platform/tip_emamba_v1/user/rtl/src/calculator_mean.sv(129): [TFMPC] - Missing connection for port 'carryOut'.
# ** Warning: (vsim-2685) [TFMPC] - Too few port connections for 'CLA_D'.  Expected 5, found 4.
#    Time: 0 ps  Iteration: 0  Instance: /TIP_EMAMBA_V1_SIM/i_platform/my_emamba_ip/eMamba/MAMBA_1st/LightNorm/calculator_mean/CLA_D File: /home/sanghun/RVX/rvx-tutorials/platform/tip_emamba_v1/user/rtl/src/calculator_mean.sv Line: 140
# ** Warning: (vsim-3015) [PCDPC] - Port size (1) does not match connection size (32) for port 'carryIn'. The port definition is at: /home/sanghun/RVX/rvx-tutorials/platform/tip_emamba_v1/user/rtl/src/CLA_32.sv(26).
#    Time: 0 ps  Iteration: 0  Instance: /TIP_EMAMBA_V1_SIM/i_platform/my_emamba_ip/eMamba/MAMBA_1st/LightNorm/calculator_mean/CLA_D File: /home/sanghun/RVX/rvx-tutorials/platform/tip_emamba_v1/user/rtl/src/calculator_mean.sv Line: 140
# ** Warning: (vsim-3722) /home/sanghun/RVX/rvx-tutorials/platform/tip_emamba_v1/user/rtl/src/calculator_mean.sv(140): [TFMPC] - Missing connection for port 'carryOut'.
# ** Warning: (vsim-2685) [TFMPC] - Too few port connections for 'CLA_E'.  Expected 5, found 4.
#    Time: 0 ps  Iteration: 0  Instance: /TIP_EMAMBA_V1_SIM/i_platform/my_emamba_ip/eMamba/MAMBA_1st/LightNorm/calculator_mean/CLA_E File: /home/sanghun/RVX/rvx-tutorials/platform/tip_emamba_v1/user/rtl/src/calculator_mean.sv Line: 149
# ** Warning: (vsim-3015) [PCDPC] - Port size (1) does not match connection size (32) for port 'carryIn'. The port definition is at: /home/sanghun/RVX/rvx-tutorials/platform/tip_emamba_v1/user/rtl/src/CLA_32.sv(26).
#    Time: 0 ps  Iteration: 0  Instance: /TIP_EMAMBA_V1_SIM/i_platform/my_emamba_ip/eMamba/MAMBA_1st/LightNorm/calculator_mean/CLA_E File: /home/sanghun/RVX/rvx-tutorials/platform/tip_emamba_v1/user/rtl/src/calculator_mean.sv Line: 149
# ** Warning: (vsim-3722) /home/sanghun/RVX/rvx-tutorials/platform/tip_emamba_v1/user/rtl/src/calculator_mean.sv(149): [TFMPC] - Missing connection for port 'carryOut'.
# ** Warning: (vsim-3015) [PCDPC] - Port size (1) does not match connection size (32) for port 'carryIn'. The port definition is at: /home/sanghun/RVX/rvx-tutorials/platform/tip_emamba_v1/user/rtl/src/CLA_16.sv(26).
#    Time: 0 ps  Iteration: 0  Instance: /TIP_EMAMBA_V1_SIM/i_platform/my_emamba_ip/eMamba/MAMBA_1st/LightNorm/LightNorm_compute[0]/LightNorm_compute/CLA_16 File: /home/sanghun/RVX/rvx-tutorials/platform/tip_emamba_v1/user/rtl/src/LightNorm_compute.sv Line: 115
# ** Warning: (vsim-3015) [PCDPC] - Port size (1) does not match connection size (32) for port 'carryIn'. The port definition is at: /home/sanghun/RVX/rvx-tutorials/platform/tip_emamba_v1/user/rtl/src/CLA_16.sv(26).
#    Time: 0 ps  Iteration: 0  Instance: /TIP_EMAMBA_V1_SIM/i_platform/my_emamba_ip/eMamba/MAMBA_1st/LightNorm/LightNorm_compute[1]/LightNorm_compute/CLA_16 File: /home/sanghun/RVX/rvx-tutorials/platform/tip_emamba_v1/user/rtl/src/LightNorm_compute.sv Line: 115
# ** Warning: (vsim-3015) [PCDPC] - Port size (1) does not match connection size (32) for port 'carryIn'. The port definition is at: /home/sanghun/RVX/rvx-tutorials/platform/tip_emamba_v1/user/rtl/src/CLA_16.sv(26).
#    Time: 0 ps  Iteration: 0  Instance: /TIP_EMAMBA_V1_SIM/i_platform/my_emamba_ip/eMamba/MAMBA_1st/LightNorm/LightNorm_compute[2]/LightNorm_compute/CLA_16 File: /home/sanghun/RVX/rvx-tutorials/platform/tip_emamba_v1/user/rtl/src/LightNorm_compute.sv Line: 115
# ** Warning: (vsim-3015) [PCDPC] - Port size (1) does not match connection size (32) for port 'carryIn'. The port definition is at: /home/sanghun/RVX/rvx-tutorials/platform/tip_emamba_v1/user/rtl/src/CLA_16.sv(26).
#    Time: 0 ps  Iteration: 0  Instance: /TIP_EMAMBA_V1_SIM/i_platform/my_emamba_ip/eMamba/MAMBA_1st/LightNorm/LightNorm_compute[3]/LightNorm_compute/CLA_16 File: /home/sanghun/RVX/rvx-tutorials/platform/tip_emamba_v1/user/rtl/src/LightNorm_compute.sv Line: 115
# ** Warning: (vsim-3015) [PCDPC] - Port size (1) does not match connection size (32) for port 'carryIn'. The port definition is at: /home/sanghun/RVX/rvx-tutorials/platform/tip_emamba_v1/user/rtl/src/CLA_16.sv(26).
#    Time: 0 ps  Iteration: 0  Instance: /TIP_EMAMBA_V1_SIM/i_platform/my_emamba_ip/eMamba/MAMBA_1st/LightNorm/LightNorm_compute[4]/LightNorm_compute/CLA_16 File: /home/sanghun/RVX/rvx-tutorials/platform/tip_emamba_v1/user/rtl/src/LightNorm_compute.sv Line: 115
# ** Warning: (vsim-3015) [PCDPC] - Port size (1) does not match connection size (32) for port 'carryIn'. The port definition is at: /home/sanghun/RVX/rvx-tutorials/platform/tip_emamba_v1/user/rtl/src/CLA_16.sv(26).
#    Time: 0 ps  Iteration: 0  Instance: /TIP_EMAMBA_V1_SIM/i_platform/my_emamba_ip/eMamba/MAMBA_1st/LightNorm/LightNorm_compute[5]/LightNorm_compute/CLA_16 File: /home/sanghun/RVX/rvx-tutorials/platform/tip_emamba_v1/user/rtl/src/LightNorm_compute.sv Line: 115
# ** Warning: (vsim-3015) [PCDPC] - Port size (1) does not match connection size (32) for port 'carryIn'. The port definition is at: /home/sanghun/RVX/rvx-tutorials/platform/tip_emamba_v1/user/rtl/src/CLA_16.sv(26).
#    Time: 0 ps  Iteration: 0  Instance: /TIP_EMAMBA_V1_SIM/i_platform/my_emamba_ip/eMamba/MAMBA_1st/LightNorm/LightNorm_compute[6]/LightNorm_compute/CLA_16 File: /home/sanghun/RVX/rvx-tutorials/platform/tip_emamba_v1/user/rtl/src/LightNorm_compute.sv Line: 115
# ** Warning: (vsim-3015) [PCDPC] - Port size (1) does not match connection size (32) for port 'carryIn'. The port definition is at: /home/sanghun/RVX/rvx-tutorials/platform/tip_emamba_v1/user/rtl/src/CLA_16.sv(26).
#    Time: 0 ps  Iteration: 0  Instance: /TIP_EMAMBA_V1_SIM/i_platform/my_emamba_ip/eMamba/MAMBA_1st/LightNorm/LightNorm_compute[7]/LightNorm_compute/CLA_16 File: /home/sanghun/RVX/rvx-tutorials/platform/tip_emamba_v1/user/rtl/src/LightNorm_compute.sv Line: 115
# ** Warning: (vsim-3015) [PCDPC] - Port size (1) does not match connection size (32) for port 'carryIn'. The port definition is at: /home/sanghun/RVX/rvx-tutorials/platform/tip_emamba_v1/user/rtl/src/CLA_16.sv(26).
#    Time: 0 ps  Iteration: 0  Instance: /TIP_EMAMBA_V1_SIM/i_platform/my_emamba_ip/eMamba/MAMBA_1st/LightNorm/LightNorm_compute[8]/LightNorm_compute/CLA_16 File: /home/sanghun/RVX/rvx-tutorials/platform/tip_emamba_v1/user/rtl/src/LightNorm_compute.sv Line: 115
# ** Warning: (vsim-3015) [PCDPC] - Port size (1) does not match connection size (32) for port 'carryIn'. The port definition is at: /home/sanghun/RVX/rvx-tutorials/platform/tip_emamba_v1/user/rtl/src/CLA_16.sv(26).
#    Time: 0 ps  Iteration: 0  Instance: /TIP_EMAMBA_V1_SIM/i_platform/my_emamba_ip/eMamba/MAMBA_1st/LightNorm/LightNorm_compute[9]/LightNorm_compute/CLA_16 File: /home/sanghun/RVX/rvx-tutorials/platform/tip_emamba_v1/user/rtl/src/LightNorm_compute.sv Line: 115
# ** Warning: (vsim-3015) [PCDPC] - Port size (1) does not match connection size (32) for port 'carryIn'. The port definition is at: /home/sanghun/RVX/rvx-tutorials/platform/tip_emamba_v1/user/rtl/src/CLA_16.sv(26).
#    Time: 0 ps  Iteration: 0  Instance: /TIP_EMAMBA_V1_SIM/i_platform/my_emamba_ip/eMamba/MAMBA_1st/LightNorm/LightNorm_compute[10]/LightNorm_compute/CLA_16 File: /home/sanghun/RVX/rvx-tutorials/platform/tip_emamba_v1/user/rtl/src/LightNorm_compute.sv Line: 115
# ** Warning: (vsim-3015) [PCDPC] - Port size (1) does not match connection size (32) for port 'carryIn'. The port definition is at: /home/sanghun/RVX/rvx-tutorials/platform/tip_emamba_v1/user/rtl/src/CLA_16.sv(26).
#    Time: 0 ps  Iteration: 0  Instance: /TIP_EMAMBA_V1_SIM/i_platform/my_emamba_ip/eMamba/MAMBA_1st/LightNorm/LightNorm_compute[11]/LightNorm_compute/CLA_16 File: /home/sanghun/RVX/rvx-tutorials/platform/tip_emamba_v1/user/rtl/src/LightNorm_compute.sv Line: 115
# ** Warning: (vsim-3015) [PCDPC] - Port size (1) does not match connection size (32) for port 'carryIn'. The port definition is at: /home/sanghun/RVX/rvx-tutorials/platform/tip_emamba_v1/user/rtl/src/CLA_16.sv(26).
#    Time: 0 ps  Iteration: 0  Instance: /TIP_EMAMBA_V1_SIM/i_platform/my_emamba_ip/eMamba/MAMBA_1st/LightNorm/LightNorm_compute[12]/LightNorm_compute/CLA_16 File: /home/sanghun/RVX/rvx-tutorials/platform/tip_emamba_v1/user/rtl/src/LightNorm_compute.sv Line: 115
# ** Warning: (vsim-3015) [PCDPC] - Port size (1) does not match connection size (32) for port 'carryIn'. The port definition is at: /home/sanghun/RVX/rvx-tutorials/platform/tip_emamba_v1/user/rtl/src/CLA_16.sv(26).
#    Time: 0 ps  Iteration: 0  Instance: /TIP_EMAMBA_V1_SIM/i_platform/my_emamba_ip/eMamba/MAMBA_1st/LightNorm/LightNorm_compute[13]/LightNorm_compute/CLA_16 File: /home/sanghun/RVX/rvx-tutorials/platform/tip_emamba_v1/user/rtl/src/LightNorm_compute.sv Line: 115
# ** Warning: (vsim-3015) [PCDPC] - Port size (1) does not match connection size (32) for port 'carryIn'. The port definition is at: /home/sanghun/RVX/rvx-tutorials/platform/tip_emamba_v1/user/rtl/src/CLA_16.sv(26).
#    Time: 0 ps  Iteration: 0  Instance: /TIP_EMAMBA_V1_SIM/i_platform/my_emamba_ip/eMamba/MAMBA_1st/LightNorm/LightNorm_compute[14]/LightNorm_compute/CLA_16 File: /home/sanghun/RVX/rvx-tutorials/platform/tip_emamba_v1/user/rtl/src/LightNorm_compute.sv Line: 115
# ** Warning: (vsim-3015) [PCDPC] - Port size (1) does not match connection size (32) for port 'carryIn'. The port definition is at: /home/sanghun/RVX/rvx-tutorials/platform/tip_emamba_v1/user/rtl/src/CLA_16.sv(26).
#    Time: 0 ps  Iteration: 0  Instance: /TIP_EMAMBA_V1_SIM/i_platform/my_emamba_ip/eMamba/MAMBA_1st/LightNorm/LightNorm_compute[15]/LightNorm_compute/CLA_16 File: /home/sanghun/RVX/rvx-tutorials/platform/tip_emamba_v1/user/rtl/src/LightNorm_compute.sv Line: 115
# ** Warning: (vsim-3015) [PCDPC] - Port size (1) does not match connection size (32) for port 'carryIn'. The port definition is at: /home/sanghun/RVX/rvx-tutorials/platform/tip_emamba_v1/user/rtl/src/CLA_16.sv(26).
#    Time: 0 ps  Iteration: 0  Instance: /TIP_EMAMBA_V1_SIM/i_platform/my_emamba_ip/eMamba/MAMBA_1st/LightNorm/LightNorm_compute[16]/LightNorm_compute/CLA_16 File: /home/sanghun/RVX/rvx-tutorials/platform/tip_emamba_v1/user/rtl/src/LightNorm_compute.sv Line: 115
# ** Warning: (vsim-3015) [PCDPC] - Port size (1) does not match connection size (32) for port 'carryIn'. The port definition is at: /home/sanghun/RVX/rvx-tutorials/platform/tip_emamba_v1/user/rtl/src/CLA_16.sv(26).
#    Time: 0 ps  Iteration: 0  Instance: /TIP_EMAMBA_V1_SIM/i_platform/my_emamba_ip/eMamba/MAMBA_1st/LightNorm/LightNorm_compute[17]/LightNorm_compute/CLA_16 File: /home/sanghun/RVX/rvx-tutorials/platform/tip_emamba_v1/user/rtl/src/LightNorm_compute.sv Line: 115
# ** Warning: (vsim-3015) [PCDPC] - Port size (1) does not match connection size (32) for port 'carryIn'. The port definition is at: /home/sanghun/RVX/rvx-tutorials/platform/tip_emamba_v1/user/rtl/src/CLA_16.sv(26).
#    Time: 0 ps  Iteration: 0  Instance: /TIP_EMAMBA_V1_SIM/i_platform/my_emamba_ip/eMamba/MAMBA_1st/LightNorm/LightNorm_compute[18]/LightNorm_compute/CLA_16 File: /home/sanghun/RVX/rvx-tutorials/platform/tip_emamba_v1/user/rtl/src/LightNorm_compute.sv Line: 115
# ** Warning: (vsim-3015) [PCDPC] - Port size (1) does not match connection size (32) for port 'carryIn'. The port definition is at: /home/sanghun/RVX/rvx-tutorials/platform/tip_emamba_v1/user/rtl/src/CLA_16.sv(26).
#    Time: 0 ps  Iteration: 0  Instance: /TIP_EMAMBA_V1_SIM/i_platform/my_emamba_ip/eMamba/MAMBA_1st/LightNorm/LightNorm_compute[19]/LightNorm_compute/CLA_16 File: /home/sanghun/RVX/rvx-tutorials/platform/tip_emamba_v1/user/rtl/src/LightNorm_compute.sv Line: 115
# ** Warning: (vsim-2685) [TFMPC] - Too few port connections for 'Linear_expand_x1'.  Expected 10, found 9.
#    Time: 0 ps  Iteration: 0  Instance: /TIP_EMAMBA_V1_SIM/i_platform/my_emamba_ip/eMamba/MAMBA_1st/Linear_expand_x1 File: /home/sanghun/RVX/rvx-tutorials/platform/tip_emamba_v1/user/rtl/src/MAMBA.sv Line: 239
# ** Warning: (vsim-3722) /home/sanghun/RVX/rvx-tutorials/platform/tip_emamba_v1/user/rtl/src/MAMBA.sv(239): [TFMPC] - Missing connection for port 'dOut_seqlength'.
# ** Warning: (vsim-2685) [TFMPC] - Too few port connections for 'CLA_A'.  Expected 5, found 4.
#    Time: 0 ps  Iteration: 0  Instance: /TIP_EMAMBA_V1_SIM/i_platform/my_emamba_ip/eMamba/MAMBA_1st/Linear_expand_x1/matMult_20/Stage_A[0]/CLA_A File: /home/sanghun/RVX/rvx-tutorials/platform/tip_emamba_v1/user/rtl/src/matMult_20.sv Line: 76
# ** Warning: (vsim-3015) [PCDPC] - Port size (1) does not match connection size (32) for port 'carryIn'. The port definition is at: /home/sanghun/RVX/rvx-tutorials/platform/tip_emamba_v1/user/rtl/src/CLA_32.sv(26).
#    Time: 0 ps  Iteration: 0  Instance: /TIP_EMAMBA_V1_SIM/i_platform/my_emamba_ip/eMamba/MAMBA_1st/Linear_expand_x1/matMult_20/Stage_A[0]/CLA_A File: /home/sanghun/RVX/rvx-tutorials/platform/tip_emamba_v1/user/rtl/src/matMult_20.sv Line: 76
# ** Warning: (vsim-3722) /home/sanghun/RVX/rvx-tutorials/platform/tip_emamba_v1/user/rtl/src/matMult_20.sv(76): [TFMPC] - Missing connection for port 'carryOut'.
# ** Warning: (vsim-2685) [TFMPC] - Too few port connections for 'CLA_A'.  Expected 5, found 4.
#    Time: 0 ps  Iteration: 0  Instance: /TIP_EMAMBA_V1_SIM/i_platform/my_emamba_ip/eMamba/MAMBA_1st/Linear_expand_x1/matMult_20/Stage_A[1]/CLA_A File: /home/sanghun/RVX/rvx-tutorials/platform/tip_emamba_v1/user/rtl/src/matMult_20.sv Line: 76
# ** Warning: (vsim-3015) [PCDPC] - Port size (1) does not match connection size (32) for port 'carryIn'. The port definition is at: /home/sanghun/RVX/rvx-tutorials/platform/tip_emamba_v1/user/rtl/src/CLA_32.sv(26).
#    Time: 0 ps  Iteration: 0  Instance: /TIP_EMAMBA_V1_SIM/i_platform/my_emamba_ip/eMamba/MAMBA_1st/Linear_expand_x1/matMult_20/Stage_A[1]/CLA_A File: /home/sanghun/RVX/rvx-tutorials/platform/tip_emamba_v1/user/rtl/src/matMult_20.sv Line: 76
# ** Warning: (vsim-3722) /home/sanghun/RVX/rvx-tutorials/platform/tip_emamba_v1/user/rtl/src/matMult_20.sv(76): [TFMPC] - Missing connection for port 'carryOut'.
# ** Warning: (vsim-2685) [TFMPC] - Too few port connections for 'CLA_A'.  Expected 5, found 4.
#    Time: 0 ps  Iteration: 0  Instance: /TIP_EMAMBA_V1_SIM/i_platform/my_emamba_ip/eMamba/MAMBA_1st/Linear_expand_x1/matMult_20/Stage_A[2]/CLA_A File: /home/sanghun/RVX/rvx-tutorials/platform/tip_emamba_v1/user/rtl/src/matMult_20.sv Line: 76
# ** Warning: (vsim-3015) [PCDPC] - Port size (1) does not match connection size (32) for port 'carryIn'. The port definition is at: /home/sanghun/RVX/rvx-tutorials/platform/tip_emamba_v1/user/rtl/src/CLA_32.sv(26).
#    Time: 0 ps  Iteration: 0  Instance: /TIP_EMAMBA_V1_SIM/i_platform/my_emamba_ip/eMamba/MAMBA_1st/Linear_expand_x1/matMult_20/Stage_A[2]/CLA_A File: /home/sanghun/RVX/rvx-tutorials/platform/tip_emamba_v1/user/rtl/src/matMult_20.sv Line: 76
# ** Warning: (vsim-3722) /home/sanghun/RVX/rvx-tutorials/platform/tip_emamba_v1/user/rtl/src/matMult_20.sv(76): [TFMPC] - Missing connection for port 'carryOut'.
# ** Warning: (vsim-2685) [TFMPC] - Too few port connections for 'CLA_A'.  Expected 5, found 4.
#    Time: 0 ps  Iteration: 0  Instance: /TIP_EMAMBA_V1_SIM/i_platform/my_emamba_ip/eMamba/MAMBA_1st/Linear_expand_x1/matMult_20/Stage_A[3]/CLA_A File: /home/sanghun/RVX/rvx-tutorials/platform/tip_emamba_v1/user/rtl/src/matMult_20.sv Line: 76
# ** Warning: (vsim-3015) [PCDPC] - Port size (1) does not match connection size (32) for port 'carryIn'. The port definition is at: /home/sanghun/RVX/rvx-tutorials/platform/tip_emamba_v1/user/rtl/src/CLA_32.sv(26).
#    Time: 0 ps  Iteration: 0  Instance: /TIP_EMAMBA_V1_SIM/i_platform/my_emamba_ip/eMamba/MAMBA_1st/Linear_expand_x1/matMult_20/Stage_A[3]/CLA_A File: /home/sanghun/RVX/rvx-tutorials/platform/tip_emamba_v1/user/rtl/src/matMult_20.sv Line: 76
# ** Warning: (vsim-3722) /home/sanghun/RVX/rvx-tutorials/platform/tip_emamba_v1/user/rtl/src/matMult_20.sv(76): [TFMPC] - Missing connection for port 'carryOut'.
# ** Warning: (vsim-2685) [TFMPC] - Too few port connections for 'CLA_A'.  Expected 5, found 4.
#    Time: 0 ps  Iteration: 0  Instance: /TIP_EMAMBA_V1_SIM/i_platform/my_emamba_ip/eMamba/MAMBA_1st/Linear_expand_x1/matMult_20/Stage_A[4]/CLA_A File: /home/sanghun/RVX/rvx-tutorials/platform/tip_emamba_v1/user/rtl/src/matMult_20.sv Line: 76
# ** Warning: (vsim-3015) [PCDPC] - Port size (1) does not match connection size (32) for port 'carryIn'. The port definition is at: /home/sanghun/RVX/rvx-tutorials/platform/tip_emamba_v1/user/rtl/src/CLA_32.sv(26).
#    Time: 0 ps  Iteration: 0  Instance: /TIP_EMAMBA_V1_SIM/i_platform/my_emamba_ip/eMamba/MAMBA_1st/Linear_expand_x1/matMult_20/Stage_A[4]/CLA_A File: /home/sanghun/RVX/rvx-tutorials/platform/tip_emamba_v1/user/rtl/src/matMult_20.sv Line: 76
# ** Warning: (vsim-3722) /home/sanghun/RVX/rvx-tutorials/platform/tip_emamba_v1/user/rtl/src/matMult_20.sv(76): [TFMPC] - Missing connection for port 'carryOut'.
# ** Warning: (vsim-2685) [TFMPC] - Too few port connections for 'CLA_A'.  Expected 5, found 4.
#    Time: 0 ps  Iteration: 0  Instance: /TIP_EMAMBA_V1_SIM/i_platform/my_emamba_ip/eMamba/MAMBA_1st/Linear_expand_x1/matMult_20/Stage_A[5]/CLA_A File: /home/sanghun/RVX/rvx-tutorials/platform/tip_emamba_v1/user/rtl/src/matMult_20.sv Line: 76
# ** Warning: (vsim-3015) [PCDPC] - Port size (1) does not match connection size (32) for port 'carryIn'. The port definition is at: /home/sanghun/RVX/rvx-tutorials/platform/tip_emamba_v1/user/rtl/src/CLA_32.sv(26).
#    Time: 0 ps  Iteration: 0  Instance: /TIP_EMAMBA_V1_SIM/i_platform/my_emamba_ip/eMamba/MAMBA_1st/Linear_expand_x1/matMult_20/Stage_A[5]/CLA_A File: /home/sanghun/RVX/rvx-tutorials/platform/tip_emamba_v1/user/rtl/src/matMult_20.sv Line: 76
# ** Warning: (vsim-3722) /home/sanghun/RVX/rvx-tutorials/platform/tip_emamba_v1/user/rtl/src/matMult_20.sv(76): [TFMPC] - Missing connection for port 'carryOut'.
# ** Warning: (vsim-2685) [TFMPC] - Too few port connections for 'CLA_A'.  Expected 5, found 4.
#    Time: 0 ps  Iteration: 0  Instance: /TIP_EMAMBA_V1_SIM/i_platform/my_emamba_ip/eMamba/MAMBA_1st/Linear_expand_x1/matMult_20/Stage_A[6]/CLA_A File: /home/sanghun/RVX/rvx-tutorials/platform/tip_emamba_v1/user/rtl/src/matMult_20.sv Line: 76
# ** Warning: (vsim-3015) [PCDPC] - Port size (1) does not match connection size (32) for port 'carryIn'. The port definition is at: /home/sanghun/RVX/rvx-tutorials/platform/tip_emamba_v1/user/rtl/src/CLA_32.sv(26).
#    Time: 0 ps  Iteration: 0  Instance: /TIP_EMAMBA_V1_SIM/i_platform/my_emamba_ip/eMamba/MAMBA_1st/Linear_expand_x1/matMult_20/Stage_A[6]/CLA_A File: /home/sanghun/RVX/rvx-tutorials/platform/tip_emamba_v1/user/rtl/src/matMult_20.sv Line: 76
# ** Warning: (vsim-3722) /home/sanghun/RVX/rvx-tutorials/platform/tip_emamba_v1/user/rtl/src/matMult_20.sv(76): [TFMPC] - Missing connection for port 'carryOut'.
# ** Warning: (vsim-2685) [TFMPC] - Too few port connections for 'CLA_A'.  Expected 5, found 4.
#    Time: 0 ps  Iteration: 0  Instance: /TIP_EMAMBA_V1_SIM/i_platform/my_emamba_ip/eMamba/MAMBA_1st/Linear_expand_x1/matMult_20/Stage_A[7]/CLA_A File: /home/sanghun/RVX/rvx-tutorials/platform/tip_emamba_v1/user/rtl/src/matMult_20.sv Line: 76
# ** Warning: (vsim-3015) [PCDPC] - Port size (1) does not match connection size (32) for port 'carryIn'. The port definition is at: /home/sanghun/RVX/rvx-tutorials/platform/tip_emamba_v1/user/rtl/src/CLA_32.sv(26).
#    Time: 0 ps  Iteration: 0  Instance: /TIP_EMAMBA_V1_SIM/i_platform/my_emamba_ip/eMamba/MAMBA_1st/Linear_expand_x1/matMult_20/Stage_A[7]/CLA_A File: /home/sanghun/RVX/rvx-tutorials/platform/tip_emamba_v1/user/rtl/src/matMult_20.sv Line: 76
# ** Warning: (vsim-3722) /home/sanghun/RVX/rvx-tutorials/platform/tip_emamba_v1/user/rtl/src/matMult_20.sv(76): [TFMPC] - Missing connection for port 'carryOut'.
# ** Warning: (vsim-2685) [TFMPC] - Too few port connections for 'CLA_A'.  Expected 5, found 4.
#    Time: 0 ps  Iteration: 0  Instance: /TIP_EMAMBA_V1_SIM/i_platform/my_emamba_ip/eMamba/MAMBA_1st/Linear_expand_x1/matMult_20/Stage_A[8]/CLA_A File: /home/sanghun/RVX/rvx-tutorials/platform/tip_emamba_v1/user/rtl/src/matMult_20.sv Line: 76
# ** Warning: (vsim-3015) [PCDPC] - Port size (1) does not match connection size (32) for port 'carryIn'. The port definition is at: /home/sanghun/RVX/rvx-tutorials/platform/tip_emamba_v1/user/rtl/src/CLA_32.sv(26).
#    Time: 0 ps  Iteration: 0  Instance: /TIP_EMAMBA_V1_SIM/i_platform/my_emamba_ip/eMamba/MAMBA_1st/Linear_expand_x1/matMult_20/Stage_A[8]/CLA_A File: /home/sanghun/RVX/rvx-tutorials/platform/tip_emamba_v1/user/rtl/src/matMult_20.sv Line: 76
# ** Warning: (vsim-3722) /home/sanghun/RVX/rvx-tutorials/platform/tip_emamba_v1/user/rtl/src/matMult_20.sv(76): [TFMPC] - Missing connection for port 'carryOut'.
# ** Warning: (vsim-2685) [TFMPC] - Too few port connections for 'CLA_A'.  Expected 5, found 4.
#    Time: 0 ps  Iteration: 0  Instance: /TIP_EMAMBA_V1_SIM/i_platform/my_emamba_ip/eMamba/MAMBA_1st/Linear_expand_x1/matMult_20/Stage_A[9]/CLA_A File: /home/sanghun/RVX/rvx-tutorials/platform/tip_emamba_v1/user/rtl/src/matMult_20.sv Line: 76
# ** Warning: (vsim-3015) [PCDPC] - Port size (1) does not match connection size (32) for port 'carryIn'. The port definition is at: /home/sanghun/RVX/rvx-tutorials/platform/tip_emamba_v1/user/rtl/src/CLA_32.sv(26).
#    Time: 0 ps  Iteration: 0  Instance: /TIP_EMAMBA_V1_SIM/i_platform/my_emamba_ip/eMamba/MAMBA_1st/Linear_expand_x1/matMult_20/Stage_A[9]/CLA_A File: /home/sanghun/RVX/rvx-tutorials/platform/tip_emamba_v1/user/rtl/src/matMult_20.sv Line: 76
# ** Warning: (vsim-3722) /home/sanghun/RVX/rvx-tutorials/platform/tip_emamba_v1/user/rtl/src/matMult_20.sv(76): [TFMPC] - Missing connection for port 'carryOut'.
# ** Warning: (vsim-2685) [TFMPC] - Too few port connections for 'CLA_B'.  Expected 5, found 4.
#    Time: 0 ps  Iteration: 0  Instance: /TIP_EMAMBA_V1_SIM/i_platform/my_emamba_ip/eMamba/MAMBA_1st/Linear_expand_x1/matMult_20/Stage_B[0]/CLA_B File: /home/sanghun/RVX/rvx-tutorials/platform/tip_emamba_v1/user/rtl/src/matMult_20.sv Line: 86
# ** Warning: (vsim-3015) [PCDPC] - Port size (1) does not match connection size (32) for port 'carryIn'. The port definition is at: /home/sanghun/RVX/rvx-tutorials/platform/tip_emamba_v1/user/rtl/src/CLA_32.sv(26).
#    Time: 0 ps  Iteration: 0  Instance: /TIP_EMAMBA_V1_SIM/i_platform/my_emamba_ip/eMamba/MAMBA_1st/Linear_expand_x1/matMult_20/Stage_B[0]/CLA_B File: /home/sanghun/RVX/rvx-tutorials/platform/tip_emamba_v1/user/rtl/src/matMult_20.sv Line: 86
# ** Warning: (vsim-3722) /home/sanghun/RVX/rvx-tutorials/platform/tip_emamba_v1/user/rtl/src/matMult_20.sv(86): [TFMPC] - Missing connection for port 'carryOut'.
# ** Warning: (vsim-2685) [TFMPC] - Too few port connections for 'CLA_B'.  Expected 5, found 4.
#    Time: 0 ps  Iteration: 0  Instance: /TIP_EMAMBA_V1_SIM/i_platform/my_emamba_ip/eMamba/MAMBA_1st/Linear_expand_x1/matMult_20/Stage_B[1]/CLA_B File: /home/sanghun/RVX/rvx-tutorials/platform/tip_emamba_v1/user/rtl/src/matMult_20.sv Line: 86
# ** Warning: (vsim-3015) [PCDPC] - Port size (1) does not match connection size (32) for port 'carryIn'. The port definition is at: /home/sanghun/RVX/rvx-tutorials/platform/tip_emamba_v1/user/rtl/src/CLA_32.sv(26).
#    Time: 0 ps  Iteration: 0  Instance: /TIP_EMAMBA_V1_SIM/i_platform/my_emamba_ip/eMamba/MAMBA_1st/Linear_expand_x1/matMult_20/Stage_B[1]/CLA_B File: /home/sanghun/RVX/rvx-tutorials/platform/tip_emamba_v1/user/rtl/src/matMult_20.sv Line: 86
# ** Warning: (vsim-3722) /home/sanghun/RVX/rvx-tutorials/platform/tip_emamba_v1/user/rtl/src/matMult_20.sv(86): [TFMPC] - Missing connection for port 'carryOut'.
# ** Warning: (vsim-2685) [TFMPC] - Too few port connections for 'CLA_B'.  Expected 5, found 4.
#    Time: 0 ps  Iteration: 0  Instance: /TIP_EMAMBA_V1_SIM/i_platform/my_emamba_ip/eMamba/MAMBA_1st/Linear_expand_x1/matMult_20/Stage_B[2]/CLA_B File: /home/sanghun/RVX/rvx-tutorials/platform/tip_emamba_v1/user/rtl/src/matMult_20.sv Line: 86
# ** Warning: (vsim-3015) [PCDPC] - Port size (1) does not match connection size (32) for port 'carryIn'. The port definition is at: /home/sanghun/RVX/rvx-tutorials/platform/tip_emamba_v1/user/rtl/src/CLA_32.sv(26).
#    Time: 0 ps  Iteration: 0  Instance: /TIP_EMAMBA_V1_SIM/i_platform/my_emamba_ip/eMamba/MAMBA_1st/Linear_expand_x1/matMult_20/Stage_B[2]/CLA_B File: /home/sanghun/RVX/rvx-tutorials/platform/tip_emamba_v1/user/rtl/src/matMult_20.sv Line: 86
# ** Warning: (vsim-3722) /home/sanghun/RVX/rvx-tutorials/platform/tip_emamba_v1/user/rtl/src/matMult_20.sv(86): [TFMPC] - Missing connection for port 'carryOut'.
# ** Warning: (vsim-2685) [TFMPC] - Too few port connections for 'CLA_B'.  Expected 5, found 4.
#    Time: 0 ps  Iteration: 0  Instance: /TIP_EMAMBA_V1_SIM/i_platform/my_emamba_ip/eMamba/MAMBA_1st/Linear_expand_x1/matMult_20/Stage_B[3]/CLA_B File: /home/sanghun/RVX/rvx-tutorials/platform/tip_emamba_v1/user/rtl/src/matMult_20.sv Line: 86
# ** Warning: (vsim-3015) [PCDPC] - Port size (1) does not match connection size (32) for port 'carryIn'. The port definition is at: /home/sanghun/RVX/rvx-tutorials/platform/tip_emamba_v1/user/rtl/src/CLA_32.sv(26).
#    Time: 0 ps  Iteration: 0  Instance: /TIP_EMAMBA_V1_SIM/i_platform/my_emamba_ip/eMamba/MAMBA_1st/Linear_expand_x1/matMult_20/Stage_B[3]/CLA_B File: /home/sanghun/RVX/rvx-tutorials/platform/tip_emamba_v1/user/rtl/src/matMult_20.sv Line: 86
# ** Warning: (vsim-3722) /home/sanghun/RVX/rvx-tutorials/platform/tip_emamba_v1/user/rtl/src/matMult_20.sv(86): [TFMPC] - Missing connection for port 'carryOut'.
# ** Warning: (vsim-2685) [TFMPC] - Too few port connections for 'CLA_B'.  Expected 5, found 4.
#    Time: 0 ps  Iteration: 0  Instance: /TIP_EMAMBA_V1_SIM/i_platform/my_emamba_ip/eMamba/MAMBA_1st/Linear_expand_x1/matMult_20/Stage_B[4]/CLA_B File: /home/sanghun/RVX/rvx-tutorials/platform/tip_emamba_v1/user/rtl/src/matMult_20.sv Line: 86
# ** Warning: (vsim-3015) [PCDPC] - Port size (1) does not match connection size (32) for port 'carryIn'. The port definition is at: /home/sanghun/RVX/rvx-tutorials/platform/tip_emamba_v1/user/rtl/src/CLA_32.sv(26).
#    Time: 0 ps  Iteration: 0  Instance: /TIP_EMAMBA_V1_SIM/i_platform/my_emamba_ip/eMamba/MAMBA_1st/Linear_expand_x1/matMult_20/Stage_B[4]/CLA_B File: /home/sanghun/RVX/rvx-tutorials/platform/tip_emamba_v1/user/rtl/src/matMult_20.sv Line: 86
# ** Warning: (vsim-3722) /home/sanghun/RVX/rvx-tutorials/platform/tip_emamba_v1/user/rtl/src/matMult_20.sv(86): [TFMPC] - Missing connection for port 'carryOut'.
# ** Warning: (vsim-2685) [TFMPC] - Too few port connections for 'CLA_C0'.  Expected 5, found 4.
#    Time: 0 ps  Iteration: 0  Instance: /TIP_EMAMBA_V1_SIM/i_platform/my_emamba_ip/eMamba/MAMBA_1st/Linear_expand_x1/matMult_20/CLA_C0 File: /home/sanghun/RVX/rvx-tutorials/platform/tip_emamba_v1/user/rtl/src/matMult_20.sv Line: 97
# ** Warning: (vsim-3015) [PCDPC] - Port size (1) does not match connection size (32) for port 'carryIn'. The port definition is at: /home/sanghun/RVX/rvx-tutorials/platform/tip_emamba_v1/user/rtl/src/CLA_32.sv(26).
#    Time: 0 ps  Iteration: 0  Instance: /TIP_EMAMBA_V1_SIM/i_platform/my_emamba_ip/eMamba/MAMBA_1st/Linear_expand_x1/matMult_20/CLA_C0 File: /home/sanghun/RVX/rvx-tutorials/platform/tip_emamba_v1/user/rtl/src/matMult_20.sv Line: 97
# ** Warning: (vsim-3722) /home/sanghun/RVX/rvx-tutorials/platform/tip_emamba_v1/user/rtl/src/matMult_20.sv(97): [TFMPC] - Missing connection for port 'carryOut'.
# ** Warning: (vsim-2685) [TFMPC] - Too few port connections for 'CLA_C1'.  Expected 5, found 4.
#    Time: 0 ps  Iteration: 0  Instance: /TIP_EMAMBA_V1_SIM/i_platform/my_emamba_ip/eMamba/MAMBA_1st/Linear_expand_x1/matMult_20/CLA_C1 File: /home/sanghun/RVX/rvx-tutorials/platform/tip_emamba_v1/user/rtl/src/matMult_20.sv Line: 105
# ** Warning: (vsim-3015) [PCDPC] - Port size (1) does not match connection size (32) for port 'carryIn'. The port definition is at: /home/sanghun/RVX/rvx-tutorials/platform/tip_emamba_v1/user/rtl/src/CLA_32.sv(26).
#    Time: 0 ps  Iteration: 0  Instance: /TIP_EMAMBA_V1_SIM/i_platform/my_emamba_ip/eMamba/MAMBA_1st/Linear_expand_x1/matMult_20/CLA_C1 File: /home/sanghun/RVX/rvx-tutorials/platform/tip_emamba_v1/user/rtl/src/matMult_20.sv Line: 105
# ** Warning: (vsim-3722) /home/sanghun/RVX/rvx-tutorials/platform/tip_emamba_v1/user/rtl/src/matMult_20.sv(105): [TFMPC] - Missing connection for port 'carryOut'.
# ** Warning: (vsim-2685) [TFMPC] - Too few port connections for 'CLA_C2'.  Expected 5, found 4.
#    Time: 0 ps  Iteration: 0  Instance: /TIP_EMAMBA_V1_SIM/i_platform/my_emamba_ip/eMamba/MAMBA_1st/Linear_expand_x1/matMult_20/CLA_C2 File: /home/sanghun/RVX/rvx-tutorials/platform/tip_emamba_v1/user/rtl/src/matMult_20.sv Line: 113
# ** Warning: (vsim-3015) [PCDPC] - Port size (1) does not match connection size (32) for port 'carryIn'. The port definition is at: /home/sanghun/RVX/rvx-tutorials/platform/tip_emamba_v1/user/rtl/src/CLA_32.sv(26).
#    Time: 0 ps  Iteration: 0  Instance: /TIP_EMAMBA_V1_SIM/i_platform/my_emamba_ip/eMamba/MAMBA_1st/Linear_expand_x1/matMult_20/CLA_C2 File: /home/sanghun/RVX/rvx-tutorials/platform/tip_emamba_v1/user/rtl/src/matMult_20.sv Line: 113
# ** Warning: (vsim-3722) /home/sanghun/RVX/rvx-tutorials/platform/tip_emamba_v1/user/rtl/src/matMult_20.sv(113): [TFMPC] - Missing connection for port 'carryOut'.
# ** Warning: (vsim-2685) [TFMPC] - Too few port connections for 'CLA_D'.  Expected 5, found 4.
#    Time: 0 ps  Iteration: 0  Instance: /TIP_EMAMBA_V1_SIM/i_platform/my_emamba_ip/eMamba/MAMBA_1st/Linear_expand_x1/matMult_20/CLA_D File: /home/sanghun/RVX/rvx-tutorials/platform/tip_emamba_v1/user/rtl/src/matMult_20.sv Line: 122
# ** Warning: (vsim-3015) [PCDPC] - Port size (1) does not match connection size (32) for port 'carryIn'. The port definition is at: /home/sanghun/RVX/rvx-tutorials/platform/tip_emamba_v1/user/rtl/src/CLA_32.sv(26).
#    Time: 0 ps  Iteration: 0  Instance: /TIP_EMAMBA_V1_SIM/i_platform/my_emamba_ip/eMamba/MAMBA_1st/Linear_expand_x1/matMult_20/CLA_D File: /home/sanghun/RVX/rvx-tutorials/platform/tip_emamba_v1/user/rtl/src/matMult_20.sv Line: 122
# ** Warning: (vsim-3722) /home/sanghun/RVX/rvx-tutorials/platform/tip_emamba_v1/user/rtl/src/matMult_20.sv(122): [TFMPC] - Missing connection for port 'carryOut'.
# ** Warning: (vsim-2685) [TFMPC] - Too few port connections for 'CLA_E'.  Expected 5, found 4.
#    Time: 0 ps  Iteration: 0  Instance: /TIP_EMAMBA_V1_SIM/i_platform/my_emamba_ip/eMamba/MAMBA_1st/Linear_expand_x1/matMult_20/CLA_E File: /home/sanghun/RVX/rvx-tutorials/platform/tip_emamba_v1/user/rtl/src/matMult_20.sv Line: 131
# ** Warning: (vsim-3015) [PCDPC] - Port size (1) does not match connection size (32) for port 'carryIn'. The port definition is at: /home/sanghun/RVX/rvx-tutorials/platform/tip_emamba_v1/user/rtl/src/CLA_32.sv(26).
#    Time: 0 ps  Iteration: 0  Instance: /TIP_EMAMBA_V1_SIM/i_platform/my_emamba_ip/eMamba/MAMBA_1st/Linear_expand_x1/matMult_20/CLA_E File: /home/sanghun/RVX/rvx-tutorials/platform/tip_emamba_v1/user/rtl/src/matMult_20.sv Line: 131
# ** Warning: (vsim-3722) /home/sanghun/RVX/rvx-tutorials/platform/tip_emamba_v1/user/rtl/src/matMult_20.sv(131): [TFMPC] - Missing connection for port 'carryOut'.
# ** Warning: (vsim-2685) [TFMPC] - Too few port connections for 'Linear_expand_z1'.  Expected 10, found 9.
#    Time: 0 ps  Iteration: 0  Instance: /TIP_EMAMBA_V1_SIM/i_platform/my_emamba_ip/eMamba/MAMBA_1st/Linear_expand_z1 File: /home/sanghun/RVX/rvx-tutorials/platform/tip_emamba_v1/user/rtl/src/MAMBA.sv Line: 266
# ** Warning: (vsim-3722) /home/sanghun/RVX/rvx-tutorials/platform/tip_emamba_v1/user/rtl/src/MAMBA.sv(266): [TFMPC] - Missing connection for port 'dOut_seqlength'.
# ** Warning: (vsim-2685) [TFMPC] - Too few port connections for 'CLA_A'.  Expected 5, found 4.
#    Time: 0 ps  Iteration: 0  Instance: /TIP_EMAMBA_V1_SIM/i_platform/my_emamba_ip/eMamba/MAMBA_1st/Linear_expand_z1/matMult_20/Stage_A[0]/CLA_A File: /home/sanghun/RVX/rvx-tutorials/platform/tip_emamba_v1/user/rtl/src/matMult_20.sv Line: 76
# ** Warning: (vsim-3015) [PCDPC] - Port size (1) does not match connection size (32) for port 'carryIn'. The port definition is at: /home/sanghun/RVX/rvx-tutorials/platform/tip_emamba_v1/user/rtl/src/CLA_32.sv(26).
#    Time: 0 ps  Iteration: 0  Instance: /TIP_EMAMBA_V1_SIM/i_platform/my_emamba_ip/eMamba/MAMBA_1st/Linear_expand_z1/matMult_20/Stage_A[0]/CLA_A File: /home/sanghun/RVX/rvx-tutorials/platform/tip_emamba_v1/user/rtl/src/matMult_20.sv Line: 76
# ** Warning: (vsim-3722) /home/sanghun/RVX/rvx-tutorials/platform/tip_emamba_v1/user/rtl/src/matMult_20.sv(76): [TFMPC] - Missing connection for port 'carryOut'.
# ** Warning: (vsim-2685) [TFMPC] - Too few port connections for 'CLA_A'.  Expected 5, found 4.
#    Time: 0 ps  Iteration: 0  Instance: /TIP_EMAMBA_V1_SIM/i_platform/my_emamba_ip/eMamba/MAMBA_1st/Linear_expand_z1/matMult_20/Stage_A[1]/CLA_A File: /home/sanghun/RVX/rvx-tutorials/platform/tip_emamba_v1/user/rtl/src/matMult_20.sv Line: 76
# ** Warning: (vsim-3015) [PCDPC] - Port size (1) does not match connection size (32) for port 'carryIn'. The port definition is at: /home/sanghun/RVX/rvx-tutorials/platform/tip_emamba_v1/user/rtl/src/CLA_32.sv(26).
#    Time: 0 ps  Iteration: 0  Instance: /TIP_EMAMBA_V1_SIM/i_platform/my_emamba_ip/eMamba/MAMBA_1st/Linear_expand_z1/matMult_20/Stage_A[1]/CLA_A File: /home/sanghun/RVX/rvx-tutorials/platform/tip_emamba_v1/user/rtl/src/matMult_20.sv Line: 76
# ** Warning: (vsim-3722) /home/sanghun/RVX/rvx-tutorials/platform/tip_emamba_v1/user/rtl/src/matMult_20.sv(76): [TFMPC] - Missing connection for port 'carryOut'.
# ** Warning: (vsim-2685) [TFMPC] - Too few port connections for 'CLA_A'.  Expected 5, found 4.
#    Time: 0 ps  Iteration: 0  Instance: /TIP_EMAMBA_V1_SIM/i_platform/my_emamba_ip/eMamba/MAMBA_1st/Linear_expand_z1/matMult_20/Stage_A[2]/CLA_A File: /home/sanghun/RVX/rvx-tutorials/platform/tip_emamba_v1/user/rtl/src/matMult_20.sv Line: 76
# ** Warning: (vsim-3015) [PCDPC] - Port size (1) does not match connection size (32) for port 'carryIn'. The port definition is at: /home/sanghun/RVX/rvx-tutorials/platform/tip_emamba_v1/user/rtl/src/CLA_32.sv(26).
#    Time: 0 ps  Iteration: 0  Instance: /TIP_EMAMBA_V1_SIM/i_platform/my_emamba_ip/eMamba/MAMBA_1st/Linear_expand_z1/matMult_20/Stage_A[2]/CLA_A File: /home/sanghun/RVX/rvx-tutorials/platform/tip_emamba_v1/user/rtl/src/matMult_20.sv Line: 76
# ** Warning: (vsim-3722) /home/sanghun/RVX/rvx-tutorials/platform/tip_emamba_v1/user/rtl/src/matMult_20.sv(76): [TFMPC] - Missing connection for port 'carryOut'.
# ** Warning: (vsim-2685) [TFMPC] - Too few port connections for 'CLA_A'.  Expected 5, found 4.
#    Time: 0 ps  Iteration: 0  Instance: /TIP_EMAMBA_V1_SIM/i_platform/my_emamba_ip/eMamba/MAMBA_1st/Linear_expand_z1/matMult_20/Stage_A[3]/CLA_A File: /home/sanghun/RVX/rvx-tutorials/platform/tip_emamba_v1/user/rtl/src/matMult_20.sv Line: 76
# ** Warning: (vsim-3015) [PCDPC] - Port size (1) does not match connection size (32) for port 'carryIn'. The port definition is at: /home/sanghun/RVX/rvx-tutorials/platform/tip_emamba_v1/user/rtl/src/CLA_32.sv(26).
#    Time: 0 ps  Iteration: 0  Instance: /TIP_EMAMBA_V1_SIM/i_platform/my_emamba_ip/eMamba/MAMBA_1st/Linear_expand_z1/matMult_20/Stage_A[3]/CLA_A File: /home/sanghun/RVX/rvx-tutorials/platform/tip_emamba_v1/user/rtl/src/matMult_20.sv Line: 76
# ** Warning: (vsim-3722) /home/sanghun/RVX/rvx-tutorials/platform/tip_emamba_v1/user/rtl/src/matMult_20.sv(76): [TFMPC] - Missing connection for port 'carryOut'.
# ** Warning: (vsim-2685) [TFMPC] - Too few port connections for 'CLA_A'.  Expected 5, found 4.
#    Time: 0 ps  Iteration: 0  Instance: /TIP_EMAMBA_V1_SIM/i_platform/my_emamba_ip/eMamba/MAMBA_1st/Linear_expand_z1/matMult_20/Stage_A[4]/CLA_A File: /home/sanghun/RVX/rvx-tutorials/platform/tip_emamba_v1/user/rtl/src/matMult_20.sv Line: 76
# ** Warning: (vsim-3015) [PCDPC] - Port size (1) does not match connection size (32) for port 'carryIn'. The port definition is at: /home/sanghun/RVX/rvx-tutorials/platform/tip_emamba_v1/user/rtl/src/CLA_32.sv(26).
#    Time: 0 ps  Iteration: 0  Instance: /TIP_EMAMBA_V1_SIM/i_platform/my_emamba_ip/eMamba/MAMBA_1st/Linear_expand_z1/matMult_20/Stage_A[4]/CLA_A File: /home/sanghun/RVX/rvx-tutorials/platform/tip_emamba_v1/user/rtl/src/matMult_20.sv Line: 76
# ** Warning: (vsim-3722) /home/sanghun/RVX/rvx-tutorials/platform/tip_emamba_v1/user/rtl/src/matMult_20.sv(76): [TFMPC] - Missing connection for port 'carryOut'.
# ** Warning: (vsim-2685) [TFMPC] - Too few port connections for 'CLA_A'.  Expected 5, found 4.
#    Time: 0 ps  Iteration: 0  Instance: /TIP_EMAMBA_V1_SIM/i_platform/my_emamba_ip/eMamba/MAMBA_1st/Linear_expand_z1/matMult_20/Stage_A[5]/CLA_A File: /home/sanghun/RVX/rvx-tutorials/platform/tip_emamba_v1/user/rtl/src/matMult_20.sv Line: 76
# ** Warning: (vsim-3015) [PCDPC] - Port size (1) does not match connection size (32) for port 'carryIn'. The port definition is at: /home/sanghun/RVX/rvx-tutorials/platform/tip_emamba_v1/user/rtl/src/CLA_32.sv(26).
#    Time: 0 ps  Iteration: 0  Instance: /TIP_EMAMBA_V1_SIM/i_platform/my_emamba_ip/eMamba/MAMBA_1st/Linear_expand_z1/matMult_20/Stage_A[5]/CLA_A File: /home/sanghun/RVX/rvx-tutorials/platform/tip_emamba_v1/user/rtl/src/matMult_20.sv Line: 76
# ** Warning: (vsim-3722) /home/sanghun/RVX/rvx-tutorials/platform/tip_emamba_v1/user/rtl/src/matMult_20.sv(76): [TFMPC] - Missing connection for port 'carryOut'.
# ** Warning: (vsim-2685) [TFMPC] - Too few port connections for 'CLA_A'.  Expected 5, found 4.
#    Time: 0 ps  Iteration: 0  Instance: /TIP_EMAMBA_V1_SIM/i_platform/my_emamba_ip/eMamba/MAMBA_1st/Linear_expand_z1/matMult_20/Stage_A[6]/CLA_A File: /home/sanghun/RVX/rvx-tutorials/platform/tip_emamba_v1/user/rtl/src/matMult_20.sv Line: 76
# ** Warning: (vsim-3015) [PCDPC] - Port size (1) does not match connection size (32) for port 'carryIn'. The port definition is at: /home/sanghun/RVX/rvx-tutorials/platform/tip_emamba_v1/user/rtl/src/CLA_32.sv(26).
#    Time: 0 ps  Iteration: 0  Instance: /TIP_EMAMBA_V1_SIM/i_platform/my_emamba_ip/eMamba/MAMBA_1st/Linear_expand_z1/matMult_20/Stage_A[6]/CLA_A File: /home/sanghun/RVX/rvx-tutorials/platform/tip_emamba_v1/user/rtl/src/matMult_20.sv Line: 76
# ** Warning: (vsim-3722) /home/sanghun/RVX/rvx-tutorials/platform/tip_emamba_v1/user/rtl/src/matMult_20.sv(76): [TFMPC] - Missing connection for port 'carryOut'.
# ** Warning: (vsim-2685) [TFMPC] - Too few port connections for 'CLA_A'.  Expected 5, found 4.
#    Time: 0 ps  Iteration: 0  Instance: /TIP_EMAMBA_V1_SIM/i_platform/my_emamba_ip/eMamba/MAMBA_1st/Linear_expand_z1/matMult_20/Stage_A[7]/CLA_A File: /home/sanghun/RVX/rvx-tutorials/platform/tip_emamba_v1/user/rtl/src/matMult_20.sv Line: 76
# ** Warning: (vsim-3015) [PCDPC] - Port size (1) does not match connection size (32) for port 'carryIn'. The port definition is at: /home/sanghun/RVX/rvx-tutorials/platform/tip_emamba_v1/user/rtl/src/CLA_32.sv(26).
#    Time: 0 ps  Iteration: 0  Instance: /TIP_EMAMBA_V1_SIM/i_platform/my_emamba_ip/eMamba/MAMBA_1st/Linear_expand_z1/matMult_20/Stage_A[7]/CLA_A File: /home/sanghun/RVX/rvx-tutorials/platform/tip_emamba_v1/user/rtl/src/matMult_20.sv Line: 76
# ** Warning: (vsim-3722) /home/sanghun/RVX/rvx-tutorials/platform/tip_emamba_v1/user/rtl/src/matMult_20.sv(76): [TFMPC] - Missing connection for port 'carryOut'.
# ** Warning: (vsim-2685) [TFMPC] - Too few port connections for 'CLA_A'.  Expected 5, found 4.
#    Time: 0 ps  Iteration: 0  Instance: /TIP_EMAMBA_V1_SIM/i_platform/my_emamba_ip/eMamba/MAMBA_1st/Linear_expand_z1/matMult_20/Stage_A[8]/CLA_A File: /home/sanghun/RVX/rvx-tutorials/platform/tip_emamba_v1/user/rtl/src/matMult_20.sv Line: 76
# ** Warning: (vsim-3015) [PCDPC] - Port size (1) does not match connection size (32) for port 'carryIn'. The port definition is at: /home/sanghun/RVX/rvx-tutorials/platform/tip_emamba_v1/user/rtl/src/CLA_32.sv(26).
#    Time: 0 ps  Iteration: 0  Instance: /TIP_EMAMBA_V1_SIM/i_platform/my_emamba_ip/eMamba/MAMBA_1st/Linear_expand_z1/matMult_20/Stage_A[8]/CLA_A File: /home/sanghun/RVX/rvx-tutorials/platform/tip_emamba_v1/user/rtl/src/matMult_20.sv Line: 76
# ** Warning: (vsim-3722) /home/sanghun/RVX/rvx-tutorials/platform/tip_emamba_v1/user/rtl/src/matMult_20.sv(76): [TFMPC] - Missing connection for port 'carryOut'.
# ** Warning: (vsim-2685) [TFMPC] - Too few port connections for 'CLA_A'.  Expected 5, found 4.
#    Time: 0 ps  Iteration: 0  Instance: /TIP_EMAMBA_V1_SIM/i_platform/my_emamba_ip/eMamba/MAMBA_1st/Linear_expand_z1/matMult_20/Stage_A[9]/CLA_A File: /home/sanghun/RVX/rvx-tutorials/platform/tip_emamba_v1/user/rtl/src/matMult_20.sv Line: 76
# ** Warning: (vsim-3015) [PCDPC] - Port size (1) does not match connection size (32) for port 'carryIn'. The port definition is at: /home/sanghun/RVX/rvx-tutorials/platform/tip_emamba_v1/user/rtl/src/CLA_32.sv(26).
#    Time: 0 ps  Iteration: 0  Instance: /TIP_EMAMBA_V1_SIM/i_platform/my_emamba_ip/eMamba/MAMBA_1st/Linear_expand_z1/matMult_20/Stage_A[9]/CLA_A File: /home/sanghun/RVX/rvx-tutorials/platform/tip_emamba_v1/user/rtl/src/matMult_20.sv Line: 76
# ** Warning: (vsim-3722) /home/sanghun/RVX/rvx-tutorials/platform/tip_emamba_v1/user/rtl/src/matMult_20.sv(76): [TFMPC] - Missing connection for port 'carryOut'.
# ** Warning: (vsim-2685) [TFMPC] - Too few port connections for 'CLA_B'.  Expected 5, found 4.
#    Time: 0 ps  Iteration: 0  Instance: /TIP_EMAMBA_V1_SIM/i_platform/my_emamba_ip/eMamba/MAMBA_1st/Linear_expand_z1/matMult_20/Stage_B[0]/CLA_B File: /home/sanghun/RVX/rvx-tutorials/platform/tip_emamba_v1/user/rtl/src/matMult_20.sv Line: 86
# ** Warning: (vsim-3015) [PCDPC] - Port size (1) does not match connection size (32) for port 'carryIn'. The port definition is at: /home/sanghun/RVX/rvx-tutorials/platform/tip_emamba_v1/user/rtl/src/CLA_32.sv(26).
#    Time: 0 ps  Iteration: 0  Instance: /TIP_EMAMBA_V1_SIM/i_platform/my_emamba_ip/eMamba/MAMBA_1st/Linear_expand_z1/matMult_20/Stage_B[0]/CLA_B File: /home/sanghun/RVX/rvx-tutorials/platform/tip_emamba_v1/user/rtl/src/matMult_20.sv Line: 86
# ** Warning: (vsim-3722) /home/sanghun/RVX/rvx-tutorials/platform/tip_emamba_v1/user/rtl/src/matMult_20.sv(86): [TFMPC] - Missing connection for port 'carryOut'.
# ** Warning: (vsim-2685) [TFMPC] - Too few port connections for 'CLA_B'.  Expected 5, found 4.
#    Time: 0 ps  Iteration: 0  Instance: /TIP_EMAMBA_V1_SIM/i_platform/my_emamba_ip/eMamba/MAMBA_1st/Linear_expand_z1/matMult_20/Stage_B[1]/CLA_B File: /home/sanghun/RVX/rvx-tutorials/platform/tip_emamba_v1/user/rtl/src/matMult_20.sv Line: 86
# ** Warning: (vsim-3015) [PCDPC] - Port size (1) does not match connection size (32) for port 'carryIn'. The port definition is at: /home/sanghun/RVX/rvx-tutorials/platform/tip_emamba_v1/user/rtl/src/CLA_32.sv(26).
#    Time: 0 ps  Iteration: 0  Instance: /TIP_EMAMBA_V1_SIM/i_platform/my_emamba_ip/eMamba/MAMBA_1st/Linear_expand_z1/matMult_20/Stage_B[1]/CLA_B File: /home/sanghun/RVX/rvx-tutorials/platform/tip_emamba_v1/user/rtl/src/matMult_20.sv Line: 86
# ** Warning: (vsim-3722) /home/sanghun/RVX/rvx-tutorials/platform/tip_emamba_v1/user/rtl/src/matMult_20.sv(86): [TFMPC] - Missing connection for port 'carryOut'.
# ** Warning: (vsim-2685) [TFMPC] - Too few port connections for 'CLA_B'.  Expected 5, found 4.
#    Time: 0 ps  Iteration: 0  Instance: /TIP_EMAMBA_V1_SIM/i_platform/my_emamba_ip/eMamba/MAMBA_1st/Linear_expand_z1/matMult_20/Stage_B[2]/CLA_B File: /home/sanghun/RVX/rvx-tutorials/platform/tip_emamba_v1/user/rtl/src/matMult_20.sv Line: 86
# ** Warning: (vsim-3015) [PCDPC] - Port size (1) does not match connection size (32) for port 'carryIn'. The port definition is at: /home/sanghun/RVX/rvx-tutorials/platform/tip_emamba_v1/user/rtl/src/CLA_32.sv(26).
#    Time: 0 ps  Iteration: 0  Instance: /TIP_EMAMBA_V1_SIM/i_platform/my_emamba_ip/eMamba/MAMBA_1st/Linear_expand_z1/matMult_20/Stage_B[2]/CLA_B File: /home/sanghun/RVX/rvx-tutorials/platform/tip_emamba_v1/user/rtl/src/matMult_20.sv Line: 86
# ** Warning: (vsim-3722) /home/sanghun/RVX/rvx-tutorials/platform/tip_emamba_v1/user/rtl/src/matMult_20.sv(86): [TFMPC] - Missing connection for port 'carryOut'.
# ** Warning: (vsim-2685) [TFMPC] - Too few port connections for 'CLA_B'.  Expected 5, found 4.
#    Time: 0 ps  Iteration: 0  Instance: /TIP_EMAMBA_V1_SIM/i_platform/my_emamba_ip/eMamba/MAMBA_1st/Linear_expand_z1/matMult_20/Stage_B[3]/CLA_B File: /home/sanghun/RVX/rvx-tutorials/platform/tip_emamba_v1/user/rtl/src/matMult_20.sv Line: 86
# ** Warning: (vsim-3015) [PCDPC] - Port size (1) does not match connection size (32) for port 'carryIn'. The port definition is at: /home/sanghun/RVX/rvx-tutorials/platform/tip_emamba_v1/user/rtl/src/CLA_32.sv(26).
#    Time: 0 ps  Iteration: 0  Instance: /TIP_EMAMBA_V1_SIM/i_platform/my_emamba_ip/eMamba/MAMBA_1st/Linear_expand_z1/matMult_20/Stage_B[3]/CLA_B File: /home/sanghun/RVX/rvx-tutorials/platform/tip_emamba_v1/user/rtl/src/matMult_20.sv Line: 86
# ** Warning: (vsim-3722) /home/sanghun/RVX/rvx-tutorials/platform/tip_emamba_v1/user/rtl/src/matMult_20.sv(86): [TFMPC] - Missing connection for port 'carryOut'.
# ** Warning: (vsim-2685) [TFMPC] - Too few port connections for 'CLA_B'.  Expected 5, found 4.
#    Time: 0 ps  Iteration: 0  Instance: /TIP_EMAMBA_V1_SIM/i_platform/my_emamba_ip/eMamba/MAMBA_1st/Linear_expand_z1/matMult_20/Stage_B[4]/CLA_B File: /home/sanghun/RVX/rvx-tutorials/platform/tip_emamba_v1/user/rtl/src/matMult_20.sv Line: 86
# ** Warning: (vsim-3015) [PCDPC] - Port size (1) does not match connection size (32) for port 'carryIn'. The port definition is at: /home/sanghun/RVX/rvx-tutorials/platform/tip_emamba_v1/user/rtl/src/CLA_32.sv(26).
#    Time: 0 ps  Iteration: 0  Instance: /TIP_EMAMBA_V1_SIM/i_platform/my_emamba_ip/eMamba/MAMBA_1st/Linear_expand_z1/matMult_20/Stage_B[4]/CLA_B File: /home/sanghun/RVX/rvx-tutorials/platform/tip_emamba_v1/user/rtl/src/matMult_20.sv Line: 86
# ** Warning: (vsim-3722) /home/sanghun/RVX/rvx-tutorials/platform/tip_emamba_v1/user/rtl/src/matMult_20.sv(86): [TFMPC] - Missing connection for port 'carryOut'.
# ** Warning: (vsim-2685) [TFMPC] - Too few port connections for 'CLA_C0'.  Expected 5, found 4.
#    Time: 0 ps  Iteration: 0  Instance: /TIP_EMAMBA_V1_SIM/i_platform/my_emamba_ip/eMamba/MAMBA_1st/Linear_expand_z1/matMult_20/CLA_C0 File: /home/sanghun/RVX/rvx-tutorials/platform/tip_emamba_v1/user/rtl/src/matMult_20.sv Line: 97
# ** Warning: (vsim-3015) [PCDPC] - Port size (1) does not match connection size (32) for port 'carryIn'. The port definition is at: /home/sanghun/RVX/rvx-tutorials/platform/tip_emamba_v1/user/rtl/src/CLA_32.sv(26).
#    Time: 0 ps  Iteration: 0  Instance: /TIP_EMAMBA_V1_SIM/i_platform/my_emamba_ip/eMamba/MAMBA_1st/Linear_expand_z1/matMult_20/CLA_C0 File: /home/sanghun/RVX/rvx-tutorials/platform/tip_emamba_v1/user/rtl/src/matMult_20.sv Line: 97
# ** Warning: (vsim-3722) /home/sanghun/RVX/rvx-tutorials/platform/tip_emamba_v1/user/rtl/src/matMult_20.sv(97): [TFMPC] - Missing connection for port 'carryOut'.
# ** Warning: (vsim-2685) [TFMPC] - Too few port connections for 'CLA_C1'.  Expected 5, found 4.
#    Time: 0 ps  Iteration: 0  Instance: /TIP_EMAMBA_V1_SIM/i_platform/my_emamba_ip/eMamba/MAMBA_1st/Linear_expand_z1/matMult_20/CLA_C1 File: /home/sanghun/RVX/rvx-tutorials/platform/tip_emamba_v1/user/rtl/src/matMult_20.sv Line: 105
# ** Warning: (vsim-3015) [PCDPC] - Port size (1) does not match connection size (32) for port 'carryIn'. The port definition is at: /home/sanghun/RVX/rvx-tutorials/platform/tip_emamba_v1/user/rtl/src/CLA_32.sv(26).
#    Time: 0 ps  Iteration: 0  Instance: /TIP_EMAMBA_V1_SIM/i_platform/my_emamba_ip/eMamba/MAMBA_1st/Linear_expand_z1/matMult_20/CLA_C1 File: /home/sanghun/RVX/rvx-tutorials/platform/tip_emamba_v1/user/rtl/src/matMult_20.sv Line: 105
# ** Warning: (vsim-3722) /home/sanghun/RVX/rvx-tutorials/platform/tip_emamba_v1/user/rtl/src/matMult_20.sv(105): [TFMPC] - Missing connection for port 'carryOut'.
# ** Warning: (vsim-2685) [TFMPC] - Too few port connections for 'CLA_C2'.  Expected 5, found 4.
#    Time: 0 ps  Iteration: 0  Instance: /TIP_EMAMBA_V1_SIM/i_platform/my_emamba_ip/eMamba/MAMBA_1st/Linear_expand_z1/matMult_20/CLA_C2 File: /home/sanghun/RVX/rvx-tutorials/platform/tip_emamba_v1/user/rtl/src/matMult_20.sv Line: 113
# ** Warning: (vsim-3015) [PCDPC] - Port size (1) does not match connection size (32) for port 'carryIn'. The port definition is at: /home/sanghun/RVX/rvx-tutorials/platform/tip_emamba_v1/user/rtl/src/CLA_32.sv(26).
#    Time: 0 ps  Iteration: 0  Instance: /TIP_EMAMBA_V1_SIM/i_platform/my_emamba_ip/eMamba/MAMBA_1st/Linear_expand_z1/matMult_20/CLA_C2 File: /home/sanghun/RVX/rvx-tutorials/platform/tip_emamba_v1/user/rtl/src/matMult_20.sv Line: 113
# ** Warning: (vsim-3722) /home/sanghun/RVX/rvx-tutorials/platform/tip_emamba_v1/user/rtl/src/matMult_20.sv(113): [TFMPC] - Missing connection for port 'carryOut'.
# ** Warning: (vsim-2685) [TFMPC] - Too few port connections for 'CLA_D'.  Expected 5, found 4.
#    Time: 0 ps  Iteration: 0  Instance: /TIP_EMAMBA_V1_SIM/i_platform/my_emamba_ip/eMamba/MAMBA_1st/Linear_expand_z1/matMult_20/CLA_D File: /home/sanghun/RVX/rvx-tutorials/platform/tip_emamba_v1/user/rtl/src/matMult_20.sv Line: 122
# ** Warning: (vsim-3015) [PCDPC] - Port size (1) does not match connection size (32) for port 'carryIn'. The port definition is at: /home/sanghun/RVX/rvx-tutorials/platform/tip_emamba_v1/user/rtl/src/CLA_32.sv(26).
#    Time: 0 ps  Iteration: 0  Instance: /TIP_EMAMBA_V1_SIM/i_platform/my_emamba_ip/eMamba/MAMBA_1st/Linear_expand_z1/matMult_20/CLA_D File: /home/sanghun/RVX/rvx-tutorials/platform/tip_emamba_v1/user/rtl/src/matMult_20.sv Line: 122
# ** Warning: (vsim-3722) /home/sanghun/RVX/rvx-tutorials/platform/tip_emamba_v1/user/rtl/src/matMult_20.sv(122): [TFMPC] - Missing connection for port 'carryOut'.
# ** Warning: (vsim-2685) [TFMPC] - Too few port connections for 'CLA_E'.  Expected 5, found 4.
#    Time: 0 ps  Iteration: 0  Instance: /TIP_EMAMBA_V1_SIM/i_platform/my_emamba_ip/eMamba/MAMBA_1st/Linear_expand_z1/matMult_20/CLA_E File: /home/sanghun/RVX/rvx-tutorials/platform/tip_emamba_v1/user/rtl/src/matMult_20.sv Line: 131
# ** Warning: (vsim-3015) [PCDPC] - Port size (1) does not match connection size (32) for port 'carryIn'. The port definition is at: /home/sanghun/RVX/rvx-tutorials/platform/tip_emamba_v1/user/rtl/src/CLA_32.sv(26).
#    Time: 0 ps  Iteration: 0  Instance: /TIP_EMAMBA_V1_SIM/i_platform/my_emamba_ip/eMamba/MAMBA_1st/Linear_expand_z1/matMult_20/CLA_E File: /home/sanghun/RVX/rvx-tutorials/platform/tip_emamba_v1/user/rtl/src/matMult_20.sv Line: 131
# ** Warning: (vsim-3722) /home/sanghun/RVX/rvx-tutorials/platform/tip_emamba_v1/user/rtl/src/matMult_20.sv(131): [TFMPC] - Missing connection for port 'carryOut'.
# ** Warning: (vsim-2685) [TFMPC] - Too few port connections for 'CLA_A'.  Expected 5, found 4.
#    Time: 0 ps  Iteration: 0  Instance: /TIP_EMAMBA_V1_SIM/i_platform/my_emamba_ip/eMamba/MAMBA_1st/Convolution1D/matMult_40/Stage_A[0]/CLA_A File: /home/sanghun/RVX/rvx-tutorials/platform/tip_emamba_v1/user/rtl/src/matMult_40.sv Line: 91
# ** Warning: (vsim-3015) [PCDPC] - Port size (1) does not match connection size (32) for port 'carryIn'. The port definition is at: /home/sanghun/RVX/rvx-tutorials/platform/tip_emamba_v1/user/rtl/src/CLA_32.sv(26).
#    Time: 0 ps  Iteration: 0  Instance: /TIP_EMAMBA_V1_SIM/i_platform/my_emamba_ip/eMamba/MAMBA_1st/Convolution1D/matMult_40/Stage_A[0]/CLA_A File: /home/sanghun/RVX/rvx-tutorials/platform/tip_emamba_v1/user/rtl/src/matMult_40.sv Line: 91
# ** Warning: (vsim-3722) /home/sanghun/RVX/rvx-tutorials/platform/tip_emamba_v1/user/rtl/src/matMult_40.sv(91): [TFMPC] - Missing connection for port 'carryOut'.
# ** Warning: (vsim-2685) [TFMPC] - Too few port connections for 'CLA_A'.  Expected 5, found 4.
#    Time: 0 ps  Iteration: 0  Instance: /TIP_EMAMBA_V1_SIM/i_platform/my_emamba_ip/eMamba/MAMBA_1st/Convolution1D/matMult_40/Stage_A[1]/CLA_A File: /home/sanghun/RVX/rvx-tutorials/platform/tip_emamba_v1/user/rtl/src/matMult_40.sv Line: 91
# ** Warning: (vsim-3015) [PCDPC] - Port size (1) does not match connection size (32) for port 'carryIn'. The port definition is at: /home/sanghun/RVX/rvx-tutorials/platform/tip_emamba_v1/user/rtl/src/CLA_32.sv(26).
#    Time: 0 ps  Iteration: 0  Instance: /TIP_EMAMBA_V1_SIM/i_platform/my_emamba_ip/eMamba/MAMBA_1st/Convolution1D/matMult_40/Stage_A[1]/CLA_A File: /home/sanghun/RVX/rvx-tutorials/platform/tip_emamba_v1/user/rtl/src/matMult_40.sv Line: 91
# ** Warning: (vsim-3722) /home/sanghun/RVX/rvx-tutorials/platform/tip_emamba_v1/user/rtl/src/matMult_40.sv(91): [TFMPC] - Missing connection for port 'carryOut'.
# ** Warning: (vsim-2685) [TFMPC] - Too few port connections for 'CLA_A'.  Expected 5, found 4.
#    Time: 0 ps  Iteration: 0  Instance: /TIP_EMAMBA_V1_SIM/i_platform/my_emamba_ip/eMamba/MAMBA_1st/Convolution1D/matMult_40/Stage_A[2]/CLA_A File: /home/sanghun/RVX/rvx-tutorials/platform/tip_emamba_v1/user/rtl/src/matMult_40.sv Line: 91
# ** Warning: (vsim-3015) [PCDPC] - Port size (1) does not match connection size (32) for port 'carryIn'. The port definition is at: /home/sanghun/RVX/rvx-tutorials/platform/tip_emamba_v1/user/rtl/src/CLA_32.sv(26).
#    Time: 0 ps  Iteration: 0  Instance: /TIP_EMAMBA_V1_SIM/i_platform/my_emamba_ip/eMamba/MAMBA_1st/Convolution1D/matMult_40/Stage_A[2]/CLA_A File: /home/sanghun/RVX/rvx-tutorials/platform/tip_emamba_v1/user/rtl/src/matMult_40.sv Line: 91
# ** Warning: (vsim-3722) /home/sanghun/RVX/rvx-tutorials/platform/tip_emamba_v1/user/rtl/src/matMult_40.sv(91): [TFMPC] - Missing connection for port 'carryOut'.
# ** Warning: (vsim-2685) [TFMPC] - Too few port connections for 'CLA_A'.  Expected 5, found 4.
#    Time: 0 ps  Iteration: 0  Instance: /TIP_EMAMBA_V1_SIM/i_platform/my_emamba_ip/eMamba/MAMBA_1st/Convolution1D/matMult_40/Stage_A[3]/CLA_A File: /home/sanghun/RVX/rvx-tutorials/platform/tip_emamba_v1/user/rtl/src/matMult_40.sv Line: 91
# ** Warning: (vsim-3015) [PCDPC] - Port size (1) does not match connection size (32) for port 'carryIn'. The port definition is at: /home/sanghun/RVX/rvx-tutorials/platform/tip_emamba_v1/user/rtl/src/CLA_32.sv(26).
#    Time: 0 ps  Iteration: 0  Instance: /TIP_EMAMBA_V1_SIM/i_platform/my_emamba_ip/eMamba/MAMBA_1st/Convolution1D/matMult_40/Stage_A[3]/CLA_A File: /home/sanghun/RVX/rvx-tutorials/platform/tip_emamba_v1/user/rtl/src/matMult_40.sv Line: 91
# ** Warning: (vsim-3722) /home/sanghun/RVX/rvx-tutorials/platform/tip_emamba_v1/user/rtl/src/matMult_40.sv(91): [TFMPC] - Missing connection for port 'carryOut'.
# ** Warning: (vsim-2685) [TFMPC] - Too few port connections for 'CLA_A'.  Expected 5, found 4.
#    Time: 0 ps  Iteration: 0  Instance: /TIP_EMAMBA_V1_SIM/i_platform/my_emamba_ip/eMamba/MAMBA_1st/Convolution1D/matMult_40/Stage_A[4]/CLA_A File: /home/sanghun/RVX/rvx-tutorials/platform/tip_emamba_v1/user/rtl/src/matMult_40.sv Line: 91
# ** Warning: (vsim-3015) [PCDPC] - Port size (1) does not match connection size (32) for port 'carryIn'. The port definition is at: /home/sanghun/RVX/rvx-tutorials/platform/tip_emamba_v1/user/rtl/src/CLA_32.sv(26).
#    Time: 0 ps  Iteration: 0  Instance: /TIP_EMAMBA_V1_SIM/i_platform/my_emamba_ip/eMamba/MAMBA_1st/Convolution1D/matMult_40/Stage_A[4]/CLA_A File: /home/sanghun/RVX/rvx-tutorials/platform/tip_emamba_v1/user/rtl/src/matMult_40.sv Line: 91
# ** Warning: (vsim-3722) /home/sanghun/RVX/rvx-tutorials/platform/tip_emamba_v1/user/rtl/src/matMult_40.sv(91): [TFMPC] - Missing connection for port 'carryOut'.
# ** Warning: (vsim-2685) [TFMPC] - Too few port connections for 'CLA_A'.  Expected 5, found 4.
#    Time: 0 ps  Iteration: 0  Instance: /TIP_EMAMBA_V1_SIM/i_platform/my_emamba_ip/eMamba/MAMBA_1st/Convolution1D/matMult_40/Stage_A[5]/CLA_A File: /home/sanghun/RVX/rvx-tutorials/platform/tip_emamba_v1/user/rtl/src/matMult_40.sv Line: 91
# ** Warning: (vsim-3015) [PCDPC] - Port size (1) does not match connection size (32) for port 'carryIn'. The port definition is at: /home/sanghun/RVX/rvx-tutorials/platform/tip_emamba_v1/user/rtl/src/CLA_32.sv(26).
#    Time: 0 ps  Iteration: 0  Instance: /TIP_EMAMBA_V1_SIM/i_platform/my_emamba_ip/eMamba/MAMBA_1st/Convolution1D/matMult_40/Stage_A[5]/CLA_A File: /home/sanghun/RVX/rvx-tutorials/platform/tip_emamba_v1/user/rtl/src/matMult_40.sv Line: 91
# ** Warning: (vsim-3722) /home/sanghun/RVX/rvx-tutorials/platform/tip_emamba_v1/user/rtl/src/matMult_40.sv(91): [TFMPC] - Missing connection for port 'carryOut'.
# ** Warning: (vsim-2685) [TFMPC] - Too few port connections for 'CLA_A'.  Expected 5, found 4.
#    Time: 0 ps  Iteration: 0  Instance: /TIP_EMAMBA_V1_SIM/i_platform/my_emamba_ip/eMamba/MAMBA_1st/Convolution1D/matMult_40/Stage_A[6]/CLA_A File: /home/sanghun/RVX/rvx-tutorials/platform/tip_emamba_v1/user/rtl/src/matMult_40.sv Line: 91
# ** Warning: (vsim-3015) [PCDPC] - Port size (1) does not match connection size (32) for port 'carryIn'. The port definition is at: /home/sanghun/RVX/rvx-tutorials/platform/tip_emamba_v1/user/rtl/src/CLA_32.sv(26).
#    Time: 0 ps  Iteration: 0  Instance: /TIP_EMAMBA_V1_SIM/i_platform/my_emamba_ip/eMamba/MAMBA_1st/Convolution1D/matMult_40/Stage_A[6]/CLA_A File: /home/sanghun/RVX/rvx-tutorials/platform/tip_emamba_v1/user/rtl/src/matMult_40.sv Line: 91
# ** Warning: (vsim-3722) /home/sanghun/RVX/rvx-tutorials/platform/tip_emamba_v1/user/rtl/src/matMult_40.sv(91): [TFMPC] - Missing connection for port 'carryOut'.
# ** Warning: (vsim-2685) [TFMPC] - Too few port connections for 'CLA_A'.  Expected 5, found 4.
#    Time: 0 ps  Iteration: 0  Instance: /TIP_EMAMBA_V1_SIM/i_platform/my_emamba_ip/eMamba/MAMBA_1st/Convolution1D/matMult_40/Stage_A[7]/CLA_A File: /home/sanghun/RVX/rvx-tutorials/platform/tip_emamba_v1/user/rtl/src/matMult_40.sv Line: 91
# ** Warning: (vsim-3015) [PCDPC] - Port size (1) does not match connection size (32) for port 'carryIn'. The port definition is at: /home/sanghun/RVX/rvx-tutorials/platform/tip_emamba_v1/user/rtl/src/CLA_32.sv(26).
#    Time: 0 ps  Iteration: 0  Instance: /TIP_EMAMBA_V1_SIM/i_platform/my_emamba_ip/eMamba/MAMBA_1st/Convolution1D/matMult_40/Stage_A[7]/CLA_A File: /home/sanghun/RVX/rvx-tutorials/platform/tip_emamba_v1/user/rtl/src/matMult_40.sv Line: 91
# ** Warning: (vsim-3722) /home/sanghun/RVX/rvx-tutorials/platform/tip_emamba_v1/user/rtl/src/matMult_40.sv(91): [TFMPC] - Missing connection for port 'carryOut'.
# ** Warning: (vsim-2685) [TFMPC] - Too few port connections for 'CLA_A'.  Expected 5, found 4.
#    Time: 0 ps  Iteration: 0  Instance: /TIP_EMAMBA_V1_SIM/i_platform/my_emamba_ip/eMamba/MAMBA_1st/Convolution1D/matMult_40/Stage_A[8]/CLA_A File: /home/sanghun/RVX/rvx-tutorials/platform/tip_emamba_v1/user/rtl/src/matMult_40.sv Line: 91
# ** Warning: (vsim-3015) [PCDPC] - Port size (1) does not match connection size (32) for port 'carryIn'. The port definition is at: /home/sanghun/RVX/rvx-tutorials/platform/tip_emamba_v1/user/rtl/src/CLA_32.sv(26).
#    Time: 0 ps  Iteration: 0  Instance: /TIP_EMAMBA_V1_SIM/i_platform/my_emamba_ip/eMamba/MAMBA_1st/Convolution1D/matMult_40/Stage_A[8]/CLA_A File: /home/sanghun/RVX/rvx-tutorials/platform/tip_emamba_v1/user/rtl/src/matMult_40.sv Line: 91
# ** Warning: (vsim-3722) /home/sanghun/RVX/rvx-tutorials/platform/tip_emamba_v1/user/rtl/src/matMult_40.sv(91): [TFMPC] - Missing connection for port 'carryOut'.
# ** Warning: (vsim-2685) [TFMPC] - Too few port connections for 'CLA_A'.  Expected 5, found 4.
#    Time: 0 ps  Iteration: 0  Instance: /TIP_EMAMBA_V1_SIM/i_platform/my_emamba_ip/eMamba/MAMBA_1st/Convolution1D/matMult_40/Stage_A[9]/CLA_A File: /home/sanghun/RVX/rvx-tutorials/platform/tip_emamba_v1/user/rtl/src/matMult_40.sv Line: 91
# ** Warning: (vsim-3015) [PCDPC] - Port size (1) does not match connection size (32) for port 'carryIn'. The port definition is at: /home/sanghun/RVX/rvx-tutorials/platform/tip_emamba_v1/user/rtl/src/CLA_32.sv(26).
#    Time: 0 ps  Iteration: 0  Instance: /TIP_EMAMBA_V1_SIM/i_platform/my_emamba_ip/eMamba/MAMBA_1st/Convolution1D/matMult_40/Stage_A[9]/CLA_A File: /home/sanghun/RVX/rvx-tutorials/platform/tip_emamba_v1/user/rtl/src/matMult_40.sv Line: 91
# ** Warning: (vsim-3722) /home/sanghun/RVX/rvx-tutorials/platform/tip_emamba_v1/user/rtl/src/matMult_40.sv(91): [TFMPC] - Missing connection for port 'carryOut'.
# ** Warning: (vsim-2685) [TFMPC] - Too few port connections for 'CLA_A'.  Expected 5, found 4.
#    Time: 0 ps  Iteration: 0  Instance: /TIP_EMAMBA_V1_SIM/i_platform/my_emamba_ip/eMamba/MAMBA_1st/Convolution1D/matMult_40/Stage_A[10]/CLA_A File: /home/sanghun/RVX/rvx-tutorials/platform/tip_emamba_v1/user/rtl/src/matMult_40.sv Line: 91
# ** Warning: (vsim-3015) [PCDPC] - Port size (1) does not match connection size (32) for port 'carryIn'. The port definition is at: /home/sanghun/RVX/rvx-tutorials/platform/tip_emamba_v1/user/rtl/src/CLA_32.sv(26).
#    Time: 0 ps  Iteration: 0  Instance: /TIP_EMAMBA_V1_SIM/i_platform/my_emamba_ip/eMamba/MAMBA_1st/Convolution1D/matMult_40/Stage_A[10]/CLA_A File: /home/sanghun/RVX/rvx-tutorials/platform/tip_emamba_v1/user/rtl/src/matMult_40.sv Line: 91
# ** Warning: (vsim-3722) /home/sanghun/RVX/rvx-tutorials/platform/tip_emamba_v1/user/rtl/src/matMult_40.sv(91): [TFMPC] - Missing connection for port 'carryOut'.
# ** Warning: (vsim-2685) [TFMPC] - Too few port connections for 'CLA_A'.  Expected 5, found 4.
#    Time: 0 ps  Iteration: 0  Instance: /TIP_EMAMBA_V1_SIM/i_platform/my_emamba_ip/eMamba/MAMBA_1st/Convolution1D/matMult_40/Stage_A[11]/CLA_A File: /home/sanghun/RVX/rvx-tutorials/platform/tip_emamba_v1/user/rtl/src/matMult_40.sv Line: 91
# ** Warning: (vsim-3015) [PCDPC] - Port size (1) does not match connection size (32) for port 'carryIn'. The port definition is at: /home/sanghun/RVX/rvx-tutorials/platform/tip_emamba_v1/user/rtl/src/CLA_32.sv(26).
#    Time: 0 ps  Iteration: 0  Instance: /TIP_EMAMBA_V1_SIM/i_platform/my_emamba_ip/eMamba/MAMBA_1st/Convolution1D/matMult_40/Stage_A[11]/CLA_A File: /home/sanghun/RVX/rvx-tutorials/platform/tip_emamba_v1/user/rtl/src/matMult_40.sv Line: 91
# ** Warning: (vsim-3722) /home/sanghun/RVX/rvx-tutorials/platform/tip_emamba_v1/user/rtl/src/matMult_40.sv(91): [TFMPC] - Missing connection for port 'carryOut'.
# ** Warning: (vsim-2685) [TFMPC] - Too few port connections for 'CLA_A'.  Expected 5, found 4.
#    Time: 0 ps  Iteration: 0  Instance: /TIP_EMAMBA_V1_SIM/i_platform/my_emamba_ip/eMamba/MAMBA_1st/Convolution1D/matMult_40/Stage_A[12]/CLA_A File: /home/sanghun/RVX/rvx-tutorials/platform/tip_emamba_v1/user/rtl/src/matMult_40.sv Line: 91
# ** Warning: (vsim-3015) [PCDPC] - Port size (1) does not match connection size (32) for port 'carryIn'. The port definition is at: /home/sanghun/RVX/rvx-tutorials/platform/tip_emamba_v1/user/rtl/src/CLA_32.sv(26).
#    Time: 0 ps  Iteration: 0  Instance: /TIP_EMAMBA_V1_SIM/i_platform/my_emamba_ip/eMamba/MAMBA_1st/Convolution1D/matMult_40/Stage_A[12]/CLA_A File: /home/sanghun/RVX/rvx-tutorials/platform/tip_emamba_v1/user/rtl/src/matMult_40.sv Line: 91
# ** Warning: (vsim-3722) /home/sanghun/RVX/rvx-tutorials/platform/tip_emamba_v1/user/rtl/src/matMult_40.sv(91): [TFMPC] - Missing connection for port 'carryOut'.
# ** Warning: (vsim-2685) [TFMPC] - Too few port connections for 'CLA_A'.  Expected 5, found 4.
#    Time: 0 ps  Iteration: 0  Instance: /TIP_EMAMBA_V1_SIM/i_platform/my_emamba_ip/eMamba/MAMBA_1st/Convolution1D/matMult_40/Stage_A[13]/CLA_A File: /home/sanghun/RVX/rvx-tutorials/platform/tip_emamba_v1/user/rtl/src/matMult_40.sv Line: 91
# ** Warning: (vsim-3015) [PCDPC] - Port size (1) does not match connection size (32) for port 'carryIn'. The port definition is at: /home/sanghun/RVX/rvx-tutorials/platform/tip_emamba_v1/user/rtl/src/CLA_32.sv(26).
#    Time: 0 ps  Iteration: 0  Instance: /TIP_EMAMBA_V1_SIM/i_platform/my_emamba_ip/eMamba/MAMBA_1st/Convolution1D/matMult_40/Stage_A[13]/CLA_A File: /home/sanghun/RVX/rvx-tutorials/platform/tip_emamba_v1/user/rtl/src/matMult_40.sv Line: 91
# ** Warning: (vsim-3722) /home/sanghun/RVX/rvx-tutorials/platform/tip_emamba_v1/user/rtl/src/matMult_40.sv(91): [TFMPC] - Missing connection for port 'carryOut'.
# ** Warning: (vsim-2685) [TFMPC] - Too few port connections for 'CLA_A'.  Expected 5, found 4.
#    Time: 0 ps  Iteration: 0  Instance: /TIP_EMAMBA_V1_SIM/i_platform/my_emamba_ip/eMamba/MAMBA_1st/Convolution1D/matMult_40/Stage_A[14]/CLA_A File: /home/sanghun/RVX/rvx-tutorials/platform/tip_emamba_v1/user/rtl/src/matMult_40.sv Line: 91
# ** Warning: (vsim-3015) [PCDPC] - Port size (1) does not match connection size (32) for port 'carryIn'. The port definition is at: /home/sanghun/RVX/rvx-tutorials/platform/tip_emamba_v1/user/rtl/src/CLA_32.sv(26).
#    Time: 0 ps  Iteration: 0  Instance: /TIP_EMAMBA_V1_SIM/i_platform/my_emamba_ip/eMamba/MAMBA_1st/Convolution1D/matMult_40/Stage_A[14]/CLA_A File: /home/sanghun/RVX/rvx-tutorials/platform/tip_emamba_v1/user/rtl/src/matMult_40.sv Line: 91
# ** Warning: (vsim-3722) /home/sanghun/RVX/rvx-tutorials/platform/tip_emamba_v1/user/rtl/src/matMult_40.sv(91): [TFMPC] - Missing connection for port 'carryOut'.
# ** Warning: (vsim-2685) [TFMPC] - Too few port connections for 'CLA_A'.  Expected 5, found 4.
#    Time: 0 ps  Iteration: 0  Instance: /TIP_EMAMBA_V1_SIM/i_platform/my_emamba_ip/eMamba/MAMBA_1st/Convolution1D/matMult_40/Stage_A[15]/CLA_A File: /home/sanghun/RVX/rvx-tutorials/platform/tip_emamba_v1/user/rtl/src/matMult_40.sv Line: 91
# ** Warning: (vsim-3015) [PCDPC] - Port size (1) does not match connection size (32) for port 'carryIn'. The port definition is at: /home/sanghun/RVX/rvx-tutorials/platform/tip_emamba_v1/user/rtl/src/CLA_32.sv(26).
#    Time: 0 ps  Iteration: 0  Instance: /TIP_EMAMBA_V1_SIM/i_platform/my_emamba_ip/eMamba/MAMBA_1st/Convolution1D/matMult_40/Stage_A[15]/CLA_A File: /home/sanghun/RVX/rvx-tutorials/platform/tip_emamba_v1/user/rtl/src/matMult_40.sv Line: 91
# ** Warning: (vsim-3722) /home/sanghun/RVX/rvx-tutorials/platform/tip_emamba_v1/user/rtl/src/matMult_40.sv(91): [TFMPC] - Missing connection for port 'carryOut'.
# ** Warning: (vsim-2685) [TFMPC] - Too few port connections for 'CLA_A'.  Expected 5, found 4.
#    Time: 0 ps  Iteration: 0  Instance: /TIP_EMAMBA_V1_SIM/i_platform/my_emamba_ip/eMamba/MAMBA_1st/Convolution1D/matMult_40/Stage_A[16]/CLA_A File: /home/sanghun/RVX/rvx-tutorials/platform/tip_emamba_v1/user/rtl/src/matMult_40.sv Line: 91
# ** Warning: (vsim-3015) [PCDPC] - Port size (1) does not match connection size (32) for port 'carryIn'. The port definition is at: /home/sanghun/RVX/rvx-tutorials/platform/tip_emamba_v1/user/rtl/src/CLA_32.sv(26).
#    Time: 0 ps  Iteration: 0  Instance: /TIP_EMAMBA_V1_SIM/i_platform/my_emamba_ip/eMamba/MAMBA_1st/Convolution1D/matMult_40/Stage_A[16]/CLA_A File: /home/sanghun/RVX/rvx-tutorials/platform/tip_emamba_v1/user/rtl/src/matMult_40.sv Line: 91
# ** Warning: (vsim-3722) /home/sanghun/RVX/rvx-tutorials/platform/tip_emamba_v1/user/rtl/src/matMult_40.sv(91): [TFMPC] - Missing connection for port 'carryOut'.
# ** Warning: (vsim-2685) [TFMPC] - Too few port connections for 'CLA_A'.  Expected 5, found 4.
#    Time: 0 ps  Iteration: 0  Instance: /TIP_EMAMBA_V1_SIM/i_platform/my_emamba_ip/eMamba/MAMBA_1st/Convolution1D/matMult_40/Stage_A[17]/CLA_A File: /home/sanghun/RVX/rvx-tutorials/platform/tip_emamba_v1/user/rtl/src/matMult_40.sv Line: 91
# ** Warning: (vsim-3015) [PCDPC] - Port size (1) does not match connection size (32) for port 'carryIn'. The port definition is at: /home/sanghun/RVX/rvx-tutorials/platform/tip_emamba_v1/user/rtl/src/CLA_32.sv(26).
#    Time: 0 ps  Iteration: 0  Instance: /TIP_EMAMBA_V1_SIM/i_platform/my_emamba_ip/eMamba/MAMBA_1st/Convolution1D/matMult_40/Stage_A[17]/CLA_A File: /home/sanghun/RVX/rvx-tutorials/platform/tip_emamba_v1/user/rtl/src/matMult_40.sv Line: 91
# ** Warning: (vsim-3722) /home/sanghun/RVX/rvx-tutorials/platform/tip_emamba_v1/user/rtl/src/matMult_40.sv(91): [TFMPC] - Missing connection for port 'carryOut'.
# ** Warning: (vsim-2685) [TFMPC] - Too few port connections for 'CLA_A'.  Expected 5, found 4.
#    Time: 0 ps  Iteration: 0  Instance: /TIP_EMAMBA_V1_SIM/i_platform/my_emamba_ip/eMamba/MAMBA_1st/Convolution1D/matMult_40/Stage_A[18]/CLA_A File: /home/sanghun/RVX/rvx-tutorials/platform/tip_emamba_v1/user/rtl/src/matMult_40.sv Line: 91
# ** Warning: (vsim-3015) [PCDPC] - Port size (1) does not match connection size (32) for port 'carryIn'. The port definition is at: /home/sanghun/RVX/rvx-tutorials/platform/tip_emamba_v1/user/rtl/src/CLA_32.sv(26).
#    Time: 0 ps  Iteration: 0  Instance: /TIP_EMAMBA_V1_SIM/i_platform/my_emamba_ip/eMamba/MAMBA_1st/Convolution1D/matMult_40/Stage_A[18]/CLA_A File: /home/sanghun/RVX/rvx-tutorials/platform/tip_emamba_v1/user/rtl/src/matMult_40.sv Line: 91
# ** Warning: (vsim-3722) /home/sanghun/RVX/rvx-tutorials/platform/tip_emamba_v1/user/rtl/src/matMult_40.sv(91): [TFMPC] - Missing connection for port 'carryOut'.
# ** Warning: (vsim-2685) [TFMPC] - Too few port connections for 'CLA_A'.  Expected 5, found 4.
#    Time: 0 ps  Iteration: 0  Instance: /TIP_EMAMBA_V1_SIM/i_platform/my_emamba_ip/eMamba/MAMBA_1st/Convolution1D/matMult_40/Stage_A[19]/CLA_A File: /home/sanghun/RVX/rvx-tutorials/platform/tip_emamba_v1/user/rtl/src/matMult_40.sv Line: 91
# ** Warning: (vsim-3015) [PCDPC] - Port size (1) does not match connection size (32) for port 'carryIn'. The port definition is at: /home/sanghun/RVX/rvx-tutorials/platform/tip_emamba_v1/user/rtl/src/CLA_32.sv(26).
#    Time: 0 ps  Iteration: 0  Instance: /TIP_EMAMBA_V1_SIM/i_platform/my_emamba_ip/eMamba/MAMBA_1st/Convolution1D/matMult_40/Stage_A[19]/CLA_A File: /home/sanghun/RVX/rvx-tutorials/platform/tip_emamba_v1/user/rtl/src/matMult_40.sv Line: 91
# ** Warning: (vsim-3722) /home/sanghun/RVX/rvx-tutorials/platform/tip_emamba_v1/user/rtl/src/matMult_40.sv(91): [TFMPC] - Missing connection for port 'carryOut'.
# ** Warning: (vsim-2685) [TFMPC] - Too few port connections for 'CLA_B'.  Expected 5, found 4.
#    Time: 0 ps  Iteration: 0  Instance: /TIP_EMAMBA_V1_SIM/i_platform/my_emamba_ip/eMamba/MAMBA_1st/Convolution1D/matMult_40/Stage_B[0]/CLA_B File: /home/sanghun/RVX/rvx-tutorials/platform/tip_emamba_v1/user/rtl/src/matMult_40.sv Line: 101
# ** Warning: (vsim-3015) [PCDPC] - Port size (1) does not match connection size (32) for port 'carryIn'. The port definition is at: /home/sanghun/RVX/rvx-tutorials/platform/tip_emamba_v1/user/rtl/src/CLA_32.sv(26).
#    Time: 0 ps  Iteration: 0  Instance: /TIP_EMAMBA_V1_SIM/i_platform/my_emamba_ip/eMamba/MAMBA_1st/Convolution1D/matMult_40/Stage_B[0]/CLA_B File: /home/sanghun/RVX/rvx-tutorials/platform/tip_emamba_v1/user/rtl/src/matMult_40.sv Line: 101
# ** Warning: (vsim-3722) /home/sanghun/RVX/rvx-tutorials/platform/tip_emamba_v1/user/rtl/src/matMult_40.sv(101): [TFMPC] - Missing connection for port 'carryOut'.
# ** Warning: (vsim-2685) [TFMPC] - Too few port connections for 'CLA_B'.  Expected 5, found 4.
#    Time: 0 ps  Iteration: 0  Instance: /TIP_EMAMBA_V1_SIM/i_platform/my_emamba_ip/eMamba/MAMBA_1st/Convolution1D/matMult_40/Stage_B[1]/CLA_B File: /home/sanghun/RVX/rvx-tutorials/platform/tip_emamba_v1/user/rtl/src/matMult_40.sv Line: 101
# ** Warning: (vsim-3015) [PCDPC] - Port size (1) does not match connection size (32) for port 'carryIn'. The port definition is at: /home/sanghun/RVX/rvx-tutorials/platform/tip_emamba_v1/user/rtl/src/CLA_32.sv(26).
#    Time: 0 ps  Iteration: 0  Instance: /TIP_EMAMBA_V1_SIM/i_platform/my_emamba_ip/eMamba/MAMBA_1st/Convolution1D/matMult_40/Stage_B[1]/CLA_B File: /home/sanghun/RVX/rvx-tutorials/platform/tip_emamba_v1/user/rtl/src/matMult_40.sv Line: 101
# ** Warning: (vsim-3722) /home/sanghun/RVX/rvx-tutorials/platform/tip_emamba_v1/user/rtl/src/matMult_40.sv(101): [TFMPC] - Missing connection for port 'carryOut'.
# ** Warning: (vsim-2685) [TFMPC] - Too few port connections for 'CLA_B'.  Expected 5, found 4.
#    Time: 0 ps  Iteration: 0  Instance: /TIP_EMAMBA_V1_SIM/i_platform/my_emamba_ip/eMamba/MAMBA_1st/Convolution1D/matMult_40/Stage_B[2]/CLA_B File: /home/sanghun/RVX/rvx-tutorials/platform/tip_emamba_v1/user/rtl/src/matMult_40.sv Line: 101
# ** Warning: (vsim-3015) [PCDPC] - Port size (1) does not match connection size (32) for port 'carryIn'. The port definition is at: /home/sanghun/RVX/rvx-tutorials/platform/tip_emamba_v1/user/rtl/src/CLA_32.sv(26).
#    Time: 0 ps  Iteration: 0  Instance: /TIP_EMAMBA_V1_SIM/i_platform/my_emamba_ip/eMamba/MAMBA_1st/Convolution1D/matMult_40/Stage_B[2]/CLA_B File: /home/sanghun/RVX/rvx-tutorials/platform/tip_emamba_v1/user/rtl/src/matMult_40.sv Line: 101
# ** Warning: (vsim-3722) /home/sanghun/RVX/rvx-tutorials/platform/tip_emamba_v1/user/rtl/src/matMult_40.sv(101): [TFMPC] - Missing connection for port 'carryOut'.
# ** Warning: (vsim-2685) [TFMPC] - Too few port connections for 'CLA_B'.  Expected 5, found 4.
#    Time: 0 ps  Iteration: 0  Instance: /TIP_EMAMBA_V1_SIM/i_platform/my_emamba_ip/eMamba/MAMBA_1st/Convolution1D/matMult_40/Stage_B[3]/CLA_B File: /home/sanghun/RVX/rvx-tutorials/platform/tip_emamba_v1/user/rtl/src/matMult_40.sv Line: 101
# ** Warning: (vsim-3015) [PCDPC] - Port size (1) does not match connection size (32) for port 'carryIn'. The port definition is at: /home/sanghun/RVX/rvx-tutorials/platform/tip_emamba_v1/user/rtl/src/CLA_32.sv(26).
#    Time: 0 ps  Iteration: 0  Instance: /TIP_EMAMBA_V1_SIM/i_platform/my_emamba_ip/eMamba/MAMBA_1st/Convolution1D/matMult_40/Stage_B[3]/CLA_B File: /home/sanghun/RVX/rvx-tutorials/platform/tip_emamba_v1/user/rtl/src/matMult_40.sv Line: 101
# ** Warning: (vsim-3722) /home/sanghun/RVX/rvx-tutorials/platform/tip_emamba_v1/user/rtl/src/matMult_40.sv(101): [TFMPC] - Missing connection for port 'carryOut'.
# ** Warning: (vsim-2685) [TFMPC] - Too few port connections for 'CLA_B'.  Expected 5, found 4.
#    Time: 0 ps  Iteration: 0  Instance: /TIP_EMAMBA_V1_SIM/i_platform/my_emamba_ip/eMamba/MAMBA_1st/Convolution1D/matMult_40/Stage_B[4]/CLA_B File: /home/sanghun/RVX/rvx-tutorials/platform/tip_emamba_v1/user/rtl/src/matMult_40.sv Line: 101
# ** Warning: (vsim-3015) [PCDPC] - Port size (1) does not match connection size (32) for port 'carryIn'. The port definition is at: /home/sanghun/RVX/rvx-tutorials/platform/tip_emamba_v1/user/rtl/src/CLA_32.sv(26).
#    Time: 0 ps  Iteration: 0  Instance: /TIP_EMAMBA_V1_SIM/i_platform/my_emamba_ip/eMamba/MAMBA_1st/Convolution1D/matMult_40/Stage_B[4]/CLA_B File: /home/sanghun/RVX/rvx-tutorials/platform/tip_emamba_v1/user/rtl/src/matMult_40.sv Line: 101
# ** Warning: (vsim-3722) /home/sanghun/RVX/rvx-tutorials/platform/tip_emamba_v1/user/rtl/src/matMult_40.sv(101): [TFMPC] - Missing connection for port 'carryOut'.
# ** Warning: (vsim-2685) [TFMPC] - Too few port connections for 'CLA_B'.  Expected 5, found 4.
#    Time: 0 ps  Iteration: 0  Instance: /TIP_EMAMBA_V1_SIM/i_platform/my_emamba_ip/eMamba/MAMBA_1st/Convolution1D/matMult_40/Stage_B[5]/CLA_B File: /home/sanghun/RVX/rvx-tutorials/platform/tip_emamba_v1/user/rtl/src/matMult_40.sv Line: 101
# ** Warning: (vsim-3015) [PCDPC] - Port size (1) does not match connection size (32) for port 'carryIn'. The port definition is at: /home/sanghun/RVX/rvx-tutorials/platform/tip_emamba_v1/user/rtl/src/CLA_32.sv(26).
#    Time: 0 ps  Iteration: 0  Instance: /TIP_EMAMBA_V1_SIM/i_platform/my_emamba_ip/eMamba/MAMBA_1st/Convolution1D/matMult_40/Stage_B[5]/CLA_B File: /home/sanghun/RVX/rvx-tutorials/platform/tip_emamba_v1/user/rtl/src/matMult_40.sv Line: 101
# ** Warning: (vsim-3722) /home/sanghun/RVX/rvx-tutorials/platform/tip_emamba_v1/user/rtl/src/matMult_40.sv(101): [TFMPC] - Missing connection for port 'carryOut'.
# ** Warning: (vsim-2685) [TFMPC] - Too few port connections for 'CLA_B'.  Expected 5, found 4.
#    Time: 0 ps  Iteration: 0  Instance: /TIP_EMAMBA_V1_SIM/i_platform/my_emamba_ip/eMamba/MAMBA_1st/Convolution1D/matMult_40/Stage_B[6]/CLA_B File: /home/sanghun/RVX/rvx-tutorials/platform/tip_emamba_v1/user/rtl/src/matMult_40.sv Line: 101
# ** Warning: (vsim-3015) [PCDPC] - Port size (1) does not match connection size (32) for port 'carryIn'. The port definition is at: /home/sanghun/RVX/rvx-tutorials/platform/tip_emamba_v1/user/rtl/src/CLA_32.sv(26).
#    Time: 0 ps  Iteration: 0  Instance: /TIP_EMAMBA_V1_SIM/i_platform/my_emamba_ip/eMamba/MAMBA_1st/Convolution1D/matMult_40/Stage_B[6]/CLA_B File: /home/sanghun/RVX/rvx-tutorials/platform/tip_emamba_v1/user/rtl/src/matMult_40.sv Line: 101
# ** Warning: (vsim-3722) /home/sanghun/RVX/rvx-tutorials/platform/tip_emamba_v1/user/rtl/src/matMult_40.sv(101): [TFMPC] - Missing connection for port 'carryOut'.
# ** Warning: (vsim-2685) [TFMPC] - Too few port connections for 'CLA_B'.  Expected 5, found 4.
#    Time: 0 ps  Iteration: 0  Instance: /TIP_EMAMBA_V1_SIM/i_platform/my_emamba_ip/eMamba/MAMBA_1st/Convolution1D/matMult_40/Stage_B[7]/CLA_B File: /home/sanghun/RVX/rvx-tutorials/platform/tip_emamba_v1/user/rtl/src/matMult_40.sv Line: 101
# ** Warning: (vsim-3015) [PCDPC] - Port size (1) does not match connection size (32) for port 'carryIn'. The port definition is at: /home/sanghun/RVX/rvx-tutorials/platform/tip_emamba_v1/user/rtl/src/CLA_32.sv(26).
#    Time: 0 ps  Iteration: 0  Instance: /TIP_EMAMBA_V1_SIM/i_platform/my_emamba_ip/eMamba/MAMBA_1st/Convolution1D/matMult_40/Stage_B[7]/CLA_B File: /home/sanghun/RVX/rvx-tutorials/platform/tip_emamba_v1/user/rtl/src/matMult_40.sv Line: 101
# ** Warning: (vsim-3722) /home/sanghun/RVX/rvx-tutorials/platform/tip_emamba_v1/user/rtl/src/matMult_40.sv(101): [TFMPC] - Missing connection for port 'carryOut'.
# ** Warning: (vsim-2685) [TFMPC] - Too few port connections for 'CLA_B'.  Expected 5, found 4.
#    Time: 0 ps  Iteration: 0  Instance: /TIP_EMAMBA_V1_SIM/i_platform/my_emamba_ip/eMamba/MAMBA_1st/Convolution1D/matMult_40/Stage_B[8]/CLA_B File: /home/sanghun/RVX/rvx-tutorials/platform/tip_emamba_v1/user/rtl/src/matMult_40.sv Line: 101
# ** Warning: (vsim-3015) [PCDPC] - Port size (1) does not match connection size (32) for port 'carryIn'. The port definition is at: /home/sanghun/RVX/rvx-tutorials/platform/tip_emamba_v1/user/rtl/src/CLA_32.sv(26).
#    Time: 0 ps  Iteration: 0  Instance: /TIP_EMAMBA_V1_SIM/i_platform/my_emamba_ip/eMamba/MAMBA_1st/Convolution1D/matMult_40/Stage_B[8]/CLA_B File: /home/sanghun/RVX/rvx-tutorials/platform/tip_emamba_v1/user/rtl/src/matMult_40.sv Line: 101
# ** Warning: (vsim-3722) /home/sanghun/RVX/rvx-tutorials/platform/tip_emamba_v1/user/rtl/src/matMult_40.sv(101): [TFMPC] - Missing connection for port 'carryOut'.
# ** Warning: (vsim-2685) [TFMPC] - Too few port connections for 'CLA_B'.  Expected 5, found 4.
#    Time: 0 ps  Iteration: 0  Instance: /TIP_EMAMBA_V1_SIM/i_platform/my_emamba_ip/eMamba/MAMBA_1st/Convolution1D/matMult_40/Stage_B[9]/CLA_B File: /home/sanghun/RVX/rvx-tutorials/platform/tip_emamba_v1/user/rtl/src/matMult_40.sv Line: 101
# ** Warning: (vsim-3015) [PCDPC] - Port size (1) does not match connection size (32) for port 'carryIn'. The port definition is at: /home/sanghun/RVX/rvx-tutorials/platform/tip_emamba_v1/user/rtl/src/CLA_32.sv(26).
#    Time: 0 ps  Iteration: 0  Instance: /TIP_EMAMBA_V1_SIM/i_platform/my_emamba_ip/eMamba/MAMBA_1st/Convolution1D/matMult_40/Stage_B[9]/CLA_B File: /home/sanghun/RVX/rvx-tutorials/platform/tip_emamba_v1/user/rtl/src/matMult_40.sv Line: 101
# ** Warning: (vsim-3722) /home/sanghun/RVX/rvx-tutorials/platform/tip_emamba_v1/user/rtl/src/matMult_40.sv(101): [TFMPC] - Missing connection for port 'carryOut'.
# ** Warning: (vsim-2685) [TFMPC] - Too few port connections for 'CLA_C'.  Expected 5, found 4.
#    Time: 0 ps  Iteration: 0  Instance: /TIP_EMAMBA_V1_SIM/i_platform/my_emamba_ip/eMamba/MAMBA_1st/Convolution1D/matMult_40/Stage_C[0]/CLA_C File: /home/sanghun/RVX/rvx-tutorials/platform/tip_emamba_v1/user/rtl/src/matMult_40.sv Line: 111
# ** Warning: (vsim-3015) [PCDPC] - Port size (1) does not match connection size (32) for port 'carryIn'. The port definition is at: /home/sanghun/RVX/rvx-tutorials/platform/tip_emamba_v1/user/rtl/src/CLA_32.sv(26).
#    Time: 0 ps  Iteration: 0  Instance: /TIP_EMAMBA_V1_SIM/i_platform/my_emamba_ip/eMamba/MAMBA_1st/Convolution1D/matMult_40/Stage_C[0]/CLA_C File: /home/sanghun/RVX/rvx-tutorials/platform/tip_emamba_v1/user/rtl/src/matMult_40.sv Line: 111
# ** Warning: (vsim-3722) /home/sanghun/RVX/rvx-tutorials/platform/tip_emamba_v1/user/rtl/src/matMult_40.sv(111): [TFMPC] - Missing connection for port 'carryOut'.
# ** Warning: (vsim-2685) [TFMPC] - Too few port connections for 'CLA_C'.  Expected 5, found 4.
#    Time: 0 ps  Iteration: 0  Instance: /TIP_EMAMBA_V1_SIM/i_platform/my_emamba_ip/eMamba/MAMBA_1st/Convolution1D/matMult_40/Stage_C[1]/CLA_C File: /home/sanghun/RVX/rvx-tutorials/platform/tip_emamba_v1/user/rtl/src/matMult_40.sv Line: 111
# ** Warning: (vsim-3015) [PCDPC] - Port size (1) does not match connection size (32) for port 'carryIn'. The port definition is at: /home/sanghun/RVX/rvx-tutorials/platform/tip_emamba_v1/user/rtl/src/CLA_32.sv(26).
#    Time: 0 ps  Iteration: 0  Instance: /TIP_EMAMBA_V1_SIM/i_platform/my_emamba_ip/eMamba/MAMBA_1st/Convolution1D/matMult_40/Stage_C[1]/CLA_C File: /home/sanghun/RVX/rvx-tutorials/platform/tip_emamba_v1/user/rtl/src/matMult_40.sv Line: 111
# ** Warning: (vsim-3722) /home/sanghun/RVX/rvx-tutorials/platform/tip_emamba_v1/user/rtl/src/matMult_40.sv(111): [TFMPC] - Missing connection for port 'carryOut'.
# ** Warning: (vsim-2685) [TFMPC] - Too few port connections for 'CLA_C'.  Expected 5, found 4.
#    Time: 0 ps  Iteration: 0  Instance: /TIP_EMAMBA_V1_SIM/i_platform/my_emamba_ip/eMamba/MAMBA_1st/Convolution1D/matMult_40/Stage_C[2]/CLA_C File: /home/sanghun/RVX/rvx-tutorials/platform/tip_emamba_v1/user/rtl/src/matMult_40.sv Line: 111
# ** Warning: (vsim-3015) [PCDPC] - Port size (1) does not match connection size (32) for port 'carryIn'. The port definition is at: /home/sanghun/RVX/rvx-tutorials/platform/tip_emamba_v1/user/rtl/src/CLA_32.sv(26).
#    Time: 0 ps  Iteration: 0  Instance: /TIP_EMAMBA_V1_SIM/i_platform/my_emamba_ip/eMamba/MAMBA_1st/Convolution1D/matMult_40/Stage_C[2]/CLA_C File: /home/sanghun/RVX/rvx-tutorials/platform/tip_emamba_v1/user/rtl/src/matMult_40.sv Line: 111
# ** Warning: (vsim-3722) /home/sanghun/RVX/rvx-tutorials/platform/tip_emamba_v1/user/rtl/src/matMult_40.sv(111): [TFMPC] - Missing connection for port 'carryOut'.
# ** Warning: (vsim-2685) [TFMPC] - Too few port connections for 'CLA_C'.  Expected 5, found 4.
#    Time: 0 ps  Iteration: 0  Instance: /TIP_EMAMBA_V1_SIM/i_platform/my_emamba_ip/eMamba/MAMBA_1st/Convolution1D/matMult_40/Stage_C[3]/CLA_C File: /home/sanghun/RVX/rvx-tutorials/platform/tip_emamba_v1/user/rtl/src/matMult_40.sv Line: 111
# ** Warning: (vsim-3015) [PCDPC] - Port size (1) does not match connection size (32) for port 'carryIn'. The port definition is at: /home/sanghun/RVX/rvx-tutorials/platform/tip_emamba_v1/user/rtl/src/CLA_32.sv(26).
#    Time: 0 ps  Iteration: 0  Instance: /TIP_EMAMBA_V1_SIM/i_platform/my_emamba_ip/eMamba/MAMBA_1st/Convolution1D/matMult_40/Stage_C[3]/CLA_C File: /home/sanghun/RVX/rvx-tutorials/platform/tip_emamba_v1/user/rtl/src/matMult_40.sv Line: 111
# ** Warning: (vsim-3722) /home/sanghun/RVX/rvx-tutorials/platform/tip_emamba_v1/user/rtl/src/matMult_40.sv(111): [TFMPC] - Missing connection for port 'carryOut'.
# ** Warning: (vsim-2685) [TFMPC] - Too few port connections for 'CLA_C'.  Expected 5, found 4.
#    Time: 0 ps  Iteration: 0  Instance: /TIP_EMAMBA_V1_SIM/i_platform/my_emamba_ip/eMamba/MAMBA_1st/Convolution1D/matMult_40/Stage_C[4]/CLA_C File: /home/sanghun/RVX/rvx-tutorials/platform/tip_emamba_v1/user/rtl/src/matMult_40.sv Line: 111
# ** Warning: (vsim-3015) [PCDPC] - Port size (1) does not match connection size (32) for port 'carryIn'. The port definition is at: /home/sanghun/RVX/rvx-tutorials/platform/tip_emamba_v1/user/rtl/src/CLA_32.sv(26).
#    Time: 0 ps  Iteration: 0  Instance: /TIP_EMAMBA_V1_SIM/i_platform/my_emamba_ip/eMamba/MAMBA_1st/Convolution1D/matMult_40/Stage_C[4]/CLA_C File: /home/sanghun/RVX/rvx-tutorials/platform/tip_emamba_v1/user/rtl/src/matMult_40.sv Line: 111
# ** Warning: (vsim-3722) /home/sanghun/RVX/rvx-tutorials/platform/tip_emamba_v1/user/rtl/src/matMult_40.sv(111): [TFMPC] - Missing connection for port 'carryOut'.
# ** Warning: (vsim-2685) [TFMPC] - Too few port connections for 'CLA_D0'.  Expected 5, found 4.
#    Time: 0 ps  Iteration: 0  Instance: /TIP_EMAMBA_V1_SIM/i_platform/my_emamba_ip/eMamba/MAMBA_1st/Convolution1D/matMult_40/CLA_D0 File: /home/sanghun/RVX/rvx-tutorials/platform/tip_emamba_v1/user/rtl/src/matMult_40.sv Line: 122
# ** Warning: (vsim-3015) [PCDPC] - Port size (1) does not match connection size (32) for port 'carryIn'. The port definition is at: /home/sanghun/RVX/rvx-tutorials/platform/tip_emamba_v1/user/rtl/src/CLA_32.sv(26).
#    Time: 0 ps  Iteration: 0  Instance: /TIP_EMAMBA_V1_SIM/i_platform/my_emamba_ip/eMamba/MAMBA_1st/Convolution1D/matMult_40/CLA_D0 File: /home/sanghun/RVX/rvx-tutorials/platform/tip_emamba_v1/user/rtl/src/matMult_40.sv Line: 122
# ** Warning: (vsim-3722) /home/sanghun/RVX/rvx-tutorials/platform/tip_emamba_v1/user/rtl/src/matMult_40.sv(122): [TFMPC] - Missing connection for port 'carryOut'.
# ** Warning: (vsim-2685) [TFMPC] - Too few port connections for 'CLA_D1'.  Expected 5, found 4.
#    Time: 0 ps  Iteration: 0  Instance: /TIP_EMAMBA_V1_SIM/i_platform/my_emamba_ip/eMamba/MAMBA_1st/Convolution1D/matMult_40/CLA_D1 File: /home/sanghun/RVX/rvx-tutorials/platform/tip_emamba_v1/user/rtl/src/matMult_40.sv Line: 130
# ** Warning: (vsim-3015) [PCDPC] - Port size (1) does not match connection size (32) for port 'carryIn'. The port definition is at: /home/sanghun/RVX/rvx-tutorials/platform/tip_emamba_v1/user/rtl/src/CLA_32.sv(26).
#    Time: 0 ps  Iteration: 0  Instance: /TIP_EMAMBA_V1_SIM/i_platform/my_emamba_ip/eMamba/MAMBA_1st/Convolution1D/matMult_40/CLA_D1 File: /home/sanghun/RVX/rvx-tutorials/platform/tip_emamba_v1/user/rtl/src/matMult_40.sv Line: 130
# ** Warning: (vsim-3722) /home/sanghun/RVX/rvx-tutorials/platform/tip_emamba_v1/user/rtl/src/matMult_40.sv(130): [TFMPC] - Missing connection for port 'carryOut'.
# ** Warning: (vsim-2685) [TFMPC] - Too few port connections for 'CLA_D2'.  Expected 5, found 4.
#    Time: 0 ps  Iteration: 0  Instance: /TIP_EMAMBA_V1_SIM/i_platform/my_emamba_ip/eMamba/MAMBA_1st/Convolution1D/matMult_40/CLA_D2 File: /home/sanghun/RVX/rvx-tutorials/platform/tip_emamba_v1/user/rtl/src/matMult_40.sv Line: 138
# ** Warning: (vsim-3015) [PCDPC] - Port size (1) does not match connection size (32) for port 'carryIn'. The port definition is at: /home/sanghun/RVX/rvx-tutorials/platform/tip_emamba_v1/user/rtl/src/CLA_32.sv(26).
#    Time: 0 ps  Iteration: 0  Instance: /TIP_EMAMBA_V1_SIM/i_platform/my_emamba_ip/eMamba/MAMBA_1st/Convolution1D/matMult_40/CLA_D2 File: /home/sanghun/RVX/rvx-tutorials/platform/tip_emamba_v1/user/rtl/src/matMult_40.sv Line: 138
# ** Warning: (vsim-3722) /home/sanghun/RVX/rvx-tutorials/platform/tip_emamba_v1/user/rtl/src/matMult_40.sv(138): [TFMPC] - Missing connection for port 'carryOut'.
# ** Warning: (vsim-2685) [TFMPC] - Too few port connections for 'CLA_E'.  Expected 5, found 4.
#    Time: 0 ps  Iteration: 0  Instance: /TIP_EMAMBA_V1_SIM/i_platform/my_emamba_ip/eMamba/MAMBA_1st/Convolution1D/matMult_40/CLA_E File: /home/sanghun/RVX/rvx-tutorials/platform/tip_emamba_v1/user/rtl/src/matMult_40.sv Line: 147
# ** Warning: (vsim-3015) [PCDPC] - Port size (1) does not match connection size (32) for port 'carryIn'. The port definition is at: /home/sanghun/RVX/rvx-tutorials/platform/tip_emamba_v1/user/rtl/src/CLA_32.sv(26).
#    Time: 0 ps  Iteration: 0  Instance: /TIP_EMAMBA_V1_SIM/i_platform/my_emamba_ip/eMamba/MAMBA_1st/Convolution1D/matMult_40/CLA_E File: /home/sanghun/RVX/rvx-tutorials/platform/tip_emamba_v1/user/rtl/src/matMult_40.sv Line: 147
# ** Warning: (vsim-3722) /home/sanghun/RVX/rvx-tutorials/platform/tip_emamba_v1/user/rtl/src/matMult_40.sv(147): [TFMPC] - Missing connection for port 'carryOut'.
# ** Warning: (vsim-2685) [TFMPC] - Too few port connections for 'CLA_F'.  Expected 5, found 4.
#    Time: 0 ps  Iteration: 0  Instance: /TIP_EMAMBA_V1_SIM/i_platform/my_emamba_ip/eMamba/MAMBA_1st/Convolution1D/matMult_40/CLA_F File: /home/sanghun/RVX/rvx-tutorials/platform/tip_emamba_v1/user/rtl/src/matMult_40.sv Line: 156
# ** Warning: (vsim-3015) [PCDPC] - Port size (1) does not match connection size (32) for port 'carryIn'. The port definition is at: /home/sanghun/RVX/rvx-tutorials/platform/tip_emamba_v1/user/rtl/src/CLA_32.sv(26).
#    Time: 0 ps  Iteration: 0  Instance: /TIP_EMAMBA_V1_SIM/i_platform/my_emamba_ip/eMamba/MAMBA_1st/Convolution1D/matMult_40/CLA_F File: /home/sanghun/RVX/rvx-tutorials/platform/tip_emamba_v1/user/rtl/src/matMult_40.sv Line: 156
# ** Warning: (vsim-3722) /home/sanghun/RVX/rvx-tutorials/platform/tip_emamba_v1/user/rtl/src/matMult_40.sv(156): [TFMPC] - Missing connection for port 'carryOut'.
# ** Warning: (vsim-2685) [TFMPC] - Too few port connections for 'CLA_A'.  Expected 5, found 4.
#    Time: 0 ps  Iteration: 0  Instance: /TIP_EMAMBA_V1_SIM/i_platform/my_emamba_ip/eMamba/MAMBA_1st/SSM/SSM_Preprocess/Linear_expand_dBC_delta/matMult_40_wo_bias/Stage_A[0]/CLA_A File: /home/sanghun/RVX/rvx-tutorials/platform/tip_emamba_v1/user/rtl/src/matMult_40_wo_bias.sv Line: 59
# ** Warning: (vsim-3015) [PCDPC] - Port size (1) does not match connection size (32) for port 'carryIn'. The port definition is at: /home/sanghun/RVX/rvx-tutorials/platform/tip_emamba_v1/user/rtl/src/CLA_32.sv(26).
#    Time: 0 ps  Iteration: 0  Instance: /TIP_EMAMBA_V1_SIM/i_platform/my_emamba_ip/eMamba/MAMBA_1st/SSM/SSM_Preprocess/Linear_expand_dBC_delta/matMult_40_wo_bias/Stage_A[0]/CLA_A File: /home/sanghun/RVX/rvx-tutorials/platform/tip_emamba_v1/user/rtl/src/matMult_40_wo_bias.sv Line: 59
# ** Warning: (vsim-3722) /home/sanghun/RVX/rvx-tutorials/platform/tip_emamba_v1/user/rtl/src/matMult_40_wo_bias.sv(59): [TFMPC] - Missing connection for port 'carryOut'.
# ** Warning: (vsim-2685) [TFMPC] - Too few port connections for 'CLA_A'.  Expected 5, found 4.
#    Time: 0 ps  Iteration: 0  Instance: /TIP_EMAMBA_V1_SIM/i_platform/my_emamba_ip/eMamba/MAMBA_1st/SSM/SSM_Preprocess/Linear_expand_dBC_delta/matMult_40_wo_bias/Stage_A[1]/CLA_A File: /home/sanghun/RVX/rvx-tutorials/platform/tip_emamba_v1/user/rtl/src/matMult_40_wo_bias.sv Line: 59
# ** Warning: (vsim-3015) [PCDPC] - Port size (1) does not match connection size (32) for port 'carryIn'. The port definition is at: /home/sanghun/RVX/rvx-tutorials/platform/tip_emamba_v1/user/rtl/src/CLA_32.sv(26).
#    Time: 0 ps  Iteration: 0  Instance: /TIP_EMAMBA_V1_SIM/i_platform/my_emamba_ip/eMamba/MAMBA_1st/SSM/SSM_Preprocess/Linear_expand_dBC_delta/matMult_40_wo_bias/Stage_A[1]/CLA_A File: /home/sanghun/RVX/rvx-tutorials/platform/tip_emamba_v1/user/rtl/src/matMult_40_wo_bias.sv Line: 59
# ** Warning: (vsim-3722) /home/sanghun/RVX/rvx-tutorials/platform/tip_emamba_v1/user/rtl/src/matMult_40_wo_bias.sv(59): [TFMPC] - Missing connection for port 'carryOut'.
# ** Warning: (vsim-2685) [TFMPC] - Too few port connections for 'CLA_A'.  Expected 5, found 4.
#    Time: 0 ps  Iteration: 0  Instance: /TIP_EMAMBA_V1_SIM/i_platform/my_emamba_ip/eMamba/MAMBA_1st/SSM/SSM_Preprocess/Linear_expand_dBC_delta/matMult_40_wo_bias/Stage_A[2]/CLA_A File: /home/sanghun/RVX/rvx-tutorials/platform/tip_emamba_v1/user/rtl/src/matMult_40_wo_bias.sv Line: 59
# ** Warning: (vsim-3015) [PCDPC] - Port size (1) does not match connection size (32) for port 'carryIn'. The port definition is at: /home/sanghun/RVX/rvx-tutorials/platform/tip_emamba_v1/user/rtl/src/CLA_32.sv(26).
#    Time: 0 ps  Iteration: 0  Instance: /TIP_EMAMBA_V1_SIM/i_platform/my_emamba_ip/eMamba/MAMBA_1st/SSM/SSM_Preprocess/Linear_expand_dBC_delta/matMult_40_wo_bias/Stage_A[2]/CLA_A File: /home/sanghun/RVX/rvx-tutorials/platform/tip_emamba_v1/user/rtl/src/matMult_40_wo_bias.sv Line: 59
# ** Warning: (vsim-3722) /home/sanghun/RVX/rvx-tutorials/platform/tip_emamba_v1/user/rtl/src/matMult_40_wo_bias.sv(59): [TFMPC] - Missing connection for port 'carryOut'.
# ** Warning: (vsim-2685) [TFMPC] - Too few port connections for 'CLA_A'.  Expected 5, found 4.
#    Time: 0 ps  Iteration: 0  Instance: /TIP_EMAMBA_V1_SIM/i_platform/my_emamba_ip/eMamba/MAMBA_1st/SSM/SSM_Preprocess/Linear_expand_dBC_delta/matMult_40_wo_bias/Stage_A[3]/CLA_A File: /home/sanghun/RVX/rvx-tutorials/platform/tip_emamba_v1/user/rtl/src/matMult_40_wo_bias.sv Line: 59
# ** Warning: (vsim-3015) [PCDPC] - Port size (1) does not match connection size (32) for port 'carryIn'. The port definition is at: /home/sanghun/RVX/rvx-tutorials/platform/tip_emamba_v1/user/rtl/src/CLA_32.sv(26).
#    Time: 0 ps  Iteration: 0  Instance: /TIP_EMAMBA_V1_SIM/i_platform/my_emamba_ip/eMamba/MAMBA_1st/SSM/SSM_Preprocess/Linear_expand_dBC_delta/matMult_40_wo_bias/Stage_A[3]/CLA_A File: /home/sanghun/RVX/rvx-tutorials/platform/tip_emamba_v1/user/rtl/src/matMult_40_wo_bias.sv Line: 59
# ** Warning: (vsim-3722) /home/sanghun/RVX/rvx-tutorials/platform/tip_emamba_v1/user/rtl/src/matMult_40_wo_bias.sv(59): [TFMPC] - Missing connection for port 'carryOut'.
# ** Warning: (vsim-2685) [TFMPC] - Too few port connections for 'CLA_A'.  Expected 5, found 4.
#    Time: 0 ps  Iteration: 0  Instance: /TIP_EMAMBA_V1_SIM/i_platform/my_emamba_ip/eMamba/MAMBA_1st/SSM/SSM_Preprocess/Linear_expand_dBC_delta/matMult_40_wo_bias/Stage_A[4]/CLA_A File: /home/sanghun/RVX/rvx-tutorials/platform/tip_emamba_v1/user/rtl/src/matMult_40_wo_bias.sv Line: 59
# ** Warning: (vsim-3015) [PCDPC] - Port size (1) does not match connection size (32) for port 'carryIn'. The port definition is at: /home/sanghun/RVX/rvx-tutorials/platform/tip_emamba_v1/user/rtl/src/CLA_32.sv(26).
#    Time: 0 ps  Iteration: 0  Instance: /TIP_EMAMBA_V1_SIM/i_platform/my_emamba_ip/eMamba/MAMBA_1st/SSM/SSM_Preprocess/Linear_expand_dBC_delta/matMult_40_wo_bias/Stage_A[4]/CLA_A File: /home/sanghun/RVX/rvx-tutorials/platform/tip_emamba_v1/user/rtl/src/matMult_40_wo_bias.sv Line: 59
# ** Warning: (vsim-3722) /home/sanghun/RVX/rvx-tutorials/platform/tip_emamba_v1/user/rtl/src/matMult_40_wo_bias.sv(59): [TFMPC] - Missing connection for port 'carryOut'.
# ** Warning: (vsim-2685) [TFMPC] - Too few port connections for 'CLA_A'.  Expected 5, found 4.
#    Time: 0 ps  Iteration: 0  Instance: /TIP_EMAMBA_V1_SIM/i_platform/my_emamba_ip/eMamba/MAMBA_1st/SSM/SSM_Preprocess/Linear_expand_dBC_delta/matMult_40_wo_bias/Stage_A[5]/CLA_A File: /home/sanghun/RVX/rvx-tutorials/platform/tip_emamba_v1/user/rtl/src/matMult_40_wo_bias.sv Line: 59
# ** Warning: (vsim-3015) [PCDPC] - Port size (1) does not match connection size (32) for port 'carryIn'. The port definition is at: /home/sanghun/RVX/rvx-tutorials/platform/tip_emamba_v1/user/rtl/src/CLA_32.sv(26).
#    Time: 0 ps  Iteration: 0  Instance: /TIP_EMAMBA_V1_SIM/i_platform/my_emamba_ip/eMamba/MAMBA_1st/SSM/SSM_Preprocess/Linear_expand_dBC_delta/matMult_40_wo_bias/Stage_A[5]/CLA_A File: /home/sanghun/RVX/rvx-tutorials/platform/tip_emamba_v1/user/rtl/src/matMult_40_wo_bias.sv Line: 59
# ** Warning: (vsim-3722) /home/sanghun/RVX/rvx-tutorials/platform/tip_emamba_v1/user/rtl/src/matMult_40_wo_bias.sv(59): [TFMPC] - Missing connection for port 'carryOut'.
# ** Warning: (vsim-2685) [TFMPC] - Too few port connections for 'CLA_A'.  Expected 5, found 4.
#    Time: 0 ps  Iteration: 0  Instance: /TIP_EMAMBA_V1_SIM/i_platform/my_emamba_ip/eMamba/MAMBA_1st/SSM/SSM_Preprocess/Linear_expand_dBC_delta/matMult_40_wo_bias/Stage_A[6]/CLA_A File: /home/sanghun/RVX/rvx-tutorials/platform/tip_emamba_v1/user/rtl/src/matMult_40_wo_bias.sv Line: 59
# ** Warning: (vsim-3015) [PCDPC] - Port size (1) does not match connection size (32) for port 'carryIn'. The port definition is at: /home/sanghun/RVX/rvx-tutorials/platform/tip_emamba_v1/user/rtl/src/CLA_32.sv(26).
#    Time: 0 ps  Iteration: 0  Instance: /TIP_EMAMBA_V1_SIM/i_platform/my_emamba_ip/eMamba/MAMBA_1st/SSM/SSM_Preprocess/Linear_expand_dBC_delta/matMult_40_wo_bias/Stage_A[6]/CLA_A File: /home/sanghun/RVX/rvx-tutorials/platform/tip_emamba_v1/user/rtl/src/matMult_40_wo_bias.sv Line: 59
# ** Warning: (vsim-3722) /home/sanghun/RVX/rvx-tutorials/platform/tip_emamba_v1/user/rtl/src/matMult_40_wo_bias.sv(59): [TFMPC] - Missing connection for port 'carryOut'.
# ** Warning: (vsim-2685) [TFMPC] - Too few port connections for 'CLA_A'.  Expected 5, found 4.
#    Time: 0 ps  Iteration: 0  Instance: /TIP_EMAMBA_V1_SIM/i_platform/my_emamba_ip/eMamba/MAMBA_1st/SSM/SSM_Preprocess/Linear_expand_dBC_delta/matMult_40_wo_bias/Stage_A[7]/CLA_A File: /home/sanghun/RVX/rvx-tutorials/platform/tip_emamba_v1/user/rtl/src/matMult_40_wo_bias.sv Line: 59
# ** Warning: (vsim-3015) [PCDPC] - Port size (1) does not match connection size (32) for port 'carryIn'. The port definition is at: /home/sanghun/RVX/rvx-tutorials/platform/tip_emamba_v1/user/rtl/src/CLA_32.sv(26).
#    Time: 0 ps  Iteration: 0  Instance: /TIP_EMAMBA_V1_SIM/i_platform/my_emamba_ip/eMamba/MAMBA_1st/SSM/SSM_Preprocess/Linear_expand_dBC_delta/matMult_40_wo_bias/Stage_A[7]/CLA_A File: /home/sanghun/RVX/rvx-tutorials/platform/tip_emamba_v1/user/rtl/src/matMult_40_wo_bias.sv Line: 59
# ** Warning: (vsim-3722) /home/sanghun/RVX/rvx-tutorials/platform/tip_emamba_v1/user/rtl/src/matMult_40_wo_bias.sv(59): [TFMPC] - Missing connection for port 'carryOut'.
# ** Warning: (vsim-2685) [TFMPC] - Too few port connections for 'CLA_A'.  Expected 5, found 4.
#    Time: 0 ps  Iteration: 0  Instance: /TIP_EMAMBA_V1_SIM/i_platform/my_emamba_ip/eMamba/MAMBA_1st/SSM/SSM_Preprocess/Linear_expand_dBC_delta/matMult_40_wo_bias/Stage_A[8]/CLA_A File: /home/sanghun/RVX/rvx-tutorials/platform/tip_emamba_v1/user/rtl/src/matMult_40_wo_bias.sv Line: 59
# ** Warning: (vsim-3015) [PCDPC] - Port size (1) does not match connection size (32) for port 'carryIn'. The port definition is at: /home/sanghun/RVX/rvx-tutorials/platform/tip_emamba_v1/user/rtl/src/CLA_32.sv(26).
#    Time: 0 ps  Iteration: 0  Instance: /TIP_EMAMBA_V1_SIM/i_platform/my_emamba_ip/eMamba/MAMBA_1st/SSM/SSM_Preprocess/Linear_expand_dBC_delta/matMult_40_wo_bias/Stage_A[8]/CLA_A File: /home/sanghun/RVX/rvx-tutorials/platform/tip_emamba_v1/user/rtl/src/matMult_40_wo_bias.sv Line: 59
# ** Warning: (vsim-3722) /home/sanghun/RVX/rvx-tutorials/platform/tip_emamba_v1/user/rtl/src/matMult_40_wo_bias.sv(59): [TFMPC] - Missing connection for port 'carryOut'.
# ** Warning: (vsim-2685) [TFMPC] - Too few port connections for 'CLA_A'.  Expected 5, found 4.
#    Time: 0 ps  Iteration: 0  Instance: /TIP_EMAMBA_V1_SIM/i_platform/my_emamba_ip/eMamba/MAMBA_1st/SSM/SSM_Preprocess/Linear_expand_dBC_delta/matMult_40_wo_bias/Stage_A[9]/CLA_A File: /home/sanghun/RVX/rvx-tutorials/platform/tip_emamba_v1/user/rtl/src/matMult_40_wo_bias.sv Line: 59
# ** Warning: (vsim-3015) [PCDPC] - Port size (1) does not match connection size (32) for port 'carryIn'. The port definition is at: /home/sanghun/RVX/rvx-tutorials/platform/tip_emamba_v1/user/rtl/src/CLA_32.sv(26).
#    Time: 0 ps  Iteration: 0  Instance: /TIP_EMAMBA_V1_SIM/i_platform/my_emamba_ip/eMamba/MAMBA_1st/SSM/SSM_Preprocess/Linear_expand_dBC_delta/matMult_40_wo_bias/Stage_A[9]/CLA_A File: /home/sanghun/RVX/rvx-tutorials/platform/tip_emamba_v1/user/rtl/src/matMult_40_wo_bias.sv Line: 59
# ** Warning: (vsim-3722) /home/sanghun/RVX/rvx-tutorials/platform/tip_emamba_v1/user/rtl/src/matMult_40_wo_bias.sv(59): [TFMPC] - Missing connection for port 'carryOut'.
# ** Warning: (vsim-2685) [TFMPC] - Too few port connections for 'CLA_A'.  Expected 5, found 4.
#    Time: 0 ps  Iteration: 0  Instance: /TIP_EMAMBA_V1_SIM/i_platform/my_emamba_ip/eMamba/MAMBA_1st/SSM/SSM_Preprocess/Linear_expand_dBC_delta/matMult_40_wo_bias/Stage_A[10]/CLA_A File: /home/sanghun/RVX/rvx-tutorials/platform/tip_emamba_v1/user/rtl/src/matMult_40_wo_bias.sv Line: 59
# ** Warning: (vsim-3015) [PCDPC] - Port size (1) does not match connection size (32) for port 'carryIn'. The port definition is at: /home/sanghun/RVX/rvx-tutorials/platform/tip_emamba_v1/user/rtl/src/CLA_32.sv(26).
#    Time: 0 ps  Iteration: 0  Instance: /TIP_EMAMBA_V1_SIM/i_platform/my_emamba_ip/eMamba/MAMBA_1st/SSM/SSM_Preprocess/Linear_expand_dBC_delta/matMult_40_wo_bias/Stage_A[10]/CLA_A File: /home/sanghun/RVX/rvx-tutorials/platform/tip_emamba_v1/user/rtl/src/matMult_40_wo_bias.sv Line: 59
# ** Warning: (vsim-3722) /home/sanghun/RVX/rvx-tutorials/platform/tip_emamba_v1/user/rtl/src/matMult_40_wo_bias.sv(59): [TFMPC] - Missing connection for port 'carryOut'.
# ** Warning: (vsim-2685) [TFMPC] - Too few port connections for 'CLA_A'.  Expected 5, found 4.
#    Time: 0 ps  Iteration: 0  Instance: /TIP_EMAMBA_V1_SIM/i_platform/my_emamba_ip/eMamba/MAMBA_1st/SSM/SSM_Preprocess/Linear_expand_dBC_delta/matMult_40_wo_bias/Stage_A[11]/CLA_A File: /home/sanghun/RVX/rvx-tutorials/platform/tip_emamba_v1/user/rtl/src/matMult_40_wo_bias.sv Line: 59
# ** Warning: (vsim-3015) [PCDPC] - Port size (1) does not match connection size (32) for port 'carryIn'. The port definition is at: /home/sanghun/RVX/rvx-tutorials/platform/tip_emamba_v1/user/rtl/src/CLA_32.sv(26).
#    Time: 0 ps  Iteration: 0  Instance: /TIP_EMAMBA_V1_SIM/i_platform/my_emamba_ip/eMamba/MAMBA_1st/SSM/SSM_Preprocess/Linear_expand_dBC_delta/matMult_40_wo_bias/Stage_A[11]/CLA_A File: /home/sanghun/RVX/rvx-tutorials/platform/tip_emamba_v1/user/rtl/src/matMult_40_wo_bias.sv Line: 59
# ** Warning: (vsim-3722) /home/sanghun/RVX/rvx-tutorials/platform/tip_emamba_v1/user/rtl/src/matMult_40_wo_bias.sv(59): [TFMPC] - Missing connection for port 'carryOut'.
# ** Warning: (vsim-2685) [TFMPC] - Too few port connections for 'CLA_A'.  Expected 5, found 4.
#    Time: 0 ps  Iteration: 0  Instance: /TIP_EMAMBA_V1_SIM/i_platform/my_emamba_ip/eMamba/MAMBA_1st/SSM/SSM_Preprocess/Linear_expand_dBC_delta/matMult_40_wo_bias/Stage_A[12]/CLA_A File: /home/sanghun/RVX/rvx-tutorials/platform/tip_emamba_v1/user/rtl/src/matMult_40_wo_bias.sv Line: 59
# ** Warning: (vsim-3015) [PCDPC] - Port size (1) does not match connection size (32) for port 'carryIn'. The port definition is at: /home/sanghun/RVX/rvx-tutorials/platform/tip_emamba_v1/user/rtl/src/CLA_32.sv(26).
#    Time: 0 ps  Iteration: 0  Instance: /TIP_EMAMBA_V1_SIM/i_platform/my_emamba_ip/eMamba/MAMBA_1st/SSM/SSM_Preprocess/Linear_expand_dBC_delta/matMult_40_wo_bias/Stage_A[12]/CLA_A File: /home/sanghun/RVX/rvx-tutorials/platform/tip_emamba_v1/user/rtl/src/matMult_40_wo_bias.sv Line: 59
# ** Warning: (vsim-3722) /home/sanghun/RVX/rvx-tutorials/platform/tip_emamba_v1/user/rtl/src/matMult_40_wo_bias.sv(59): [TFMPC] - Missing connection for port 'carryOut'.
# ** Warning: (vsim-2685) [TFMPC] - Too few port connections for 'CLA_A'.  Expected 5, found 4.
#    Time: 0 ps  Iteration: 0  Instance: /TIP_EMAMBA_V1_SIM/i_platform/my_emamba_ip/eMamba/MAMBA_1st/SSM/SSM_Preprocess/Linear_expand_dBC_delta/matMult_40_wo_bias/Stage_A[13]/CLA_A File: /home/sanghun/RVX/rvx-tutorials/platform/tip_emamba_v1/user/rtl/src/matMult_40_wo_bias.sv Line: 59
# ** Warning: (vsim-3015) [PCDPC] - Port size (1) does not match connection size (32) for port 'carryIn'. The port definition is at: /home/sanghun/RVX/rvx-tutorials/platform/tip_emamba_v1/user/rtl/src/CLA_32.sv(26).
#    Time: 0 ps  Iteration: 0  Instance: /TIP_EMAMBA_V1_SIM/i_platform/my_emamba_ip/eMamba/MAMBA_1st/SSM/SSM_Preprocess/Linear_expand_dBC_delta/matMult_40_wo_bias/Stage_A[13]/CLA_A File: /home/sanghun/RVX/rvx-tutorials/platform/tip_emamba_v1/user/rtl/src/matMult_40_wo_bias.sv Line: 59
# ** Warning: (vsim-3722) /home/sanghun/RVX/rvx-tutorials/platform/tip_emamba_v1/user/rtl/src/matMult_40_wo_bias.sv(59): [TFMPC] - Missing connection for port 'carryOut'.
# ** Warning: (vsim-2685) [TFMPC] - Too few port connections for 'CLA_A'.  Expected 5, found 4.
#    Time: 0 ps  Iteration: 0  Instance: /TIP_EMAMBA_V1_SIM/i_platform/my_emamba_ip/eMamba/MAMBA_1st/SSM/SSM_Preprocess/Linear_expand_dBC_delta/matMult_40_wo_bias/Stage_A[14]/CLA_A File: /home/sanghun/RVX/rvx-tutorials/platform/tip_emamba_v1/user/rtl/src/matMult_40_wo_bias.sv Line: 59
# ** Warning: (vsim-3015) [PCDPC] - Port size (1) does not match connection size (32) for port 'carryIn'. The port definition is at: /home/sanghun/RVX/rvx-tutorials/platform/tip_emamba_v1/user/rtl/src/CLA_32.sv(26).
#    Time: 0 ps  Iteration: 0  Instance: /TIP_EMAMBA_V1_SIM/i_platform/my_emamba_ip/eMamba/MAMBA_1st/SSM/SSM_Preprocess/Linear_expand_dBC_delta/matMult_40_wo_bias/Stage_A[14]/CLA_A File: /home/sanghun/RVX/rvx-tutorials/platform/tip_emamba_v1/user/rtl/src/matMult_40_wo_bias.sv Line: 59
# ** Warning: (vsim-3722) /home/sanghun/RVX/rvx-tutorials/platform/tip_emamba_v1/user/rtl/src/matMult_40_wo_bias.sv(59): [TFMPC] - Missing connection for port 'carryOut'.
# ** Warning: (vsim-2685) [TFMPC] - Too few port connections for 'CLA_A'.  Expected 5, found 4.
#    Time: 0 ps  Iteration: 0  Instance: /TIP_EMAMBA_V1_SIM/i_platform/my_emamba_ip/eMamba/MAMBA_1st/SSM/SSM_Preprocess/Linear_expand_dBC_delta/matMult_40_wo_bias/Stage_A[15]/CLA_A File: /home/sanghun/RVX/rvx-tutorials/platform/tip_emamba_v1/user/rtl/src/matMult_40_wo_bias.sv Line: 59
# ** Warning: (vsim-3015) [PCDPC] - Port size (1) does not match connection size (32) for port 'carryIn'. The port definition is at: /home/sanghun/RVX/rvx-tutorials/platform/tip_emamba_v1/user/rtl/src/CLA_32.sv(26).
#    Time: 0 ps  Iteration: 0  Instance: /TIP_EMAMBA_V1_SIM/i_platform/my_emamba_ip/eMamba/MAMBA_1st/SSM/SSM_Preprocess/Linear_expand_dBC_delta/matMult_40_wo_bias/Stage_A[15]/CLA_A File: /home/sanghun/RVX/rvx-tutorials/platform/tip_emamba_v1/user/rtl/src/matMult_40_wo_bias.sv Line: 59
# ** Warning: (vsim-3722) /home/sanghun/RVX/rvx-tutorials/platform/tip_emamba_v1/user/rtl/src/matMult_40_wo_bias.sv(59): [TFMPC] - Missing connection for port 'carryOut'.
# ** Warning: (vsim-2685) [TFMPC] - Too few port connections for 'CLA_A'.  Expected 5, found 4.
#    Time: 0 ps  Iteration: 0  Instance: /TIP_EMAMBA_V1_SIM/i_platform/my_emamba_ip/eMamba/MAMBA_1st/SSM/SSM_Preprocess/Linear_expand_dBC_delta/matMult_40_wo_bias/Stage_A[16]/CLA_A File: /home/sanghun/RVX/rvx-tutorials/platform/tip_emamba_v1/user/rtl/src/matMult_40_wo_bias.sv Line: 59
# ** Warning: (vsim-3015) [PCDPC] - Port size (1) does not match connection size (32) for port 'carryIn'. The port definition is at: /home/sanghun/RVX/rvx-tutorials/platform/tip_emamba_v1/user/rtl/src/CLA_32.sv(26).
#    Time: 0 ps  Iteration: 0  Instance: /TIP_EMAMBA_V1_SIM/i_platform/my_emamba_ip/eMamba/MAMBA_1st/SSM/SSM_Preprocess/Linear_expand_dBC_delta/matMult_40_wo_bias/Stage_A[16]/CLA_A File: /home/sanghun/RVX/rvx-tutorials/platform/tip_emamba_v1/user/rtl/src/matMult_40_wo_bias.sv Line: 59
# ** Warning: (vsim-3722) /home/sanghun/RVX/rvx-tutorials/platform/tip_emamba_v1/user/rtl/src/matMult_40_wo_bias.sv(59): [TFMPC] - Missing connection for port 'carryOut'.
# ** Warning: (vsim-2685) [TFMPC] - Too few port connections for 'CLA_A'.  Expected 5, found 4.
#    Time: 0 ps  Iteration: 0  Instance: /TIP_EMAMBA_V1_SIM/i_platform/my_emamba_ip/eMamba/MAMBA_1st/SSM/SSM_Preprocess/Linear_expand_dBC_delta/matMult_40_wo_bias/Stage_A[17]/CLA_A File: /home/sanghun/RVX/rvx-tutorials/platform/tip_emamba_v1/user/rtl/src/matMult_40_wo_bias.sv Line: 59
# ** Warning: (vsim-3015) [PCDPC] - Port size (1) does not match connection size (32) for port 'carryIn'. The port definition is at: /home/sanghun/RVX/rvx-tutorials/platform/tip_emamba_v1/user/rtl/src/CLA_32.sv(26).
#    Time: 0 ps  Iteration: 0  Instance: /TIP_EMAMBA_V1_SIM/i_platform/my_emamba_ip/eMamba/MAMBA_1st/SSM/SSM_Preprocess/Linear_expand_dBC_delta/matMult_40_wo_bias/Stage_A[17]/CLA_A File: /home/sanghun/RVX/rvx-tutorials/platform/tip_emamba_v1/user/rtl/src/matMult_40_wo_bias.sv Line: 59
# ** Warning: (vsim-3722) /home/sanghun/RVX/rvx-tutorials/platform/tip_emamba_v1/user/rtl/src/matMult_40_wo_bias.sv(59): [TFMPC] - Missing connection for port 'carryOut'.
# ** Warning: (vsim-2685) [TFMPC] - Too few port connections for 'CLA_A'.  Expected 5, found 4.
#    Time: 0 ps  Iteration: 0  Instance: /TIP_EMAMBA_V1_SIM/i_platform/my_emamba_ip/eMamba/MAMBA_1st/SSM/SSM_Preprocess/Linear_expand_dBC_delta/matMult_40_wo_bias/Stage_A[18]/CLA_A File: /home/sanghun/RVX/rvx-tutorials/platform/tip_emamba_v1/user/rtl/src/matMult_40_wo_bias.sv Line: 59
# ** Warning: (vsim-3015) [PCDPC] - Port size (1) does not match connection size (32) for port 'carryIn'. The port definition is at: /home/sanghun/RVX/rvx-tutorials/platform/tip_emamba_v1/user/rtl/src/CLA_32.sv(26).
#    Time: 0 ps  Iteration: 0  Instance: /TIP_EMAMBA_V1_SIM/i_platform/my_emamba_ip/eMamba/MAMBA_1st/SSM/SSM_Preprocess/Linear_expand_dBC_delta/matMult_40_wo_bias/Stage_A[18]/CLA_A File: /home/sanghun/RVX/rvx-tutorials/platform/tip_emamba_v1/user/rtl/src/matMult_40_wo_bias.sv Line: 59
# ** Warning: (vsim-3722) /home/sanghun/RVX/rvx-tutorials/platform/tip_emamba_v1/user/rtl/src/matMult_40_wo_bias.sv(59): [TFMPC] - Missing connection for port 'carryOut'.
# ** Warning: (vsim-2685) [TFMPC] - Too few port connections for 'CLA_A'.  Expected 5, found 4.
#    Time: 0 ps  Iteration: 0  Instance: /TIP_EMAMBA_V1_SIM/i_platform/my_emamba_ip/eMamba/MAMBA_1st/SSM/SSM_Preprocess/Linear_expand_dBC_delta/matMult_40_wo_bias/Stage_A[19]/CLA_A File: /home/sanghun/RVX/rvx-tutorials/platform/tip_emamba_v1/user/rtl/src/matMult_40_wo_bias.sv Line: 59
# ** Warning: (vsim-3015) [PCDPC] - Port size (1) does not match connection size (32) for port 'carryIn'. The port definition is at: /home/sanghun/RVX/rvx-tutorials/platform/tip_emamba_v1/user/rtl/src/CLA_32.sv(26).
#    Time: 0 ps  Iteration: 0  Instance: /TIP_EMAMBA_V1_SIM/i_platform/my_emamba_ip/eMamba/MAMBA_1st/SSM/SSM_Preprocess/Linear_expand_dBC_delta/matMult_40_wo_bias/Stage_A[19]/CLA_A File: /home/sanghun/RVX/rvx-tutorials/platform/tip_emamba_v1/user/rtl/src/matMult_40_wo_bias.sv Line: 59
# ** Warning: (vsim-3722) /home/sanghun/RVX/rvx-tutorials/platform/tip_emamba_v1/user/rtl/src/matMult_40_wo_bias.sv(59): [TFMPC] - Missing connection for port 'carryOut'.
# ** Warning: (vsim-2685) [TFMPC] - Too few port connections for 'CLA_B'.  Expected 5, found 4.
#    Time: 0 ps  Iteration: 0  Instance: /TIP_EMAMBA_V1_SIM/i_platform/my_emamba_ip/eMamba/MAMBA_1st/SSM/SSM_Preprocess/Linear_expand_dBC_delta/matMult_40_wo_bias/Stage_B[0]/CLA_B File: /home/sanghun/RVX/rvx-tutorials/platform/tip_emamba_v1/user/rtl/src/matMult_40_wo_bias.sv Line: 69
# ** Warning: (vsim-3015) [PCDPC] - Port size (1) does not match connection size (32) for port 'carryIn'. The port definition is at: /home/sanghun/RVX/rvx-tutorials/platform/tip_emamba_v1/user/rtl/src/CLA_32.sv(26).
#    Time: 0 ps  Iteration: 0  Instance: /TIP_EMAMBA_V1_SIM/i_platform/my_emamba_ip/eMamba/MAMBA_1st/SSM/SSM_Preprocess/Linear_expand_dBC_delta/matMult_40_wo_bias/Stage_B[0]/CLA_B File: /home/sanghun/RVX/rvx-tutorials/platform/tip_emamba_v1/user/rtl/src/matMult_40_wo_bias.sv Line: 69
# ** Warning: (vsim-3722) /home/sanghun/RVX/rvx-tutorials/platform/tip_emamba_v1/user/rtl/src/matMult_40_wo_bias.sv(69): [TFMPC] - Missing connection for port 'carryOut'.
# ** Warning: (vsim-2685) [TFMPC] - Too few port connections for 'CLA_B'.  Expected 5, found 4.
#    Time: 0 ps  Iteration: 0  Instance: /TIP_EMAMBA_V1_SIM/i_platform/my_emamba_ip/eMamba/MAMBA_1st/SSM/SSM_Preprocess/Linear_expand_dBC_delta/matMult_40_wo_bias/Stage_B[1]/CLA_B File: /home/sanghun/RVX/rvx-tutorials/platform/tip_emamba_v1/user/rtl/src/matMult_40_wo_bias.sv Line: 69
# ** Warning: (vsim-3015) [PCDPC] - Port size (1) does not match connection size (32) for port 'carryIn'. The port definition is at: /home/sanghun/RVX/rvx-tutorials/platform/tip_emamba_v1/user/rtl/src/CLA_32.sv(26).
#    Time: 0 ps  Iteration: 0  Instance: /TIP_EMAMBA_V1_SIM/i_platform/my_emamba_ip/eMamba/MAMBA_1st/SSM/SSM_Preprocess/Linear_expand_dBC_delta/matMult_40_wo_bias/Stage_B[1]/CLA_B File: /home/sanghun/RVX/rvx-tutorials/platform/tip_emamba_v1/user/rtl/src/matMult_40_wo_bias.sv Line: 69
# ** Warning: (vsim-3722) /home/sanghun/RVX/rvx-tutorials/platform/tip_emamba_v1/user/rtl/src/matMult_40_wo_bias.sv(69): [TFMPC] - Missing connection for port 'carryOut'.
# ** Warning: (vsim-2685) [TFMPC] - Too few port connections for 'CLA_B'.  Expected 5, found 4.
#    Time: 0 ps  Iteration: 0  Instance: /TIP_EMAMBA_V1_SIM/i_platform/my_emamba_ip/eMamba/MAMBA_1st/SSM/SSM_Preprocess/Linear_expand_dBC_delta/matMult_40_wo_bias/Stage_B[2]/CLA_B File: /home/sanghun/RVX/rvx-tutorials/platform/tip_emamba_v1/user/rtl/src/matMult_40_wo_bias.sv Line: 69
# ** Warning: (vsim-3015) [PCDPC] - Port size (1) does not match connection size (32) for port 'carryIn'. The port definition is at: /home/sanghun/RVX/rvx-tutorials/platform/tip_emamba_v1/user/rtl/src/CLA_32.sv(26).
#    Time: 0 ps  Iteration: 0  Instance: /TIP_EMAMBA_V1_SIM/i_platform/my_emamba_ip/eMamba/MAMBA_1st/SSM/SSM_Preprocess/Linear_expand_dBC_delta/matMult_40_wo_bias/Stage_B[2]/CLA_B File: /home/sanghun/RVX/rvx-tutorials/platform/tip_emamba_v1/user/rtl/src/matMult_40_wo_bias.sv Line: 69
# ** Warning: (vsim-3722) /home/sanghun/RVX/rvx-tutorials/platform/tip_emamba_v1/user/rtl/src/matMult_40_wo_bias.sv(69): [TFMPC] - Missing connection for port 'carryOut'.
# ** Warning: (vsim-2685) [TFMPC] - Too few port connections for 'CLA_B'.  Expected 5, found 4.
#    Time: 0 ps  Iteration: 0  Instance: /TIP_EMAMBA_V1_SIM/i_platform/my_emamba_ip/eMamba/MAMBA_1st/SSM/SSM_Preprocess/Linear_expand_dBC_delta/matMult_40_wo_bias/Stage_B[3]/CLA_B File: /home/sanghun/RVX/rvx-tutorials/platform/tip_emamba_v1/user/rtl/src/matMult_40_wo_bias.sv Line: 69
# ** Warning: (vsim-3015) [PCDPC] - Port size (1) does not match connection size (32) for port 'carryIn'. The port definition is at: /home/sanghun/RVX/rvx-tutorials/platform/tip_emamba_v1/user/rtl/src/CLA_32.sv(26).
#    Time: 0 ps  Iteration: 0  Instance: /TIP_EMAMBA_V1_SIM/i_platform/my_emamba_ip/eMamba/MAMBA_1st/SSM/SSM_Preprocess/Linear_expand_dBC_delta/matMult_40_wo_bias/Stage_B[3]/CLA_B File: /home/sanghun/RVX/rvx-tutorials/platform/tip_emamba_v1/user/rtl/src/matMult_40_wo_bias.sv Line: 69
# ** Warning: (vsim-3722) /home/sanghun/RVX/rvx-tutorials/platform/tip_emamba_v1/user/rtl/src/matMult_40_wo_bias.sv(69): [TFMPC] - Missing connection for port 'carryOut'.
# ** Warning: (vsim-2685) [TFMPC] - Too few port connections for 'CLA_B'.  Expected 5, found 4.
#    Time: 0 ps  Iteration: 0  Instance: /TIP_EMAMBA_V1_SIM/i_platform/my_emamba_ip/eMamba/MAMBA_1st/SSM/SSM_Preprocess/Linear_expand_dBC_delta/matMult_40_wo_bias/Stage_B[4]/CLA_B File: /home/sanghun/RVX/rvx-tutorials/platform/tip_emamba_v1/user/rtl/src/matMult_40_wo_bias.sv Line: 69
# ** Warning: (vsim-3015) [PCDPC] - Port size (1) does not match connection size (32) for port 'carryIn'. The port definition is at: /home/sanghun/RVX/rvx-tutorials/platform/tip_emamba_v1/user/rtl/src/CLA_32.sv(26).
#    Time: 0 ps  Iteration: 0  Instance: /TIP_EMAMBA_V1_SIM/i_platform/my_emamba_ip/eMamba/MAMBA_1st/SSM/SSM_Preprocess/Linear_expand_dBC_delta/matMult_40_wo_bias/Stage_B[4]/CLA_B File: /home/sanghun/RVX/rvx-tutorials/platform/tip_emamba_v1/user/rtl/src/matMult_40_wo_bias.sv Line: 69
# ** Warning: (vsim-3722) /home/sanghun/RVX/rvx-tutorials/platform/tip_emamba_v1/user/rtl/src/matMult_40_wo_bias.sv(69): [TFMPC] - Missing connection for port 'carryOut'.
# ** Warning: (vsim-2685) [TFMPC] - Too few port connections for 'CLA_B'.  Expected 5, found 4.
#    Time: 0 ps  Iteration: 0  Instance: /TIP_EMAMBA_V1_SIM/i_platform/my_emamba_ip/eMamba/MAMBA_1st/SSM/SSM_Preprocess/Linear_expand_dBC_delta/matMult_40_wo_bias/Stage_B[5]/CLA_B File: /home/sanghun/RVX/rvx-tutorials/platform/tip_emamba_v1/user/rtl/src/matMult_40_wo_bias.sv Line: 69
# ** Warning: (vsim-3015) [PCDPC] - Port size (1) does not match connection size (32) for port 'carryIn'. The port definition is at: /home/sanghun/RVX/rvx-tutorials/platform/tip_emamba_v1/user/rtl/src/CLA_32.sv(26).
#    Time: 0 ps  Iteration: 0  Instance: /TIP_EMAMBA_V1_SIM/i_platform/my_emamba_ip/eMamba/MAMBA_1st/SSM/SSM_Preprocess/Linear_expand_dBC_delta/matMult_40_wo_bias/Stage_B[5]/CLA_B File: /home/sanghun/RVX/rvx-tutorials/platform/tip_emamba_v1/user/rtl/src/matMult_40_wo_bias.sv Line: 69
# ** Warning: (vsim-3722) /home/sanghun/RVX/rvx-tutorials/platform/tip_emamba_v1/user/rtl/src/matMult_40_wo_bias.sv(69): [TFMPC] - Missing connection for port 'carryOut'.
# ** Warning: (vsim-2685) [TFMPC] - Too few port connections for 'CLA_B'.  Expected 5, found 4.
#    Time: 0 ps  Iteration: 0  Instance: /TIP_EMAMBA_V1_SIM/i_platform/my_emamba_ip/eMamba/MAMBA_1st/SSM/SSM_Preprocess/Linear_expand_dBC_delta/matMult_40_wo_bias/Stage_B[6]/CLA_B File: /home/sanghun/RVX/rvx-tutorials/platform/tip_emamba_v1/user/rtl/src/matMult_40_wo_bias.sv Line: 69
# ** Warning: (vsim-3015) [PCDPC] - Port size (1) does not match connection size (32) for port 'carryIn'. The port definition is at: /home/sanghun/RVX/rvx-tutorials/platform/tip_emamba_v1/user/rtl/src/CLA_32.sv(26).
#    Time: 0 ps  Iteration: 0  Instance: /TIP_EMAMBA_V1_SIM/i_platform/my_emamba_ip/eMamba/MAMBA_1st/SSM/SSM_Preprocess/Linear_expand_dBC_delta/matMult_40_wo_bias/Stage_B[6]/CLA_B File: /home/sanghun/RVX/rvx-tutorials/platform/tip_emamba_v1/user/rtl/src/matMult_40_wo_bias.sv Line: 69
# ** Warning: (vsim-3722) /home/sanghun/RVX/rvx-tutorials/platform/tip_emamba_v1/user/rtl/src/matMult_40_wo_bias.sv(69): [TFMPC] - Missing connection for port 'carryOut'.
# ** Warning: (vsim-2685) [TFMPC] - Too few port connections for 'CLA_B'.  Expected 5, found 4.
#    Time: 0 ps  Iteration: 0  Instance: /TIP_EMAMBA_V1_SIM/i_platform/my_emamba_ip/eMamba/MAMBA_1st/SSM/SSM_Preprocess/Linear_expand_dBC_delta/matMult_40_wo_bias/Stage_B[7]/CLA_B File: /home/sanghun/RVX/rvx-tutorials/platform/tip_emamba_v1/user/rtl/src/matMult_40_wo_bias.sv Line: 69
# ** Warning: (vsim-3015) [PCDPC] - Port size (1) does not match connection size (32) for port 'carryIn'. The port definition is at: /home/sanghun/RVX/rvx-tutorials/platform/tip_emamba_v1/user/rtl/src/CLA_32.sv(26).
#    Time: 0 ps  Iteration: 0  Instance: /TIP_EMAMBA_V1_SIM/i_platform/my_emamba_ip/eMamba/MAMBA_1st/SSM/SSM_Preprocess/Linear_expand_dBC_delta/matMult_40_wo_bias/Stage_B[7]/CLA_B File: /home/sanghun/RVX/rvx-tutorials/platform/tip_emamba_v1/user/rtl/src/matMult_40_wo_bias.sv Line: 69
# ** Warning: (vsim-3722) /home/sanghun/RVX/rvx-tutorials/platform/tip_emamba_v1/user/rtl/src/matMult_40_wo_bias.sv(69): [TFMPC] - Missing connection for port 'carryOut'.
# ** Warning: (vsim-2685) [TFMPC] - Too few port connections for 'CLA_B'.  Expected 5, found 4.
#    Time: 0 ps  Iteration: 0  Instance: /TIP_EMAMBA_V1_SIM/i_platform/my_emamba_ip/eMamba/MAMBA_1st/SSM/SSM_Preprocess/Linear_expand_dBC_delta/matMult_40_wo_bias/Stage_B[8]/CLA_B File: /home/sanghun/RVX/rvx-tutorials/platform/tip_emamba_v1/user/rtl/src/matMult_40_wo_bias.sv Line: 69
# ** Warning: (vsim-3015) [PCDPC] - Port size (1) does not match connection size (32) for port 'carryIn'. The port definition is at: /home/sanghun/RVX/rvx-tutorials/platform/tip_emamba_v1/user/rtl/src/CLA_32.sv(26).
#    Time: 0 ps  Iteration: 0  Instance: /TIP_EMAMBA_V1_SIM/i_platform/my_emamba_ip/eMamba/MAMBA_1st/SSM/SSM_Preprocess/Linear_expand_dBC_delta/matMult_40_wo_bias/Stage_B[8]/CLA_B File: /home/sanghun/RVX/rvx-tutorials/platform/tip_emamba_v1/user/rtl/src/matMult_40_wo_bias.sv Line: 69
# ** Warning: (vsim-3722) /home/sanghun/RVX/rvx-tutorials/platform/tip_emamba_v1/user/rtl/src/matMult_40_wo_bias.sv(69): [TFMPC] - Missing connection for port 'carryOut'.
# ** Warning: (vsim-2685) [TFMPC] - Too few port connections for 'CLA_B'.  Expected 5, found 4.
#    Time: 0 ps  Iteration: 0  Instance: /TIP_EMAMBA_V1_SIM/i_platform/my_emamba_ip/eMamba/MAMBA_1st/SSM/SSM_Preprocess/Linear_expand_dBC_delta/matMult_40_wo_bias/Stage_B[9]/CLA_B File: /home/sanghun/RVX/rvx-tutorials/platform/tip_emamba_v1/user/rtl/src/matMult_40_wo_bias.sv Line: 69
# ** Warning: (vsim-3015) [PCDPC] - Port size (1) does not match connection size (32) for port 'carryIn'. The port definition is at: /home/sanghun/RVX/rvx-tutorials/platform/tip_emamba_v1/user/rtl/src/CLA_32.sv(26).
#    Time: 0 ps  Iteration: 0  Instance: /TIP_EMAMBA_V1_SIM/i_platform/my_emamba_ip/eMamba/MAMBA_1st/SSM/SSM_Preprocess/Linear_expand_dBC_delta/matMult_40_wo_bias/Stage_B[9]/CLA_B File: /home/sanghun/RVX/rvx-tutorials/platform/tip_emamba_v1/user/rtl/src/matMult_40_wo_bias.sv Line: 69
# ** Warning: (vsim-3722) /home/sanghun/RVX/rvx-tutorials/platform/tip_emamba_v1/user/rtl/src/matMult_40_wo_bias.sv(69): [TFMPC] - Missing connection for port 'carryOut'.
# ** Warning: (vsim-2685) [TFMPC] - Too few port connections for 'CLA_C'.  Expected 5, found 4.
#    Time: 0 ps  Iteration: 0  Instance: /TIP_EMAMBA_V1_SIM/i_platform/my_emamba_ip/eMamba/MAMBA_1st/SSM/SSM_Preprocess/Linear_expand_dBC_delta/matMult_40_wo_bias/Stage_C[0]/CLA_C File: /home/sanghun/RVX/rvx-tutorials/platform/tip_emamba_v1/user/rtl/src/matMult_40_wo_bias.sv Line: 79
# ** Warning: (vsim-3015) [PCDPC] - Port size (1) does not match connection size (32) for port 'carryIn'. The port definition is at: /home/sanghun/RVX/rvx-tutorials/platform/tip_emamba_v1/user/rtl/src/CLA_32.sv(26).
#    Time: 0 ps  Iteration: 0  Instance: /TIP_EMAMBA_V1_SIM/i_platform/my_emamba_ip/eMamba/MAMBA_1st/SSM/SSM_Preprocess/Linear_expand_dBC_delta/matMult_40_wo_bias/Stage_C[0]/CLA_C File: /home/sanghun/RVX/rvx-tutorials/platform/tip_emamba_v1/user/rtl/src/matMult_40_wo_bias.sv Line: 79
# ** Warning: (vsim-3722) /home/sanghun/RVX/rvx-tutorials/platform/tip_emamba_v1/user/rtl/src/matMult_40_wo_bias.sv(79): [TFMPC] - Missing connection for port 'carryOut'.
# ** Warning: (vsim-2685) [TFMPC] - Too few port connections for 'CLA_C'.  Expected 5, found 4.
#    Time: 0 ps  Iteration: 0  Instance: /TIP_EMAMBA_V1_SIM/i_platform/my_emamba_ip/eMamba/MAMBA_1st/SSM/SSM_Preprocess/Linear_expand_dBC_delta/matMult_40_wo_bias/Stage_C[1]/CLA_C File: /home/sanghun/RVX/rvx-tutorials/platform/tip_emamba_v1/user/rtl/src/matMult_40_wo_bias.sv Line: 79
# ** Warning: (vsim-3015) [PCDPC] - Port size (1) does not match connection size (32) for port 'carryIn'. The port definition is at: /home/sanghun/RVX/rvx-tutorials/platform/tip_emamba_v1/user/rtl/src/CLA_32.sv(26).
#    Time: 0 ps  Iteration: 0  Instance: /TIP_EMAMBA_V1_SIM/i_platform/my_emamba_ip/eMamba/MAMBA_1st/SSM/SSM_Preprocess/Linear_expand_dBC_delta/matMult_40_wo_bias/Stage_C[1]/CLA_C File: /home/sanghun/RVX/rvx-tutorials/platform/tip_emamba_v1/user/rtl/src/matMult_40_wo_bias.sv Line: 79
# ** Warning: (vsim-3722) /home/sanghun/RVX/rvx-tutorials/platform/tip_emamba_v1/user/rtl/src/matMult_40_wo_bias.sv(79): [TFMPC] - Missing connection for port 'carryOut'.
# ** Warning: (vsim-2685) [TFMPC] - Too few port connections for 'CLA_C'.  Expected 5, found 4.
#    Time: 0 ps  Iteration: 0  Instance: /TIP_EMAMBA_V1_SIM/i_platform/my_emamba_ip/eMamba/MAMBA_1st/SSM/SSM_Preprocess/Linear_expand_dBC_delta/matMult_40_wo_bias/Stage_C[2]/CLA_C File: /home/sanghun/RVX/rvx-tutorials/platform/tip_emamba_v1/user/rtl/src/matMult_40_wo_bias.sv Line: 79
# ** Warning: (vsim-3015) [PCDPC] - Port size (1) does not match connection size (32) for port 'carryIn'. The port definition is at: /home/sanghun/RVX/rvx-tutorials/platform/tip_emamba_v1/user/rtl/src/CLA_32.sv(26).
#    Time: 0 ps  Iteration: 0  Instance: /TIP_EMAMBA_V1_SIM/i_platform/my_emamba_ip/eMamba/MAMBA_1st/SSM/SSM_Preprocess/Linear_expand_dBC_delta/matMult_40_wo_bias/Stage_C[2]/CLA_C File: /home/sanghun/RVX/rvx-tutorials/platform/tip_emamba_v1/user/rtl/src/matMult_40_wo_bias.sv Line: 79
# ** Warning: (vsim-3722) /home/sanghun/RVX/rvx-tutorials/platform/tip_emamba_v1/user/rtl/src/matMult_40_wo_bias.sv(79): [TFMPC] - Missing connection for port 'carryOut'.
# ** Warning: (vsim-2685) [TFMPC] - Too few port connections for 'CLA_C'.  Expected 5, found 4.
#    Time: 0 ps  Iteration: 0  Instance: /TIP_EMAMBA_V1_SIM/i_platform/my_emamba_ip/eMamba/MAMBA_1st/SSM/SSM_Preprocess/Linear_expand_dBC_delta/matMult_40_wo_bias/Stage_C[3]/CLA_C File: /home/sanghun/RVX/rvx-tutorials/platform/tip_emamba_v1/user/rtl/src/matMult_40_wo_bias.sv Line: 79
# ** Warning: (vsim-3015) [PCDPC] - Port size (1) does not match connection size (32) for port 'carryIn'. The port definition is at: /home/sanghun/RVX/rvx-tutorials/platform/tip_emamba_v1/user/rtl/src/CLA_32.sv(26).
#    Time: 0 ps  Iteration: 0  Instance: /TIP_EMAMBA_V1_SIM/i_platform/my_emamba_ip/eMamba/MAMBA_1st/SSM/SSM_Preprocess/Linear_expand_dBC_delta/matMult_40_wo_bias/Stage_C[3]/CLA_C File: /home/sanghun/RVX/rvx-tutorials/platform/tip_emamba_v1/user/rtl/src/matMult_40_wo_bias.sv Line: 79
# ** Warning: (vsim-3722) /home/sanghun/RVX/rvx-tutorials/platform/tip_emamba_v1/user/rtl/src/matMult_40_wo_bias.sv(79): [TFMPC] - Missing connection for port 'carryOut'.
# ** Warning: (vsim-2685) [TFMPC] - Too few port connections for 'CLA_C'.  Expected 5, found 4.
#    Time: 0 ps  Iteration: 0  Instance: /TIP_EMAMBA_V1_SIM/i_platform/my_emamba_ip/eMamba/MAMBA_1st/SSM/SSM_Preprocess/Linear_expand_dBC_delta/matMult_40_wo_bias/Stage_C[4]/CLA_C File: /home/sanghun/RVX/rvx-tutorials/platform/tip_emamba_v1/user/rtl/src/matMult_40_wo_bias.sv Line: 79
# ** Warning: (vsim-3015) [PCDPC] - Port size (1) does not match connection size (32) for port 'carryIn'. The port definition is at: /home/sanghun/RVX/rvx-tutorials/platform/tip_emamba_v1/user/rtl/src/CLA_32.sv(26).
#    Time: 0 ps  Iteration: 0  Instance: /TIP_EMAMBA_V1_SIM/i_platform/my_emamba_ip/eMamba/MAMBA_1st/SSM/SSM_Preprocess/Linear_expand_dBC_delta/matMult_40_wo_bias/Stage_C[4]/CLA_C File: /home/sanghun/RVX/rvx-tutorials/platform/tip_emamba_v1/user/rtl/src/matMult_40_wo_bias.sv Line: 79
# ** Warning: (vsim-3722) /home/sanghun/RVX/rvx-tutorials/platform/tip_emamba_v1/user/rtl/src/matMult_40_wo_bias.sv(79): [TFMPC] - Missing connection for port 'carryOut'.
# ** Warning: (vsim-2685) [TFMPC] - Too few port connections for 'CLA_D'.  Expected 5, found 4.
#    Time: 0 ps  Iteration: 0  Instance: /TIP_EMAMBA_V1_SIM/i_platform/my_emamba_ip/eMamba/MAMBA_1st/SSM/SSM_Preprocess/Linear_expand_dBC_delta/matMult_40_wo_bias/Stage_D[0]/CLA_D File: /home/sanghun/RVX/rvx-tutorials/platform/tip_emamba_v1/user/rtl/src/matMult_40_wo_bias.sv Line: 89
# ** Warning: (vsim-3015) [PCDPC] - Port size (1) does not match connection size (32) for port 'carryIn'. The port definition is at: /home/sanghun/RVX/rvx-tutorials/platform/tip_emamba_v1/user/rtl/src/CLA_32.sv(26).
#    Time: 0 ps  Iteration: 0  Instance: /TIP_EMAMBA_V1_SIM/i_platform/my_emamba_ip/eMamba/MAMBA_1st/SSM/SSM_Preprocess/Linear_expand_dBC_delta/matMult_40_wo_bias/Stage_D[0]/CLA_D File: /home/sanghun/RVX/rvx-tutorials/platform/tip_emamba_v1/user/rtl/src/matMult_40_wo_bias.sv Line: 89
# ** Warning: (vsim-3722) /home/sanghun/RVX/rvx-tutorials/platform/tip_emamba_v1/user/rtl/src/matMult_40_wo_bias.sv(89): [TFMPC] - Missing connection for port 'carryOut'.
# ** Warning: (vsim-2685) [TFMPC] - Too few port connections for 'CLA_D'.  Expected 5, found 4.
#    Time: 0 ps  Iteration: 0  Instance: /TIP_EMAMBA_V1_SIM/i_platform/my_emamba_ip/eMamba/MAMBA_1st/SSM/SSM_Preprocess/Linear_expand_dBC_delta/matMult_40_wo_bias/Stage_D[1]/CLA_D File: /home/sanghun/RVX/rvx-tutorials/platform/tip_emamba_v1/user/rtl/src/matMult_40_wo_bias.sv Line: 89
# ** Warning: (vsim-3015) [PCDPC] - Port size (1) does not match connection size (32) for port 'carryIn'. The port definition is at: /home/sanghun/RVX/rvx-tutorials/platform/tip_emamba_v1/user/rtl/src/CLA_32.sv(26).
#    Time: 0 ps  Iteration: 0  Instance: /TIP_EMAMBA_V1_SIM/i_platform/my_emamba_ip/eMamba/MAMBA_1st/SSM/SSM_Preprocess/Linear_expand_dBC_delta/matMult_40_wo_bias/Stage_D[1]/CLA_D File: /home/sanghun/RVX/rvx-tutorials/platform/tip_emamba_v1/user/rtl/src/matMult_40_wo_bias.sv Line: 89
# ** Warning: (vsim-3722) /home/sanghun/RVX/rvx-tutorials/platform/tip_emamba_v1/user/rtl/src/matMult_40_wo_bias.sv(89): [TFMPC] - Missing connection for port 'carryOut'.
# ** Warning: (vsim-2685) [TFMPC] - Too few port connections for 'CLA_E'.  Expected 5, found 4.
#    Time: 0 ps  Iteration: 0  Instance: /TIP_EMAMBA_V1_SIM/i_platform/my_emamba_ip/eMamba/MAMBA_1st/SSM/SSM_Preprocess/Linear_expand_dBC_delta/matMult_40_wo_bias/CLA_E File: /home/sanghun/RVX/rvx-tutorials/platform/tip_emamba_v1/user/rtl/src/matMult_40_wo_bias.sv Line: 100
# ** Warning: (vsim-3015) [PCDPC] - Port size (1) does not match connection size (32) for port 'carryIn'. The port definition is at: /home/sanghun/RVX/rvx-tutorials/platform/tip_emamba_v1/user/rtl/src/CLA_32.sv(26).
#    Time: 0 ps  Iteration: 0  Instance: /TIP_EMAMBA_V1_SIM/i_platform/my_emamba_ip/eMamba/MAMBA_1st/SSM/SSM_Preprocess/Linear_expand_dBC_delta/matMult_40_wo_bias/CLA_E File: /home/sanghun/RVX/rvx-tutorials/platform/tip_emamba_v1/user/rtl/src/matMult_40_wo_bias.sv Line: 100
# ** Warning: (vsim-3722) /home/sanghun/RVX/rvx-tutorials/platform/tip_emamba_v1/user/rtl/src/matMult_40_wo_bias.sv(100): [TFMPC] - Missing connection for port 'carryOut'.
# ** Warning: (vsim-2685) [TFMPC] - Too few port connections for 'CLA_F'.  Expected 5, found 4.
#    Time: 0 ps  Iteration: 0  Instance: /TIP_EMAMBA_V1_SIM/i_platform/my_emamba_ip/eMamba/MAMBA_1st/SSM/SSM_Preprocess/Linear_expand_dBC_delta/matMult_40_wo_bias/CLA_F File: /home/sanghun/RVX/rvx-tutorials/platform/tip_emamba_v1/user/rtl/src/matMult_40_wo_bias.sv Line: 109
# ** Warning: (vsim-3015) [PCDPC] - Port size (1) does not match connection size (32) for port 'carryIn'. The port definition is at: /home/sanghun/RVX/rvx-tutorials/platform/tip_emamba_v1/user/rtl/src/CLA_32.sv(26).
#    Time: 0 ps  Iteration: 0  Instance: /TIP_EMAMBA_V1_SIM/i_platform/my_emamba_ip/eMamba/MAMBA_1st/SSM/SSM_Preprocess/Linear_expand_dBC_delta/matMult_40_wo_bias/CLA_F File: /home/sanghun/RVX/rvx-tutorials/platform/tip_emamba_v1/user/rtl/src/matMult_40_wo_bias.sv Line: 109
# ** Warning: (vsim-3722) /home/sanghun/RVX/rvx-tutorials/platform/tip_emamba_v1/user/rtl/src/matMult_40_wo_bias.sv(109): [TFMPC] - Missing connection for port 'carryOut'.
# ** Warning: (vsim-2685) [TFMPC] - Too few port connections for 'CLA_A'.  Expected 5, found 4.
#    Time: 0 ps  Iteration: 0  Instance: /TIP_EMAMBA_V1_SIM/i_platform/my_emamba_ip/eMamba/MAMBA_1st/SSM/SSM_Preprocess/Linear_expand_dBC_B/matMult_40_wo_bias/Stage_A[0]/CLA_A File: /home/sanghun/RVX/rvx-tutorials/platform/tip_emamba_v1/user/rtl/src/matMult_40_wo_bias.sv Line: 59
# ** Warning: (vsim-3015) [PCDPC] - Port size (1) does not match connection size (32) for port 'carryIn'. The port definition is at: /home/sanghun/RVX/rvx-tutorials/platform/tip_emamba_v1/user/rtl/src/CLA_32.sv(26).
#    Time: 0 ps  Iteration: 0  Instance: /TIP_EMAMBA_V1_SIM/i_platform/my_emamba_ip/eMamba/MAMBA_1st/SSM/SSM_Preprocess/Linear_expand_dBC_B/matMult_40_wo_bias/Stage_A[0]/CLA_A File: /home/sanghun/RVX/rvx-tutorials/platform/tip_emamba_v1/user/rtl/src/matMult_40_wo_bias.sv Line: 59
# ** Warning: (vsim-3722) /home/sanghun/RVX/rvx-tutorials/platform/tip_emamba_v1/user/rtl/src/matMult_40_wo_bias.sv(59): [TFMPC] - Missing connection for port 'carryOut'.
# ** Warning: (vsim-2685) [TFMPC] - Too few port connections for 'CLA_A'.  Expected 5, found 4.
#    Time: 0 ps  Iteration: 0  Instance: /TIP_EMAMBA_V1_SIM/i_platform/my_emamba_ip/eMamba/MAMBA_1st/SSM/SSM_Preprocess/Linear_expand_dBC_B/matMult_40_wo_bias/Stage_A[1]/CLA_A File: /home/sanghun/RVX/rvx-tutorials/platform/tip_emamba_v1/user/rtl/src/matMult_40_wo_bias.sv Line: 59
# ** Warning: (vsim-3015) [PCDPC] - Port size (1) does not match connection size (32) for port 'carryIn'. The port definition is at: /home/sanghun/RVX/rvx-tutorials/platform/tip_emamba_v1/user/rtl/src/CLA_32.sv(26).
#    Time: 0 ps  Iteration: 0  Instance: /TIP_EMAMBA_V1_SIM/i_platform/my_emamba_ip/eMamba/MAMBA_1st/SSM/SSM_Preprocess/Linear_expand_dBC_B/matMult_40_wo_bias/Stage_A[1]/CLA_A File: /home/sanghun/RVX/rvx-tutorials/platform/tip_emamba_v1/user/rtl/src/matMult_40_wo_bias.sv Line: 59
# ** Warning: (vsim-3722) /home/sanghun/RVX/rvx-tutorials/platform/tip_emamba_v1/user/rtl/src/matMult_40_wo_bias.sv(59): [TFMPC] - Missing connection for port 'carryOut'.
# ** Warning: (vsim-2685) [TFMPC] - Too few port connections for 'CLA_A'.  Expected 5, found 4.
#    Time: 0 ps  Iteration: 0  Instance: /TIP_EMAMBA_V1_SIM/i_platform/my_emamba_ip/eMamba/MAMBA_1st/SSM/SSM_Preprocess/Linear_expand_dBC_B/matMult_40_wo_bias/Stage_A[2]/CLA_A File: /home/sanghun/RVX/rvx-tutorials/platform/tip_emamba_v1/user/rtl/src/matMult_40_wo_bias.sv Line: 59
# ** Warning: (vsim-3015) [PCDPC] - Port size (1) does not match connection size (32) for port 'carryIn'. The port definition is at: /home/sanghun/RVX/rvx-tutorials/platform/tip_emamba_v1/user/rtl/src/CLA_32.sv(26).
#    Time: 0 ps  Iteration: 0  Instance: /TIP_EMAMBA_V1_SIM/i_platform/my_emamba_ip/eMamba/MAMBA_1st/SSM/SSM_Preprocess/Linear_expand_dBC_B/matMult_40_wo_bias/Stage_A[2]/CLA_A File: /home/sanghun/RVX/rvx-tutorials/platform/tip_emamba_v1/user/rtl/src/matMult_40_wo_bias.sv Line: 59
# ** Warning: (vsim-3722) /home/sanghun/RVX/rvx-tutorials/platform/tip_emamba_v1/user/rtl/src/matMult_40_wo_bias.sv(59): [TFMPC] - Missing connection for port 'carryOut'.
# ** Warning: (vsim-2685) [TFMPC] - Too few port connections for 'CLA_A'.  Expected 5, found 4.
#    Time: 0 ps  Iteration: 0  Instance: /TIP_EMAMBA_V1_SIM/i_platform/my_emamba_ip/eMamba/MAMBA_1st/SSM/SSM_Preprocess/Linear_expand_dBC_B/matMult_40_wo_bias/Stage_A[3]/CLA_A File: /home/sanghun/RVX/rvx-tutorials/platform/tip_emamba_v1/user/rtl/src/matMult_40_wo_bias.sv Line: 59
# ** Warning: (vsim-3015) [PCDPC] - Port size (1) does not match connection size (32) for port 'carryIn'. The port definition is at: /home/sanghun/RVX/rvx-tutorials/platform/tip_emamba_v1/user/rtl/src/CLA_32.sv(26).
#    Time: 0 ps  Iteration: 0  Instance: /TIP_EMAMBA_V1_SIM/i_platform/my_emamba_ip/eMamba/MAMBA_1st/SSM/SSM_Preprocess/Linear_expand_dBC_B/matMult_40_wo_bias/Stage_A[3]/CLA_A File: /home/sanghun/RVX/rvx-tutorials/platform/tip_emamba_v1/user/rtl/src/matMult_40_wo_bias.sv Line: 59
# ** Warning: (vsim-3722) /home/sanghun/RVX/rvx-tutorials/platform/tip_emamba_v1/user/rtl/src/matMult_40_wo_bias.sv(59): [TFMPC] - Missing connection for port 'carryOut'.
# ** Warning: (vsim-2685) [TFMPC] - Too few port connections for 'CLA_A'.  Expected 5, found 4.
#    Time: 0 ps  Iteration: 0  Instance: /TIP_EMAMBA_V1_SIM/i_platform/my_emamba_ip/eMamba/MAMBA_1st/SSM/SSM_Preprocess/Linear_expand_dBC_B/matMult_40_wo_bias/Stage_A[4]/CLA_A File: /home/sanghun/RVX/rvx-tutorials/platform/tip_emamba_v1/user/rtl/src/matMult_40_wo_bias.sv Line: 59
# ** Warning: (vsim-3015) [PCDPC] - Port size (1) does not match connection size (32) for port 'carryIn'. The port definition is at: /home/sanghun/RVX/rvx-tutorials/platform/tip_emamba_v1/user/rtl/src/CLA_32.sv(26).
#    Time: 0 ps  Iteration: 0  Instance: /TIP_EMAMBA_V1_SIM/i_platform/my_emamba_ip/eMamba/MAMBA_1st/SSM/SSM_Preprocess/Linear_expand_dBC_B/matMult_40_wo_bias/Stage_A[4]/CLA_A File: /home/sanghun/RVX/rvx-tutorials/platform/tip_emamba_v1/user/rtl/src/matMult_40_wo_bias.sv Line: 59
# ** Warning: (vsim-3722) /home/sanghun/RVX/rvx-tutorials/platform/tip_emamba_v1/user/rtl/src/matMult_40_wo_bias.sv(59): [TFMPC] - Missing connection for port 'carryOut'.
# ** Warning: (vsim-2685) [TFMPC] - Too few port connections for 'CLA_A'.  Expected 5, found 4.
#    Time: 0 ps  Iteration: 0  Instance: /TIP_EMAMBA_V1_SIM/i_platform/my_emamba_ip/eMamba/MAMBA_1st/SSM/SSM_Preprocess/Linear_expand_dBC_B/matMult_40_wo_bias/Stage_A[5]/CLA_A File: /home/sanghun/RVX/rvx-tutorials/platform/tip_emamba_v1/user/rtl/src/matMult_40_wo_bias.sv Line: 59
# ** Warning: (vsim-3015) [PCDPC] - Port size (1) does not match connection size (32) for port 'carryIn'. The port definition is at: /home/sanghun/RVX/rvx-tutorials/platform/tip_emamba_v1/user/rtl/src/CLA_32.sv(26).
#    Time: 0 ps  Iteration: 0  Instance: /TIP_EMAMBA_V1_SIM/i_platform/my_emamba_ip/eMamba/MAMBA_1st/SSM/SSM_Preprocess/Linear_expand_dBC_B/matMult_40_wo_bias/Stage_A[5]/CLA_A File: /home/sanghun/RVX/rvx-tutorials/platform/tip_emamba_v1/user/rtl/src/matMult_40_wo_bias.sv Line: 59
# ** Warning: (vsim-3722) /home/sanghun/RVX/rvx-tutorials/platform/tip_emamba_v1/user/rtl/src/matMult_40_wo_bias.sv(59): [TFMPC] - Missing connection for port 'carryOut'.
# ** Warning: (vsim-2685) [TFMPC] - Too few port connections for 'CLA_A'.  Expected 5, found 4.
#    Time: 0 ps  Iteration: 0  Instance: /TIP_EMAMBA_V1_SIM/i_platform/my_emamba_ip/eMamba/MAMBA_1st/SSM/SSM_Preprocess/Linear_expand_dBC_B/matMult_40_wo_bias/Stage_A[6]/CLA_A File: /home/sanghun/RVX/rvx-tutorials/platform/tip_emamba_v1/user/rtl/src/matMult_40_wo_bias.sv Line: 59
# ** Warning: (vsim-3015) [PCDPC] - Port size (1) does not match connection size (32) for port 'carryIn'. The port definition is at: /home/sanghun/RVX/rvx-tutorials/platform/tip_emamba_v1/user/rtl/src/CLA_32.sv(26).
#    Time: 0 ps  Iteration: 0  Instance: /TIP_EMAMBA_V1_SIM/i_platform/my_emamba_ip/eMamba/MAMBA_1st/SSM/SSM_Preprocess/Linear_expand_dBC_B/matMult_40_wo_bias/Stage_A[6]/CLA_A File: /home/sanghun/RVX/rvx-tutorials/platform/tip_emamba_v1/user/rtl/src/matMult_40_wo_bias.sv Line: 59
# ** Warning: (vsim-3722) /home/sanghun/RVX/rvx-tutorials/platform/tip_emamba_v1/user/rtl/src/matMult_40_wo_bias.sv(59): [TFMPC] - Missing connection for port 'carryOut'.
# ** Warning: (vsim-2685) [TFMPC] - Too few port connections for 'CLA_A'.  Expected 5, found 4.
#    Time: 0 ps  Iteration: 0  Instance: /TIP_EMAMBA_V1_SIM/i_platform/my_emamba_ip/eMamba/MAMBA_1st/SSM/SSM_Preprocess/Linear_expand_dBC_B/matMult_40_wo_bias/Stage_A[7]/CLA_A File: /home/sanghun/RVX/rvx-tutorials/platform/tip_emamba_v1/user/rtl/src/matMult_40_wo_bias.sv Line: 59
# ** Warning: (vsim-3015) [PCDPC] - Port size (1) does not match connection size (32) for port 'carryIn'. The port definition is at: /home/sanghun/RVX/rvx-tutorials/platform/tip_emamba_v1/user/rtl/src/CLA_32.sv(26).
#    Time: 0 ps  Iteration: 0  Instance: /TIP_EMAMBA_V1_SIM/i_platform/my_emamba_ip/eMamba/MAMBA_1st/SSM/SSM_Preprocess/Linear_expand_dBC_B/matMult_40_wo_bias/Stage_A[7]/CLA_A File: /home/sanghun/RVX/rvx-tutorials/platform/tip_emamba_v1/user/rtl/src/matMult_40_wo_bias.sv Line: 59
# ** Warning: (vsim-3722) /home/sanghun/RVX/rvx-tutorials/platform/tip_emamba_v1/user/rtl/src/matMult_40_wo_bias.sv(59): [TFMPC] - Missing connection for port 'carryOut'.
# ** Warning: (vsim-2685) [TFMPC] - Too few port connections for 'CLA_A'.  Expected 5, found 4.
#    Time: 0 ps  Iteration: 0  Instance: /TIP_EMAMBA_V1_SIM/i_platform/my_emamba_ip/eMamba/MAMBA_1st/SSM/SSM_Preprocess/Linear_expand_dBC_B/matMult_40_wo_bias/Stage_A[8]/CLA_A File: /home/sanghun/RVX/rvx-tutorials/platform/tip_emamba_v1/user/rtl/src/matMult_40_wo_bias.sv Line: 59
# ** Warning: (vsim-3015) [PCDPC] - Port size (1) does not match connection size (32) for port 'carryIn'. The port definition is at: /home/sanghun/RVX/rvx-tutorials/platform/tip_emamba_v1/user/rtl/src/CLA_32.sv(26).
#    Time: 0 ps  Iteration: 0  Instance: /TIP_EMAMBA_V1_SIM/i_platform/my_emamba_ip/eMamba/MAMBA_1st/SSM/SSM_Preprocess/Linear_expand_dBC_B/matMult_40_wo_bias/Stage_A[8]/CLA_A File: /home/sanghun/RVX/rvx-tutorials/platform/tip_emamba_v1/user/rtl/src/matMult_40_wo_bias.sv Line: 59
# ** Warning: (vsim-3722) /home/sanghun/RVX/rvx-tutorials/platform/tip_emamba_v1/user/rtl/src/matMult_40_wo_bias.sv(59): [TFMPC] - Missing connection for port 'carryOut'.
# ** Warning: (vsim-2685) [TFMPC] - Too few port connections for 'CLA_A'.  Expected 5, found 4.
#    Time: 0 ps  Iteration: 0  Instance: /TIP_EMAMBA_V1_SIM/i_platform/my_emamba_ip/eMamba/MAMBA_1st/SSM/SSM_Preprocess/Linear_expand_dBC_B/matMult_40_wo_bias/Stage_A[9]/CLA_A File: /home/sanghun/RVX/rvx-tutorials/platform/tip_emamba_v1/user/rtl/src/matMult_40_wo_bias.sv Line: 59
# ** Warning: (vsim-3015) [PCDPC] - Port size (1) does not match connection size (32) for port 'carryIn'. The port definition is at: /home/sanghun/RVX/rvx-tutorials/platform/tip_emamba_v1/user/rtl/src/CLA_32.sv(26).
#    Time: 0 ps  Iteration: 0  Instance: /TIP_EMAMBA_V1_SIM/i_platform/my_emamba_ip/eMamba/MAMBA_1st/SSM/SSM_Preprocess/Linear_expand_dBC_B/matMult_40_wo_bias/Stage_A[9]/CLA_A File: /home/sanghun/RVX/rvx-tutorials/platform/tip_emamba_v1/user/rtl/src/matMult_40_wo_bias.sv Line: 59
# ** Warning: (vsim-3722) /home/sanghun/RVX/rvx-tutorials/platform/tip_emamba_v1/user/rtl/src/matMult_40_wo_bias.sv(59): [TFMPC] - Missing connection for port 'carryOut'.
# ** Warning: (vsim-2685) [TFMPC] - Too few port connections for 'CLA_A'.  Expected 5, found 4.
#    Time: 0 ps  Iteration: 0  Instance: /TIP_EMAMBA_V1_SIM/i_platform/my_emamba_ip/eMamba/MAMBA_1st/SSM/SSM_Preprocess/Linear_expand_dBC_B/matMult_40_wo_bias/Stage_A[10]/CLA_A File: /home/sanghun/RVX/rvx-tutorials/platform/tip_emamba_v1/user/rtl/src/matMult_40_wo_bias.sv Line: 59
# ** Warning: (vsim-3015) [PCDPC] - Port size (1) does not match connection size (32) for port 'carryIn'. The port definition is at: /home/sanghun/RVX/rvx-tutorials/platform/tip_emamba_v1/user/rtl/src/CLA_32.sv(26).
#    Time: 0 ps  Iteration: 0  Instance: /TIP_EMAMBA_V1_SIM/i_platform/my_emamba_ip/eMamba/MAMBA_1st/SSM/SSM_Preprocess/Linear_expand_dBC_B/matMult_40_wo_bias/Stage_A[10]/CLA_A File: /home/sanghun/RVX/rvx-tutorials/platform/tip_emamba_v1/user/rtl/src/matMult_40_wo_bias.sv Line: 59
# ** Warning: (vsim-3722) /home/sanghun/RVX/rvx-tutorials/platform/tip_emamba_v1/user/rtl/src/matMult_40_wo_bias.sv(59): [TFMPC] - Missing connection for port 'carryOut'.
# ** Warning: (vsim-2685) [TFMPC] - Too few port connections for 'CLA_A'.  Expected 5, found 4.
#    Time: 0 ps  Iteration: 0  Instance: /TIP_EMAMBA_V1_SIM/i_platform/my_emamba_ip/eMamba/MAMBA_1st/SSM/SSM_Preprocess/Linear_expand_dBC_B/matMult_40_wo_bias/Stage_A[11]/CLA_A File: /home/sanghun/RVX/rvx-tutorials/platform/tip_emamba_v1/user/rtl/src/matMult_40_wo_bias.sv Line: 59
# ** Warning: (vsim-3015) [PCDPC] - Port size (1) does not match connection size (32) for port 'carryIn'. The port definition is at: /home/sanghun/RVX/rvx-tutorials/platform/tip_emamba_v1/user/rtl/src/CLA_32.sv(26).
#    Time: 0 ps  Iteration: 0  Instance: /TIP_EMAMBA_V1_SIM/i_platform/my_emamba_ip/eMamba/MAMBA_1st/SSM/SSM_Preprocess/Linear_expand_dBC_B/matMult_40_wo_bias/Stage_A[11]/CLA_A File: /home/sanghun/RVX/rvx-tutorials/platform/tip_emamba_v1/user/rtl/src/matMult_40_wo_bias.sv Line: 59
# ** Warning: (vsim-3722) /home/sanghun/RVX/rvx-tutorials/platform/tip_emamba_v1/user/rtl/src/matMult_40_wo_bias.sv(59): [TFMPC] - Missing connection for port 'carryOut'.
# ** Warning: (vsim-2685) [TFMPC] - Too few port connections for 'CLA_A'.  Expected 5, found 4.
#    Time: 0 ps  Iteration: 0  Instance: /TIP_EMAMBA_V1_SIM/i_platform/my_emamba_ip/eMamba/MAMBA_1st/SSM/SSM_Preprocess/Linear_expand_dBC_B/matMult_40_wo_bias/Stage_A[12]/CLA_A File: /home/sanghun/RVX/rvx-tutorials/platform/tip_emamba_v1/user/rtl/src/matMult_40_wo_bias.sv Line: 59
# ** Warning: (vsim-3015) [PCDPC] - Port size (1) does not match connection size (32) for port 'carryIn'. The port definition is at: /home/sanghun/RVX/rvx-tutorials/platform/tip_emamba_v1/user/rtl/src/CLA_32.sv(26).
#    Time: 0 ps  Iteration: 0  Instance: /TIP_EMAMBA_V1_SIM/i_platform/my_emamba_ip/eMamba/MAMBA_1st/SSM/SSM_Preprocess/Linear_expand_dBC_B/matMult_40_wo_bias/Stage_A[12]/CLA_A File: /home/sanghun/RVX/rvx-tutorials/platform/tip_emamba_v1/user/rtl/src/matMult_40_wo_bias.sv Line: 59
# ** Warning: (vsim-3722) /home/sanghun/RVX/rvx-tutorials/platform/tip_emamba_v1/user/rtl/src/matMult_40_wo_bias.sv(59): [TFMPC] - Missing connection for port 'carryOut'.
# ** Warning: (vsim-2685) [TFMPC] - Too few port connections for 'CLA_A'.  Expected 5, found 4.
#    Time: 0 ps  Iteration: 0  Instance: /TIP_EMAMBA_V1_SIM/i_platform/my_emamba_ip/eMamba/MAMBA_1st/SSM/SSM_Preprocess/Linear_expand_dBC_B/matMult_40_wo_bias/Stage_A[13]/CLA_A File: /home/sanghun/RVX/rvx-tutorials/platform/tip_emamba_v1/user/rtl/src/matMult_40_wo_bias.sv Line: 59
# ** Warning: (vsim-3015) [PCDPC] - Port size (1) does not match connection size (32) for port 'carryIn'. The port definition is at: /home/sanghun/RVX/rvx-tutorials/platform/tip_emamba_v1/user/rtl/src/CLA_32.sv(26).
#    Time: 0 ps  Iteration: 0  Instance: /TIP_EMAMBA_V1_SIM/i_platform/my_emamba_ip/eMamba/MAMBA_1st/SSM/SSM_Preprocess/Linear_expand_dBC_B/matMult_40_wo_bias/Stage_A[13]/CLA_A File: /home/sanghun/RVX/rvx-tutorials/platform/tip_emamba_v1/user/rtl/src/matMult_40_wo_bias.sv Line: 59
# ** Warning: (vsim-3722) /home/sanghun/RVX/rvx-tutorials/platform/tip_emamba_v1/user/rtl/src/matMult_40_wo_bias.sv(59): [TFMPC] - Missing connection for port 'carryOut'.
# ** Warning: (vsim-2685) [TFMPC] - Too few port connections for 'CLA_A'.  Expected 5, found 4.
#    Time: 0 ps  Iteration: 0  Instance: /TIP_EMAMBA_V1_SIM/i_platform/my_emamba_ip/eMamba/MAMBA_1st/SSM/SSM_Preprocess/Linear_expand_dBC_B/matMult_40_wo_bias/Stage_A[14]/CLA_A File: /home/sanghun/RVX/rvx-tutorials/platform/tip_emamba_v1/user/rtl/src/matMult_40_wo_bias.sv Line: 59
# ** Warning: (vsim-3015) [PCDPC] - Port size (1) does not match connection size (32) for port 'carryIn'. The port definition is at: /home/sanghun/RVX/rvx-tutorials/platform/tip_emamba_v1/user/rtl/src/CLA_32.sv(26).
#    Time: 0 ps  Iteration: 0  Instance: /TIP_EMAMBA_V1_SIM/i_platform/my_emamba_ip/eMamba/MAMBA_1st/SSM/SSM_Preprocess/Linear_expand_dBC_B/matMult_40_wo_bias/Stage_A[14]/CLA_A File: /home/sanghun/RVX/rvx-tutorials/platform/tip_emamba_v1/user/rtl/src/matMult_40_wo_bias.sv Line: 59
# ** Warning: (vsim-3722) /home/sanghun/RVX/rvx-tutorials/platform/tip_emamba_v1/user/rtl/src/matMult_40_wo_bias.sv(59): [TFMPC] - Missing connection for port 'carryOut'.
# ** Warning: (vsim-2685) [TFMPC] - Too few port connections for 'CLA_A'.  Expected 5, found 4.
#    Time: 0 ps  Iteration: 0  Instance: /TIP_EMAMBA_V1_SIM/i_platform/my_emamba_ip/eMamba/MAMBA_1st/SSM/SSM_Preprocess/Linear_expand_dBC_B/matMult_40_wo_bias/Stage_A[15]/CLA_A File: /home/sanghun/RVX/rvx-tutorials/platform/tip_emamba_v1/user/rtl/src/matMult_40_wo_bias.sv Line: 59
# ** Warning: (vsim-3015) [PCDPC] - Port size (1) does not match connection size (32) for port 'carryIn'. The port definition is at: /home/sanghun/RVX/rvx-tutorials/platform/tip_emamba_v1/user/rtl/src/CLA_32.sv(26).
#    Time: 0 ps  Iteration: 0  Instance: /TIP_EMAMBA_V1_SIM/i_platform/my_emamba_ip/eMamba/MAMBA_1st/SSM/SSM_Preprocess/Linear_expand_dBC_B/matMult_40_wo_bias/Stage_A[15]/CLA_A File: /home/sanghun/RVX/rvx-tutorials/platform/tip_emamba_v1/user/rtl/src/matMult_40_wo_bias.sv Line: 59
# ** Warning: (vsim-3722) /home/sanghun/RVX/rvx-tutorials/platform/tip_emamba_v1/user/rtl/src/matMult_40_wo_bias.sv(59): [TFMPC] - Missing connection for port 'carryOut'.
# ** Warning: (vsim-2685) [TFMPC] - Too few port connections for 'CLA_A'.  Expected 5, found 4.
#    Time: 0 ps  Iteration: 0  Instance: /TIP_EMAMBA_V1_SIM/i_platform/my_emamba_ip/eMamba/MAMBA_1st/SSM/SSM_Preprocess/Linear_expand_dBC_B/matMult_40_wo_bias/Stage_A[16]/CLA_A File: /home/sanghun/RVX/rvx-tutorials/platform/tip_emamba_v1/user/rtl/src/matMult_40_wo_bias.sv Line: 59
# ** Warning: (vsim-3015) [PCDPC] - Port size (1) does not match connection size (32) for port 'carryIn'. The port definition is at: /home/sanghun/RVX/rvx-tutorials/platform/tip_emamba_v1/user/rtl/src/CLA_32.sv(26).
#    Time: 0 ps  Iteration: 0  Instance: /TIP_EMAMBA_V1_SIM/i_platform/my_emamba_ip/eMamba/MAMBA_1st/SSM/SSM_Preprocess/Linear_expand_dBC_B/matMult_40_wo_bias/Stage_A[16]/CLA_A File: /home/sanghun/RVX/rvx-tutorials/platform/tip_emamba_v1/user/rtl/src/matMult_40_wo_bias.sv Line: 59
# ** Warning: (vsim-3722) /home/sanghun/RVX/rvx-tutorials/platform/tip_emamba_v1/user/rtl/src/matMult_40_wo_bias.sv(59): [TFMPC] - Missing connection for port 'carryOut'.
# ** Warning: (vsim-2685) [TFMPC] - Too few port connections for 'CLA_A'.  Expected 5, found 4.
#    Time: 0 ps  Iteration: 0  Instance: /TIP_EMAMBA_V1_SIM/i_platform/my_emamba_ip/eMamba/MAMBA_1st/SSM/SSM_Preprocess/Linear_expand_dBC_B/matMult_40_wo_bias/Stage_A[17]/CLA_A File: /home/sanghun/RVX/rvx-tutorials/platform/tip_emamba_v1/user/rtl/src/matMult_40_wo_bias.sv Line: 59
# ** Warning: (vsim-3015) [PCDPC] - Port size (1) does not match connection size (32) for port 'carryIn'. The port definition is at: /home/sanghun/RVX/rvx-tutorials/platform/tip_emamba_v1/user/rtl/src/CLA_32.sv(26).
#    Time: 0 ps  Iteration: 0  Instance: /TIP_EMAMBA_V1_SIM/i_platform/my_emamba_ip/eMamba/MAMBA_1st/SSM/SSM_Preprocess/Linear_expand_dBC_B/matMult_40_wo_bias/Stage_A[17]/CLA_A File: /home/sanghun/RVX/rvx-tutorials/platform/tip_emamba_v1/user/rtl/src/matMult_40_wo_bias.sv Line: 59
# ** Warning: (vsim-3722) /home/sanghun/RVX/rvx-tutorials/platform/tip_emamba_v1/user/rtl/src/matMult_40_wo_bias.sv(59): [TFMPC] - Missing connection for port 'carryOut'.
# ** Warning: (vsim-2685) [TFMPC] - Too few port connections for 'CLA_A'.  Expected 5, found 4.
#    Time: 0 ps  Iteration: 0  Instance: /TIP_EMAMBA_V1_SIM/i_platform/my_emamba_ip/eMamba/MAMBA_1st/SSM/SSM_Preprocess/Linear_expand_dBC_B/matMult_40_wo_bias/Stage_A[18]/CLA_A File: /home/sanghun/RVX/rvx-tutorials/platform/tip_emamba_v1/user/rtl/src/matMult_40_wo_bias.sv Line: 59
# ** Warning: (vsim-3015) [PCDPC] - Port size (1) does not match connection size (32) for port 'carryIn'. The port definition is at: /home/sanghun/RVX/rvx-tutorials/platform/tip_emamba_v1/user/rtl/src/CLA_32.sv(26).
#    Time: 0 ps  Iteration: 0  Instance: /TIP_EMAMBA_V1_SIM/i_platform/my_emamba_ip/eMamba/MAMBA_1st/SSM/SSM_Preprocess/Linear_expand_dBC_B/matMult_40_wo_bias/Stage_A[18]/CLA_A File: /home/sanghun/RVX/rvx-tutorials/platform/tip_emamba_v1/user/rtl/src/matMult_40_wo_bias.sv Line: 59
# ** Warning: (vsim-3722) /home/sanghun/RVX/rvx-tutorials/platform/tip_emamba_v1/user/rtl/src/matMult_40_wo_bias.sv(59): [TFMPC] - Missing connection for port 'carryOut'.
# ** Warning: (vsim-2685) [TFMPC] - Too few port connections for 'CLA_A'.  Expected 5, found 4.
#    Time: 0 ps  Iteration: 0  Instance: /TIP_EMAMBA_V1_SIM/i_platform/my_emamba_ip/eMamba/MAMBA_1st/SSM/SSM_Preprocess/Linear_expand_dBC_B/matMult_40_wo_bias/Stage_A[19]/CLA_A File: /home/sanghun/RVX/rvx-tutorials/platform/tip_emamba_v1/user/rtl/src/matMult_40_wo_bias.sv Line: 59
# ** Warning: (vsim-3015) [PCDPC] - Port size (1) does not match connection size (32) for port 'carryIn'. The port definition is at: /home/sanghun/RVX/rvx-tutorials/platform/tip_emamba_v1/user/rtl/src/CLA_32.sv(26).
#    Time: 0 ps  Iteration: 0  Instance: /TIP_EMAMBA_V1_SIM/i_platform/my_emamba_ip/eMamba/MAMBA_1st/SSM/SSM_Preprocess/Linear_expand_dBC_B/matMult_40_wo_bias/Stage_A[19]/CLA_A File: /home/sanghun/RVX/rvx-tutorials/platform/tip_emamba_v1/user/rtl/src/matMult_40_wo_bias.sv Line: 59
# ** Warning: (vsim-3722) /home/sanghun/RVX/rvx-tutorials/platform/tip_emamba_v1/user/rtl/src/matMult_40_wo_bias.sv(59): [TFMPC] - Missing connection for port 'carryOut'.
# ** Warning: (vsim-2685) [TFMPC] - Too few port connections for 'CLA_B'.  Expected 5, found 4.
#    Time: 0 ps  Iteration: 0  Instance: /TIP_EMAMBA_V1_SIM/i_platform/my_emamba_ip/eMamba/MAMBA_1st/SSM/SSM_Preprocess/Linear_expand_dBC_B/matMult_40_wo_bias/Stage_B[0]/CLA_B File: /home/sanghun/RVX/rvx-tutorials/platform/tip_emamba_v1/user/rtl/src/matMult_40_wo_bias.sv Line: 69
# ** Warning: (vsim-3015) [PCDPC] - Port size (1) does not match connection size (32) for port 'carryIn'. The port definition is at: /home/sanghun/RVX/rvx-tutorials/platform/tip_emamba_v1/user/rtl/src/CLA_32.sv(26).
#    Time: 0 ps  Iteration: 0  Instance: /TIP_EMAMBA_V1_SIM/i_platform/my_emamba_ip/eMamba/MAMBA_1st/SSM/SSM_Preprocess/Linear_expand_dBC_B/matMult_40_wo_bias/Stage_B[0]/CLA_B File: /home/sanghun/RVX/rvx-tutorials/platform/tip_emamba_v1/user/rtl/src/matMult_40_wo_bias.sv Line: 69
# ** Warning: (vsim-3722) /home/sanghun/RVX/rvx-tutorials/platform/tip_emamba_v1/user/rtl/src/matMult_40_wo_bias.sv(69): [TFMPC] - Missing connection for port 'carryOut'.
# ** Warning: (vsim-2685) [TFMPC] - Too few port connections for 'CLA_B'.  Expected 5, found 4.
#    Time: 0 ps  Iteration: 0  Instance: /TIP_EMAMBA_V1_SIM/i_platform/my_emamba_ip/eMamba/MAMBA_1st/SSM/SSM_Preprocess/Linear_expand_dBC_B/matMult_40_wo_bias/Stage_B[1]/CLA_B File: /home/sanghun/RVX/rvx-tutorials/platform/tip_emamba_v1/user/rtl/src/matMult_40_wo_bias.sv Line: 69
# ** Warning: (vsim-3015) [PCDPC] - Port size (1) does not match connection size (32) for port 'carryIn'. The port definition is at: /home/sanghun/RVX/rvx-tutorials/platform/tip_emamba_v1/user/rtl/src/CLA_32.sv(26).
#    Time: 0 ps  Iteration: 0  Instance: /TIP_EMAMBA_V1_SIM/i_platform/my_emamba_ip/eMamba/MAMBA_1st/SSM/SSM_Preprocess/Linear_expand_dBC_B/matMult_40_wo_bias/Stage_B[1]/CLA_B File: /home/sanghun/RVX/rvx-tutorials/platform/tip_emamba_v1/user/rtl/src/matMult_40_wo_bias.sv Line: 69
# ** Warning: (vsim-3722) /home/sanghun/RVX/rvx-tutorials/platform/tip_emamba_v1/user/rtl/src/matMult_40_wo_bias.sv(69): [TFMPC] - Missing connection for port 'carryOut'.
# ** Warning: (vsim-2685) [TFMPC] - Too few port connections for 'CLA_B'.  Expected 5, found 4.
#    Time: 0 ps  Iteration: 0  Instance: /TIP_EMAMBA_V1_SIM/i_platform/my_emamba_ip/eMamba/MAMBA_1st/SSM/SSM_Preprocess/Linear_expand_dBC_B/matMult_40_wo_bias/Stage_B[2]/CLA_B File: /home/sanghun/RVX/rvx-tutorials/platform/tip_emamba_v1/user/rtl/src/matMult_40_wo_bias.sv Line: 69
# ** Warning: (vsim-3015) [PCDPC] - Port size (1) does not match connection size (32) for port 'carryIn'. The port definition is at: /home/sanghun/RVX/rvx-tutorials/platform/tip_emamba_v1/user/rtl/src/CLA_32.sv(26).
#    Time: 0 ps  Iteration: 0  Instance: /TIP_EMAMBA_V1_SIM/i_platform/my_emamba_ip/eMamba/MAMBA_1st/SSM/SSM_Preprocess/Linear_expand_dBC_B/matMult_40_wo_bias/Stage_B[2]/CLA_B File: /home/sanghun/RVX/rvx-tutorials/platform/tip_emamba_v1/user/rtl/src/matMult_40_wo_bias.sv Line: 69
# ** Warning: (vsim-3722) /home/sanghun/RVX/rvx-tutorials/platform/tip_emamba_v1/user/rtl/src/matMult_40_wo_bias.sv(69): [TFMPC] - Missing connection for port 'carryOut'.
# ** Warning: (vsim-2685) [TFMPC] - Too few port connections for 'CLA_B'.  Expected 5, found 4.
#    Time: 0 ps  Iteration: 0  Instance: /TIP_EMAMBA_V1_SIM/i_platform/my_emamba_ip/eMamba/MAMBA_1st/SSM/SSM_Preprocess/Linear_expand_dBC_B/matMult_40_wo_bias/Stage_B[3]/CLA_B File: /home/sanghun/RVX/rvx-tutorials/platform/tip_emamba_v1/user/rtl/src/matMult_40_wo_bias.sv Line: 69
# ** Warning: (vsim-3015) [PCDPC] - Port size (1) does not match connection size (32) for port 'carryIn'. The port definition is at: /home/sanghun/RVX/rvx-tutorials/platform/tip_emamba_v1/user/rtl/src/CLA_32.sv(26).
#    Time: 0 ps  Iteration: 0  Instance: /TIP_EMAMBA_V1_SIM/i_platform/my_emamba_ip/eMamba/MAMBA_1st/SSM/SSM_Preprocess/Linear_expand_dBC_B/matMult_40_wo_bias/Stage_B[3]/CLA_B File: /home/sanghun/RVX/rvx-tutorials/platform/tip_emamba_v1/user/rtl/src/matMult_40_wo_bias.sv Line: 69
# ** Warning: (vsim-3722) /home/sanghun/RVX/rvx-tutorials/platform/tip_emamba_v1/user/rtl/src/matMult_40_wo_bias.sv(69): [TFMPC] - Missing connection for port 'carryOut'.
# ** Warning: (vsim-2685) [TFMPC] - Too few port connections for 'CLA_B'.  Expected 5, found 4.
#    Time: 0 ps  Iteration: 0  Instance: /TIP_EMAMBA_V1_SIM/i_platform/my_emamba_ip/eMamba/MAMBA_1st/SSM/SSM_Preprocess/Linear_expand_dBC_B/matMult_40_wo_bias/Stage_B[4]/CLA_B File: /home/sanghun/RVX/rvx-tutorials/platform/tip_emamba_v1/user/rtl/src/matMult_40_wo_bias.sv Line: 69
# ** Warning: (vsim-3015) [PCDPC] - Port size (1) does not match connection size (32) for port 'carryIn'. The port definition is at: /home/sanghun/RVX/rvx-tutorials/platform/tip_emamba_v1/user/rtl/src/CLA_32.sv(26).
#    Time: 0 ps  Iteration: 0  Instance: /TIP_EMAMBA_V1_SIM/i_platform/my_emamba_ip/eMamba/MAMBA_1st/SSM/SSM_Preprocess/Linear_expand_dBC_B/matMult_40_wo_bias/Stage_B[4]/CLA_B File: /home/sanghun/RVX/rvx-tutorials/platform/tip_emamba_v1/user/rtl/src/matMult_40_wo_bias.sv Line: 69
# ** Warning: (vsim-3722) /home/sanghun/RVX/rvx-tutorials/platform/tip_emamba_v1/user/rtl/src/matMult_40_wo_bias.sv(69): [TFMPC] - Missing connection for port 'carryOut'.
# ** Warning: (vsim-2685) [TFMPC] - Too few port connections for 'CLA_B'.  Expected 5, found 4.
#    Time: 0 ps  Iteration: 0  Instance: /TIP_EMAMBA_V1_SIM/i_platform/my_emamba_ip/eMamba/MAMBA_1st/SSM/SSM_Preprocess/Linear_expand_dBC_B/matMult_40_wo_bias/Stage_B[5]/CLA_B File: /home/sanghun/RVX/rvx-tutorials/platform/tip_emamba_v1/user/rtl/src/matMult_40_wo_bias.sv Line: 69
# ** Warning: (vsim-3015) [PCDPC] - Port size (1) does not match connection size (32) for port 'carryIn'. The port definition is at: /home/sanghun/RVX/rvx-tutorials/platform/tip_emamba_v1/user/rtl/src/CLA_32.sv(26).
#    Time: 0 ps  Iteration: 0  Instance: /TIP_EMAMBA_V1_SIM/i_platform/my_emamba_ip/eMamba/MAMBA_1st/SSM/SSM_Preprocess/Linear_expand_dBC_B/matMult_40_wo_bias/Stage_B[5]/CLA_B File: /home/sanghun/RVX/rvx-tutorials/platform/tip_emamba_v1/user/rtl/src/matMult_40_wo_bias.sv Line: 69
# ** Warning: (vsim-3722) /home/sanghun/RVX/rvx-tutorials/platform/tip_emamba_v1/user/rtl/src/matMult_40_wo_bias.sv(69): [TFMPC] - Missing connection for port 'carryOut'.
# ** Warning: (vsim-2685) [TFMPC] - Too few port connections for 'CLA_B'.  Expected 5, found 4.
#    Time: 0 ps  Iteration: 0  Instance: /TIP_EMAMBA_V1_SIM/i_platform/my_emamba_ip/eMamba/MAMBA_1st/SSM/SSM_Preprocess/Linear_expand_dBC_B/matMult_40_wo_bias/Stage_B[6]/CLA_B File: /home/sanghun/RVX/rvx-tutorials/platform/tip_emamba_v1/user/rtl/src/matMult_40_wo_bias.sv Line: 69
# ** Warning: (vsim-3015) [PCDPC] - Port size (1) does not match connection size (32) for port 'carryIn'. The port definition is at: /home/sanghun/RVX/rvx-tutorials/platform/tip_emamba_v1/user/rtl/src/CLA_32.sv(26).
#    Time: 0 ps  Iteration: 0  Instance: /TIP_EMAMBA_V1_SIM/i_platform/my_emamba_ip/eMamba/MAMBA_1st/SSM/SSM_Preprocess/Linear_expand_dBC_B/matMult_40_wo_bias/Stage_B[6]/CLA_B File: /home/sanghun/RVX/rvx-tutorials/platform/tip_emamba_v1/user/rtl/src/matMult_40_wo_bias.sv Line: 69
# ** Warning: (vsim-3722) /home/sanghun/RVX/rvx-tutorials/platform/tip_emamba_v1/user/rtl/src/matMult_40_wo_bias.sv(69): [TFMPC] - Missing connection for port 'carryOut'.
# ** Warning: (vsim-2685) [TFMPC] - Too few port connections for 'CLA_B'.  Expected 5, found 4.
#    Time: 0 ps  Iteration: 0  Instance: /TIP_EMAMBA_V1_SIM/i_platform/my_emamba_ip/eMamba/MAMBA_1st/SSM/SSM_Preprocess/Linear_expand_dBC_B/matMult_40_wo_bias/Stage_B[7]/CLA_B File: /home/sanghun/RVX/rvx-tutorials/platform/tip_emamba_v1/user/rtl/src/matMult_40_wo_bias.sv Line: 69
# ** Warning: (vsim-3015) [PCDPC] - Port size (1) does not match connection size (32) for port 'carryIn'. The port definition is at: /home/sanghun/RVX/rvx-tutorials/platform/tip_emamba_v1/user/rtl/src/CLA_32.sv(26).
#    Time: 0 ps  Iteration: 0  Instance: /TIP_EMAMBA_V1_SIM/i_platform/my_emamba_ip/eMamba/MAMBA_1st/SSM/SSM_Preprocess/Linear_expand_dBC_B/matMult_40_wo_bias/Stage_B[7]/CLA_B File: /home/sanghun/RVX/rvx-tutorials/platform/tip_emamba_v1/user/rtl/src/matMult_40_wo_bias.sv Line: 69
# ** Warning: (vsim-3722) /home/sanghun/RVX/rvx-tutorials/platform/tip_emamba_v1/user/rtl/src/matMult_40_wo_bias.sv(69): [TFMPC] - Missing connection for port 'carryOut'.
# ** Warning: (vsim-2685) [TFMPC] - Too few port connections for 'CLA_B'.  Expected 5, found 4.
#    Time: 0 ps  Iteration: 0  Instance: /TIP_EMAMBA_V1_SIM/i_platform/my_emamba_ip/eMamba/MAMBA_1st/SSM/SSM_Preprocess/Linear_expand_dBC_B/matMult_40_wo_bias/Stage_B[8]/CLA_B File: /home/sanghun/RVX/rvx-tutorials/platform/tip_emamba_v1/user/rtl/src/matMult_40_wo_bias.sv Line: 69
# ** Warning: (vsim-3015) [PCDPC] - Port size (1) does not match connection size (32) for port 'carryIn'. The port definition is at: /home/sanghun/RVX/rvx-tutorials/platform/tip_emamba_v1/user/rtl/src/CLA_32.sv(26).
#    Time: 0 ps  Iteration: 0  Instance: /TIP_EMAMBA_V1_SIM/i_platform/my_emamba_ip/eMamba/MAMBA_1st/SSM/SSM_Preprocess/Linear_expand_dBC_B/matMult_40_wo_bias/Stage_B[8]/CLA_B File: /home/sanghun/RVX/rvx-tutorials/platform/tip_emamba_v1/user/rtl/src/matMult_40_wo_bias.sv Line: 69
# ** Warning: (vsim-3722) /home/sanghun/RVX/rvx-tutorials/platform/tip_emamba_v1/user/rtl/src/matMult_40_wo_bias.sv(69): [TFMPC] - Missing connection for port 'carryOut'.
# ** Warning: (vsim-2685) [TFMPC] - Too few port connections for 'CLA_B'.  Expected 5, found 4.
#    Time: 0 ps  Iteration: 0  Instance: /TIP_EMAMBA_V1_SIM/i_platform/my_emamba_ip/eMamba/MAMBA_1st/SSM/SSM_Preprocess/Linear_expand_dBC_B/matMult_40_wo_bias/Stage_B[9]/CLA_B File: /home/sanghun/RVX/rvx-tutorials/platform/tip_emamba_v1/user/rtl/src/matMult_40_wo_bias.sv Line: 69
# ** Warning: (vsim-3015) [PCDPC] - Port size (1) does not match connection size (32) for port 'carryIn'. The port definition is at: /home/sanghun/RVX/rvx-tutorials/platform/tip_emamba_v1/user/rtl/src/CLA_32.sv(26).
#    Time: 0 ps  Iteration: 0  Instance: /TIP_EMAMBA_V1_SIM/i_platform/my_emamba_ip/eMamba/MAMBA_1st/SSM/SSM_Preprocess/Linear_expand_dBC_B/matMult_40_wo_bias/Stage_B[9]/CLA_B File: /home/sanghun/RVX/rvx-tutorials/platform/tip_emamba_v1/user/rtl/src/matMult_40_wo_bias.sv Line: 69
# ** Warning: (vsim-3722) /home/sanghun/RVX/rvx-tutorials/platform/tip_emamba_v1/user/rtl/src/matMult_40_wo_bias.sv(69): [TFMPC] - Missing connection for port 'carryOut'.
# ** Warning: (vsim-2685) [TFMPC] - Too few port connections for 'CLA_C'.  Expected 5, found 4.
#    Time: 0 ps  Iteration: 0  Instance: /TIP_EMAMBA_V1_SIM/i_platform/my_emamba_ip/eMamba/MAMBA_1st/SSM/SSM_Preprocess/Linear_expand_dBC_B/matMult_40_wo_bias/Stage_C[0]/CLA_C File: /home/sanghun/RVX/rvx-tutorials/platform/tip_emamba_v1/user/rtl/src/matMult_40_wo_bias.sv Line: 79
# ** Warning: (vsim-3015) [PCDPC] - Port size (1) does not match connection size (32) for port 'carryIn'. The port definition is at: /home/sanghun/RVX/rvx-tutorials/platform/tip_emamba_v1/user/rtl/src/CLA_32.sv(26).
#    Time: 0 ps  Iteration: 0  Instance: /TIP_EMAMBA_V1_SIM/i_platform/my_emamba_ip/eMamba/MAMBA_1st/SSM/SSM_Preprocess/Linear_expand_dBC_B/matMult_40_wo_bias/Stage_C[0]/CLA_C File: /home/sanghun/RVX/rvx-tutorials/platform/tip_emamba_v1/user/rtl/src/matMult_40_wo_bias.sv Line: 79
# ** Warning: (vsim-3722) /home/sanghun/RVX/rvx-tutorials/platform/tip_emamba_v1/user/rtl/src/matMult_40_wo_bias.sv(79): [TFMPC] - Missing connection for port 'carryOut'.
# ** Warning: (vsim-2685) [TFMPC] - Too few port connections for 'CLA_C'.  Expected 5, found 4.
#    Time: 0 ps  Iteration: 0  Instance: /TIP_EMAMBA_V1_SIM/i_platform/my_emamba_ip/eMamba/MAMBA_1st/SSM/SSM_Preprocess/Linear_expand_dBC_B/matMult_40_wo_bias/Stage_C[1]/CLA_C File: /home/sanghun/RVX/rvx-tutorials/platform/tip_emamba_v1/user/rtl/src/matMult_40_wo_bias.sv Line: 79
# ** Warning: (vsim-3015) [PCDPC] - Port size (1) does not match connection size (32) for port 'carryIn'. The port definition is at: /home/sanghun/RVX/rvx-tutorials/platform/tip_emamba_v1/user/rtl/src/CLA_32.sv(26).
#    Time: 0 ps  Iteration: 0  Instance: /TIP_EMAMBA_V1_SIM/i_platform/my_emamba_ip/eMamba/MAMBA_1st/SSM/SSM_Preprocess/Linear_expand_dBC_B/matMult_40_wo_bias/Stage_C[1]/CLA_C File: /home/sanghun/RVX/rvx-tutorials/platform/tip_emamba_v1/user/rtl/src/matMult_40_wo_bias.sv Line: 79
# ** Warning: (vsim-3722) /home/sanghun/RVX/rvx-tutorials/platform/tip_emamba_v1/user/rtl/src/matMult_40_wo_bias.sv(79): [TFMPC] - Missing connection for port 'carryOut'.
# ** Warning: (vsim-2685) [TFMPC] - Too few port connections for 'CLA_C'.  Expected 5, found 4.
#    Time: 0 ps  Iteration: 0  Instance: /TIP_EMAMBA_V1_SIM/i_platform/my_emamba_ip/eMamba/MAMBA_1st/SSM/SSM_Preprocess/Linear_expand_dBC_B/matMult_40_wo_bias/Stage_C[2]/CLA_C File: /home/sanghun/RVX/rvx-tutorials/platform/tip_emamba_v1/user/rtl/src/matMult_40_wo_bias.sv Line: 79
# ** Warning: (vsim-3015) [PCDPC] - Port size (1) does not match connection size (32) for port 'carryIn'. The port definition is at: /home/sanghun/RVX/rvx-tutorials/platform/tip_emamba_v1/user/rtl/src/CLA_32.sv(26).
#    Time: 0 ps  Iteration: 0  Instance: /TIP_EMAMBA_V1_SIM/i_platform/my_emamba_ip/eMamba/MAMBA_1st/SSM/SSM_Preprocess/Linear_expand_dBC_B/matMult_40_wo_bias/Stage_C[2]/CLA_C File: /home/sanghun/RVX/rvx-tutorials/platform/tip_emamba_v1/user/rtl/src/matMult_40_wo_bias.sv Line: 79
# ** Warning: (vsim-3722) /home/sanghun/RVX/rvx-tutorials/platform/tip_emamba_v1/user/rtl/src/matMult_40_wo_bias.sv(79): [TFMPC] - Missing connection for port 'carryOut'.
# ** Warning: (vsim-2685) [TFMPC] - Too few port connections for 'CLA_C'.  Expected 5, found 4.
#    Time: 0 ps  Iteration: 0  Instance: /TIP_EMAMBA_V1_SIM/i_platform/my_emamba_ip/eMamba/MAMBA_1st/SSM/SSM_Preprocess/Linear_expand_dBC_B/matMult_40_wo_bias/Stage_C[3]/CLA_C File: /home/sanghun/RVX/rvx-tutorials/platform/tip_emamba_v1/user/rtl/src/matMult_40_wo_bias.sv Line: 79
# ** Warning: (vsim-3015) [PCDPC] - Port size (1) does not match connection size (32) for port 'carryIn'. The port definition is at: /home/sanghun/RVX/rvx-tutorials/platform/tip_emamba_v1/user/rtl/src/CLA_32.sv(26).
#    Time: 0 ps  Iteration: 0  Instance: /TIP_EMAMBA_V1_SIM/i_platform/my_emamba_ip/eMamba/MAMBA_1st/SSM/SSM_Preprocess/Linear_expand_dBC_B/matMult_40_wo_bias/Stage_C[3]/CLA_C File: /home/sanghun/RVX/rvx-tutorials/platform/tip_emamba_v1/user/rtl/src/matMult_40_wo_bias.sv Line: 79
# ** Warning: (vsim-3722) /home/sanghun/RVX/rvx-tutorials/platform/tip_emamba_v1/user/rtl/src/matMult_40_wo_bias.sv(79): [TFMPC] - Missing connection for port 'carryOut'.
# ** Warning: (vsim-2685) [TFMPC] - Too few port connections for 'CLA_C'.  Expected 5, found 4.
#    Time: 0 ps  Iteration: 0  Instance: /TIP_EMAMBA_V1_SIM/i_platform/my_emamba_ip/eMamba/MAMBA_1st/SSM/SSM_Preprocess/Linear_expand_dBC_B/matMult_40_wo_bias/Stage_C[4]/CLA_C File: /home/sanghun/RVX/rvx-tutorials/platform/tip_emamba_v1/user/rtl/src/matMult_40_wo_bias.sv Line: 79
# ** Warning: (vsim-3015) [PCDPC] - Port size (1) does not match connection size (32) for port 'carryIn'. The port definition is at: /home/sanghun/RVX/rvx-tutorials/platform/tip_emamba_v1/user/rtl/src/CLA_32.sv(26).
#    Time: 0 ps  Iteration: 0  Instance: /TIP_EMAMBA_V1_SIM/i_platform/my_emamba_ip/eMamba/MAMBA_1st/SSM/SSM_Preprocess/Linear_expand_dBC_B/matMult_40_wo_bias/Stage_C[4]/CLA_C File: /home/sanghun/RVX/rvx-tutorials/platform/tip_emamba_v1/user/rtl/src/matMult_40_wo_bias.sv Line: 79
# ** Warning: (vsim-3722) /home/sanghun/RVX/rvx-tutorials/platform/tip_emamba_v1/user/rtl/src/matMult_40_wo_bias.sv(79): [TFMPC] - Missing connection for port 'carryOut'.
# ** Warning: (vsim-2685) [TFMPC] - Too few port connections for 'CLA_D'.  Expected 5, found 4.
#    Time: 0 ps  Iteration: 0  Instance: /TIP_EMAMBA_V1_SIM/i_platform/my_emamba_ip/eMamba/MAMBA_1st/SSM/SSM_Preprocess/Linear_expand_dBC_B/matMult_40_wo_bias/Stage_D[0]/CLA_D File: /home/sanghun/RVX/rvx-tutorials/platform/tip_emamba_v1/user/rtl/src/matMult_40_wo_bias.sv Line: 89
# ** Warning: (vsim-3015) [PCDPC] - Port size (1) does not match connection size (32) for port 'carryIn'. The port definition is at: /home/sanghun/RVX/rvx-tutorials/platform/tip_emamba_v1/user/rtl/src/CLA_32.sv(26).
#    Time: 0 ps  Iteration: 0  Instance: /TIP_EMAMBA_V1_SIM/i_platform/my_emamba_ip/eMamba/MAMBA_1st/SSM/SSM_Preprocess/Linear_expand_dBC_B/matMult_40_wo_bias/Stage_D[0]/CLA_D File: /home/sanghun/RVX/rvx-tutorials/platform/tip_emamba_v1/user/rtl/src/matMult_40_wo_bias.sv Line: 89
# ** Warning: (vsim-3722) /home/sanghun/RVX/rvx-tutorials/platform/tip_emamba_v1/user/rtl/src/matMult_40_wo_bias.sv(89): [TFMPC] - Missing connection for port 'carryOut'.
# ** Warning: (vsim-2685) [TFMPC] - Too few port connections for 'CLA_D'.  Expected 5, found 4.
#    Time: 0 ps  Iteration: 0  Instance: /TIP_EMAMBA_V1_SIM/i_platform/my_emamba_ip/eMamba/MAMBA_1st/SSM/SSM_Preprocess/Linear_expand_dBC_B/matMult_40_wo_bias/Stage_D[1]/CLA_D File: /home/sanghun/RVX/rvx-tutorials/platform/tip_emamba_v1/user/rtl/src/matMult_40_wo_bias.sv Line: 89
# ** Warning: (vsim-3015) [PCDPC] - Port size (1) does not match connection size (32) for port 'carryIn'. The port definition is at: /home/sanghun/RVX/rvx-tutorials/platform/tip_emamba_v1/user/rtl/src/CLA_32.sv(26).
#    Time: 0 ps  Iteration: 0  Instance: /TIP_EMAMBA_V1_SIM/i_platform/my_emamba_ip/eMamba/MAMBA_1st/SSM/SSM_Preprocess/Linear_expand_dBC_B/matMult_40_wo_bias/Stage_D[1]/CLA_D File: /home/sanghun/RVX/rvx-tutorials/platform/tip_emamba_v1/user/rtl/src/matMult_40_wo_bias.sv Line: 89
# ** Warning: (vsim-3722) /home/sanghun/RVX/rvx-tutorials/platform/tip_emamba_v1/user/rtl/src/matMult_40_wo_bias.sv(89): [TFMPC] - Missing connection for port 'carryOut'.
# ** Warning: (vsim-2685) [TFMPC] - Too few port connections for 'CLA_E'.  Expected 5, found 4.
#    Time: 0 ps  Iteration: 0  Instance: /TIP_EMAMBA_V1_SIM/i_platform/my_emamba_ip/eMamba/MAMBA_1st/SSM/SSM_Preprocess/Linear_expand_dBC_B/matMult_40_wo_bias/CLA_E File: /home/sanghun/RVX/rvx-tutorials/platform/tip_emamba_v1/user/rtl/src/matMult_40_wo_bias.sv Line: 100
# ** Warning: (vsim-3015) [PCDPC] - Port size (1) does not match connection size (32) for port 'carryIn'. The port definition is at: /home/sanghun/RVX/rvx-tutorials/platform/tip_emamba_v1/user/rtl/src/CLA_32.sv(26).
#    Time: 0 ps  Iteration: 0  Instance: /TIP_EMAMBA_V1_SIM/i_platform/my_emamba_ip/eMamba/MAMBA_1st/SSM/SSM_Preprocess/Linear_expand_dBC_B/matMult_40_wo_bias/CLA_E File: /home/sanghun/RVX/rvx-tutorials/platform/tip_emamba_v1/user/rtl/src/matMult_40_wo_bias.sv Line: 100
# ** Warning: (vsim-3722) /home/sanghun/RVX/rvx-tutorials/platform/tip_emamba_v1/user/rtl/src/matMult_40_wo_bias.sv(100): [TFMPC] - Missing connection for port 'carryOut'.
# ** Warning: (vsim-2685) [TFMPC] - Too few port connections for 'CLA_F'.  Expected 5, found 4.
#    Time: 0 ps  Iteration: 0  Instance: /TIP_EMAMBA_V1_SIM/i_platform/my_emamba_ip/eMamba/MAMBA_1st/SSM/SSM_Preprocess/Linear_expand_dBC_B/matMult_40_wo_bias/CLA_F File: /home/sanghun/RVX/rvx-tutorials/platform/tip_emamba_v1/user/rtl/src/matMult_40_wo_bias.sv Line: 109
# ** Warning: (vsim-3015) [PCDPC] - Port size (1) does not match connection size (32) for port 'carryIn'. The port definition is at: /home/sanghun/RVX/rvx-tutorials/platform/tip_emamba_v1/user/rtl/src/CLA_32.sv(26).
#    Time: 0 ps  Iteration: 0  Instance: /TIP_EMAMBA_V1_SIM/i_platform/my_emamba_ip/eMamba/MAMBA_1st/SSM/SSM_Preprocess/Linear_expand_dBC_B/matMult_40_wo_bias/CLA_F File: /home/sanghun/RVX/rvx-tutorials/platform/tip_emamba_v1/user/rtl/src/matMult_40_wo_bias.sv Line: 109
# ** Warning: (vsim-3722) /home/sanghun/RVX/rvx-tutorials/platform/tip_emamba_v1/user/rtl/src/matMult_40_wo_bias.sv(109): [TFMPC] - Missing connection for port 'carryOut'.
# ** Warning: (vsim-2685) [TFMPC] - Too few port connections for 'CLA_A'.  Expected 5, found 4.
#    Time: 0 ps  Iteration: 0  Instance: /TIP_EMAMBA_V1_SIM/i_platform/my_emamba_ip/eMamba/MAMBA_1st/SSM/SSM_Preprocess/Linear_expand_dBC_C/matMult_40_wo_bias/Stage_A[0]/CLA_A File: /home/sanghun/RVX/rvx-tutorials/platform/tip_emamba_v1/user/rtl/src/matMult_40_wo_bias.sv Line: 59
# ** Warning: (vsim-3015) [PCDPC] - Port size (1) does not match connection size (32) for port 'carryIn'. The port definition is at: /home/sanghun/RVX/rvx-tutorials/platform/tip_emamba_v1/user/rtl/src/CLA_32.sv(26).
#    Time: 0 ps  Iteration: 0  Instance: /TIP_EMAMBA_V1_SIM/i_platform/my_emamba_ip/eMamba/MAMBA_1st/SSM/SSM_Preprocess/Linear_expand_dBC_C/matMult_40_wo_bias/Stage_A[0]/CLA_A File: /home/sanghun/RVX/rvx-tutorials/platform/tip_emamba_v1/user/rtl/src/matMult_40_wo_bias.sv Line: 59
# ** Warning: (vsim-3722) /home/sanghun/RVX/rvx-tutorials/platform/tip_emamba_v1/user/rtl/src/matMult_40_wo_bias.sv(59): [TFMPC] - Missing connection for port 'carryOut'.
# ** Warning: (vsim-2685) [TFMPC] - Too few port connections for 'CLA_A'.  Expected 5, found 4.
#    Time: 0 ps  Iteration: 0  Instance: /TIP_EMAMBA_V1_SIM/i_platform/my_emamba_ip/eMamba/MAMBA_1st/SSM/SSM_Preprocess/Linear_expand_dBC_C/matMult_40_wo_bias/Stage_A[1]/CLA_A File: /home/sanghun/RVX/rvx-tutorials/platform/tip_emamba_v1/user/rtl/src/matMult_40_wo_bias.sv Line: 59
# ** Warning: (vsim-3015) [PCDPC] - Port size (1) does not match connection size (32) for port 'carryIn'. The port definition is at: /home/sanghun/RVX/rvx-tutorials/platform/tip_emamba_v1/user/rtl/src/CLA_32.sv(26).
#    Time: 0 ps  Iteration: 0  Instance: /TIP_EMAMBA_V1_SIM/i_platform/my_emamba_ip/eMamba/MAMBA_1st/SSM/SSM_Preprocess/Linear_expand_dBC_C/matMult_40_wo_bias/Stage_A[1]/CLA_A File: /home/sanghun/RVX/rvx-tutorials/platform/tip_emamba_v1/user/rtl/src/matMult_40_wo_bias.sv Line: 59
# ** Warning: (vsim-3722) /home/sanghun/RVX/rvx-tutorials/platform/tip_emamba_v1/user/rtl/src/matMult_40_wo_bias.sv(59): [TFMPC] - Missing connection for port 'carryOut'.
# ** Warning: (vsim-2685) [TFMPC] - Too few port connections for 'CLA_A'.  Expected 5, found 4.
#    Time: 0 ps  Iteration: 0  Instance: /TIP_EMAMBA_V1_SIM/i_platform/my_emamba_ip/eMamba/MAMBA_1st/SSM/SSM_Preprocess/Linear_expand_dBC_C/matMult_40_wo_bias/Stage_A[2]/CLA_A File: /home/sanghun/RVX/rvx-tutorials/platform/tip_emamba_v1/user/rtl/src/matMult_40_wo_bias.sv Line: 59
# ** Warning: (vsim-3015) [PCDPC] - Port size (1) does not match connection size (32) for port 'carryIn'. The port definition is at: /home/sanghun/RVX/rvx-tutorials/platform/tip_emamba_v1/user/rtl/src/CLA_32.sv(26).
#    Time: 0 ps  Iteration: 0  Instance: /TIP_EMAMBA_V1_SIM/i_platform/my_emamba_ip/eMamba/MAMBA_1st/SSM/SSM_Preprocess/Linear_expand_dBC_C/matMult_40_wo_bias/Stage_A[2]/CLA_A File: /home/sanghun/RVX/rvx-tutorials/platform/tip_emamba_v1/user/rtl/src/matMult_40_wo_bias.sv Line: 59
# ** Warning: (vsim-3722) /home/sanghun/RVX/rvx-tutorials/platform/tip_emamba_v1/user/rtl/src/matMult_40_wo_bias.sv(59): [TFMPC] - Missing connection for port 'carryOut'.
# ** Warning: (vsim-2685) [TFMPC] - Too few port connections for 'CLA_A'.  Expected 5, found 4.
#    Time: 0 ps  Iteration: 0  Instance: /TIP_EMAMBA_V1_SIM/i_platform/my_emamba_ip/eMamba/MAMBA_1st/SSM/SSM_Preprocess/Linear_expand_dBC_C/matMult_40_wo_bias/Stage_A[3]/CLA_A File: /home/sanghun/RVX/rvx-tutorials/platform/tip_emamba_v1/user/rtl/src/matMult_40_wo_bias.sv Line: 59
# ** Warning: (vsim-3015) [PCDPC] - Port size (1) does not match connection size (32) for port 'carryIn'. The port definition is at: /home/sanghun/RVX/rvx-tutorials/platform/tip_emamba_v1/user/rtl/src/CLA_32.sv(26).
#    Time: 0 ps  Iteration: 0  Instance: /TIP_EMAMBA_V1_SIM/i_platform/my_emamba_ip/eMamba/MAMBA_1st/SSM/SSM_Preprocess/Linear_expand_dBC_C/matMult_40_wo_bias/Stage_A[3]/CLA_A File: /home/sanghun/RVX/rvx-tutorials/platform/tip_emamba_v1/user/rtl/src/matMult_40_wo_bias.sv Line: 59
# ** Warning: (vsim-3722) /home/sanghun/RVX/rvx-tutorials/platform/tip_emamba_v1/user/rtl/src/matMult_40_wo_bias.sv(59): [TFMPC] - Missing connection for port 'carryOut'.
# ** Warning: (vsim-2685) [TFMPC] - Too few port connections for 'CLA_A'.  Expected 5, found 4.
#    Time: 0 ps  Iteration: 0  Instance: /TIP_EMAMBA_V1_SIM/i_platform/my_emamba_ip/eMamba/MAMBA_1st/SSM/SSM_Preprocess/Linear_expand_dBC_C/matMult_40_wo_bias/Stage_A[4]/CLA_A File: /home/sanghun/RVX/rvx-tutorials/platform/tip_emamba_v1/user/rtl/src/matMult_40_wo_bias.sv Line: 59
# ** Warning: (vsim-3015) [PCDPC] - Port size (1) does not match connection size (32) for port 'carryIn'. The port definition is at: /home/sanghun/RVX/rvx-tutorials/platform/tip_emamba_v1/user/rtl/src/CLA_32.sv(26).
#    Time: 0 ps  Iteration: 0  Instance: /TIP_EMAMBA_V1_SIM/i_platform/my_emamba_ip/eMamba/MAMBA_1st/SSM/SSM_Preprocess/Linear_expand_dBC_C/matMult_40_wo_bias/Stage_A[4]/CLA_A File: /home/sanghun/RVX/rvx-tutorials/platform/tip_emamba_v1/user/rtl/src/matMult_40_wo_bias.sv Line: 59
# ** Warning: (vsim-3722) /home/sanghun/RVX/rvx-tutorials/platform/tip_emamba_v1/user/rtl/src/matMult_40_wo_bias.sv(59): [TFMPC] - Missing connection for port 'carryOut'.
# ** Warning: (vsim-2685) [TFMPC] - Too few port connections for 'CLA_A'.  Expected 5, found 4.
#    Time: 0 ps  Iteration: 0  Instance: /TIP_EMAMBA_V1_SIM/i_platform/my_emamba_ip/eMamba/MAMBA_1st/SSM/SSM_Preprocess/Linear_expand_dBC_C/matMult_40_wo_bias/Stage_A[5]/CLA_A File: /home/sanghun/RVX/rvx-tutorials/platform/tip_emamba_v1/user/rtl/src/matMult_40_wo_bias.sv Line: 59
# ** Warning: (vsim-3015) [PCDPC] - Port size (1) does not match connection size (32) for port 'carryIn'. The port definition is at: /home/sanghun/RVX/rvx-tutorials/platform/tip_emamba_v1/user/rtl/src/CLA_32.sv(26).
#    Time: 0 ps  Iteration: 0  Instance: /TIP_EMAMBA_V1_SIM/i_platform/my_emamba_ip/eMamba/MAMBA_1st/SSM/SSM_Preprocess/Linear_expand_dBC_C/matMult_40_wo_bias/Stage_A[5]/CLA_A File: /home/sanghun/RVX/rvx-tutorials/platform/tip_emamba_v1/user/rtl/src/matMult_40_wo_bias.sv Line: 59
# ** Warning: (vsim-3722) /home/sanghun/RVX/rvx-tutorials/platform/tip_emamba_v1/user/rtl/src/matMult_40_wo_bias.sv(59): [TFMPC] - Missing connection for port 'carryOut'.
# ** Warning: (vsim-2685) [TFMPC] - Too few port connections for 'CLA_A'.  Expected 5, found 4.
#    Time: 0 ps  Iteration: 0  Instance: /TIP_EMAMBA_V1_SIM/i_platform/my_emamba_ip/eMamba/MAMBA_1st/SSM/SSM_Preprocess/Linear_expand_dBC_C/matMult_40_wo_bias/Stage_A[6]/CLA_A File: /home/sanghun/RVX/rvx-tutorials/platform/tip_emamba_v1/user/rtl/src/matMult_40_wo_bias.sv Line: 59
# ** Warning: (vsim-3015) [PCDPC] - Port size (1) does not match connection size (32) for port 'carryIn'. The port definition is at: /home/sanghun/RVX/rvx-tutorials/platform/tip_emamba_v1/user/rtl/src/CLA_32.sv(26).
#    Time: 0 ps  Iteration: 0  Instance: /TIP_EMAMBA_V1_SIM/i_platform/my_emamba_ip/eMamba/MAMBA_1st/SSM/SSM_Preprocess/Linear_expand_dBC_C/matMult_40_wo_bias/Stage_A[6]/CLA_A File: /home/sanghun/RVX/rvx-tutorials/platform/tip_emamba_v1/user/rtl/src/matMult_40_wo_bias.sv Line: 59
# ** Warning: (vsim-3722) /home/sanghun/RVX/rvx-tutorials/platform/tip_emamba_v1/user/rtl/src/matMult_40_wo_bias.sv(59): [TFMPC] - Missing connection for port 'carryOut'.
# ** Warning: (vsim-2685) [TFMPC] - Too few port connections for 'CLA_A'.  Expected 5, found 4.
#    Time: 0 ps  Iteration: 0  Instance: /TIP_EMAMBA_V1_SIM/i_platform/my_emamba_ip/eMamba/MAMBA_1st/SSM/SSM_Preprocess/Linear_expand_dBC_C/matMult_40_wo_bias/Stage_A[7]/CLA_A File: /home/sanghun/RVX/rvx-tutorials/platform/tip_emamba_v1/user/rtl/src/matMult_40_wo_bias.sv Line: 59
# ** Warning: (vsim-3015) [PCDPC] - Port size (1) does not match connection size (32) for port 'carryIn'. The port definition is at: /home/sanghun/RVX/rvx-tutorials/platform/tip_emamba_v1/user/rtl/src/CLA_32.sv(26).
#    Time: 0 ps  Iteration: 0  Instance: /TIP_EMAMBA_V1_SIM/i_platform/my_emamba_ip/eMamba/MAMBA_1st/SSM/SSM_Preprocess/Linear_expand_dBC_C/matMult_40_wo_bias/Stage_A[7]/CLA_A File: /home/sanghun/RVX/rvx-tutorials/platform/tip_emamba_v1/user/rtl/src/matMult_40_wo_bias.sv Line: 59
# ** Warning: (vsim-3722) /home/sanghun/RVX/rvx-tutorials/platform/tip_emamba_v1/user/rtl/src/matMult_40_wo_bias.sv(59): [TFMPC] - Missing connection for port 'carryOut'.
# ** Warning: (vsim-2685) [TFMPC] - Too few port connections for 'CLA_A'.  Expected 5, found 4.
#    Time: 0 ps  Iteration: 0  Instance: /TIP_EMAMBA_V1_SIM/i_platform/my_emamba_ip/eMamba/MAMBA_1st/SSM/SSM_Preprocess/Linear_expand_dBC_C/matMult_40_wo_bias/Stage_A[8]/CLA_A File: /home/sanghun/RVX/rvx-tutorials/platform/tip_emamba_v1/user/rtl/src/matMult_40_wo_bias.sv Line: 59
# ** Warning: (vsim-3015) [PCDPC] - Port size (1) does not match connection size (32) for port 'carryIn'. The port definition is at: /home/sanghun/RVX/rvx-tutorials/platform/tip_emamba_v1/user/rtl/src/CLA_32.sv(26).
#    Time: 0 ps  Iteration: 0  Instance: /TIP_EMAMBA_V1_SIM/i_platform/my_emamba_ip/eMamba/MAMBA_1st/SSM/SSM_Preprocess/Linear_expand_dBC_C/matMult_40_wo_bias/Stage_A[8]/CLA_A File: /home/sanghun/RVX/rvx-tutorials/platform/tip_emamba_v1/user/rtl/src/matMult_40_wo_bias.sv Line: 59
# ** Warning: (vsim-3722) /home/sanghun/RVX/rvx-tutorials/platform/tip_emamba_v1/user/rtl/src/matMult_40_wo_bias.sv(59): [TFMPC] - Missing connection for port 'carryOut'.
# ** Warning: (vsim-2685) [TFMPC] - Too few port connections for 'CLA_A'.  Expected 5, found 4.
#    Time: 0 ps  Iteration: 0  Instance: /TIP_EMAMBA_V1_SIM/i_platform/my_emamba_ip/eMamba/MAMBA_1st/SSM/SSM_Preprocess/Linear_expand_dBC_C/matMult_40_wo_bias/Stage_A[9]/CLA_A File: /home/sanghun/RVX/rvx-tutorials/platform/tip_emamba_v1/user/rtl/src/matMult_40_wo_bias.sv Line: 59
# ** Warning: (vsim-3015) [PCDPC] - Port size (1) does not match connection size (32) for port 'carryIn'. The port definition is at: /home/sanghun/RVX/rvx-tutorials/platform/tip_emamba_v1/user/rtl/src/CLA_32.sv(26).
#    Time: 0 ps  Iteration: 0  Instance: /TIP_EMAMBA_V1_SIM/i_platform/my_emamba_ip/eMamba/MAMBA_1st/SSM/SSM_Preprocess/Linear_expand_dBC_C/matMult_40_wo_bias/Stage_A[9]/CLA_A File: /home/sanghun/RVX/rvx-tutorials/platform/tip_emamba_v1/user/rtl/src/matMult_40_wo_bias.sv Line: 59
# ** Warning: (vsim-3722) /home/sanghun/RVX/rvx-tutorials/platform/tip_emamba_v1/user/rtl/src/matMult_40_wo_bias.sv(59): [TFMPC] - Missing connection for port 'carryOut'.
# ** Warning: (vsim-2685) [TFMPC] - Too few port connections for 'CLA_A'.  Expected 5, found 4.
#    Time: 0 ps  Iteration: 0  Instance: /TIP_EMAMBA_V1_SIM/i_platform/my_emamba_ip/eMamba/MAMBA_1st/SSM/SSM_Preprocess/Linear_expand_dBC_C/matMult_40_wo_bias/Stage_A[10]/CLA_A File: /home/sanghun/RVX/rvx-tutorials/platform/tip_emamba_v1/user/rtl/src/matMult_40_wo_bias.sv Line: 59
# ** Warning: (vsim-3015) [PCDPC] - Port size (1) does not match connection size (32) for port 'carryIn'. The port definition is at: /home/sanghun/RVX/rvx-tutorials/platform/tip_emamba_v1/user/rtl/src/CLA_32.sv(26).
#    Time: 0 ps  Iteration: 0  Instance: /TIP_EMAMBA_V1_SIM/i_platform/my_emamba_ip/eMamba/MAMBA_1st/SSM/SSM_Preprocess/Linear_expand_dBC_C/matMult_40_wo_bias/Stage_A[10]/CLA_A File: /home/sanghun/RVX/rvx-tutorials/platform/tip_emamba_v1/user/rtl/src/matMult_40_wo_bias.sv Line: 59
# ** Warning: (vsim-3722) /home/sanghun/RVX/rvx-tutorials/platform/tip_emamba_v1/user/rtl/src/matMult_40_wo_bias.sv(59): [TFMPC] - Missing connection for port 'carryOut'.
# ** Warning: (vsim-2685) [TFMPC] - Too few port connections for 'CLA_A'.  Expected 5, found 4.
#    Time: 0 ps  Iteration: 0  Instance: /TIP_EMAMBA_V1_SIM/i_platform/my_emamba_ip/eMamba/MAMBA_1st/SSM/SSM_Preprocess/Linear_expand_dBC_C/matMult_40_wo_bias/Stage_A[11]/CLA_A File: /home/sanghun/RVX/rvx-tutorials/platform/tip_emamba_v1/user/rtl/src/matMult_40_wo_bias.sv Line: 59
# ** Warning: (vsim-3015) [PCDPC] - Port size (1) does not match connection size (32) for port 'carryIn'. The port definition is at: /home/sanghun/RVX/rvx-tutorials/platform/tip_emamba_v1/user/rtl/src/CLA_32.sv(26).
#    Time: 0 ps  Iteration: 0  Instance: /TIP_EMAMBA_V1_SIM/i_platform/my_emamba_ip/eMamba/MAMBA_1st/SSM/SSM_Preprocess/Linear_expand_dBC_C/matMult_40_wo_bias/Stage_A[11]/CLA_A File: /home/sanghun/RVX/rvx-tutorials/platform/tip_emamba_v1/user/rtl/src/matMult_40_wo_bias.sv Line: 59
# ** Warning: (vsim-3722) /home/sanghun/RVX/rvx-tutorials/platform/tip_emamba_v1/user/rtl/src/matMult_40_wo_bias.sv(59): [TFMPC] - Missing connection for port 'carryOut'.
# ** Warning: (vsim-2685) [TFMPC] - Too few port connections for 'CLA_A'.  Expected 5, found 4.
#    Time: 0 ps  Iteration: 0  Instance: /TIP_EMAMBA_V1_SIM/i_platform/my_emamba_ip/eMamba/MAMBA_1st/SSM/SSM_Preprocess/Linear_expand_dBC_C/matMult_40_wo_bias/Stage_A[12]/CLA_A File: /home/sanghun/RVX/rvx-tutorials/platform/tip_emamba_v1/user/rtl/src/matMult_40_wo_bias.sv Line: 59
# ** Warning: (vsim-3015) [PCDPC] - Port size (1) does not match connection size (32) for port 'carryIn'. The port definition is at: /home/sanghun/RVX/rvx-tutorials/platform/tip_emamba_v1/user/rtl/src/CLA_32.sv(26).
#    Time: 0 ps  Iteration: 0  Instance: /TIP_EMAMBA_V1_SIM/i_platform/my_emamba_ip/eMamba/MAMBA_1st/SSM/SSM_Preprocess/Linear_expand_dBC_C/matMult_40_wo_bias/Stage_A[12]/CLA_A File: /home/sanghun/RVX/rvx-tutorials/platform/tip_emamba_v1/user/rtl/src/matMult_40_wo_bias.sv Line: 59
# ** Warning: (vsim-3722) /home/sanghun/RVX/rvx-tutorials/platform/tip_emamba_v1/user/rtl/src/matMult_40_wo_bias.sv(59): [TFMPC] - Missing connection for port 'carryOut'.
# ** Warning: (vsim-2685) [TFMPC] - Too few port connections for 'CLA_A'.  Expected 5, found 4.
#    Time: 0 ps  Iteration: 0  Instance: /TIP_EMAMBA_V1_SIM/i_platform/my_emamba_ip/eMamba/MAMBA_1st/SSM/SSM_Preprocess/Linear_expand_dBC_C/matMult_40_wo_bias/Stage_A[13]/CLA_A File: /home/sanghun/RVX/rvx-tutorials/platform/tip_emamba_v1/user/rtl/src/matMult_40_wo_bias.sv Line: 59
# ** Warning: (vsim-3015) [PCDPC] - Port size (1) does not match connection size (32) for port 'carryIn'. The port definition is at: /home/sanghun/RVX/rvx-tutorials/platform/tip_emamba_v1/user/rtl/src/CLA_32.sv(26).
#    Time: 0 ps  Iteration: 0  Instance: /TIP_EMAMBA_V1_SIM/i_platform/my_emamba_ip/eMamba/MAMBA_1st/SSM/SSM_Preprocess/Linear_expand_dBC_C/matMult_40_wo_bias/Stage_A[13]/CLA_A File: /home/sanghun/RVX/rvx-tutorials/platform/tip_emamba_v1/user/rtl/src/matMult_40_wo_bias.sv Line: 59
# ** Warning: (vsim-3722) /home/sanghun/RVX/rvx-tutorials/platform/tip_emamba_v1/user/rtl/src/matMult_40_wo_bias.sv(59): [TFMPC] - Missing connection for port 'carryOut'.
# ** Warning: (vsim-2685) [TFMPC] - Too few port connections for 'CLA_A'.  Expected 5, found 4.
#    Time: 0 ps  Iteration: 0  Instance: /TIP_EMAMBA_V1_SIM/i_platform/my_emamba_ip/eMamba/MAMBA_1st/SSM/SSM_Preprocess/Linear_expand_dBC_C/matMult_40_wo_bias/Stage_A[14]/CLA_A File: /home/sanghun/RVX/rvx-tutorials/platform/tip_emamba_v1/user/rtl/src/matMult_40_wo_bias.sv Line: 59
# ** Warning: (vsim-3015) [PCDPC] - Port size (1) does not match connection size (32) for port 'carryIn'. The port definition is at: /home/sanghun/RVX/rvx-tutorials/platform/tip_emamba_v1/user/rtl/src/CLA_32.sv(26).
#    Time: 0 ps  Iteration: 0  Instance: /TIP_EMAMBA_V1_SIM/i_platform/my_emamba_ip/eMamba/MAMBA_1st/SSM/SSM_Preprocess/Linear_expand_dBC_C/matMult_40_wo_bias/Stage_A[14]/CLA_A File: /home/sanghun/RVX/rvx-tutorials/platform/tip_emamba_v1/user/rtl/src/matMult_40_wo_bias.sv Line: 59
# ** Warning: (vsim-3722) /home/sanghun/RVX/rvx-tutorials/platform/tip_emamba_v1/user/rtl/src/matMult_40_wo_bias.sv(59): [TFMPC] - Missing connection for port 'carryOut'.
# ** Warning: (vsim-2685) [TFMPC] - Too few port connections for 'CLA_A'.  Expected 5, found 4.
#    Time: 0 ps  Iteration: 0  Instance: /TIP_EMAMBA_V1_SIM/i_platform/my_emamba_ip/eMamba/MAMBA_1st/SSM/SSM_Preprocess/Linear_expand_dBC_C/matMult_40_wo_bias/Stage_A[15]/CLA_A File: /home/sanghun/RVX/rvx-tutorials/platform/tip_emamba_v1/user/rtl/src/matMult_40_wo_bias.sv Line: 59
# ** Warning: (vsim-3015) [PCDPC] - Port size (1) does not match connection size (32) for port 'carryIn'. The port definition is at: /home/sanghun/RVX/rvx-tutorials/platform/tip_emamba_v1/user/rtl/src/CLA_32.sv(26).
#    Time: 0 ps  Iteration: 0  Instance: /TIP_EMAMBA_V1_SIM/i_platform/my_emamba_ip/eMamba/MAMBA_1st/SSM/SSM_Preprocess/Linear_expand_dBC_C/matMult_40_wo_bias/Stage_A[15]/CLA_A File: /home/sanghun/RVX/rvx-tutorials/platform/tip_emamba_v1/user/rtl/src/matMult_40_wo_bias.sv Line: 59
# ** Warning: (vsim-3722) /home/sanghun/RVX/rvx-tutorials/platform/tip_emamba_v1/user/rtl/src/matMult_40_wo_bias.sv(59): [TFMPC] - Missing connection for port 'carryOut'.
# ** Warning: (vsim-2685) [TFMPC] - Too few port connections for 'CLA_A'.  Expected 5, found 4.
#    Time: 0 ps  Iteration: 0  Instance: /TIP_EMAMBA_V1_SIM/i_platform/my_emamba_ip/eMamba/MAMBA_1st/SSM/SSM_Preprocess/Linear_expand_dBC_C/matMult_40_wo_bias/Stage_A[16]/CLA_A File: /home/sanghun/RVX/rvx-tutorials/platform/tip_emamba_v1/user/rtl/src/matMult_40_wo_bias.sv Line: 59
# ** Warning: (vsim-3015) [PCDPC] - Port size (1) does not match connection size (32) for port 'carryIn'. The port definition is at: /home/sanghun/RVX/rvx-tutorials/platform/tip_emamba_v1/user/rtl/src/CLA_32.sv(26).
#    Time: 0 ps  Iteration: 0  Instance: /TIP_EMAMBA_V1_SIM/i_platform/my_emamba_ip/eMamba/MAMBA_1st/SSM/SSM_Preprocess/Linear_expand_dBC_C/matMult_40_wo_bias/Stage_A[16]/CLA_A File: /home/sanghun/RVX/rvx-tutorials/platform/tip_emamba_v1/user/rtl/src/matMult_40_wo_bias.sv Line: 59
# ** Warning: (vsim-3722) /home/sanghun/RVX/rvx-tutorials/platform/tip_emamba_v1/user/rtl/src/matMult_40_wo_bias.sv(59): [TFMPC] - Missing connection for port 'carryOut'.
# ** Warning: (vsim-2685) [TFMPC] - Too few port connections for 'CLA_A'.  Expected 5, found 4.
#    Time: 0 ps  Iteration: 0  Instance: /TIP_EMAMBA_V1_SIM/i_platform/my_emamba_ip/eMamba/MAMBA_1st/SSM/SSM_Preprocess/Linear_expand_dBC_C/matMult_40_wo_bias/Stage_A[17]/CLA_A File: /home/sanghun/RVX/rvx-tutorials/platform/tip_emamba_v1/user/rtl/src/matMult_40_wo_bias.sv Line: 59
# ** Warning: (vsim-3015) [PCDPC] - Port size (1) does not match connection size (32) for port 'carryIn'. The port definition is at: /home/sanghun/RVX/rvx-tutorials/platform/tip_emamba_v1/user/rtl/src/CLA_32.sv(26).
#    Time: 0 ps  Iteration: 0  Instance: /TIP_EMAMBA_V1_SIM/i_platform/my_emamba_ip/eMamba/MAMBA_1st/SSM/SSM_Preprocess/Linear_expand_dBC_C/matMult_40_wo_bias/Stage_A[17]/CLA_A File: /home/sanghun/RVX/rvx-tutorials/platform/tip_emamba_v1/user/rtl/src/matMult_40_wo_bias.sv Line: 59
# ** Warning: (vsim-3722) /home/sanghun/RVX/rvx-tutorials/platform/tip_emamba_v1/user/rtl/src/matMult_40_wo_bias.sv(59): [TFMPC] - Missing connection for port 'carryOut'.
# ** Warning: (vsim-2685) [TFMPC] - Too few port connections for 'CLA_A'.  Expected 5, found 4.
#    Time: 0 ps  Iteration: 0  Instance: /TIP_EMAMBA_V1_SIM/i_platform/my_emamba_ip/eMamba/MAMBA_1st/SSM/SSM_Preprocess/Linear_expand_dBC_C/matMult_40_wo_bias/Stage_A[18]/CLA_A File: /home/sanghun/RVX/rvx-tutorials/platform/tip_emamba_v1/user/rtl/src/matMult_40_wo_bias.sv Line: 59
# ** Warning: (vsim-3015) [PCDPC] - Port size (1) does not match connection size (32) for port 'carryIn'. The port definition is at: /home/sanghun/RVX/rvx-tutorials/platform/tip_emamba_v1/user/rtl/src/CLA_32.sv(26).
#    Time: 0 ps  Iteration: 0  Instance: /TIP_EMAMBA_V1_SIM/i_platform/my_emamba_ip/eMamba/MAMBA_1st/SSM/SSM_Preprocess/Linear_expand_dBC_C/matMult_40_wo_bias/Stage_A[18]/CLA_A File: /home/sanghun/RVX/rvx-tutorials/platform/tip_emamba_v1/user/rtl/src/matMult_40_wo_bias.sv Line: 59
# ** Warning: (vsim-3722) /home/sanghun/RVX/rvx-tutorials/platform/tip_emamba_v1/user/rtl/src/matMult_40_wo_bias.sv(59): [TFMPC] - Missing connection for port 'carryOut'.
# ** Warning: (vsim-2685) [TFMPC] - Too few port connections for 'CLA_A'.  Expected 5, found 4.
#    Time: 0 ps  Iteration: 0  Instance: /TIP_EMAMBA_V1_SIM/i_platform/my_emamba_ip/eMamba/MAMBA_1st/SSM/SSM_Preprocess/Linear_expand_dBC_C/matMult_40_wo_bias/Stage_A[19]/CLA_A File: /home/sanghun/RVX/rvx-tutorials/platform/tip_emamba_v1/user/rtl/src/matMult_40_wo_bias.sv Line: 59
# ** Warning: (vsim-3015) [PCDPC] - Port size (1) does not match connection size (32) for port 'carryIn'. The port definition is at: /home/sanghun/RVX/rvx-tutorials/platform/tip_emamba_v1/user/rtl/src/CLA_32.sv(26).
#    Time: 0 ps  Iteration: 0  Instance: /TIP_EMAMBA_V1_SIM/i_platform/my_emamba_ip/eMamba/MAMBA_1st/SSM/SSM_Preprocess/Linear_expand_dBC_C/matMult_40_wo_bias/Stage_A[19]/CLA_A File: /home/sanghun/RVX/rvx-tutorials/platform/tip_emamba_v1/user/rtl/src/matMult_40_wo_bias.sv Line: 59
# ** Warning: (vsim-3722) /home/sanghun/RVX/rvx-tutorials/platform/tip_emamba_v1/user/rtl/src/matMult_40_wo_bias.sv(59): [TFMPC] - Missing connection for port 'carryOut'.
# ** Warning: (vsim-2685) [TFMPC] - Too few port connections for 'CLA_B'.  Expected 5, found 4.
#    Time: 0 ps  Iteration: 0  Instance: /TIP_EMAMBA_V1_SIM/i_platform/my_emamba_ip/eMamba/MAMBA_1st/SSM/SSM_Preprocess/Linear_expand_dBC_C/matMult_40_wo_bias/Stage_B[0]/CLA_B File: /home/sanghun/RVX/rvx-tutorials/platform/tip_emamba_v1/user/rtl/src/matMult_40_wo_bias.sv Line: 69
# ** Warning: (vsim-3015) [PCDPC] - Port size (1) does not match connection size (32) for port 'carryIn'. The port definition is at: /home/sanghun/RVX/rvx-tutorials/platform/tip_emamba_v1/user/rtl/src/CLA_32.sv(26).
#    Time: 0 ps  Iteration: 0  Instance: /TIP_EMAMBA_V1_SIM/i_platform/my_emamba_ip/eMamba/MAMBA_1st/SSM/SSM_Preprocess/Linear_expand_dBC_C/matMult_40_wo_bias/Stage_B[0]/CLA_B File: /home/sanghun/RVX/rvx-tutorials/platform/tip_emamba_v1/user/rtl/src/matMult_40_wo_bias.sv Line: 69
# ** Warning: (vsim-3722) /home/sanghun/RVX/rvx-tutorials/platform/tip_emamba_v1/user/rtl/src/matMult_40_wo_bias.sv(69): [TFMPC] - Missing connection for port 'carryOut'.
# ** Warning: (vsim-2685) [TFMPC] - Too few port connections for 'CLA_B'.  Expected 5, found 4.
#    Time: 0 ps  Iteration: 0  Instance: /TIP_EMAMBA_V1_SIM/i_platform/my_emamba_ip/eMamba/MAMBA_1st/SSM/SSM_Preprocess/Linear_expand_dBC_C/matMult_40_wo_bias/Stage_B[1]/CLA_B File: /home/sanghun/RVX/rvx-tutorials/platform/tip_emamba_v1/user/rtl/src/matMult_40_wo_bias.sv Line: 69
# ** Warning: (vsim-3015) [PCDPC] - Port size (1) does not match connection size (32) for port 'carryIn'. The port definition is at: /home/sanghun/RVX/rvx-tutorials/platform/tip_emamba_v1/user/rtl/src/CLA_32.sv(26).
#    Time: 0 ps  Iteration: 0  Instance: /TIP_EMAMBA_V1_SIM/i_platform/my_emamba_ip/eMamba/MAMBA_1st/SSM/SSM_Preprocess/Linear_expand_dBC_C/matMult_40_wo_bias/Stage_B[1]/CLA_B File: /home/sanghun/RVX/rvx-tutorials/platform/tip_emamba_v1/user/rtl/src/matMult_40_wo_bias.sv Line: 69
# ** Warning: (vsim-3722) /home/sanghun/RVX/rvx-tutorials/platform/tip_emamba_v1/user/rtl/src/matMult_40_wo_bias.sv(69): [TFMPC] - Missing connection for port 'carryOut'.
# ** Warning: (vsim-2685) [TFMPC] - Too few port connections for 'CLA_B'.  Expected 5, found 4.
#    Time: 0 ps  Iteration: 0  Instance: /TIP_EMAMBA_V1_SIM/i_platform/my_emamba_ip/eMamba/MAMBA_1st/SSM/SSM_Preprocess/Linear_expand_dBC_C/matMult_40_wo_bias/Stage_B[2]/CLA_B File: /home/sanghun/RVX/rvx-tutorials/platform/tip_emamba_v1/user/rtl/src/matMult_40_wo_bias.sv Line: 69
# ** Warning: (vsim-3015) [PCDPC] - Port size (1) does not match connection size (32) for port 'carryIn'. The port definition is at: /home/sanghun/RVX/rvx-tutorials/platform/tip_emamba_v1/user/rtl/src/CLA_32.sv(26).
#    Time: 0 ps  Iteration: 0  Instance: /TIP_EMAMBA_V1_SIM/i_platform/my_emamba_ip/eMamba/MAMBA_1st/SSM/SSM_Preprocess/Linear_expand_dBC_C/matMult_40_wo_bias/Stage_B[2]/CLA_B File: /home/sanghun/RVX/rvx-tutorials/platform/tip_emamba_v1/user/rtl/src/matMult_40_wo_bias.sv Line: 69
# ** Warning: (vsim-3722) /home/sanghun/RVX/rvx-tutorials/platform/tip_emamba_v1/user/rtl/src/matMult_40_wo_bias.sv(69): [TFMPC] - Missing connection for port 'carryOut'.
# ** Warning: (vsim-2685) [TFMPC] - Too few port connections for 'CLA_B'.  Expected 5, found 4.
#    Time: 0 ps  Iteration: 0  Instance: /TIP_EMAMBA_V1_SIM/i_platform/my_emamba_ip/eMamba/MAMBA_1st/SSM/SSM_Preprocess/Linear_expand_dBC_C/matMult_40_wo_bias/Stage_B[3]/CLA_B File: /home/sanghun/RVX/rvx-tutorials/platform/tip_emamba_v1/user/rtl/src/matMult_40_wo_bias.sv Line: 69
# ** Warning: (vsim-3015) [PCDPC] - Port size (1) does not match connection size (32) for port 'carryIn'. The port definition is at: /home/sanghun/RVX/rvx-tutorials/platform/tip_emamba_v1/user/rtl/src/CLA_32.sv(26).
#    Time: 0 ps  Iteration: 0  Instance: /TIP_EMAMBA_V1_SIM/i_platform/my_emamba_ip/eMamba/MAMBA_1st/SSM/SSM_Preprocess/Linear_expand_dBC_C/matMult_40_wo_bias/Stage_B[3]/CLA_B File: /home/sanghun/RVX/rvx-tutorials/platform/tip_emamba_v1/user/rtl/src/matMult_40_wo_bias.sv Line: 69
# ** Warning: (vsim-3722) /home/sanghun/RVX/rvx-tutorials/platform/tip_emamba_v1/user/rtl/src/matMult_40_wo_bias.sv(69): [TFMPC] - Missing connection for port 'carryOut'.
# ** Warning: (vsim-2685) [TFMPC] - Too few port connections for 'CLA_B'.  Expected 5, found 4.
#    Time: 0 ps  Iteration: 0  Instance: /TIP_EMAMBA_V1_SIM/i_platform/my_emamba_ip/eMamba/MAMBA_1st/SSM/SSM_Preprocess/Linear_expand_dBC_C/matMult_40_wo_bias/Stage_B[4]/CLA_B File: /home/sanghun/RVX/rvx-tutorials/platform/tip_emamba_v1/user/rtl/src/matMult_40_wo_bias.sv Line: 69
# ** Warning: (vsim-3015) [PCDPC] - Port size (1) does not match connection size (32) for port 'carryIn'. The port definition is at: /home/sanghun/RVX/rvx-tutorials/platform/tip_emamba_v1/user/rtl/src/CLA_32.sv(26).
#    Time: 0 ps  Iteration: 0  Instance: /TIP_EMAMBA_V1_SIM/i_platform/my_emamba_ip/eMamba/MAMBA_1st/SSM/SSM_Preprocess/Linear_expand_dBC_C/matMult_40_wo_bias/Stage_B[4]/CLA_B File: /home/sanghun/RVX/rvx-tutorials/platform/tip_emamba_v1/user/rtl/src/matMult_40_wo_bias.sv Line: 69
# ** Warning: (vsim-3722) /home/sanghun/RVX/rvx-tutorials/platform/tip_emamba_v1/user/rtl/src/matMult_40_wo_bias.sv(69): [TFMPC] - Missing connection for port 'carryOut'.
# ** Warning: (vsim-2685) [TFMPC] - Too few port connections for 'CLA_B'.  Expected 5, found 4.
#    Time: 0 ps  Iteration: 0  Instance: /TIP_EMAMBA_V1_SIM/i_platform/my_emamba_ip/eMamba/MAMBA_1st/SSM/SSM_Preprocess/Linear_expand_dBC_C/matMult_40_wo_bias/Stage_B[5]/CLA_B File: /home/sanghun/RVX/rvx-tutorials/platform/tip_emamba_v1/user/rtl/src/matMult_40_wo_bias.sv Line: 69
# ** Warning: (vsim-3015) [PCDPC] - Port size (1) does not match connection size (32) for port 'carryIn'. The port definition is at: /home/sanghun/RVX/rvx-tutorials/platform/tip_emamba_v1/user/rtl/src/CLA_32.sv(26).
#    Time: 0 ps  Iteration: 0  Instance: /TIP_EMAMBA_V1_SIM/i_platform/my_emamba_ip/eMamba/MAMBA_1st/SSM/SSM_Preprocess/Linear_expand_dBC_C/matMult_40_wo_bias/Stage_B[5]/CLA_B File: /home/sanghun/RVX/rvx-tutorials/platform/tip_emamba_v1/user/rtl/src/matMult_40_wo_bias.sv Line: 69
# ** Warning: (vsim-3722) /home/sanghun/RVX/rvx-tutorials/platform/tip_emamba_v1/user/rtl/src/matMult_40_wo_bias.sv(69): [TFMPC] - Missing connection for port 'carryOut'.
# ** Warning: (vsim-2685) [TFMPC] - Too few port connections for 'CLA_B'.  Expected 5, found 4.
#    Time: 0 ps  Iteration: 0  Instance: /TIP_EMAMBA_V1_SIM/i_platform/my_emamba_ip/eMamba/MAMBA_1st/SSM/SSM_Preprocess/Linear_expand_dBC_C/matMult_40_wo_bias/Stage_B[6]/CLA_B File: /home/sanghun/RVX/rvx-tutorials/platform/tip_emamba_v1/user/rtl/src/matMult_40_wo_bias.sv Line: 69
# ** Warning: (vsim-3015) [PCDPC] - Port size (1) does not match connection size (32) for port 'carryIn'. The port definition is at: /home/sanghun/RVX/rvx-tutorials/platform/tip_emamba_v1/user/rtl/src/CLA_32.sv(26).
#    Time: 0 ps  Iteration: 0  Instance: /TIP_EMAMBA_V1_SIM/i_platform/my_emamba_ip/eMamba/MAMBA_1st/SSM/SSM_Preprocess/Linear_expand_dBC_C/matMult_40_wo_bias/Stage_B[6]/CLA_B File: /home/sanghun/RVX/rvx-tutorials/platform/tip_emamba_v1/user/rtl/src/matMult_40_wo_bias.sv Line: 69
# ** Warning: (vsim-3722) /home/sanghun/RVX/rvx-tutorials/platform/tip_emamba_v1/user/rtl/src/matMult_40_wo_bias.sv(69): [TFMPC] - Missing connection for port 'carryOut'.
# ** Warning: (vsim-2685) [TFMPC] - Too few port connections for 'CLA_B'.  Expected 5, found 4.
#    Time: 0 ps  Iteration: 0  Instance: /TIP_EMAMBA_V1_SIM/i_platform/my_emamba_ip/eMamba/MAMBA_1st/SSM/SSM_Preprocess/Linear_expand_dBC_C/matMult_40_wo_bias/Stage_B[7]/CLA_B File: /home/sanghun/RVX/rvx-tutorials/platform/tip_emamba_v1/user/rtl/src/matMult_40_wo_bias.sv Line: 69
# ** Warning: (vsim-3015) [PCDPC] - Port size (1) does not match connection size (32) for port 'carryIn'. The port definition is at: /home/sanghun/RVX/rvx-tutorials/platform/tip_emamba_v1/user/rtl/src/CLA_32.sv(26).
#    Time: 0 ps  Iteration: 0  Instance: /TIP_EMAMBA_V1_SIM/i_platform/my_emamba_ip/eMamba/MAMBA_1st/SSM/SSM_Preprocess/Linear_expand_dBC_C/matMult_40_wo_bias/Stage_B[7]/CLA_B File: /home/sanghun/RVX/rvx-tutorials/platform/tip_emamba_v1/user/rtl/src/matMult_40_wo_bias.sv Line: 69
# ** Warning: (vsim-3722) /home/sanghun/RVX/rvx-tutorials/platform/tip_emamba_v1/user/rtl/src/matMult_40_wo_bias.sv(69): [TFMPC] - Missing connection for port 'carryOut'.
# ** Warning: (vsim-2685) [TFMPC] - Too few port connections for 'CLA_B'.  Expected 5, found 4.
#    Time: 0 ps  Iteration: 0  Instance: /TIP_EMAMBA_V1_SIM/i_platform/my_emamba_ip/eMamba/MAMBA_1st/SSM/SSM_Preprocess/Linear_expand_dBC_C/matMult_40_wo_bias/Stage_B[8]/CLA_B File: /home/sanghun/RVX/rvx-tutorials/platform/tip_emamba_v1/user/rtl/src/matMult_40_wo_bias.sv Line: 69
# ** Warning: (vsim-3015) [PCDPC] - Port size (1) does not match connection size (32) for port 'carryIn'. The port definition is at: /home/sanghun/RVX/rvx-tutorials/platform/tip_emamba_v1/user/rtl/src/CLA_32.sv(26).
#    Time: 0 ps  Iteration: 0  Instance: /TIP_EMAMBA_V1_SIM/i_platform/my_emamba_ip/eMamba/MAMBA_1st/SSM/SSM_Preprocess/Linear_expand_dBC_C/matMult_40_wo_bias/Stage_B[8]/CLA_B File: /home/sanghun/RVX/rvx-tutorials/platform/tip_emamba_v1/user/rtl/src/matMult_40_wo_bias.sv Line: 69
# ** Warning: (vsim-3722) /home/sanghun/RVX/rvx-tutorials/platform/tip_emamba_v1/user/rtl/src/matMult_40_wo_bias.sv(69): [TFMPC] - Missing connection for port 'carryOut'.
# ** Warning: (vsim-2685) [TFMPC] - Too few port connections for 'CLA_B'.  Expected 5, found 4.
#    Time: 0 ps  Iteration: 0  Instance: /TIP_EMAMBA_V1_SIM/i_platform/my_emamba_ip/eMamba/MAMBA_1st/SSM/SSM_Preprocess/Linear_expand_dBC_C/matMult_40_wo_bias/Stage_B[9]/CLA_B File: /home/sanghun/RVX/rvx-tutorials/platform/tip_emamba_v1/user/rtl/src/matMult_40_wo_bias.sv Line: 69
# ** Warning: (vsim-3015) [PCDPC] - Port size (1) does not match connection size (32) for port 'carryIn'. The port definition is at: /home/sanghun/RVX/rvx-tutorials/platform/tip_emamba_v1/user/rtl/src/CLA_32.sv(26).
#    Time: 0 ps  Iteration: 0  Instance: /TIP_EMAMBA_V1_SIM/i_platform/my_emamba_ip/eMamba/MAMBA_1st/SSM/SSM_Preprocess/Linear_expand_dBC_C/matMult_40_wo_bias/Stage_B[9]/CLA_B File: /home/sanghun/RVX/rvx-tutorials/platform/tip_emamba_v1/user/rtl/src/matMult_40_wo_bias.sv Line: 69
# ** Warning: (vsim-3722) /home/sanghun/RVX/rvx-tutorials/platform/tip_emamba_v1/user/rtl/src/matMult_40_wo_bias.sv(69): [TFMPC] - Missing connection for port 'carryOut'.
# ** Warning: (vsim-2685) [TFMPC] - Too few port connections for 'CLA_C'.  Expected 5, found 4.
#    Time: 0 ps  Iteration: 0  Instance: /TIP_EMAMBA_V1_SIM/i_platform/my_emamba_ip/eMamba/MAMBA_1st/SSM/SSM_Preprocess/Linear_expand_dBC_C/matMult_40_wo_bias/Stage_C[0]/CLA_C File: /home/sanghun/RVX/rvx-tutorials/platform/tip_emamba_v1/user/rtl/src/matMult_40_wo_bias.sv Line: 79
# ** Warning: (vsim-3015) [PCDPC] - Port size (1) does not match connection size (32) for port 'carryIn'. The port definition is at: /home/sanghun/RVX/rvx-tutorials/platform/tip_emamba_v1/user/rtl/src/CLA_32.sv(26).
#    Time: 0 ps  Iteration: 0  Instance: /TIP_EMAMBA_V1_SIM/i_platform/my_emamba_ip/eMamba/MAMBA_1st/SSM/SSM_Preprocess/Linear_expand_dBC_C/matMult_40_wo_bias/Stage_C[0]/CLA_C File: /home/sanghun/RVX/rvx-tutorials/platform/tip_emamba_v1/user/rtl/src/matMult_40_wo_bias.sv Line: 79
# ** Warning: (vsim-3722) /home/sanghun/RVX/rvx-tutorials/platform/tip_emamba_v1/user/rtl/src/matMult_40_wo_bias.sv(79): [TFMPC] - Missing connection for port 'carryOut'.
# ** Warning: (vsim-2685) [TFMPC] - Too few port connections for 'CLA_C'.  Expected 5, found 4.
#    Time: 0 ps  Iteration: 0  Instance: /TIP_EMAMBA_V1_SIM/i_platform/my_emamba_ip/eMamba/MAMBA_1st/SSM/SSM_Preprocess/Linear_expand_dBC_C/matMult_40_wo_bias/Stage_C[1]/CLA_C File: /home/sanghun/RVX/rvx-tutorials/platform/tip_emamba_v1/user/rtl/src/matMult_40_wo_bias.sv Line: 79
# ** Warning: (vsim-3015) [PCDPC] - Port size (1) does not match connection size (32) for port 'carryIn'. The port definition is at: /home/sanghun/RVX/rvx-tutorials/platform/tip_emamba_v1/user/rtl/src/CLA_32.sv(26).
#    Time: 0 ps  Iteration: 0  Instance: /TIP_EMAMBA_V1_SIM/i_platform/my_emamba_ip/eMamba/MAMBA_1st/SSM/SSM_Preprocess/Linear_expand_dBC_C/matMult_40_wo_bias/Stage_C[1]/CLA_C File: /home/sanghun/RVX/rvx-tutorials/platform/tip_emamba_v1/user/rtl/src/matMult_40_wo_bias.sv Line: 79
# ** Warning: (vsim-3722) /home/sanghun/RVX/rvx-tutorials/platform/tip_emamba_v1/user/rtl/src/matMult_40_wo_bias.sv(79): [TFMPC] - Missing connection for port 'carryOut'.
# ** Warning: (vsim-2685) [TFMPC] - Too few port connections for 'CLA_C'.  Expected 5, found 4.
#    Time: 0 ps  Iteration: 0  Instance: /TIP_EMAMBA_V1_SIM/i_platform/my_emamba_ip/eMamba/MAMBA_1st/SSM/SSM_Preprocess/Linear_expand_dBC_C/matMult_40_wo_bias/Stage_C[2]/CLA_C File: /home/sanghun/RVX/rvx-tutorials/platform/tip_emamba_v1/user/rtl/src/matMult_40_wo_bias.sv Line: 79
# ** Warning: (vsim-3015) [PCDPC] - Port size (1) does not match connection size (32) for port 'carryIn'. The port definition is at: /home/sanghun/RVX/rvx-tutorials/platform/tip_emamba_v1/user/rtl/src/CLA_32.sv(26).
#    Time: 0 ps  Iteration: 0  Instance: /TIP_EMAMBA_V1_SIM/i_platform/my_emamba_ip/eMamba/MAMBA_1st/SSM/SSM_Preprocess/Linear_expand_dBC_C/matMult_40_wo_bias/Stage_C[2]/CLA_C File: /home/sanghun/RVX/rvx-tutorials/platform/tip_emamba_v1/user/rtl/src/matMult_40_wo_bias.sv Line: 79
# ** Warning: (vsim-3722) /home/sanghun/RVX/rvx-tutorials/platform/tip_emamba_v1/user/rtl/src/matMult_40_wo_bias.sv(79): [TFMPC] - Missing connection for port 'carryOut'.
# ** Warning: (vsim-2685) [TFMPC] - Too few port connections for 'CLA_C'.  Expected 5, found 4.
#    Time: 0 ps  Iteration: 0  Instance: /TIP_EMAMBA_V1_SIM/i_platform/my_emamba_ip/eMamba/MAMBA_1st/SSM/SSM_Preprocess/Linear_expand_dBC_C/matMult_40_wo_bias/Stage_C[3]/CLA_C File: /home/sanghun/RVX/rvx-tutorials/platform/tip_emamba_v1/user/rtl/src/matMult_40_wo_bias.sv Line: 79
# ** Warning: (vsim-3015) [PCDPC] - Port size (1) does not match connection size (32) for port 'carryIn'. The port definition is at: /home/sanghun/RVX/rvx-tutorials/platform/tip_emamba_v1/user/rtl/src/CLA_32.sv(26).
#    Time: 0 ps  Iteration: 0  Instance: /TIP_EMAMBA_V1_SIM/i_platform/my_emamba_ip/eMamba/MAMBA_1st/SSM/SSM_Preprocess/Linear_expand_dBC_C/matMult_40_wo_bias/Stage_C[3]/CLA_C File: /home/sanghun/RVX/rvx-tutorials/platform/tip_emamba_v1/user/rtl/src/matMult_40_wo_bias.sv Line: 79
# ** Warning: (vsim-3722) /home/sanghun/RVX/rvx-tutorials/platform/tip_emamba_v1/user/rtl/src/matMult_40_wo_bias.sv(79): [TFMPC] - Missing connection for port 'carryOut'.
# ** Warning: (vsim-2685) [TFMPC] - Too few port connections for 'CLA_C'.  Expected 5, found 4.
#    Time: 0 ps  Iteration: 0  Instance: /TIP_EMAMBA_V1_SIM/i_platform/my_emamba_ip/eMamba/MAMBA_1st/SSM/SSM_Preprocess/Linear_expand_dBC_C/matMult_40_wo_bias/Stage_C[4]/CLA_C File: /home/sanghun/RVX/rvx-tutorials/platform/tip_emamba_v1/user/rtl/src/matMult_40_wo_bias.sv Line: 79
# ** Warning: (vsim-3015) [PCDPC] - Port size (1) does not match connection size (32) for port 'carryIn'. The port definition is at: /home/sanghun/RVX/rvx-tutorials/platform/tip_emamba_v1/user/rtl/src/CLA_32.sv(26).
#    Time: 0 ps  Iteration: 0  Instance: /TIP_EMAMBA_V1_SIM/i_platform/my_emamba_ip/eMamba/MAMBA_1st/SSM/SSM_Preprocess/Linear_expand_dBC_C/matMult_40_wo_bias/Stage_C[4]/CLA_C File: /home/sanghun/RVX/rvx-tutorials/platform/tip_emamba_v1/user/rtl/src/matMult_40_wo_bias.sv Line: 79
# ** Warning: (vsim-3722) /home/sanghun/RVX/rvx-tutorials/platform/tip_emamba_v1/user/rtl/src/matMult_40_wo_bias.sv(79): [TFMPC] - Missing connection for port 'carryOut'.
# ** Warning: (vsim-2685) [TFMPC] - Too few port connections for 'CLA_D'.  Expected 5, found 4.
#    Time: 0 ps  Iteration: 0  Instance: /TIP_EMAMBA_V1_SIM/i_platform/my_emamba_ip/eMamba/MAMBA_1st/SSM/SSM_Preprocess/Linear_expand_dBC_C/matMult_40_wo_bias/Stage_D[0]/CLA_D File: /home/sanghun/RVX/rvx-tutorials/platform/tip_emamba_v1/user/rtl/src/matMult_40_wo_bias.sv Line: 89
# ** Warning: (vsim-3015) [PCDPC] - Port size (1) does not match connection size (32) for port 'carryIn'. The port definition is at: /home/sanghun/RVX/rvx-tutorials/platform/tip_emamba_v1/user/rtl/src/CLA_32.sv(26).
#    Time: 0 ps  Iteration: 0  Instance: /TIP_EMAMBA_V1_SIM/i_platform/my_emamba_ip/eMamba/MAMBA_1st/SSM/SSM_Preprocess/Linear_expand_dBC_C/matMult_40_wo_bias/Stage_D[0]/CLA_D File: /home/sanghun/RVX/rvx-tutorials/platform/tip_emamba_v1/user/rtl/src/matMult_40_wo_bias.sv Line: 89
# ** Warning: (vsim-3722) /home/sanghun/RVX/rvx-tutorials/platform/tip_emamba_v1/user/rtl/src/matMult_40_wo_bias.sv(89): [TFMPC] - Missing connection for port 'carryOut'.
# ** Warning: (vsim-2685) [TFMPC] - Too few port connections for 'CLA_D'.  Expected 5, found 4.
#    Time: 0 ps  Iteration: 0  Instance: /TIP_EMAMBA_V1_SIM/i_platform/my_emamba_ip/eMamba/MAMBA_1st/SSM/SSM_Preprocess/Linear_expand_dBC_C/matMult_40_wo_bias/Stage_D[1]/CLA_D File: /home/sanghun/RVX/rvx-tutorials/platform/tip_emamba_v1/user/rtl/src/matMult_40_wo_bias.sv Line: 89
# ** Warning: (vsim-3015) [PCDPC] - Port size (1) does not match connection size (32) for port 'carryIn'. The port definition is at: /home/sanghun/RVX/rvx-tutorials/platform/tip_emamba_v1/user/rtl/src/CLA_32.sv(26).
#    Time: 0 ps  Iteration: 0  Instance: /TIP_EMAMBA_V1_SIM/i_platform/my_emamba_ip/eMamba/MAMBA_1st/SSM/SSM_Preprocess/Linear_expand_dBC_C/matMult_40_wo_bias/Stage_D[1]/CLA_D File: /home/sanghun/RVX/rvx-tutorials/platform/tip_emamba_v1/user/rtl/src/matMult_40_wo_bias.sv Line: 89
# ** Warning: (vsim-3722) /home/sanghun/RVX/rvx-tutorials/platform/tip_emamba_v1/user/rtl/src/matMult_40_wo_bias.sv(89): [TFMPC] - Missing connection for port 'carryOut'.
# ** Warning: (vsim-2685) [TFMPC] - Too few port connections for 'CLA_E'.  Expected 5, found 4.
#    Time: 0 ps  Iteration: 0  Instance: /TIP_EMAMBA_V1_SIM/i_platform/my_emamba_ip/eMamba/MAMBA_1st/SSM/SSM_Preprocess/Linear_expand_dBC_C/matMult_40_wo_bias/CLA_E File: /home/sanghun/RVX/rvx-tutorials/platform/tip_emamba_v1/user/rtl/src/matMult_40_wo_bias.sv Line: 100
# ** Warning: (vsim-3015) [PCDPC] - Port size (1) does not match connection size (32) for port 'carryIn'. The port definition is at: /home/sanghun/RVX/rvx-tutorials/platform/tip_emamba_v1/user/rtl/src/CLA_32.sv(26).
#    Time: 0 ps  Iteration: 0  Instance: /TIP_EMAMBA_V1_SIM/i_platform/my_emamba_ip/eMamba/MAMBA_1st/SSM/SSM_Preprocess/Linear_expand_dBC_C/matMult_40_wo_bias/CLA_E File: /home/sanghun/RVX/rvx-tutorials/platform/tip_emamba_v1/user/rtl/src/matMult_40_wo_bias.sv Line: 100
# ** Warning: (vsim-3722) /home/sanghun/RVX/rvx-tutorials/platform/tip_emamba_v1/user/rtl/src/matMult_40_wo_bias.sv(100): [TFMPC] - Missing connection for port 'carryOut'.
# ** Warning: (vsim-2685) [TFMPC] - Too few port connections for 'CLA_F'.  Expected 5, found 4.
#    Time: 0 ps  Iteration: 0  Instance: /TIP_EMAMBA_V1_SIM/i_platform/my_emamba_ip/eMamba/MAMBA_1st/SSM/SSM_Preprocess/Linear_expand_dBC_C/matMult_40_wo_bias/CLA_F File: /home/sanghun/RVX/rvx-tutorials/platform/tip_emamba_v1/user/rtl/src/matMult_40_wo_bias.sv Line: 109
# ** Warning: (vsim-3015) [PCDPC] - Port size (1) does not match connection size (32) for port 'carryIn'. The port definition is at: /home/sanghun/RVX/rvx-tutorials/platform/tip_emamba_v1/user/rtl/src/CLA_32.sv(26).
#    Time: 0 ps  Iteration: 0  Instance: /TIP_EMAMBA_V1_SIM/i_platform/my_emamba_ip/eMamba/MAMBA_1st/SSM/SSM_Preprocess/Linear_expand_dBC_C/matMult_40_wo_bias/CLA_F File: /home/sanghun/RVX/rvx-tutorials/platform/tip_emamba_v1/user/rtl/src/matMult_40_wo_bias.sv Line: 109
# ** Warning: (vsim-3722) /home/sanghun/RVX/rvx-tutorials/platform/tip_emamba_v1/user/rtl/src/matMult_40_wo_bias.sv(109): [TFMPC] - Missing connection for port 'carryOut'.
# ** Warning: (vsim-2685) [TFMPC] - Too few port connections for 'CLA_A'.  Expected 5, found 4.
#    Time: 0 ps  Iteration: 0  Instance: /TIP_EMAMBA_V1_SIM/i_platform/my_emamba_ip/eMamba/MAMBA_1st/SSM/SSM_Preprocess/Linear_expand_delta/matMult_32/Stage_A[0]/CLA_A File: /home/sanghun/RVX/rvx-tutorials/platform/tip_emamba_v1/user/rtl/src/matMult_32.sv Line: 78
# ** Warning: (vsim-3015) [PCDPC] - Port size (1) does not match connection size (32) for port 'carryIn'. The port definition is at: /home/sanghun/RVX/rvx-tutorials/platform/tip_emamba_v1/user/rtl/src/CLA_32.sv(26).
#    Time: 0 ps  Iteration: 0  Instance: /TIP_EMAMBA_V1_SIM/i_platform/my_emamba_ip/eMamba/MAMBA_1st/SSM/SSM_Preprocess/Linear_expand_delta/matMult_32/Stage_A[0]/CLA_A File: /home/sanghun/RVX/rvx-tutorials/platform/tip_emamba_v1/user/rtl/src/matMult_32.sv Line: 78
# ** Warning: (vsim-3722) /home/sanghun/RVX/rvx-tutorials/platform/tip_emamba_v1/user/rtl/src/matMult_32.sv(78): [TFMPC] - Missing connection for port 'carryOut'.
# ** Warning: (vsim-2685) [TFMPC] - Too few port connections for 'CLA_A'.  Expected 5, found 4.
#    Time: 0 ps  Iteration: 0  Instance: /TIP_EMAMBA_V1_SIM/i_platform/my_emamba_ip/eMamba/MAMBA_1st/SSM/SSM_Preprocess/Linear_expand_delta/matMult_32/Stage_A[1]/CLA_A File: /home/sanghun/RVX/rvx-tutorials/platform/tip_emamba_v1/user/rtl/src/matMult_32.sv Line: 78
# ** Warning: (vsim-3015) [PCDPC] - Port size (1) does not match connection size (32) for port 'carryIn'. The port definition is at: /home/sanghun/RVX/rvx-tutorials/platform/tip_emamba_v1/user/rtl/src/CLA_32.sv(26).
#    Time: 0 ps  Iteration: 0  Instance: /TIP_EMAMBA_V1_SIM/i_platform/my_emamba_ip/eMamba/MAMBA_1st/SSM/SSM_Preprocess/Linear_expand_delta/matMult_32/Stage_A[1]/CLA_A File: /home/sanghun/RVX/rvx-tutorials/platform/tip_emamba_v1/user/rtl/src/matMult_32.sv Line: 78
# ** Warning: (vsim-3722) /home/sanghun/RVX/rvx-tutorials/platform/tip_emamba_v1/user/rtl/src/matMult_32.sv(78): [TFMPC] - Missing connection for port 'carryOut'.
# ** Warning: (vsim-2685) [TFMPC] - Too few port connections for 'CLA_A'.  Expected 5, found 4.
#    Time: 0 ps  Iteration: 0  Instance: /TIP_EMAMBA_V1_SIM/i_platform/my_emamba_ip/eMamba/MAMBA_1st/SSM/SSM_Preprocess/Linear_expand_delta/matMult_32/Stage_A[2]/CLA_A File: /home/sanghun/RVX/rvx-tutorials/platform/tip_emamba_v1/user/rtl/src/matMult_32.sv Line: 78
# ** Warning: (vsim-3015) [PCDPC] - Port size (1) does not match connection size (32) for port 'carryIn'. The port definition is at: /home/sanghun/RVX/rvx-tutorials/platform/tip_emamba_v1/user/rtl/src/CLA_32.sv(26).
#    Time: 0 ps  Iteration: 0  Instance: /TIP_EMAMBA_V1_SIM/i_platform/my_emamba_ip/eMamba/MAMBA_1st/SSM/SSM_Preprocess/Linear_expand_delta/matMult_32/Stage_A[2]/CLA_A File: /home/sanghun/RVX/rvx-tutorials/platform/tip_emamba_v1/user/rtl/src/matMult_32.sv Line: 78
# ** Warning: (vsim-3722) /home/sanghun/RVX/rvx-tutorials/platform/tip_emamba_v1/user/rtl/src/matMult_32.sv(78): [TFMPC] - Missing connection for port 'carryOut'.
# ** Warning: (vsim-2685) [TFMPC] - Too few port connections for 'CLA_A'.  Expected 5, found 4.
#    Time: 0 ps  Iteration: 0  Instance: /TIP_EMAMBA_V1_SIM/i_platform/my_emamba_ip/eMamba/MAMBA_1st/SSM/SSM_Preprocess/Linear_expand_delta/matMult_32/Stage_A[3]/CLA_A File: /home/sanghun/RVX/rvx-tutorials/platform/tip_emamba_v1/user/rtl/src/matMult_32.sv Line: 78
# ** Warning: (vsim-3015) [PCDPC] - Port size (1) does not match connection size (32) for port 'carryIn'. The port definition is at: /home/sanghun/RVX/rvx-tutorials/platform/tip_emamba_v1/user/rtl/src/CLA_32.sv(26).
#    Time: 0 ps  Iteration: 0  Instance: /TIP_EMAMBA_V1_SIM/i_platform/my_emamba_ip/eMamba/MAMBA_1st/SSM/SSM_Preprocess/Linear_expand_delta/matMult_32/Stage_A[3]/CLA_A File: /home/sanghun/RVX/rvx-tutorials/platform/tip_emamba_v1/user/rtl/src/matMult_32.sv Line: 78
# ** Warning: (vsim-3722) /home/sanghun/RVX/rvx-tutorials/platform/tip_emamba_v1/user/rtl/src/matMult_32.sv(78): [TFMPC] - Missing connection for port 'carryOut'.
# ** Warning: (vsim-2685) [TFMPC] - Too few port connections for 'CLA_A'.  Expected 5, found 4.
#    Time: 0 ps  Iteration: 0  Instance: /TIP_EMAMBA_V1_SIM/i_platform/my_emamba_ip/eMamba/MAMBA_1st/SSM/SSM_Preprocess/Linear_expand_delta/matMult_32/Stage_A[4]/CLA_A File: /home/sanghun/RVX/rvx-tutorials/platform/tip_emamba_v1/user/rtl/src/matMult_32.sv Line: 78
# ** Warning: (vsim-3015) [PCDPC] - Port size (1) does not match connection size (32) for port 'carryIn'. The port definition is at: /home/sanghun/RVX/rvx-tutorials/platform/tip_emamba_v1/user/rtl/src/CLA_32.sv(26).
#    Time: 0 ps  Iteration: 0  Instance: /TIP_EMAMBA_V1_SIM/i_platform/my_emamba_ip/eMamba/MAMBA_1st/SSM/SSM_Preprocess/Linear_expand_delta/matMult_32/Stage_A[4]/CLA_A File: /home/sanghun/RVX/rvx-tutorials/platform/tip_emamba_v1/user/rtl/src/matMult_32.sv Line: 78
# ** Warning: (vsim-3722) /home/sanghun/RVX/rvx-tutorials/platform/tip_emamba_v1/user/rtl/src/matMult_32.sv(78): [TFMPC] - Missing connection for port 'carryOut'.
# ** Warning: (vsim-2685) [TFMPC] - Too few port connections for 'CLA_A'.  Expected 5, found 4.
#    Time: 0 ps  Iteration: 0  Instance: /TIP_EMAMBA_V1_SIM/i_platform/my_emamba_ip/eMamba/MAMBA_1st/SSM/SSM_Preprocess/Linear_expand_delta/matMult_32/Stage_A[5]/CLA_A File: /home/sanghun/RVX/rvx-tutorials/platform/tip_emamba_v1/user/rtl/src/matMult_32.sv Line: 78
# ** Warning: (vsim-3015) [PCDPC] - Port size (1) does not match connection size (32) for port 'carryIn'. The port definition is at: /home/sanghun/RVX/rvx-tutorials/platform/tip_emamba_v1/user/rtl/src/CLA_32.sv(26).
#    Time: 0 ps  Iteration: 0  Instance: /TIP_EMAMBA_V1_SIM/i_platform/my_emamba_ip/eMamba/MAMBA_1st/SSM/SSM_Preprocess/Linear_expand_delta/matMult_32/Stage_A[5]/CLA_A File: /home/sanghun/RVX/rvx-tutorials/platform/tip_emamba_v1/user/rtl/src/matMult_32.sv Line: 78
# ** Warning: (vsim-3722) /home/sanghun/RVX/rvx-tutorials/platform/tip_emamba_v1/user/rtl/src/matMult_32.sv(78): [TFMPC] - Missing connection for port 'carryOut'.
# ** Warning: (vsim-2685) [TFMPC] - Too few port connections for 'CLA_A'.  Expected 5, found 4.
#    Time: 0 ps  Iteration: 0  Instance: /TIP_EMAMBA_V1_SIM/i_platform/my_emamba_ip/eMamba/MAMBA_1st/SSM/SSM_Preprocess/Linear_expand_delta/matMult_32/Stage_A[6]/CLA_A File: /home/sanghun/RVX/rvx-tutorials/platform/tip_emamba_v1/user/rtl/src/matMult_32.sv Line: 78
# ** Warning: (vsim-3015) [PCDPC] - Port size (1) does not match connection size (32) for port 'carryIn'. The port definition is at: /home/sanghun/RVX/rvx-tutorials/platform/tip_emamba_v1/user/rtl/src/CLA_32.sv(26).
#    Time: 0 ps  Iteration: 0  Instance: /TIP_EMAMBA_V1_SIM/i_platform/my_emamba_ip/eMamba/MAMBA_1st/SSM/SSM_Preprocess/Linear_expand_delta/matMult_32/Stage_A[6]/CLA_A File: /home/sanghun/RVX/rvx-tutorials/platform/tip_emamba_v1/user/rtl/src/matMult_32.sv Line: 78
# ** Warning: (vsim-3722) /home/sanghun/RVX/rvx-tutorials/platform/tip_emamba_v1/user/rtl/src/matMult_32.sv(78): [TFMPC] - Missing connection for port 'carryOut'.
# ** Warning: (vsim-2685) [TFMPC] - Too few port connections for 'CLA_A'.  Expected 5, found 4.
#    Time: 0 ps  Iteration: 0  Instance: /TIP_EMAMBA_V1_SIM/i_platform/my_emamba_ip/eMamba/MAMBA_1st/SSM/SSM_Preprocess/Linear_expand_delta/matMult_32/Stage_A[7]/CLA_A File: /home/sanghun/RVX/rvx-tutorials/platform/tip_emamba_v1/user/rtl/src/matMult_32.sv Line: 78
# ** Warning: (vsim-3015) [PCDPC] - Port size (1) does not match connection size (32) for port 'carryIn'. The port definition is at: /home/sanghun/RVX/rvx-tutorials/platform/tip_emamba_v1/user/rtl/src/CLA_32.sv(26).
#    Time: 0 ps  Iteration: 0  Instance: /TIP_EMAMBA_V1_SIM/i_platform/my_emamba_ip/eMamba/MAMBA_1st/SSM/SSM_Preprocess/Linear_expand_delta/matMult_32/Stage_A[7]/CLA_A File: /home/sanghun/RVX/rvx-tutorials/platform/tip_emamba_v1/user/rtl/src/matMult_32.sv Line: 78
# ** Warning: (vsim-3722) /home/sanghun/RVX/rvx-tutorials/platform/tip_emamba_v1/user/rtl/src/matMult_32.sv(78): [TFMPC] - Missing connection for port 'carryOut'.
# ** Warning: (vsim-2685) [TFMPC] - Too few port connections for 'CLA_A'.  Expected 5, found 4.
#    Time: 0 ps  Iteration: 0  Instance: /TIP_EMAMBA_V1_SIM/i_platform/my_emamba_ip/eMamba/MAMBA_1st/SSM/SSM_Preprocess/Linear_expand_delta/matMult_32/Stage_A[8]/CLA_A File: /home/sanghun/RVX/rvx-tutorials/platform/tip_emamba_v1/user/rtl/src/matMult_32.sv Line: 78
# ** Warning: (vsim-3015) [PCDPC] - Port size (1) does not match connection size (32) for port 'carryIn'. The port definition is at: /home/sanghun/RVX/rvx-tutorials/platform/tip_emamba_v1/user/rtl/src/CLA_32.sv(26).
#    Time: 0 ps  Iteration: 0  Instance: /TIP_EMAMBA_V1_SIM/i_platform/my_emamba_ip/eMamba/MAMBA_1st/SSM/SSM_Preprocess/Linear_expand_delta/matMult_32/Stage_A[8]/CLA_A File: /home/sanghun/RVX/rvx-tutorials/platform/tip_emamba_v1/user/rtl/src/matMult_32.sv Line: 78
# ** Warning: (vsim-3722) /home/sanghun/RVX/rvx-tutorials/platform/tip_emamba_v1/user/rtl/src/matMult_32.sv(78): [TFMPC] - Missing connection for port 'carryOut'.
# ** Warning: (vsim-2685) [TFMPC] - Too few port connections for 'CLA_A'.  Expected 5, found 4.
#    Time: 0 ps  Iteration: 0  Instance: /TIP_EMAMBA_V1_SIM/i_platform/my_emamba_ip/eMamba/MAMBA_1st/SSM/SSM_Preprocess/Linear_expand_delta/matMult_32/Stage_A[9]/CLA_A File: /home/sanghun/RVX/rvx-tutorials/platform/tip_emamba_v1/user/rtl/src/matMult_32.sv Line: 78
# ** Warning: (vsim-3015) [PCDPC] - Port size (1) does not match connection size (32) for port 'carryIn'. The port definition is at: /home/sanghun/RVX/rvx-tutorials/platform/tip_emamba_v1/user/rtl/src/CLA_32.sv(26).
#    Time: 0 ps  Iteration: 0  Instance: /TIP_EMAMBA_V1_SIM/i_platform/my_emamba_ip/eMamba/MAMBA_1st/SSM/SSM_Preprocess/Linear_expand_delta/matMult_32/Stage_A[9]/CLA_A File: /home/sanghun/RVX/rvx-tutorials/platform/tip_emamba_v1/user/rtl/src/matMult_32.sv Line: 78
# ** Warning: (vsim-3722) /home/sanghun/RVX/rvx-tutorials/platform/tip_emamba_v1/user/rtl/src/matMult_32.sv(78): [TFMPC] - Missing connection for port 'carryOut'.
# ** Warning: (vsim-2685) [TFMPC] - Too few port connections for 'CLA_A'.  Expected 5, found 4.
#    Time: 0 ps  Iteration: 0  Instance: /TIP_EMAMBA_V1_SIM/i_platform/my_emamba_ip/eMamba/MAMBA_1st/SSM/SSM_Preprocess/Linear_expand_delta/matMult_32/Stage_A[10]/CLA_A File: /home/sanghun/RVX/rvx-tutorials/platform/tip_emamba_v1/user/rtl/src/matMult_32.sv Line: 78
# ** Warning: (vsim-3015) [PCDPC] - Port size (1) does not match connection size (32) for port 'carryIn'. The port definition is at: /home/sanghun/RVX/rvx-tutorials/platform/tip_emamba_v1/user/rtl/src/CLA_32.sv(26).
#    Time: 0 ps  Iteration: 0  Instance: /TIP_EMAMBA_V1_SIM/i_platform/my_emamba_ip/eMamba/MAMBA_1st/SSM/SSM_Preprocess/Linear_expand_delta/matMult_32/Stage_A[10]/CLA_A File: /home/sanghun/RVX/rvx-tutorials/platform/tip_emamba_v1/user/rtl/src/matMult_32.sv Line: 78
# ** Warning: (vsim-3722) /home/sanghun/RVX/rvx-tutorials/platform/tip_emamba_v1/user/rtl/src/matMult_32.sv(78): [TFMPC] - Missing connection for port 'carryOut'.
# ** Warning: (vsim-2685) [TFMPC] - Too few port connections for 'CLA_A'.  Expected 5, found 4.
#    Time: 0 ps  Iteration: 0  Instance: /TIP_EMAMBA_V1_SIM/i_platform/my_emamba_ip/eMamba/MAMBA_1st/SSM/SSM_Preprocess/Linear_expand_delta/matMult_32/Stage_A[11]/CLA_A File: /home/sanghun/RVX/rvx-tutorials/platform/tip_emamba_v1/user/rtl/src/matMult_32.sv Line: 78
# ** Warning: (vsim-3015) [PCDPC] - Port size (1) does not match connection size (32) for port 'carryIn'. The port definition is at: /home/sanghun/RVX/rvx-tutorials/platform/tip_emamba_v1/user/rtl/src/CLA_32.sv(26).
#    Time: 0 ps  Iteration: 0  Instance: /TIP_EMAMBA_V1_SIM/i_platform/my_emamba_ip/eMamba/MAMBA_1st/SSM/SSM_Preprocess/Linear_expand_delta/matMult_32/Stage_A[11]/CLA_A File: /home/sanghun/RVX/rvx-tutorials/platform/tip_emamba_v1/user/rtl/src/matMult_32.sv Line: 78
# ** Warning: (vsim-3722) /home/sanghun/RVX/rvx-tutorials/platform/tip_emamba_v1/user/rtl/src/matMult_32.sv(78): [TFMPC] - Missing connection for port 'carryOut'.
# ** Warning: (vsim-2685) [TFMPC] - Too few port connections for 'CLA_A'.  Expected 5, found 4.
#    Time: 0 ps  Iteration: 0  Instance: /TIP_EMAMBA_V1_SIM/i_platform/my_emamba_ip/eMamba/MAMBA_1st/SSM/SSM_Preprocess/Linear_expand_delta/matMult_32/Stage_A[12]/CLA_A File: /home/sanghun/RVX/rvx-tutorials/platform/tip_emamba_v1/user/rtl/src/matMult_32.sv Line: 78
# ** Warning: (vsim-3015) [PCDPC] - Port size (1) does not match connection size (32) for port 'carryIn'. The port definition is at: /home/sanghun/RVX/rvx-tutorials/platform/tip_emamba_v1/user/rtl/src/CLA_32.sv(26).
#    Time: 0 ps  Iteration: 0  Instance: /TIP_EMAMBA_V1_SIM/i_platform/my_emamba_ip/eMamba/MAMBA_1st/SSM/SSM_Preprocess/Linear_expand_delta/matMult_32/Stage_A[12]/CLA_A File: /home/sanghun/RVX/rvx-tutorials/platform/tip_emamba_v1/user/rtl/src/matMult_32.sv Line: 78
# ** Warning: (vsim-3722) /home/sanghun/RVX/rvx-tutorials/platform/tip_emamba_v1/user/rtl/src/matMult_32.sv(78): [TFMPC] - Missing connection for port 'carryOut'.
# ** Warning: (vsim-2685) [TFMPC] - Too few port connections for 'CLA_A'.  Expected 5, found 4.
#    Time: 0 ps  Iteration: 0  Instance: /TIP_EMAMBA_V1_SIM/i_platform/my_emamba_ip/eMamba/MAMBA_1st/SSM/SSM_Preprocess/Linear_expand_delta/matMult_32/Stage_A[13]/CLA_A File: /home/sanghun/RVX/rvx-tutorials/platform/tip_emamba_v1/user/rtl/src/matMult_32.sv Line: 78
# ** Warning: (vsim-3015) [PCDPC] - Port size (1) does not match connection size (32) for port 'carryIn'. The port definition is at: /home/sanghun/RVX/rvx-tutorials/platform/tip_emamba_v1/user/rtl/src/CLA_32.sv(26).
#    Time: 0 ps  Iteration: 0  Instance: /TIP_EMAMBA_V1_SIM/i_platform/my_emamba_ip/eMamba/MAMBA_1st/SSM/SSM_Preprocess/Linear_expand_delta/matMult_32/Stage_A[13]/CLA_A File: /home/sanghun/RVX/rvx-tutorials/platform/tip_emamba_v1/user/rtl/src/matMult_32.sv Line: 78
# ** Warning: (vsim-3722) /home/sanghun/RVX/rvx-tutorials/platform/tip_emamba_v1/user/rtl/src/matMult_32.sv(78): [TFMPC] - Missing connection for port 'carryOut'.
# ** Warning: (vsim-2685) [TFMPC] - Too few port connections for 'CLA_A'.  Expected 5, found 4.
#    Time: 0 ps  Iteration: 0  Instance: /TIP_EMAMBA_V1_SIM/i_platform/my_emamba_ip/eMamba/MAMBA_1st/SSM/SSM_Preprocess/Linear_expand_delta/matMult_32/Stage_A[14]/CLA_A File: /home/sanghun/RVX/rvx-tutorials/platform/tip_emamba_v1/user/rtl/src/matMult_32.sv Line: 78
# ** Warning: (vsim-3015) [PCDPC] - Port size (1) does not match connection size (32) for port 'carryIn'. The port definition is at: /home/sanghun/RVX/rvx-tutorials/platform/tip_emamba_v1/user/rtl/src/CLA_32.sv(26).
#    Time: 0 ps  Iteration: 0  Instance: /TIP_EMAMBA_V1_SIM/i_platform/my_emamba_ip/eMamba/MAMBA_1st/SSM/SSM_Preprocess/Linear_expand_delta/matMult_32/Stage_A[14]/CLA_A File: /home/sanghun/RVX/rvx-tutorials/platform/tip_emamba_v1/user/rtl/src/matMult_32.sv Line: 78
# ** Warning: (vsim-3722) /home/sanghun/RVX/rvx-tutorials/platform/tip_emamba_v1/user/rtl/src/matMult_32.sv(78): [TFMPC] - Missing connection for port 'carryOut'.
# ** Warning: (vsim-2685) [TFMPC] - Too few port connections for 'CLA_A'.  Expected 5, found 4.
#    Time: 0 ps  Iteration: 0  Instance: /TIP_EMAMBA_V1_SIM/i_platform/my_emamba_ip/eMamba/MAMBA_1st/SSM/SSM_Preprocess/Linear_expand_delta/matMult_32/Stage_A[15]/CLA_A File: /home/sanghun/RVX/rvx-tutorials/platform/tip_emamba_v1/user/rtl/src/matMult_32.sv Line: 78
# ** Warning: (vsim-3015) [PCDPC] - Port size (1) does not match connection size (32) for port 'carryIn'. The port definition is at: /home/sanghun/RVX/rvx-tutorials/platform/tip_emamba_v1/user/rtl/src/CLA_32.sv(26).
#    Time: 0 ps  Iteration: 0  Instance: /TIP_EMAMBA_V1_SIM/i_platform/my_emamba_ip/eMamba/MAMBA_1st/SSM/SSM_Preprocess/Linear_expand_delta/matMult_32/Stage_A[15]/CLA_A File: /home/sanghun/RVX/rvx-tutorials/platform/tip_emamba_v1/user/rtl/src/matMult_32.sv Line: 78
# ** Warning: (vsim-3722) /home/sanghun/RVX/rvx-tutorials/platform/tip_emamba_v1/user/rtl/src/matMult_32.sv(78): [TFMPC] - Missing connection for port 'carryOut'.
# ** Warning: (vsim-2685) [TFMPC] - Too few port connections for 'CLA_B'.  Expected 5, found 4.
#    Time: 0 ps  Iteration: 0  Instance: /TIP_EMAMBA_V1_SIM/i_platform/my_emamba_ip/eMamba/MAMBA_1st/SSM/SSM_Preprocess/Linear_expand_delta/matMult_32/Stage_B[0]/CLA_B File: /home/sanghun/RVX/rvx-tutorials/platform/tip_emamba_v1/user/rtl/src/matMult_32.sv Line: 88
# ** Warning: (vsim-3015) [PCDPC] - Port size (1) does not match connection size (32) for port 'carryIn'. The port definition is at: /home/sanghun/RVX/rvx-tutorials/platform/tip_emamba_v1/user/rtl/src/CLA_32.sv(26).
#    Time: 0 ps  Iteration: 0  Instance: /TIP_EMAMBA_V1_SIM/i_platform/my_emamba_ip/eMamba/MAMBA_1st/SSM/SSM_Preprocess/Linear_expand_delta/matMult_32/Stage_B[0]/CLA_B File: /home/sanghun/RVX/rvx-tutorials/platform/tip_emamba_v1/user/rtl/src/matMult_32.sv Line: 88
# ** Warning: (vsim-3722) /home/sanghun/RVX/rvx-tutorials/platform/tip_emamba_v1/user/rtl/src/matMult_32.sv(88): [TFMPC] - Missing connection for port 'carryOut'.
# ** Warning: (vsim-2685) [TFMPC] - Too few port connections for 'CLA_B'.  Expected 5, found 4.
#    Time: 0 ps  Iteration: 0  Instance: /TIP_EMAMBA_V1_SIM/i_platform/my_emamba_ip/eMamba/MAMBA_1st/SSM/SSM_Preprocess/Linear_expand_delta/matMult_32/Stage_B[1]/CLA_B File: /home/sanghun/RVX/rvx-tutorials/platform/tip_emamba_v1/user/rtl/src/matMult_32.sv Line: 88
# ** Warning: (vsim-3015) [PCDPC] - Port size (1) does not match connection size (32) for port 'carryIn'. The port definition is at: /home/sanghun/RVX/rvx-tutorials/platform/tip_emamba_v1/user/rtl/src/CLA_32.sv(26).
#    Time: 0 ps  Iteration: 0  Instance: /TIP_EMAMBA_V1_SIM/i_platform/my_emamba_ip/eMamba/MAMBA_1st/SSM/SSM_Preprocess/Linear_expand_delta/matMult_32/Stage_B[1]/CLA_B File: /home/sanghun/RVX/rvx-tutorials/platform/tip_emamba_v1/user/rtl/src/matMult_32.sv Line: 88
# ** Warning: (vsim-3722) /home/sanghun/RVX/rvx-tutorials/platform/tip_emamba_v1/user/rtl/src/matMult_32.sv(88): [TFMPC] - Missing connection for port 'carryOut'.
# ** Warning: (vsim-2685) [TFMPC] - Too few port connections for 'CLA_B'.  Expected 5, found 4.
#    Time: 0 ps  Iteration: 0  Instance: /TIP_EMAMBA_V1_SIM/i_platform/my_emamba_ip/eMamba/MAMBA_1st/SSM/SSM_Preprocess/Linear_expand_delta/matMult_32/Stage_B[2]/CLA_B File: /home/sanghun/RVX/rvx-tutorials/platform/tip_emamba_v1/user/rtl/src/matMult_32.sv Line: 88
# ** Warning: (vsim-3015) [PCDPC] - Port size (1) does not match connection size (32) for port 'carryIn'. The port definition is at: /home/sanghun/RVX/rvx-tutorials/platform/tip_emamba_v1/user/rtl/src/CLA_32.sv(26).
#    Time: 0 ps  Iteration: 0  Instance: /TIP_EMAMBA_V1_SIM/i_platform/my_emamba_ip/eMamba/MAMBA_1st/SSM/SSM_Preprocess/Linear_expand_delta/matMult_32/Stage_B[2]/CLA_B File: /home/sanghun/RVX/rvx-tutorials/platform/tip_emamba_v1/user/rtl/src/matMult_32.sv Line: 88
# ** Warning: (vsim-3722) /home/sanghun/RVX/rvx-tutorials/platform/tip_emamba_v1/user/rtl/src/matMult_32.sv(88): [TFMPC] - Missing connection for port 'carryOut'.
# ** Warning: (vsim-2685) [TFMPC] - Too few port connections for 'CLA_B'.  Expected 5, found 4.
#    Time: 0 ps  Iteration: 0  Instance: /TIP_EMAMBA_V1_SIM/i_platform/my_emamba_ip/eMamba/MAMBA_1st/SSM/SSM_Preprocess/Linear_expand_delta/matMult_32/Stage_B[3]/CLA_B File: /home/sanghun/RVX/rvx-tutorials/platform/tip_emamba_v1/user/rtl/src/matMult_32.sv Line: 88
# ** Warning: (vsim-3015) [PCDPC] - Port size (1) does not match connection size (32) for port 'carryIn'. The port definition is at: /home/sanghun/RVX/rvx-tutorials/platform/tip_emamba_v1/user/rtl/src/CLA_32.sv(26).
#    Time: 0 ps  Iteration: 0  Instance: /TIP_EMAMBA_V1_SIM/i_platform/my_emamba_ip/eMamba/MAMBA_1st/SSM/SSM_Preprocess/Linear_expand_delta/matMult_32/Stage_B[3]/CLA_B File: /home/sanghun/RVX/rvx-tutorials/platform/tip_emamba_v1/user/rtl/src/matMult_32.sv Line: 88
# ** Warning: (vsim-3722) /home/sanghun/RVX/rvx-tutorials/platform/tip_emamba_v1/user/rtl/src/matMult_32.sv(88): [TFMPC] - Missing connection for port 'carryOut'.
# ** Warning: (vsim-2685) [TFMPC] - Too few port connections for 'CLA_B'.  Expected 5, found 4.
#    Time: 0 ps  Iteration: 0  Instance: /TIP_EMAMBA_V1_SIM/i_platform/my_emamba_ip/eMamba/MAMBA_1st/SSM/SSM_Preprocess/Linear_expand_delta/matMult_32/Stage_B[4]/CLA_B File: /home/sanghun/RVX/rvx-tutorials/platform/tip_emamba_v1/user/rtl/src/matMult_32.sv Line: 88
# ** Warning: (vsim-3015) [PCDPC] - Port size (1) does not match connection size (32) for port 'carryIn'. The port definition is at: /home/sanghun/RVX/rvx-tutorials/platform/tip_emamba_v1/user/rtl/src/CLA_32.sv(26).
#    Time: 0 ps  Iteration: 0  Instance: /TIP_EMAMBA_V1_SIM/i_platform/my_emamba_ip/eMamba/MAMBA_1st/SSM/SSM_Preprocess/Linear_expand_delta/matMult_32/Stage_B[4]/CLA_B File: /home/sanghun/RVX/rvx-tutorials/platform/tip_emamba_v1/user/rtl/src/matMult_32.sv Line: 88
# ** Warning: (vsim-3722) /home/sanghun/RVX/rvx-tutorials/platform/tip_emamba_v1/user/rtl/src/matMult_32.sv(88): [TFMPC] - Missing connection for port 'carryOut'.
# ** Warning: (vsim-2685) [TFMPC] - Too few port connections for 'CLA_B'.  Expected 5, found 4.
#    Time: 0 ps  Iteration: 0  Instance: /TIP_EMAMBA_V1_SIM/i_platform/my_emamba_ip/eMamba/MAMBA_1st/SSM/SSM_Preprocess/Linear_expand_delta/matMult_32/Stage_B[5]/CLA_B File: /home/sanghun/RVX/rvx-tutorials/platform/tip_emamba_v1/user/rtl/src/matMult_32.sv Line: 88
# ** Warning: (vsim-3015) [PCDPC] - Port size (1) does not match connection size (32) for port 'carryIn'. The port definition is at: /home/sanghun/RVX/rvx-tutorials/platform/tip_emamba_v1/user/rtl/src/CLA_32.sv(26).
#    Time: 0 ps  Iteration: 0  Instance: /TIP_EMAMBA_V1_SIM/i_platform/my_emamba_ip/eMamba/MAMBA_1st/SSM/SSM_Preprocess/Linear_expand_delta/matMult_32/Stage_B[5]/CLA_B File: /home/sanghun/RVX/rvx-tutorials/platform/tip_emamba_v1/user/rtl/src/matMult_32.sv Line: 88
# ** Warning: (vsim-3722) /home/sanghun/RVX/rvx-tutorials/platform/tip_emamba_v1/user/rtl/src/matMult_32.sv(88): [TFMPC] - Missing connection for port 'carryOut'.
# ** Warning: (vsim-2685) [TFMPC] - Too few port connections for 'CLA_B'.  Expected 5, found 4.
#    Time: 0 ps  Iteration: 0  Instance: /TIP_EMAMBA_V1_SIM/i_platform/my_emamba_ip/eMamba/MAMBA_1st/SSM/SSM_Preprocess/Linear_expand_delta/matMult_32/Stage_B[6]/CLA_B File: /home/sanghun/RVX/rvx-tutorials/platform/tip_emamba_v1/user/rtl/src/matMult_32.sv Line: 88
# ** Warning: (vsim-3015) [PCDPC] - Port size (1) does not match connection size (32) for port 'carryIn'. The port definition is at: /home/sanghun/RVX/rvx-tutorials/platform/tip_emamba_v1/user/rtl/src/CLA_32.sv(26).
#    Time: 0 ps  Iteration: 0  Instance: /TIP_EMAMBA_V1_SIM/i_platform/my_emamba_ip/eMamba/MAMBA_1st/SSM/SSM_Preprocess/Linear_expand_delta/matMult_32/Stage_B[6]/CLA_B File: /home/sanghun/RVX/rvx-tutorials/platform/tip_emamba_v1/user/rtl/src/matMult_32.sv Line: 88
# ** Warning: (vsim-3722) /home/sanghun/RVX/rvx-tutorials/platform/tip_emamba_v1/user/rtl/src/matMult_32.sv(88): [TFMPC] - Missing connection for port 'carryOut'.
# ** Warning: (vsim-2685) [TFMPC] - Too few port connections for 'CLA_B'.  Expected 5, found 4.
#    Time: 0 ps  Iteration: 0  Instance: /TIP_EMAMBA_V1_SIM/i_platform/my_emamba_ip/eMamba/MAMBA_1st/SSM/SSM_Preprocess/Linear_expand_delta/matMult_32/Stage_B[7]/CLA_B File: /home/sanghun/RVX/rvx-tutorials/platform/tip_emamba_v1/user/rtl/src/matMult_32.sv Line: 88
# ** Warning: (vsim-3015) [PCDPC] - Port size (1) does not match connection size (32) for port 'carryIn'. The port definition is at: /home/sanghun/RVX/rvx-tutorials/platform/tip_emamba_v1/user/rtl/src/CLA_32.sv(26).
#    Time: 0 ps  Iteration: 0  Instance: /TIP_EMAMBA_V1_SIM/i_platform/my_emamba_ip/eMamba/MAMBA_1st/SSM/SSM_Preprocess/Linear_expand_delta/matMult_32/Stage_B[7]/CLA_B File: /home/sanghun/RVX/rvx-tutorials/platform/tip_emamba_v1/user/rtl/src/matMult_32.sv Line: 88
# ** Warning: (vsim-3722) /home/sanghun/RVX/rvx-tutorials/platform/tip_emamba_v1/user/rtl/src/matMult_32.sv(88): [TFMPC] - Missing connection for port 'carryOut'.
# ** Warning: (vsim-2685) [TFMPC] - Too few port connections for 'CLA_C'.  Expected 5, found 4.
#    Time: 0 ps  Iteration: 0  Instance: /TIP_EMAMBA_V1_SIM/i_platform/my_emamba_ip/eMamba/MAMBA_1st/SSM/SSM_Preprocess/Linear_expand_delta/matMult_32/Stage_C[0]/CLA_C File: /home/sanghun/RVX/rvx-tutorials/platform/tip_emamba_v1/user/rtl/src/matMult_32.sv Line: 98
# ** Warning: (vsim-3015) [PCDPC] - Port size (1) does not match connection size (32) for port 'carryIn'. The port definition is at: /home/sanghun/RVX/rvx-tutorials/platform/tip_emamba_v1/user/rtl/src/CLA_32.sv(26).
#    Time: 0 ps  Iteration: 0  Instance: /TIP_EMAMBA_V1_SIM/i_platform/my_emamba_ip/eMamba/MAMBA_1st/SSM/SSM_Preprocess/Linear_expand_delta/matMult_32/Stage_C[0]/CLA_C File: /home/sanghun/RVX/rvx-tutorials/platform/tip_emamba_v1/user/rtl/src/matMult_32.sv Line: 98
# ** Warning: (vsim-3722) /home/sanghun/RVX/rvx-tutorials/platform/tip_emamba_v1/user/rtl/src/matMult_32.sv(98): [TFMPC] - Missing connection for port 'carryOut'.
# ** Warning: (vsim-2685) [TFMPC] - Too few port connections for 'CLA_C'.  Expected 5, found 4.
#    Time: 0 ps  Iteration: 0  Instance: /TIP_EMAMBA_V1_SIM/i_platform/my_emamba_ip/eMamba/MAMBA_1st/SSM/SSM_Preprocess/Linear_expand_delta/matMult_32/Stage_C[1]/CLA_C File: /home/sanghun/RVX/rvx-tutorials/platform/tip_emamba_v1/user/rtl/src/matMult_32.sv Line: 98
# ** Warning: (vsim-3015) [PCDPC] - Port size (1) does not match connection size (32) for port 'carryIn'. The port definition is at: /home/sanghun/RVX/rvx-tutorials/platform/tip_emamba_v1/user/rtl/src/CLA_32.sv(26).
#    Time: 0 ps  Iteration: 0  Instance: /TIP_EMAMBA_V1_SIM/i_platform/my_emamba_ip/eMamba/MAMBA_1st/SSM/SSM_Preprocess/Linear_expand_delta/matMult_32/Stage_C[1]/CLA_C File: /home/sanghun/RVX/rvx-tutorials/platform/tip_emamba_v1/user/rtl/src/matMult_32.sv Line: 98
# ** Warning: (vsim-3722) /home/sanghun/RVX/rvx-tutorials/platform/tip_emamba_v1/user/rtl/src/matMult_32.sv(98): [TFMPC] - Missing connection for port 'carryOut'.
# ** Warning: (vsim-2685) [TFMPC] - Too few port connections for 'CLA_C'.  Expected 5, found 4.
#    Time: 0 ps  Iteration: 0  Instance: /TIP_EMAMBA_V1_SIM/i_platform/my_emamba_ip/eMamba/MAMBA_1st/SSM/SSM_Preprocess/Linear_expand_delta/matMult_32/Stage_C[2]/CLA_C File: /home/sanghun/RVX/rvx-tutorials/platform/tip_emamba_v1/user/rtl/src/matMult_32.sv Line: 98
# ** Warning: (vsim-3015) [PCDPC] - Port size (1) does not match connection size (32) for port 'carryIn'. The port definition is at: /home/sanghun/RVX/rvx-tutorials/platform/tip_emamba_v1/user/rtl/src/CLA_32.sv(26).
#    Time: 0 ps  Iteration: 0  Instance: /TIP_EMAMBA_V1_SIM/i_platform/my_emamba_ip/eMamba/MAMBA_1st/SSM/SSM_Preprocess/Linear_expand_delta/matMult_32/Stage_C[2]/CLA_C File: /home/sanghun/RVX/rvx-tutorials/platform/tip_emamba_v1/user/rtl/src/matMult_32.sv Line: 98
# ** Warning: (vsim-3722) /home/sanghun/RVX/rvx-tutorials/platform/tip_emamba_v1/user/rtl/src/matMult_32.sv(98): [TFMPC] - Missing connection for port 'carryOut'.
# ** Warning: (vsim-2685) [TFMPC] - Too few port connections for 'CLA_C'.  Expected 5, found 4.
#    Time: 0 ps  Iteration: 0  Instance: /TIP_EMAMBA_V1_SIM/i_platform/my_emamba_ip/eMamba/MAMBA_1st/SSM/SSM_Preprocess/Linear_expand_delta/matMult_32/Stage_C[3]/CLA_C File: /home/sanghun/RVX/rvx-tutorials/platform/tip_emamba_v1/user/rtl/src/matMult_32.sv Line: 98
# ** Warning: (vsim-3015) [PCDPC] - Port size (1) does not match connection size (32) for port 'carryIn'. The port definition is at: /home/sanghun/RVX/rvx-tutorials/platform/tip_emamba_v1/user/rtl/src/CLA_32.sv(26).
#    Time: 0 ps  Iteration: 0  Instance: /TIP_EMAMBA_V1_SIM/i_platform/my_emamba_ip/eMamba/MAMBA_1st/SSM/SSM_Preprocess/Linear_expand_delta/matMult_32/Stage_C[3]/CLA_C File: /home/sanghun/RVX/rvx-tutorials/platform/tip_emamba_v1/user/rtl/src/matMult_32.sv Line: 98
# ** Warning: (vsim-3722) /home/sanghun/RVX/rvx-tutorials/platform/tip_emamba_v1/user/rtl/src/matMult_32.sv(98): [TFMPC] - Missing connection for port 'carryOut'.
# ** Warning: (vsim-2685) [TFMPC] - Too few port connections for 'CLA_D'.  Expected 5, found 4.
#    Time: 0 ps  Iteration: 0  Instance: /TIP_EMAMBA_V1_SIM/i_platform/my_emamba_ip/eMamba/MAMBA_1st/SSM/SSM_Preprocess/Linear_expand_delta/matMult_32/Stage_D[0]/CLA_D File: /home/sanghun/RVX/rvx-tutorials/platform/tip_emamba_v1/user/rtl/src/matMult_32.sv Line: 108
# ** Warning: (vsim-3015) [PCDPC] - Port size (1) does not match connection size (32) for port 'carryIn'. The port definition is at: /home/sanghun/RVX/rvx-tutorials/platform/tip_emamba_v1/user/rtl/src/CLA_32.sv(26).
#    Time: 0 ps  Iteration: 0  Instance: /TIP_EMAMBA_V1_SIM/i_platform/my_emamba_ip/eMamba/MAMBA_1st/SSM/SSM_Preprocess/Linear_expand_delta/matMult_32/Stage_D[0]/CLA_D File: /home/sanghun/RVX/rvx-tutorials/platform/tip_emamba_v1/user/rtl/src/matMult_32.sv Line: 108
# ** Warning: (vsim-3722) /home/sanghun/RVX/rvx-tutorials/platform/tip_emamba_v1/user/rtl/src/matMult_32.sv(108): [TFMPC] - Missing connection for port 'carryOut'.
# ** Warning: (vsim-2685) [TFMPC] - Too few port connections for 'CLA_D'.  Expected 5, found 4.
#    Time: 0 ps  Iteration: 0  Instance: /TIP_EMAMBA_V1_SIM/i_platform/my_emamba_ip/eMamba/MAMBA_1st/SSM/SSM_Preprocess/Linear_expand_delta/matMult_32/Stage_D[1]/CLA_D File: /home/sanghun/RVX/rvx-tutorials/platform/tip_emamba_v1/user/rtl/src/matMult_32.sv Line: 108
# ** Warning: (vsim-3015) [PCDPC] - Port size (1) does not match connection size (32) for port 'carryIn'. The port definition is at: /home/sanghun/RVX/rvx-tutorials/platform/tip_emamba_v1/user/rtl/src/CLA_32.sv(26).
#    Time: 0 ps  Iteration: 0  Instance: /TIP_EMAMBA_V1_SIM/i_platform/my_emamba_ip/eMamba/MAMBA_1st/SSM/SSM_Preprocess/Linear_expand_delta/matMult_32/Stage_D[1]/CLA_D File: /home/sanghun/RVX/rvx-tutorials/platform/tip_emamba_v1/user/rtl/src/matMult_32.sv Line: 108
# ** Warning: (vsim-3722) /home/sanghun/RVX/rvx-tutorials/platform/tip_emamba_v1/user/rtl/src/matMult_32.sv(108): [TFMPC] - Missing connection for port 'carryOut'.
# ** Warning: (vsim-2685) [TFMPC] - Too few port connections for 'CLA_E'.  Expected 5, found 4.
#    Time: 0 ps  Iteration: 0  Instance: /TIP_EMAMBA_V1_SIM/i_platform/my_emamba_ip/eMamba/MAMBA_1st/SSM/SSM_Preprocess/Linear_expand_delta/matMult_32/CLA_E File: /home/sanghun/RVX/rvx-tutorials/platform/tip_emamba_v1/user/rtl/src/matMult_32.sv Line: 119
# ** Warning: (vsim-3015) [PCDPC] - Port size (1) does not match connection size (32) for port 'carryIn'. The port definition is at: /home/sanghun/RVX/rvx-tutorials/platform/tip_emamba_v1/user/rtl/src/CLA_32.sv(26).
#    Time: 0 ps  Iteration: 0  Instance: /TIP_EMAMBA_V1_SIM/i_platform/my_emamba_ip/eMamba/MAMBA_1st/SSM/SSM_Preprocess/Linear_expand_delta/matMult_32/CLA_E File: /home/sanghun/RVX/rvx-tutorials/platform/tip_emamba_v1/user/rtl/src/matMult_32.sv Line: 119
# ** Warning: (vsim-3722) /home/sanghun/RVX/rvx-tutorials/platform/tip_emamba_v1/user/rtl/src/matMult_32.sv(119): [TFMPC] - Missing connection for port 'carryOut'.
# ** Warning: (vsim-2685) [TFMPC] - Too few port connections for 'CLA_F'.  Expected 5, found 4.
#    Time: 0 ps  Iteration: 0  Instance: /TIP_EMAMBA_V1_SIM/i_platform/my_emamba_ip/eMamba/MAMBA_1st/SSM/SSM_Preprocess/Linear_expand_delta/matMult_32/CLA_F File: /home/sanghun/RVX/rvx-tutorials/platform/tip_emamba_v1/user/rtl/src/matMult_32.sv Line: 128
# ** Warning: (vsim-3015) [PCDPC] - Port size (1) does not match connection size (32) for port 'carryIn'. The port definition is at: /home/sanghun/RVX/rvx-tutorials/platform/tip_emamba_v1/user/rtl/src/CLA_32.sv(26).
#    Time: 0 ps  Iteration: 0  Instance: /TIP_EMAMBA_V1_SIM/i_platform/my_emamba_ip/eMamba/MAMBA_1st/SSM/SSM_Preprocess/Linear_expand_delta/matMult_32/CLA_F File: /home/sanghun/RVX/rvx-tutorials/platform/tip_emamba_v1/user/rtl/src/matMult_32.sv Line: 128
# ** Warning: (vsim-3722) /home/sanghun/RVX/rvx-tutorials/platform/tip_emamba_v1/user/rtl/src/matMult_32.sv(128): [TFMPC] - Missing connection for port 'carryOut'.
# ** Warning: (vsim-2685) [TFMPC] - Too few port connections for 'CLA_A'.  Expected 5, found 4.
#    Time: 0 ps  Iteration: 0  Instance: /TIP_EMAMBA_V1_SIM/i_platform/my_emamba_ip/eMamba/MAMBA_1st/Linear_contract/matMult_40_LinCont/Stage_A[0]/CLA_A File: /home/sanghun/RVX/rvx-tutorials/platform/tip_emamba_v1/user/rtl/src/matMult_40_LinCont.sv Line: 110
# ** Warning: (vsim-3015) [PCDPC] - Port size (1) does not match connection size (32) for port 'carryIn'. The port definition is at: /home/sanghun/RVX/rvx-tutorials/platform/tip_emamba_v1/user/rtl/src/CLA_32.sv(26).
#    Time: 0 ps  Iteration: 0  Instance: /TIP_EMAMBA_V1_SIM/i_platform/my_emamba_ip/eMamba/MAMBA_1st/Linear_contract/matMult_40_LinCont/Stage_A[0]/CLA_A File: /home/sanghun/RVX/rvx-tutorials/platform/tip_emamba_v1/user/rtl/src/matMult_40_LinCont.sv Line: 110
# ** Warning: (vsim-3722) /home/sanghun/RVX/rvx-tutorials/platform/tip_emamba_v1/user/rtl/src/matMult_40_LinCont.sv(110): [TFMPC] - Missing connection for port 'carryOut'.
# ** Warning: (vsim-2685) [TFMPC] - Too few port connections for 'CLA_A'.  Expected 5, found 4.
#    Time: 0 ps  Iteration: 0  Instance: /TIP_EMAMBA_V1_SIM/i_platform/my_emamba_ip/eMamba/MAMBA_1st/Linear_contract/matMult_40_LinCont/Stage_A[1]/CLA_A File: /home/sanghun/RVX/rvx-tutorials/platform/tip_emamba_v1/user/rtl/src/matMult_40_LinCont.sv Line: 110
# ** Warning: (vsim-3015) [PCDPC] - Port size (1) does not match connection size (32) for port 'carryIn'. The port definition is at: /home/sanghun/RVX/rvx-tutorials/platform/tip_emamba_v1/user/rtl/src/CLA_32.sv(26).
#    Time: 0 ps  Iteration: 0  Instance: /TIP_EMAMBA_V1_SIM/i_platform/my_emamba_ip/eMamba/MAMBA_1st/Linear_contract/matMult_40_LinCont/Stage_A[1]/CLA_A File: /home/sanghun/RVX/rvx-tutorials/platform/tip_emamba_v1/user/rtl/src/matMult_40_LinCont.sv Line: 110
# ** Warning: (vsim-3722) /home/sanghun/RVX/rvx-tutorials/platform/tip_emamba_v1/user/rtl/src/matMult_40_LinCont.sv(110): [TFMPC] - Missing connection for port 'carryOut'.
# ** Warning: (vsim-2685) [TFMPC] - Too few port connections for 'CLA_A'.  Expected 5, found 4.
#    Time: 0 ps  Iteration: 0  Instance: /TIP_EMAMBA_V1_SIM/i_platform/my_emamba_ip/eMamba/MAMBA_1st/Linear_contract/matMult_40_LinCont/Stage_A[2]/CLA_A File: /home/sanghun/RVX/rvx-tutorials/platform/tip_emamba_v1/user/rtl/src/matMult_40_LinCont.sv Line: 110
# ** Warning: (vsim-3015) [PCDPC] - Port size (1) does not match connection size (32) for port 'carryIn'. The port definition is at: /home/sanghun/RVX/rvx-tutorials/platform/tip_emamba_v1/user/rtl/src/CLA_32.sv(26).
#    Time: 0 ps  Iteration: 0  Instance: /TIP_EMAMBA_V1_SIM/i_platform/my_emamba_ip/eMamba/MAMBA_1st/Linear_contract/matMult_40_LinCont/Stage_A[2]/CLA_A File: /home/sanghun/RVX/rvx-tutorials/platform/tip_emamba_v1/user/rtl/src/matMult_40_LinCont.sv Line: 110
# ** Warning: (vsim-3722) /home/sanghun/RVX/rvx-tutorials/platform/tip_emamba_v1/user/rtl/src/matMult_40_LinCont.sv(110): [TFMPC] - Missing connection for port 'carryOut'.
# ** Warning: (vsim-2685) [TFMPC] - Too few port connections for 'CLA_A'.  Expected 5, found 4.
#    Time: 0 ps  Iteration: 0  Instance: /TIP_EMAMBA_V1_SIM/i_platform/my_emamba_ip/eMamba/MAMBA_1st/Linear_contract/matMult_40_LinCont/Stage_A[3]/CLA_A File: /home/sanghun/RVX/rvx-tutorials/platform/tip_emamba_v1/user/rtl/src/matMult_40_LinCont.sv Line: 110
# ** Warning: (vsim-3015) [PCDPC] - Port size (1) does not match connection size (32) for port 'carryIn'. The port definition is at: /home/sanghun/RVX/rvx-tutorials/platform/tip_emamba_v1/user/rtl/src/CLA_32.sv(26).
#    Time: 0 ps  Iteration: 0  Instance: /TIP_EMAMBA_V1_SIM/i_platform/my_emamba_ip/eMamba/MAMBA_1st/Linear_contract/matMult_40_LinCont/Stage_A[3]/CLA_A File: /home/sanghun/RVX/rvx-tutorials/platform/tip_emamba_v1/user/rtl/src/matMult_40_LinCont.sv Line: 110
# ** Warning: (vsim-3722) /home/sanghun/RVX/rvx-tutorials/platform/tip_emamba_v1/user/rtl/src/matMult_40_LinCont.sv(110): [TFMPC] - Missing connection for port 'carryOut'.
# ** Warning: (vsim-2685) [TFMPC] - Too few port connections for 'CLA_A'.  Expected 5, found 4.
#    Time: 0 ps  Iteration: 0  Instance: /TIP_EMAMBA_V1_SIM/i_platform/my_emamba_ip/eMamba/MAMBA_1st/Linear_contract/matMult_40_LinCont/Stage_A[4]/CLA_A File: /home/sanghun/RVX/rvx-tutorials/platform/tip_emamba_v1/user/rtl/src/matMult_40_LinCont.sv Line: 110
# ** Warning: (vsim-3015) [PCDPC] - Port size (1) does not match connection size (32) for port 'carryIn'. The port definition is at: /home/sanghun/RVX/rvx-tutorials/platform/tip_emamba_v1/user/rtl/src/CLA_32.sv(26).
#    Time: 0 ps  Iteration: 0  Instance: /TIP_EMAMBA_V1_SIM/i_platform/my_emamba_ip/eMamba/MAMBA_1st/Linear_contract/matMult_40_LinCont/Stage_A[4]/CLA_A File: /home/sanghun/RVX/rvx-tutorials/platform/tip_emamba_v1/user/rtl/src/matMult_40_LinCont.sv Line: 110
# ** Warning: (vsim-3722) /home/sanghun/RVX/rvx-tutorials/platform/tip_emamba_v1/user/rtl/src/matMult_40_LinCont.sv(110): [TFMPC] - Missing connection for port 'carryOut'.
# ** Warning: (vsim-2685) [TFMPC] - Too few port connections for 'CLA_A'.  Expected 5, found 4.
#    Time: 0 ps  Iteration: 0  Instance: /TIP_EMAMBA_V1_SIM/i_platform/my_emamba_ip/eMamba/MAMBA_1st/Linear_contract/matMult_40_LinCont/Stage_A[5]/CLA_A File: /home/sanghun/RVX/rvx-tutorials/platform/tip_emamba_v1/user/rtl/src/matMult_40_LinCont.sv Line: 110
# ** Warning: (vsim-3015) [PCDPC] - Port size (1) does not match connection size (32) for port 'carryIn'. The port definition is at: /home/sanghun/RVX/rvx-tutorials/platform/tip_emamba_v1/user/rtl/src/CLA_32.sv(26).
#    Time: 0 ps  Iteration: 0  Instance: /TIP_EMAMBA_V1_SIM/i_platform/my_emamba_ip/eMamba/MAMBA_1st/Linear_contract/matMult_40_LinCont/Stage_A[5]/CLA_A File: /home/sanghun/RVX/rvx-tutorials/platform/tip_emamba_v1/user/rtl/src/matMult_40_LinCont.sv Line: 110
# ** Warning: (vsim-3722) /home/sanghun/RVX/rvx-tutorials/platform/tip_emamba_v1/user/rtl/src/matMult_40_LinCont.sv(110): [TFMPC] - Missing connection for port 'carryOut'.
# ** Warning: (vsim-2685) [TFMPC] - Too few port connections for 'CLA_A'.  Expected 5, found 4.
#    Time: 0 ps  Iteration: 0  Instance: /TIP_EMAMBA_V1_SIM/i_platform/my_emamba_ip/eMamba/MAMBA_1st/Linear_contract/matMult_40_LinCont/Stage_A[6]/CLA_A File: /home/sanghun/RVX/rvx-tutorials/platform/tip_emamba_v1/user/rtl/src/matMult_40_LinCont.sv Line: 110
# ** Warning: (vsim-3015) [PCDPC] - Port size (1) does not match connection size (32) for port 'carryIn'. The port definition is at: /home/sanghun/RVX/rvx-tutorials/platform/tip_emamba_v1/user/rtl/src/CLA_32.sv(26).
#    Time: 0 ps  Iteration: 0  Instance: /TIP_EMAMBA_V1_SIM/i_platform/my_emamba_ip/eMamba/MAMBA_1st/Linear_contract/matMult_40_LinCont/Stage_A[6]/CLA_A File: /home/sanghun/RVX/rvx-tutorials/platform/tip_emamba_v1/user/rtl/src/matMult_40_LinCont.sv Line: 110
# ** Warning: (vsim-3722) /home/sanghun/RVX/rvx-tutorials/platform/tip_emamba_v1/user/rtl/src/matMult_40_LinCont.sv(110): [TFMPC] - Missing connection for port 'carryOut'.
# ** Warning: (vsim-2685) [TFMPC] - Too few port connections for 'CLA_A'.  Expected 5, found 4.
#    Time: 0 ps  Iteration: 0  Instance: /TIP_EMAMBA_V1_SIM/i_platform/my_emamba_ip/eMamba/MAMBA_1st/Linear_contract/matMult_40_LinCont/Stage_A[7]/CLA_A File: /home/sanghun/RVX/rvx-tutorials/platform/tip_emamba_v1/user/rtl/src/matMult_40_LinCont.sv Line: 110
# ** Warning: (vsim-3015) [PCDPC] - Port size (1) does not match connection size (32) for port 'carryIn'. The port definition is at: /home/sanghun/RVX/rvx-tutorials/platform/tip_emamba_v1/user/rtl/src/CLA_32.sv(26).
#    Time: 0 ps  Iteration: 0  Instance: /TIP_EMAMBA_V1_SIM/i_platform/my_emamba_ip/eMamba/MAMBA_1st/Linear_contract/matMult_40_LinCont/Stage_A[7]/CLA_A File: /home/sanghun/RVX/rvx-tutorials/platform/tip_emamba_v1/user/rtl/src/matMult_40_LinCont.sv Line: 110
# ** Warning: (vsim-3722) /home/sanghun/RVX/rvx-tutorials/platform/tip_emamba_v1/user/rtl/src/matMult_40_LinCont.sv(110): [TFMPC] - Missing connection for port 'carryOut'.
# ** Warning: (vsim-2685) [TFMPC] - Too few port connections for 'CLA_A'.  Expected 5, found 4.
#    Time: 0 ps  Iteration: 0  Instance: /TIP_EMAMBA_V1_SIM/i_platform/my_emamba_ip/eMamba/MAMBA_1st/Linear_contract/matMult_40_LinCont/Stage_A[8]/CLA_A File: /home/sanghun/RVX/rvx-tutorials/platform/tip_emamba_v1/user/rtl/src/matMult_40_LinCont.sv Line: 110
# ** Warning: (vsim-3015) [PCDPC] - Port size (1) does not match connection size (32) for port 'carryIn'. The port definition is at: /home/sanghun/RVX/rvx-tutorials/platform/tip_emamba_v1/user/rtl/src/CLA_32.sv(26).
#    Time: 0 ps  Iteration: 0  Instance: /TIP_EMAMBA_V1_SIM/i_platform/my_emamba_ip/eMamba/MAMBA_1st/Linear_contract/matMult_40_LinCont/Stage_A[8]/CLA_A File: /home/sanghun/RVX/rvx-tutorials/platform/tip_emamba_v1/user/rtl/src/matMult_40_LinCont.sv Line: 110
# ** Warning: (vsim-3722) /home/sanghun/RVX/rvx-tutorials/platform/tip_emamba_v1/user/rtl/src/matMult_40_LinCont.sv(110): [TFMPC] - Missing connection for port 'carryOut'.
# ** Warning: (vsim-2685) [TFMPC] - Too few port connections for 'CLA_A'.  Expected 5, found 4.
#    Time: 0 ps  Iteration: 0  Instance: /TIP_EMAMBA_V1_SIM/i_platform/my_emamba_ip/eMamba/MAMBA_1st/Linear_contract/matMult_40_LinCont/Stage_A[9]/CLA_A File: /home/sanghun/RVX/rvx-tutorials/platform/tip_emamba_v1/user/rtl/src/matMult_40_LinCont.sv Line: 110
# ** Warning: (vsim-3015) [PCDPC] - Port size (1) does not match connection size (32) for port 'carryIn'. The port definition is at: /home/sanghun/RVX/rvx-tutorials/platform/tip_emamba_v1/user/rtl/src/CLA_32.sv(26).
#    Time: 0 ps  Iteration: 0  Instance: /TIP_EMAMBA_V1_SIM/i_platform/my_emamba_ip/eMamba/MAMBA_1st/Linear_contract/matMult_40_LinCont/Stage_A[9]/CLA_A File: /home/sanghun/RVX/rvx-tutorials/platform/tip_emamba_v1/user/rtl/src/matMult_40_LinCont.sv Line: 110
# ** Warning: (vsim-3722) /home/sanghun/RVX/rvx-tutorials/platform/tip_emamba_v1/user/rtl/src/matMult_40_LinCont.sv(110): [TFMPC] - Missing connection for port 'carryOut'.
# ** Warning: (vsim-2685) [TFMPC] - Too few port connections for 'CLA_A'.  Expected 5, found 4.
#    Time: 0 ps  Iteration: 0  Instance: /TIP_EMAMBA_V1_SIM/i_platform/my_emamba_ip/eMamba/MAMBA_1st/Linear_contract/matMult_40_LinCont/Stage_A[10]/CLA_A File: /home/sanghun/RVX/rvx-tutorials/platform/tip_emamba_v1/user/rtl/src/matMult_40_LinCont.sv Line: 110
# ** Warning: (vsim-3015) [PCDPC] - Port size (1) does not match connection size (32) for port 'carryIn'. The port definition is at: /home/sanghun/RVX/rvx-tutorials/platform/tip_emamba_v1/user/rtl/src/CLA_32.sv(26).
#    Time: 0 ps  Iteration: 0  Instance: /TIP_EMAMBA_V1_SIM/i_platform/my_emamba_ip/eMamba/MAMBA_1st/Linear_contract/matMult_40_LinCont/Stage_A[10]/CLA_A File: /home/sanghun/RVX/rvx-tutorials/platform/tip_emamba_v1/user/rtl/src/matMult_40_LinCont.sv Line: 110
# ** Warning: (vsim-3722) /home/sanghun/RVX/rvx-tutorials/platform/tip_emamba_v1/user/rtl/src/matMult_40_LinCont.sv(110): [TFMPC] - Missing connection for port 'carryOut'.
# ** Warning: (vsim-2685) [TFMPC] - Too few port connections for 'CLA_A'.  Expected 5, found 4.
#    Time: 0 ps  Iteration: 0  Instance: /TIP_EMAMBA_V1_SIM/i_platform/my_emamba_ip/eMamba/MAMBA_1st/Linear_contract/matMult_40_LinCont/Stage_A[11]/CLA_A File: /home/sanghun/RVX/rvx-tutorials/platform/tip_emamba_v1/user/rtl/src/matMult_40_LinCont.sv Line: 110
# ** Warning: (vsim-3015) [PCDPC] - Port size (1) does not match connection size (32) for port 'carryIn'. The port definition is at: /home/sanghun/RVX/rvx-tutorials/platform/tip_emamba_v1/user/rtl/src/CLA_32.sv(26).
#    Time: 0 ps  Iteration: 0  Instance: /TIP_EMAMBA_V1_SIM/i_platform/my_emamba_ip/eMamba/MAMBA_1st/Linear_contract/matMult_40_LinCont/Stage_A[11]/CLA_A File: /home/sanghun/RVX/rvx-tutorials/platform/tip_emamba_v1/user/rtl/src/matMult_40_LinCont.sv Line: 110
# ** Warning: (vsim-3722) /home/sanghun/RVX/rvx-tutorials/platform/tip_emamba_v1/user/rtl/src/matMult_40_LinCont.sv(110): [TFMPC] - Missing connection for port 'carryOut'.
# ** Warning: (vsim-2685) [TFMPC] - Too few port connections for 'CLA_A'.  Expected 5, found 4.
#    Time: 0 ps  Iteration: 0  Instance: /TIP_EMAMBA_V1_SIM/i_platform/my_emamba_ip/eMamba/MAMBA_1st/Linear_contract/matMult_40_LinCont/Stage_A[12]/CLA_A File: /home/sanghun/RVX/rvx-tutorials/platform/tip_emamba_v1/user/rtl/src/matMult_40_LinCont.sv Line: 110
# ** Warning: (vsim-3015) [PCDPC] - Port size (1) does not match connection size (32) for port 'carryIn'. The port definition is at: /home/sanghun/RVX/rvx-tutorials/platform/tip_emamba_v1/user/rtl/src/CLA_32.sv(26).
#    Time: 0 ps  Iteration: 0  Instance: /TIP_EMAMBA_V1_SIM/i_platform/my_emamba_ip/eMamba/MAMBA_1st/Linear_contract/matMult_40_LinCont/Stage_A[12]/CLA_A File: /home/sanghun/RVX/rvx-tutorials/platform/tip_emamba_v1/user/rtl/src/matMult_40_LinCont.sv Line: 110
# ** Warning: (vsim-3722) /home/sanghun/RVX/rvx-tutorials/platform/tip_emamba_v1/user/rtl/src/matMult_40_LinCont.sv(110): [TFMPC] - Missing connection for port 'carryOut'.
# ** Warning: (vsim-2685) [TFMPC] - Too few port connections for 'CLA_A'.  Expected 5, found 4.
#    Time: 0 ps  Iteration: 0  Instance: /TIP_EMAMBA_V1_SIM/i_platform/my_emamba_ip/eMamba/MAMBA_1st/Linear_contract/matMult_40_LinCont/Stage_A[13]/CLA_A File: /home/sanghun/RVX/rvx-tutorials/platform/tip_emamba_v1/user/rtl/src/matMult_40_LinCont.sv Line: 110
# ** Warning: (vsim-3015) [PCDPC] - Port size (1) does not match connection size (32) for port 'carryIn'. The port definition is at: /home/sanghun/RVX/rvx-tutorials/platform/tip_emamba_v1/user/rtl/src/CLA_32.sv(26).
#    Time: 0 ps  Iteration: 0  Instance: /TIP_EMAMBA_V1_SIM/i_platform/my_emamba_ip/eMamba/MAMBA_1st/Linear_contract/matMult_40_LinCont/Stage_A[13]/CLA_A File: /home/sanghun/RVX/rvx-tutorials/platform/tip_emamba_v1/user/rtl/src/matMult_40_LinCont.sv Line: 110
# ** Warning: (vsim-3722) /home/sanghun/RVX/rvx-tutorials/platform/tip_emamba_v1/user/rtl/src/matMult_40_LinCont.sv(110): [TFMPC] - Missing connection for port 'carryOut'.
# ** Warning: (vsim-2685) [TFMPC] - Too few port connections for 'CLA_A'.  Expected 5, found 4.
#    Time: 0 ps  Iteration: 0  Instance: /TIP_EMAMBA_V1_SIM/i_platform/my_emamba_ip/eMamba/MAMBA_1st/Linear_contract/matMult_40_LinCont/Stage_A[14]/CLA_A File: /home/sanghun/RVX/rvx-tutorials/platform/tip_emamba_v1/user/rtl/src/matMult_40_LinCont.sv Line: 110
# ** Warning: (vsim-3015) [PCDPC] - Port size (1) does not match connection size (32) for port 'carryIn'. The port definition is at: /home/sanghun/RVX/rvx-tutorials/platform/tip_emamba_v1/user/rtl/src/CLA_32.sv(26).
#    Time: 0 ps  Iteration: 0  Instance: /TIP_EMAMBA_V1_SIM/i_platform/my_emamba_ip/eMamba/MAMBA_1st/Linear_contract/matMult_40_LinCont/Stage_A[14]/CLA_A File: /home/sanghun/RVX/rvx-tutorials/platform/tip_emamba_v1/user/rtl/src/matMult_40_LinCont.sv Line: 110
# ** Warning: (vsim-3722) /home/sanghun/RVX/rvx-tutorials/platform/tip_emamba_v1/user/rtl/src/matMult_40_LinCont.sv(110): [TFMPC] - Missing connection for port 'carryOut'.
# ** Warning: (vsim-2685) [TFMPC] - Too few port connections for 'CLA_A'.  Expected 5, found 4.
#    Time: 0 ps  Iteration: 0  Instance: /TIP_EMAMBA_V1_SIM/i_platform/my_emamba_ip/eMamba/MAMBA_1st/Linear_contract/matMult_40_LinCont/Stage_A[15]/CLA_A File: /home/sanghun/RVX/rvx-tutorials/platform/tip_emamba_v1/user/rtl/src/matMult_40_LinCont.sv Line: 110
# ** Warning: (vsim-3015) [PCDPC] - Port size (1) does not match connection size (32) for port 'carryIn'. The port definition is at: /home/sanghun/RVX/rvx-tutorials/platform/tip_emamba_v1/user/rtl/src/CLA_32.sv(26).
#    Time: 0 ps  Iteration: 0  Instance: /TIP_EMAMBA_V1_SIM/i_platform/my_emamba_ip/eMamba/MAMBA_1st/Linear_contract/matMult_40_LinCont/Stage_A[15]/CLA_A File: /home/sanghun/RVX/rvx-tutorials/platform/tip_emamba_v1/user/rtl/src/matMult_40_LinCont.sv Line: 110
# ** Warning: (vsim-3722) /home/sanghun/RVX/rvx-tutorials/platform/tip_emamba_v1/user/rtl/src/matMult_40_LinCont.sv(110): [TFMPC] - Missing connection for port 'carryOut'.
# ** Warning: (vsim-2685) [TFMPC] - Too few port connections for 'CLA_A'.  Expected 5, found 4.
#    Time: 0 ps  Iteration: 0  Instance: /TIP_EMAMBA_V1_SIM/i_platform/my_emamba_ip/eMamba/MAMBA_1st/Linear_contract/matMult_40_LinCont/Stage_A[16]/CLA_A File: /home/sanghun/RVX/rvx-tutorials/platform/tip_emamba_v1/user/rtl/src/matMult_40_LinCont.sv Line: 110
# ** Warning: (vsim-3015) [PCDPC] - Port size (1) does not match connection size (32) for port 'carryIn'. The port definition is at: /home/sanghun/RVX/rvx-tutorials/platform/tip_emamba_v1/user/rtl/src/CLA_32.sv(26).
#    Time: 0 ps  Iteration: 0  Instance: /TIP_EMAMBA_V1_SIM/i_platform/my_emamba_ip/eMamba/MAMBA_1st/Linear_contract/matMult_40_LinCont/Stage_A[16]/CLA_A File: /home/sanghun/RVX/rvx-tutorials/platform/tip_emamba_v1/user/rtl/src/matMult_40_LinCont.sv Line: 110
# ** Warning: (vsim-3722) /home/sanghun/RVX/rvx-tutorials/platform/tip_emamba_v1/user/rtl/src/matMult_40_LinCont.sv(110): [TFMPC] - Missing connection for port 'carryOut'.
# ** Warning: (vsim-2685) [TFMPC] - Too few port connections for 'CLA_A'.  Expected 5, found 4.
#    Time: 0 ps  Iteration: 0  Instance: /TIP_EMAMBA_V1_SIM/i_platform/my_emamba_ip/eMamba/MAMBA_1st/Linear_contract/matMult_40_LinCont/Stage_A[17]/CLA_A File: /home/sanghun/RVX/rvx-tutorials/platform/tip_emamba_v1/user/rtl/src/matMult_40_LinCont.sv Line: 110
# ** Warning: (vsim-3015) [PCDPC] - Port size (1) does not match connection size (32) for port 'carryIn'. The port definition is at: /home/sanghun/RVX/rvx-tutorials/platform/tip_emamba_v1/user/rtl/src/CLA_32.sv(26).
#    Time: 0 ps  Iteration: 0  Instance: /TIP_EMAMBA_V1_SIM/i_platform/my_emamba_ip/eMamba/MAMBA_1st/Linear_contract/matMult_40_LinCont/Stage_A[17]/CLA_A File: /home/sanghun/RVX/rvx-tutorials/platform/tip_emamba_v1/user/rtl/src/matMult_40_LinCont.sv Line: 110
# ** Warning: (vsim-3722) /home/sanghun/RVX/rvx-tutorials/platform/tip_emamba_v1/user/rtl/src/matMult_40_LinCont.sv(110): [TFMPC] - Missing connection for port 'carryOut'.
# ** Warning: (vsim-2685) [TFMPC] - Too few port connections for 'CLA_A'.  Expected 5, found 4.
#    Time: 0 ps  Iteration: 0  Instance: /TIP_EMAMBA_V1_SIM/i_platform/my_emamba_ip/eMamba/MAMBA_1st/Linear_contract/matMult_40_LinCont/Stage_A[18]/CLA_A File: /home/sanghun/RVX/rvx-tutorials/platform/tip_emamba_v1/user/rtl/src/matMult_40_LinCont.sv Line: 110
# ** Warning: (vsim-3015) [PCDPC] - Port size (1) does not match connection size (32) for port 'carryIn'. The port definition is at: /home/sanghun/RVX/rvx-tutorials/platform/tip_emamba_v1/user/rtl/src/CLA_32.sv(26).
#    Time: 0 ps  Iteration: 0  Instance: /TIP_EMAMBA_V1_SIM/i_platform/my_emamba_ip/eMamba/MAMBA_1st/Linear_contract/matMult_40_LinCont/Stage_A[18]/CLA_A File: /home/sanghun/RVX/rvx-tutorials/platform/tip_emamba_v1/user/rtl/src/matMult_40_LinCont.sv Line: 110
# ** Warning: (vsim-3722) /home/sanghun/RVX/rvx-tutorials/platform/tip_emamba_v1/user/rtl/src/matMult_40_LinCont.sv(110): [TFMPC] - Missing connection for port 'carryOut'.
# ** Warning: (vsim-2685) [TFMPC] - Too few port connections for 'CLA_A'.  Expected 5, found 4.
#    Time: 0 ps  Iteration: 0  Instance: /TIP_EMAMBA_V1_SIM/i_platform/my_emamba_ip/eMamba/MAMBA_1st/Linear_contract/matMult_40_LinCont/Stage_A[19]/CLA_A File: /home/sanghun/RVX/rvx-tutorials/platform/tip_emamba_v1/user/rtl/src/matMult_40_LinCont.sv Line: 110
# ** Warning: (vsim-3015) [PCDPC] - Port size (1) does not match connection size (32) for port 'carryIn'. The port definition is at: /home/sanghun/RVX/rvx-tutorials/platform/tip_emamba_v1/user/rtl/src/CLA_32.sv(26).
#    Time: 0 ps  Iteration: 0  Instance: /TIP_EMAMBA_V1_SIM/i_platform/my_emamba_ip/eMamba/MAMBA_1st/Linear_contract/matMult_40_LinCont/Stage_A[19]/CLA_A File: /home/sanghun/RVX/rvx-tutorials/platform/tip_emamba_v1/user/rtl/src/matMult_40_LinCont.sv Line: 110
# ** Warning: (vsim-3722) /home/sanghun/RVX/rvx-tutorials/platform/tip_emamba_v1/user/rtl/src/matMult_40_LinCont.sv(110): [TFMPC] - Missing connection for port 'carryOut'.
# ** Warning: (vsim-2685) [TFMPC] - Too few port connections for 'CLA_B'.  Expected 5, found 4.
#    Time: 0 ps  Iteration: 0  Instance: /TIP_EMAMBA_V1_SIM/i_platform/my_emamba_ip/eMamba/MAMBA_1st/Linear_contract/matMult_40_LinCont/Stage_B[0]/CLA_B File: /home/sanghun/RVX/rvx-tutorials/platform/tip_emamba_v1/user/rtl/src/matMult_40_LinCont.sv Line: 120
# ** Warning: (vsim-3015) [PCDPC] - Port size (1) does not match connection size (32) for port 'carryIn'. The port definition is at: /home/sanghun/RVX/rvx-tutorials/platform/tip_emamba_v1/user/rtl/src/CLA_32.sv(26).
#    Time: 0 ps  Iteration: 0  Instance: /TIP_EMAMBA_V1_SIM/i_platform/my_emamba_ip/eMamba/MAMBA_1st/Linear_contract/matMult_40_LinCont/Stage_B[0]/CLA_B File: /home/sanghun/RVX/rvx-tutorials/platform/tip_emamba_v1/user/rtl/src/matMult_40_LinCont.sv Line: 120
# ** Warning: (vsim-3722) /home/sanghun/RVX/rvx-tutorials/platform/tip_emamba_v1/user/rtl/src/matMult_40_LinCont.sv(120): [TFMPC] - Missing connection for port 'carryOut'.
# ** Warning: (vsim-2685) [TFMPC] - Too few port connections for 'CLA_B'.  Expected 5, found 4.
#    Time: 0 ps  Iteration: 0  Instance: /TIP_EMAMBA_V1_SIM/i_platform/my_emamba_ip/eMamba/MAMBA_1st/Linear_contract/matMult_40_LinCont/Stage_B[1]/CLA_B File: /home/sanghun/RVX/rvx-tutorials/platform/tip_emamba_v1/user/rtl/src/matMult_40_LinCont.sv Line: 120
# ** Warning: (vsim-3015) [PCDPC] - Port size (1) does not match connection size (32) for port 'carryIn'. The port definition is at: /home/sanghun/RVX/rvx-tutorials/platform/tip_emamba_v1/user/rtl/src/CLA_32.sv(26).
#    Time: 0 ps  Iteration: 0  Instance: /TIP_EMAMBA_V1_SIM/i_platform/my_emamba_ip/eMamba/MAMBA_1st/Linear_contract/matMult_40_LinCont/Stage_B[1]/CLA_B File: /home/sanghun/RVX/rvx-tutorials/platform/tip_emamba_v1/user/rtl/src/matMult_40_LinCont.sv Line: 120
# ** Warning: (vsim-3722) /home/sanghun/RVX/rvx-tutorials/platform/tip_emamba_v1/user/rtl/src/matMult_40_LinCont.sv(120): [TFMPC] - Missing connection for port 'carryOut'.
# ** Warning: (vsim-2685) [TFMPC] - Too few port connections for 'CLA_B'.  Expected 5, found 4.
#    Time: 0 ps  Iteration: 0  Instance: /TIP_EMAMBA_V1_SIM/i_platform/my_emamba_ip/eMamba/MAMBA_1st/Linear_contract/matMult_40_LinCont/Stage_B[2]/CLA_B File: /home/sanghun/RVX/rvx-tutorials/platform/tip_emamba_v1/user/rtl/src/matMult_40_LinCont.sv Line: 120
# ** Warning: (vsim-3015) [PCDPC] - Port size (1) does not match connection size (32) for port 'carryIn'. The port definition is at: /home/sanghun/RVX/rvx-tutorials/platform/tip_emamba_v1/user/rtl/src/CLA_32.sv(26).
#    Time: 0 ps  Iteration: 0  Instance: /TIP_EMAMBA_V1_SIM/i_platform/my_emamba_ip/eMamba/MAMBA_1st/Linear_contract/matMult_40_LinCont/Stage_B[2]/CLA_B File: /home/sanghun/RVX/rvx-tutorials/platform/tip_emamba_v1/user/rtl/src/matMult_40_LinCont.sv Line: 120
# ** Warning: (vsim-3722) /home/sanghun/RVX/rvx-tutorials/platform/tip_emamba_v1/user/rtl/src/matMult_40_LinCont.sv(120): [TFMPC] - Missing connection for port 'carryOut'.
# ** Warning: (vsim-2685) [TFMPC] - Too few port connections for 'CLA_B'.  Expected 5, found 4.
#    Time: 0 ps  Iteration: 0  Instance: /TIP_EMAMBA_V1_SIM/i_platform/my_emamba_ip/eMamba/MAMBA_1st/Linear_contract/matMult_40_LinCont/Stage_B[3]/CLA_B File: /home/sanghun/RVX/rvx-tutorials/platform/tip_emamba_v1/user/rtl/src/matMult_40_LinCont.sv Line: 120
# ** Warning: (vsim-3015) [PCDPC] - Port size (1) does not match connection size (32) for port 'carryIn'. The port definition is at: /home/sanghun/RVX/rvx-tutorials/platform/tip_emamba_v1/user/rtl/src/CLA_32.sv(26).
#    Time: 0 ps  Iteration: 0  Instance: /TIP_EMAMBA_V1_SIM/i_platform/my_emamba_ip/eMamba/MAMBA_1st/Linear_contract/matMult_40_LinCont/Stage_B[3]/CLA_B File: /home/sanghun/RVX/rvx-tutorials/platform/tip_emamba_v1/user/rtl/src/matMult_40_LinCont.sv Line: 120
# ** Warning: (vsim-3722) /home/sanghun/RVX/rvx-tutorials/platform/tip_emamba_v1/user/rtl/src/matMult_40_LinCont.sv(120): [TFMPC] - Missing connection for port 'carryOut'.
# ** Warning: (vsim-2685) [TFMPC] - Too few port connections for 'CLA_B'.  Expected 5, found 4.
#    Time: 0 ps  Iteration: 0  Instance: /TIP_EMAMBA_V1_SIM/i_platform/my_emamba_ip/eMamba/MAMBA_1st/Linear_contract/matMult_40_LinCont/Stage_B[4]/CLA_B File: /home/sanghun/RVX/rvx-tutorials/platform/tip_emamba_v1/user/rtl/src/matMult_40_LinCont.sv Line: 120
# ** Warning: (vsim-3015) [PCDPC] - Port size (1) does not match connection size (32) for port 'carryIn'. The port definition is at: /home/sanghun/RVX/rvx-tutorials/platform/tip_emamba_v1/user/rtl/src/CLA_32.sv(26).
#    Time: 0 ps  Iteration: 0  Instance: /TIP_EMAMBA_V1_SIM/i_platform/my_emamba_ip/eMamba/MAMBA_1st/Linear_contract/matMult_40_LinCont/Stage_B[4]/CLA_B File: /home/sanghun/RVX/rvx-tutorials/platform/tip_emamba_v1/user/rtl/src/matMult_40_LinCont.sv Line: 120
# ** Warning: (vsim-3722) /home/sanghun/RVX/rvx-tutorials/platform/tip_emamba_v1/user/rtl/src/matMult_40_LinCont.sv(120): [TFMPC] - Missing connection for port 'carryOut'.
# ** Warning: (vsim-2685) [TFMPC] - Too few port connections for 'CLA_B'.  Expected 5, found 4.
#    Time: 0 ps  Iteration: 0  Instance: /TIP_EMAMBA_V1_SIM/i_platform/my_emamba_ip/eMamba/MAMBA_1st/Linear_contract/matMult_40_LinCont/Stage_B[5]/CLA_B File: /home/sanghun/RVX/rvx-tutorials/platform/tip_emamba_v1/user/rtl/src/matMult_40_LinCont.sv Line: 120
# ** Warning: (vsim-3015) [PCDPC] - Port size (1) does not match connection size (32) for port 'carryIn'. The port definition is at: /home/sanghun/RVX/rvx-tutorials/platform/tip_emamba_v1/user/rtl/src/CLA_32.sv(26).
#    Time: 0 ps  Iteration: 0  Instance: /TIP_EMAMBA_V1_SIM/i_platform/my_emamba_ip/eMamba/MAMBA_1st/Linear_contract/matMult_40_LinCont/Stage_B[5]/CLA_B File: /home/sanghun/RVX/rvx-tutorials/platform/tip_emamba_v1/user/rtl/src/matMult_40_LinCont.sv Line: 120
# ** Warning: (vsim-3722) /home/sanghun/RVX/rvx-tutorials/platform/tip_emamba_v1/user/rtl/src/matMult_40_LinCont.sv(120): [TFMPC] - Missing connection for port 'carryOut'.
# ** Warning: (vsim-2685) [TFMPC] - Too few port connections for 'CLA_B'.  Expected 5, found 4.
#    Time: 0 ps  Iteration: 0  Instance: /TIP_EMAMBA_V1_SIM/i_platform/my_emamba_ip/eMamba/MAMBA_1st/Linear_contract/matMult_40_LinCont/Stage_B[6]/CLA_B File: /home/sanghun/RVX/rvx-tutorials/platform/tip_emamba_v1/user/rtl/src/matMult_40_LinCont.sv Line: 120
# ** Warning: (vsim-3015) [PCDPC] - Port size (1) does not match connection size (32) for port 'carryIn'. The port definition is at: /home/sanghun/RVX/rvx-tutorials/platform/tip_emamba_v1/user/rtl/src/CLA_32.sv(26).
#    Time: 0 ps  Iteration: 0  Instance: /TIP_EMAMBA_V1_SIM/i_platform/my_emamba_ip/eMamba/MAMBA_1st/Linear_contract/matMult_40_LinCont/Stage_B[6]/CLA_B File: /home/sanghun/RVX/rvx-tutorials/platform/tip_emamba_v1/user/rtl/src/matMult_40_LinCont.sv Line: 120
# ** Warning: (vsim-3722) /home/sanghun/RVX/rvx-tutorials/platform/tip_emamba_v1/user/rtl/src/matMult_40_LinCont.sv(120): [TFMPC] - Missing connection for port 'carryOut'.
# ** Warning: (vsim-2685) [TFMPC] - Too few port connections for 'CLA_B'.  Expected 5, found 4.
#    Time: 0 ps  Iteration: 0  Instance: /TIP_EMAMBA_V1_SIM/i_platform/my_emamba_ip/eMamba/MAMBA_1st/Linear_contract/matMult_40_LinCont/Stage_B[7]/CLA_B File: /home/sanghun/RVX/rvx-tutorials/platform/tip_emamba_v1/user/rtl/src/matMult_40_LinCont.sv Line: 120
# ** Warning: (vsim-3015) [PCDPC] - Port size (1) does not match connection size (32) for port 'carryIn'. The port definition is at: /home/sanghun/RVX/rvx-tutorials/platform/tip_emamba_v1/user/rtl/src/CLA_32.sv(26).
#    Time: 0 ps  Iteration: 0  Instance: /TIP_EMAMBA_V1_SIM/i_platform/my_emamba_ip/eMamba/MAMBA_1st/Linear_contract/matMult_40_LinCont/Stage_B[7]/CLA_B File: /home/sanghun/RVX/rvx-tutorials/platform/tip_emamba_v1/user/rtl/src/matMult_40_LinCont.sv Line: 120
# ** Warning: (vsim-3722) /home/sanghun/RVX/rvx-tutorials/platform/tip_emamba_v1/user/rtl/src/matMult_40_LinCont.sv(120): [TFMPC] - Missing connection for port 'carryOut'.
# ** Warning: (vsim-2685) [TFMPC] - Too few port connections for 'CLA_B'.  Expected 5, found 4.
#    Time: 0 ps  Iteration: 0  Instance: /TIP_EMAMBA_V1_SIM/i_platform/my_emamba_ip/eMamba/MAMBA_1st/Linear_contract/matMult_40_LinCont/Stage_B[8]/CLA_B File: /home/sanghun/RVX/rvx-tutorials/platform/tip_emamba_v1/user/rtl/src/matMult_40_LinCont.sv Line: 120
# ** Warning: (vsim-3015) [PCDPC] - Port size (1) does not match connection size (32) for port 'carryIn'. The port definition is at: /home/sanghun/RVX/rvx-tutorials/platform/tip_emamba_v1/user/rtl/src/CLA_32.sv(26).
#    Time: 0 ps  Iteration: 0  Instance: /TIP_EMAMBA_V1_SIM/i_platform/my_emamba_ip/eMamba/MAMBA_1st/Linear_contract/matMult_40_LinCont/Stage_B[8]/CLA_B File: /home/sanghun/RVX/rvx-tutorials/platform/tip_emamba_v1/user/rtl/src/matMult_40_LinCont.sv Line: 120
# ** Warning: (vsim-3722) /home/sanghun/RVX/rvx-tutorials/platform/tip_emamba_v1/user/rtl/src/matMult_40_LinCont.sv(120): [TFMPC] - Missing connection for port 'carryOut'.
# ** Warning: (vsim-2685) [TFMPC] - Too few port connections for 'CLA_B'.  Expected 5, found 4.
#    Time: 0 ps  Iteration: 0  Instance: /TIP_EMAMBA_V1_SIM/i_platform/my_emamba_ip/eMamba/MAMBA_1st/Linear_contract/matMult_40_LinCont/Stage_B[9]/CLA_B File: /home/sanghun/RVX/rvx-tutorials/platform/tip_emamba_v1/user/rtl/src/matMult_40_LinCont.sv Line: 120
# ** Warning: (vsim-3015) [PCDPC] - Port size (1) does not match connection size (32) for port 'carryIn'. The port definition is at: /home/sanghun/RVX/rvx-tutorials/platform/tip_emamba_v1/user/rtl/src/CLA_32.sv(26).
#    Time: 0 ps  Iteration: 0  Instance: /TIP_EMAMBA_V1_SIM/i_platform/my_emamba_ip/eMamba/MAMBA_1st/Linear_contract/matMult_40_LinCont/Stage_B[9]/CLA_B File: /home/sanghun/RVX/rvx-tutorials/platform/tip_emamba_v1/user/rtl/src/matMult_40_LinCont.sv Line: 120
# ** Warning: (vsim-3722) /home/sanghun/RVX/rvx-tutorials/platform/tip_emamba_v1/user/rtl/src/matMult_40_LinCont.sv(120): [TFMPC] - Missing connection for port 'carryOut'.
# ** Warning: (vsim-2685) [TFMPC] - Too few port connections for 'CLA_C'.  Expected 5, found 4.
#    Time: 0 ps  Iteration: 0  Instance: /TIP_EMAMBA_V1_SIM/i_platform/my_emamba_ip/eMamba/MAMBA_1st/Linear_contract/matMult_40_LinCont/Stage_C[0]/CLA_C File: /home/sanghun/RVX/rvx-tutorials/platform/tip_emamba_v1/user/rtl/src/matMult_40_LinCont.sv Line: 130
# ** Warning: (vsim-3015) [PCDPC] - Port size (1) does not match connection size (32) for port 'carryIn'. The port definition is at: /home/sanghun/RVX/rvx-tutorials/platform/tip_emamba_v1/user/rtl/src/CLA_32.sv(26).
#    Time: 0 ps  Iteration: 0  Instance: /TIP_EMAMBA_V1_SIM/i_platform/my_emamba_ip/eMamba/MAMBA_1st/Linear_contract/matMult_40_LinCont/Stage_C[0]/CLA_C File: /home/sanghun/RVX/rvx-tutorials/platform/tip_emamba_v1/user/rtl/src/matMult_40_LinCont.sv Line: 130
# ** Warning: (vsim-3722) /home/sanghun/RVX/rvx-tutorials/platform/tip_emamba_v1/user/rtl/src/matMult_40_LinCont.sv(130): [TFMPC] - Missing connection for port 'carryOut'.
# ** Warning: (vsim-2685) [TFMPC] - Too few port connections for 'CLA_C'.  Expected 5, found 4.
#    Time: 0 ps  Iteration: 0  Instance: /TIP_EMAMBA_V1_SIM/i_platform/my_emamba_ip/eMamba/MAMBA_1st/Linear_contract/matMult_40_LinCont/Stage_C[1]/CLA_C File: /home/sanghun/RVX/rvx-tutorials/platform/tip_emamba_v1/user/rtl/src/matMult_40_LinCont.sv Line: 130
# ** Warning: (vsim-3015) [PCDPC] - Port size (1) does not match connection size (32) for port 'carryIn'. The port definition is at: /home/sanghun/RVX/rvx-tutorials/platform/tip_emamba_v1/user/rtl/src/CLA_32.sv(26).
#    Time: 0 ps  Iteration: 0  Instance: /TIP_EMAMBA_V1_SIM/i_platform/my_emamba_ip/eMamba/MAMBA_1st/Linear_contract/matMult_40_LinCont/Stage_C[1]/CLA_C File: /home/sanghun/RVX/rvx-tutorials/platform/tip_emamba_v1/user/rtl/src/matMult_40_LinCont.sv Line: 130
# ** Warning: (vsim-3722) /home/sanghun/RVX/rvx-tutorials/platform/tip_emamba_v1/user/rtl/src/matMult_40_LinCont.sv(130): [TFMPC] - Missing connection for port 'carryOut'.
# ** Warning: (vsim-2685) [TFMPC] - Too few port connections for 'CLA_C'.  Expected 5, found 4.
#    Time: 0 ps  Iteration: 0  Instance: /TIP_EMAMBA_V1_SIM/i_platform/my_emamba_ip/eMamba/MAMBA_1st/Linear_contract/matMult_40_LinCont/Stage_C[2]/CLA_C File: /home/sanghun/RVX/rvx-tutorials/platform/tip_emamba_v1/user/rtl/src/matMult_40_LinCont.sv Line: 130
# ** Warning: (vsim-3015) [PCDPC] - Port size (1) does not match connection size (32) for port 'carryIn'. The port definition is at: /home/sanghun/RVX/rvx-tutorials/platform/tip_emamba_v1/user/rtl/src/CLA_32.sv(26).
#    Time: 0 ps  Iteration: 0  Instance: /TIP_EMAMBA_V1_SIM/i_platform/my_emamba_ip/eMamba/MAMBA_1st/Linear_contract/matMult_40_LinCont/Stage_C[2]/CLA_C File: /home/sanghun/RVX/rvx-tutorials/platform/tip_emamba_v1/user/rtl/src/matMult_40_LinCont.sv Line: 130
# ** Warning: (vsim-3722) /home/sanghun/RVX/rvx-tutorials/platform/tip_emamba_v1/user/rtl/src/matMult_40_LinCont.sv(130): [TFMPC] - Missing connection for port 'carryOut'.
# ** Warning: (vsim-2685) [TFMPC] - Too few port connections for 'CLA_C'.  Expected 5, found 4.
#    Time: 0 ps  Iteration: 0  Instance: /TIP_EMAMBA_V1_SIM/i_platform/my_emamba_ip/eMamba/MAMBA_1st/Linear_contract/matMult_40_LinCont/Stage_C[3]/CLA_C File: /home/sanghun/RVX/rvx-tutorials/platform/tip_emamba_v1/user/rtl/src/matMult_40_LinCont.sv Line: 130
# ** Warning: (vsim-3015) [PCDPC] - Port size (1) does not match connection size (32) for port 'carryIn'. The port definition is at: /home/sanghun/RVX/rvx-tutorials/platform/tip_emamba_v1/user/rtl/src/CLA_32.sv(26).
#    Time: 0 ps  Iteration: 0  Instance: /TIP_EMAMBA_V1_SIM/i_platform/my_emamba_ip/eMamba/MAMBA_1st/Linear_contract/matMult_40_LinCont/Stage_C[3]/CLA_C File: /home/sanghun/RVX/rvx-tutorials/platform/tip_emamba_v1/user/rtl/src/matMult_40_LinCont.sv Line: 130
# ** Warning: (vsim-3722) /home/sanghun/RVX/rvx-tutorials/platform/tip_emamba_v1/user/rtl/src/matMult_40_LinCont.sv(130): [TFMPC] - Missing connection for port 'carryOut'.
# ** Warning: (vsim-2685) [TFMPC] - Too few port connections for 'CLA_C'.  Expected 5, found 4.
#    Time: 0 ps  Iteration: 0  Instance: /TIP_EMAMBA_V1_SIM/i_platform/my_emamba_ip/eMamba/MAMBA_1st/Linear_contract/matMult_40_LinCont/Stage_C[4]/CLA_C File: /home/sanghun/RVX/rvx-tutorials/platform/tip_emamba_v1/user/rtl/src/matMult_40_LinCont.sv Line: 130
# ** Warning: (vsim-3015) [PCDPC] - Port size (1) does not match connection size (32) for port 'carryIn'. The port definition is at: /home/sanghun/RVX/rvx-tutorials/platform/tip_emamba_v1/user/rtl/src/CLA_32.sv(26).
#    Time: 0 ps  Iteration: 0  Instance: /TIP_EMAMBA_V1_SIM/i_platform/my_emamba_ip/eMamba/MAMBA_1st/Linear_contract/matMult_40_LinCont/Stage_C[4]/CLA_C File: /home/sanghun/RVX/rvx-tutorials/platform/tip_emamba_v1/user/rtl/src/matMult_40_LinCont.sv Line: 130
# ** Warning: (vsim-3722) /home/sanghun/RVX/rvx-tutorials/platform/tip_emamba_v1/user/rtl/src/matMult_40_LinCont.sv(130): [TFMPC] - Missing connection for port 'carryOut'.
# ** Warning: (vsim-2685) [TFMPC] - Too few port connections for 'CLA_D0'.  Expected 5, found 4.
#    Time: 0 ps  Iteration: 0  Instance: /TIP_EMAMBA_V1_SIM/i_platform/my_emamba_ip/eMamba/MAMBA_1st/Linear_contract/matMult_40_LinCont/CLA_D0 File: /home/sanghun/RVX/rvx-tutorials/platform/tip_emamba_v1/user/rtl/src/matMult_40_LinCont.sv Line: 141
# ** Warning: (vsim-3015) [PCDPC] - Port size (1) does not match connection size (32) for port 'carryIn'. The port definition is at: /home/sanghun/RVX/rvx-tutorials/platform/tip_emamba_v1/user/rtl/src/CLA_32.sv(26).
#    Time: 0 ps  Iteration: 0  Instance: /TIP_EMAMBA_V1_SIM/i_platform/my_emamba_ip/eMamba/MAMBA_1st/Linear_contract/matMult_40_LinCont/CLA_D0 File: /home/sanghun/RVX/rvx-tutorials/platform/tip_emamba_v1/user/rtl/src/matMult_40_LinCont.sv Line: 141
# ** Warning: (vsim-3722) /home/sanghun/RVX/rvx-tutorials/platform/tip_emamba_v1/user/rtl/src/matMult_40_LinCont.sv(141): [TFMPC] - Missing connection for port 'carryOut'.
# ** Warning: (vsim-2685) [TFMPC] - Too few port connections for 'CLA_D1'.  Expected 5, found 4.
#    Time: 0 ps  Iteration: 0  Instance: /TIP_EMAMBA_V1_SIM/i_platform/my_emamba_ip/eMamba/MAMBA_1st/Linear_contract/matMult_40_LinCont/CLA_D1 File: /home/sanghun/RVX/rvx-tutorials/platform/tip_emamba_v1/user/rtl/src/matMult_40_LinCont.sv Line: 149
# ** Warning: (vsim-3015) [PCDPC] - Port size (1) does not match connection size (32) for port 'carryIn'. The port definition is at: /home/sanghun/RVX/rvx-tutorials/platform/tip_emamba_v1/user/rtl/src/CLA_32.sv(26).
#    Time: 0 ps  Iteration: 0  Instance: /TIP_EMAMBA_V1_SIM/i_platform/my_emamba_ip/eMamba/MAMBA_1st/Linear_contract/matMult_40_LinCont/CLA_D1 File: /home/sanghun/RVX/rvx-tutorials/platform/tip_emamba_v1/user/rtl/src/matMult_40_LinCont.sv Line: 149
# ** Warning: (vsim-3722) /home/sanghun/RVX/rvx-tutorials/platform/tip_emamba_v1/user/rtl/src/matMult_40_LinCont.sv(149): [TFMPC] - Missing connection for port 'carryOut'.
# ** Warning: (vsim-2685) [TFMPC] - Too few port connections for 'CLA_D2'.  Expected 5, found 4.
#    Time: 0 ps  Iteration: 0  Instance: /TIP_EMAMBA_V1_SIM/i_platform/my_emamba_ip/eMamba/MAMBA_1st/Linear_contract/matMult_40_LinCont/CLA_D2 File: /home/sanghun/RVX/rvx-tutorials/platform/tip_emamba_v1/user/rtl/src/matMult_40_LinCont.sv Line: 157
# ** Warning: (vsim-3015) [PCDPC] - Port size (1) does not match connection size (32) for port 'carryIn'. The port definition is at: /home/sanghun/RVX/rvx-tutorials/platform/tip_emamba_v1/user/rtl/src/CLA_32.sv(26).
#    Time: 0 ps  Iteration: 0  Instance: /TIP_EMAMBA_V1_SIM/i_platform/my_emamba_ip/eMamba/MAMBA_1st/Linear_contract/matMult_40_LinCont/CLA_D2 File: /home/sanghun/RVX/rvx-tutorials/platform/tip_emamba_v1/user/rtl/src/matMult_40_LinCont.sv Line: 157
# ** Warning: (vsim-3722) /home/sanghun/RVX/rvx-tutorials/platform/tip_emamba_v1/user/rtl/src/matMult_40_LinCont.sv(157): [TFMPC] - Missing connection for port 'carryOut'.
# ** Warning: (vsim-2685) [TFMPC] - Too few port connections for 'CLA_E'.  Expected 5, found 4.
#    Time: 0 ps  Iteration: 0  Instance: /TIP_EMAMBA_V1_SIM/i_platform/my_emamba_ip/eMamba/MAMBA_1st/Linear_contract/matMult_40_LinCont/CLA_E File: /home/sanghun/RVX/rvx-tutorials/platform/tip_emamba_v1/user/rtl/src/matMult_40_LinCont.sv Line: 166
# ** Warning: (vsim-3015) [PCDPC] - Port size (1) does not match connection size (32) for port 'carryIn'. The port definition is at: /home/sanghun/RVX/rvx-tutorials/platform/tip_emamba_v1/user/rtl/src/CLA_32.sv(26).
#    Time: 0 ps  Iteration: 0  Instance: /TIP_EMAMBA_V1_SIM/i_platform/my_emamba_ip/eMamba/MAMBA_1st/Linear_contract/matMult_40_LinCont/CLA_E File: /home/sanghun/RVX/rvx-tutorials/platform/tip_emamba_v1/user/rtl/src/matMult_40_LinCont.sv Line: 166
# ** Warning: (vsim-3722) /home/sanghun/RVX/rvx-tutorials/platform/tip_emamba_v1/user/rtl/src/matMult_40_LinCont.sv(166): [TFMPC] - Missing connection for port 'carryOut'.
# ** Warning: (vsim-2685) [TFMPC] - Too few port connections for 'CLA_F'.  Expected 5, found 4.
#    Time: 0 ps  Iteration: 0  Instance: /TIP_EMAMBA_V1_SIM/i_platform/my_emamba_ip/eMamba/MAMBA_1st/Linear_contract/matMult_40_LinCont/CLA_F File: /home/sanghun/RVX/rvx-tutorials/platform/tip_emamba_v1/user/rtl/src/matMult_40_LinCont.sv Line: 175
# ** Warning: (vsim-3015) [PCDPC] - Port size (1) does not match connection size (32) for port 'carryIn'. The port definition is at: /home/sanghun/RVX/rvx-tutorials/platform/tip_emamba_v1/user/rtl/src/CLA_32.sv(26).
#    Time: 0 ps  Iteration: 0  Instance: /TIP_EMAMBA_V1_SIM/i_platform/my_emamba_ip/eMamba/MAMBA_1st/Linear_contract/matMult_40_LinCont/CLA_F File: /home/sanghun/RVX/rvx-tutorials/platform/tip_emamba_v1/user/rtl/src/matMult_40_LinCont.sv Line: 175
# ** Warning: (vsim-3722) /home/sanghun/RVX/rvx-tutorials/platform/tip_emamba_v1/user/rtl/src/matMult_40_LinCont.sv(175): [TFMPC] - Missing connection for port 'carryOut'.
# ** Warning: (vsim-2685) [TFMPC] - Too few port connections for 'CLA_A'.  Expected 5, found 4.
#    Time: 0 ps  Iteration: 0  Instance: /TIP_EMAMBA_V1_SIM/i_platform/my_emamba_ip/eMamba/MAMBA_2nd/LightNorm/calculator_mean/Stage_A[0]/CLA_A File: /home/sanghun/RVX/rvx-tutorials/platform/tip_emamba_v1/user/rtl/src/calculator_mean.sv Line: 109
# ** Warning: (vsim-3015) [PCDPC] - Port size (1) does not match connection size (32) for port 'carryIn'. The port definition is at: /home/sanghun/RVX/rvx-tutorials/platform/tip_emamba_v1/user/rtl/src/CLA_32.sv(26).
#    Time: 0 ps  Iteration: 0  Instance: /TIP_EMAMBA_V1_SIM/i_platform/my_emamba_ip/eMamba/MAMBA_2nd/LightNorm/calculator_mean/Stage_A[0]/CLA_A File: /home/sanghun/RVX/rvx-tutorials/platform/tip_emamba_v1/user/rtl/src/calculator_mean.sv Line: 109
# ** Warning: (vsim-3722) /home/sanghun/RVX/rvx-tutorials/platform/tip_emamba_v1/user/rtl/src/calculator_mean.sv(109): [TFMPC] - Missing connection for port 'carryOut'.
# ** Warning: (vsim-2685) [TFMPC] - Too few port connections for 'CLA_A'.  Expected 5, found 4.
#    Time: 0 ps  Iteration: 0  Instance: /TIP_EMAMBA_V1_SIM/i_platform/my_emamba_ip/eMamba/MAMBA_2nd/LightNorm/calculator_mean/Stage_A[1]/CLA_A File: /home/sanghun/RVX/rvx-tutorials/platform/tip_emamba_v1/user/rtl/src/calculator_mean.sv Line: 109
# ** Warning: (vsim-3015) [PCDPC] - Port size (1) does not match connection size (32) for port 'carryIn'. The port definition is at: /home/sanghun/RVX/rvx-tutorials/platform/tip_emamba_v1/user/rtl/src/CLA_32.sv(26).
#    Time: 0 ps  Iteration: 0  Instance: /TIP_EMAMBA_V1_SIM/i_platform/my_emamba_ip/eMamba/MAMBA_2nd/LightNorm/calculator_mean/Stage_A[1]/CLA_A File: /home/sanghun/RVX/rvx-tutorials/platform/tip_emamba_v1/user/rtl/src/calculator_mean.sv Line: 109
# ** Warning: (vsim-3722) /home/sanghun/RVX/rvx-tutorials/platform/tip_emamba_v1/user/rtl/src/calculator_mean.sv(109): [TFMPC] - Missing connection for port 'carryOut'.
# ** Warning: (vsim-2685) [TFMPC] - Too few port connections for 'CLA_A'.  Expected 5, found 4.
#    Time: 0 ps  Iteration: 0  Instance: /TIP_EMAMBA_V1_SIM/i_platform/my_emamba_ip/eMamba/MAMBA_2nd/LightNorm/calculator_mean/Stage_A[2]/CLA_A File: /home/sanghun/RVX/rvx-tutorials/platform/tip_emamba_v1/user/rtl/src/calculator_mean.sv Line: 109
# ** Warning: (vsim-3015) [PCDPC] - Port size (1) does not match connection size (32) for port 'carryIn'. The port definition is at: /home/sanghun/RVX/rvx-tutorials/platform/tip_emamba_v1/user/rtl/src/CLA_32.sv(26).
#    Time: 0 ps  Iteration: 0  Instance: /TIP_EMAMBA_V1_SIM/i_platform/my_emamba_ip/eMamba/MAMBA_2nd/LightNorm/calculator_mean/Stage_A[2]/CLA_A File: /home/sanghun/RVX/rvx-tutorials/platform/tip_emamba_v1/user/rtl/src/calculator_mean.sv Line: 109
# ** Warning: (vsim-3722) /home/sanghun/RVX/rvx-tutorials/platform/tip_emamba_v1/user/rtl/src/calculator_mean.sv(109): [TFMPC] - Missing connection for port 'carryOut'.
# ** Warning: (vsim-2685) [TFMPC] - Too few port connections for 'CLA_A'.  Expected 5, found 4.
#    Time: 0 ps  Iteration: 0  Instance: /TIP_EMAMBA_V1_SIM/i_platform/my_emamba_ip/eMamba/MAMBA_2nd/LightNorm/calculator_mean/Stage_A[3]/CLA_A File: /home/sanghun/RVX/rvx-tutorials/platform/tip_emamba_v1/user/rtl/src/calculator_mean.sv Line: 109
# ** Warning: (vsim-3015) [PCDPC] - Port size (1) does not match connection size (32) for port 'carryIn'. The port definition is at: /home/sanghun/RVX/rvx-tutorials/platform/tip_emamba_v1/user/rtl/src/CLA_32.sv(26).
#    Time: 0 ps  Iteration: 0  Instance: /TIP_EMAMBA_V1_SIM/i_platform/my_emamba_ip/eMamba/MAMBA_2nd/LightNorm/calculator_mean/Stage_A[3]/CLA_A File: /home/sanghun/RVX/rvx-tutorials/platform/tip_emamba_v1/user/rtl/src/calculator_mean.sv Line: 109
# ** Warning: (vsim-3722) /home/sanghun/RVX/rvx-tutorials/platform/tip_emamba_v1/user/rtl/src/calculator_mean.sv(109): [TFMPC] - Missing connection for port 'carryOut'.
# ** Warning: (vsim-2685) [TFMPC] - Too few port connections for 'CLA_A'.  Expected 5, found 4.
#    Time: 0 ps  Iteration: 0  Instance: /TIP_EMAMBA_V1_SIM/i_platform/my_emamba_ip/eMamba/MAMBA_2nd/LightNorm/calculator_mean/Stage_A[4]/CLA_A File: /home/sanghun/RVX/rvx-tutorials/platform/tip_emamba_v1/user/rtl/src/calculator_mean.sv Line: 109
# ** Warning: (vsim-3015) [PCDPC] - Port size (1) does not match connection size (32) for port 'carryIn'. The port definition is at: /home/sanghun/RVX/rvx-tutorials/platform/tip_emamba_v1/user/rtl/src/CLA_32.sv(26).
#    Time: 0 ps  Iteration: 0  Instance: /TIP_EMAMBA_V1_SIM/i_platform/my_emamba_ip/eMamba/MAMBA_2nd/LightNorm/calculator_mean/Stage_A[4]/CLA_A File: /home/sanghun/RVX/rvx-tutorials/platform/tip_emamba_v1/user/rtl/src/calculator_mean.sv Line: 109
# ** Warning: (vsim-3722) /home/sanghun/RVX/rvx-tutorials/platform/tip_emamba_v1/user/rtl/src/calculator_mean.sv(109): [TFMPC] - Missing connection for port 'carryOut'.
# ** Warning: (vsim-2685) [TFMPC] - Too few port connections for 'CLA_A'.  Expected 5, found 4.
#    Time: 0 ps  Iteration: 0  Instance: /TIP_EMAMBA_V1_SIM/i_platform/my_emamba_ip/eMamba/MAMBA_2nd/LightNorm/calculator_mean/Stage_A[5]/CLA_A File: /home/sanghun/RVX/rvx-tutorials/platform/tip_emamba_v1/user/rtl/src/calculator_mean.sv Line: 109
# ** Warning: (vsim-3015) [PCDPC] - Port size (1) does not match connection size (32) for port 'carryIn'. The port definition is at: /home/sanghun/RVX/rvx-tutorials/platform/tip_emamba_v1/user/rtl/src/CLA_32.sv(26).
#    Time: 0 ps  Iteration: 0  Instance: /TIP_EMAMBA_V1_SIM/i_platform/my_emamba_ip/eMamba/MAMBA_2nd/LightNorm/calculator_mean/Stage_A[5]/CLA_A File: /home/sanghun/RVX/rvx-tutorials/platform/tip_emamba_v1/user/rtl/src/calculator_mean.sv Line: 109
# ** Warning: (vsim-3722) /home/sanghun/RVX/rvx-tutorials/platform/tip_emamba_v1/user/rtl/src/calculator_mean.sv(109): [TFMPC] - Missing connection for port 'carryOut'.
# ** Warning: (vsim-2685) [TFMPC] - Too few port connections for 'CLA_A'.  Expected 5, found 4.
#    Time: 0 ps  Iteration: 0  Instance: /TIP_EMAMBA_V1_SIM/i_platform/my_emamba_ip/eMamba/MAMBA_2nd/LightNorm/calculator_mean/Stage_A[6]/CLA_A File: /home/sanghun/RVX/rvx-tutorials/platform/tip_emamba_v1/user/rtl/src/calculator_mean.sv Line: 109
# ** Warning: (vsim-3015) [PCDPC] - Port size (1) does not match connection size (32) for port 'carryIn'. The port definition is at: /home/sanghun/RVX/rvx-tutorials/platform/tip_emamba_v1/user/rtl/src/CLA_32.sv(26).
#    Time: 0 ps  Iteration: 0  Instance: /TIP_EMAMBA_V1_SIM/i_platform/my_emamba_ip/eMamba/MAMBA_2nd/LightNorm/calculator_mean/Stage_A[6]/CLA_A File: /home/sanghun/RVX/rvx-tutorials/platform/tip_emamba_v1/user/rtl/src/calculator_mean.sv Line: 109
# ** Warning: (vsim-3722) /home/sanghun/RVX/rvx-tutorials/platform/tip_emamba_v1/user/rtl/src/calculator_mean.sv(109): [TFMPC] - Missing connection for port 'carryOut'.
# ** Warning: (vsim-2685) [TFMPC] - Too few port connections for 'CLA_A'.  Expected 5, found 4.
#    Time: 0 ps  Iteration: 0  Instance: /TIP_EMAMBA_V1_SIM/i_platform/my_emamba_ip/eMamba/MAMBA_2nd/LightNorm/calculator_mean/Stage_A[7]/CLA_A File: /home/sanghun/RVX/rvx-tutorials/platform/tip_emamba_v1/user/rtl/src/calculator_mean.sv Line: 109
# ** Warning: (vsim-3015) [PCDPC] - Port size (1) does not match connection size (32) for port 'carryIn'. The port definition is at: /home/sanghun/RVX/rvx-tutorials/platform/tip_emamba_v1/user/rtl/src/CLA_32.sv(26).
#    Time: 0 ps  Iteration: 0  Instance: /TIP_EMAMBA_V1_SIM/i_platform/my_emamba_ip/eMamba/MAMBA_2nd/LightNorm/calculator_mean/Stage_A[7]/CLA_A File: /home/sanghun/RVX/rvx-tutorials/platform/tip_emamba_v1/user/rtl/src/calculator_mean.sv Line: 109
# ** Warning: (vsim-3722) /home/sanghun/RVX/rvx-tutorials/platform/tip_emamba_v1/user/rtl/src/calculator_mean.sv(109): [TFMPC] - Missing connection for port 'carryOut'.
# ** Warning: (vsim-2685) [TFMPC] - Too few port connections for 'CLA_A'.  Expected 5, found 4.
#    Time: 0 ps  Iteration: 0  Instance: /TIP_EMAMBA_V1_SIM/i_platform/my_emamba_ip/eMamba/MAMBA_2nd/LightNorm/calculator_mean/Stage_A[8]/CLA_A File: /home/sanghun/RVX/rvx-tutorials/platform/tip_emamba_v1/user/rtl/src/calculator_mean.sv Line: 109
# ** Warning: (vsim-3015) [PCDPC] - Port size (1) does not match connection size (32) for port 'carryIn'. The port definition is at: /home/sanghun/RVX/rvx-tutorials/platform/tip_emamba_v1/user/rtl/src/CLA_32.sv(26).
#    Time: 0 ps  Iteration: 0  Instance: /TIP_EMAMBA_V1_SIM/i_platform/my_emamba_ip/eMamba/MAMBA_2nd/LightNorm/calculator_mean/Stage_A[8]/CLA_A File: /home/sanghun/RVX/rvx-tutorials/platform/tip_emamba_v1/user/rtl/src/calculator_mean.sv Line: 109
# ** Warning: (vsim-3722) /home/sanghun/RVX/rvx-tutorials/platform/tip_emamba_v1/user/rtl/src/calculator_mean.sv(109): [TFMPC] - Missing connection for port 'carryOut'.
# ** Warning: (vsim-2685) [TFMPC] - Too few port connections for 'CLA_A'.  Expected 5, found 4.
#    Time: 0 ps  Iteration: 0  Instance: /TIP_EMAMBA_V1_SIM/i_platform/my_emamba_ip/eMamba/MAMBA_2nd/LightNorm/calculator_mean/Stage_A[9]/CLA_A File: /home/sanghun/RVX/rvx-tutorials/platform/tip_emamba_v1/user/rtl/src/calculator_mean.sv Line: 109
# ** Warning: (vsim-3015) [PCDPC] - Port size (1) does not match connection size (32) for port 'carryIn'. The port definition is at: /home/sanghun/RVX/rvx-tutorials/platform/tip_emamba_v1/user/rtl/src/CLA_32.sv(26).
#    Time: 0 ps  Iteration: 0  Instance: /TIP_EMAMBA_V1_SIM/i_platform/my_emamba_ip/eMamba/MAMBA_2nd/LightNorm/calculator_mean/Stage_A[9]/CLA_A File: /home/sanghun/RVX/rvx-tutorials/platform/tip_emamba_v1/user/rtl/src/calculator_mean.sv Line: 109
# ** Warning: (vsim-3722) /home/sanghun/RVX/rvx-tutorials/platform/tip_emamba_v1/user/rtl/src/calculator_mean.sv(109): [TFMPC] - Missing connection for port 'carryOut'.
# ** Warning: (vsim-2685) [TFMPC] - Too few port connections for 'CLA_B'.  Expected 5, found 4.
#    Time: 0 ps  Iteration: 0  Instance: /TIP_EMAMBA_V1_SIM/i_platform/my_emamba_ip/eMamba/MAMBA_2nd/LightNorm/calculator_mean/Stage_B[0]/CLA_B File: /home/sanghun/RVX/rvx-tutorials/platform/tip_emamba_v1/user/rtl/src/calculator_mean.sv Line: 119
# ** Warning: (vsim-3015) [PCDPC] - Port size (1) does not match connection size (32) for port 'carryIn'. The port definition is at: /home/sanghun/RVX/rvx-tutorials/platform/tip_emamba_v1/user/rtl/src/CLA_32.sv(26).
#    Time: 0 ps  Iteration: 0  Instance: /TIP_EMAMBA_V1_SIM/i_platform/my_emamba_ip/eMamba/MAMBA_2nd/LightNorm/calculator_mean/Stage_B[0]/CLA_B File: /home/sanghun/RVX/rvx-tutorials/platform/tip_emamba_v1/user/rtl/src/calculator_mean.sv Line: 119
# ** Warning: (vsim-3722) /home/sanghun/RVX/rvx-tutorials/platform/tip_emamba_v1/user/rtl/src/calculator_mean.sv(119): [TFMPC] - Missing connection for port 'carryOut'.
# ** Warning: (vsim-2685) [TFMPC] - Too few port connections for 'CLA_B'.  Expected 5, found 4.
#    Time: 0 ps  Iteration: 0  Instance: /TIP_EMAMBA_V1_SIM/i_platform/my_emamba_ip/eMamba/MAMBA_2nd/LightNorm/calculator_mean/Stage_B[1]/CLA_B File: /home/sanghun/RVX/rvx-tutorials/platform/tip_emamba_v1/user/rtl/src/calculator_mean.sv Line: 119
# ** Warning: (vsim-3015) [PCDPC] - Port size (1) does not match connection size (32) for port 'carryIn'. The port definition is at: /home/sanghun/RVX/rvx-tutorials/platform/tip_emamba_v1/user/rtl/src/CLA_32.sv(26).
#    Time: 0 ps  Iteration: 0  Instance: /TIP_EMAMBA_V1_SIM/i_platform/my_emamba_ip/eMamba/MAMBA_2nd/LightNorm/calculator_mean/Stage_B[1]/CLA_B File: /home/sanghun/RVX/rvx-tutorials/platform/tip_emamba_v1/user/rtl/src/calculator_mean.sv Line: 119
# ** Warning: (vsim-3722) /home/sanghun/RVX/rvx-tutorials/platform/tip_emamba_v1/user/rtl/src/calculator_mean.sv(119): [TFMPC] - Missing connection for port 'carryOut'.
# ** Warning: (vsim-2685) [TFMPC] - Too few port connections for 'CLA_B'.  Expected 5, found 4.
#    Time: 0 ps  Iteration: 0  Instance: /TIP_EMAMBA_V1_SIM/i_platform/my_emamba_ip/eMamba/MAMBA_2nd/LightNorm/calculator_mean/Stage_B[2]/CLA_B File: /home/sanghun/RVX/rvx-tutorials/platform/tip_emamba_v1/user/rtl/src/calculator_mean.sv Line: 119
# ** Warning: (vsim-3015) [PCDPC] - Port size (1) does not match connection size (32) for port 'carryIn'. The port definition is at: /home/sanghun/RVX/rvx-tutorials/platform/tip_emamba_v1/user/rtl/src/CLA_32.sv(26).
#    Time: 0 ps  Iteration: 0  Instance: /TIP_EMAMBA_V1_SIM/i_platform/my_emamba_ip/eMamba/MAMBA_2nd/LightNorm/calculator_mean/Stage_B[2]/CLA_B File: /home/sanghun/RVX/rvx-tutorials/platform/tip_emamba_v1/user/rtl/src/calculator_mean.sv Line: 119
# ** Warning: (vsim-3722) /home/sanghun/RVX/rvx-tutorials/platform/tip_emamba_v1/user/rtl/src/calculator_mean.sv(119): [TFMPC] - Missing connection for port 'carryOut'.
# ** Warning: (vsim-2685) [TFMPC] - Too few port connections for 'CLA_B'.  Expected 5, found 4.
#    Time: 0 ps  Iteration: 0  Instance: /TIP_EMAMBA_V1_SIM/i_platform/my_emamba_ip/eMamba/MAMBA_2nd/LightNorm/calculator_mean/Stage_B[3]/CLA_B File: /home/sanghun/RVX/rvx-tutorials/platform/tip_emamba_v1/user/rtl/src/calculator_mean.sv Line: 119
# ** Warning: (vsim-3015) [PCDPC] - Port size (1) does not match connection size (32) for port 'carryIn'. The port definition is at: /home/sanghun/RVX/rvx-tutorials/platform/tip_emamba_v1/user/rtl/src/CLA_32.sv(26).
#    Time: 0 ps  Iteration: 0  Instance: /TIP_EMAMBA_V1_SIM/i_platform/my_emamba_ip/eMamba/MAMBA_2nd/LightNorm/calculator_mean/Stage_B[3]/CLA_B File: /home/sanghun/RVX/rvx-tutorials/platform/tip_emamba_v1/user/rtl/src/calculator_mean.sv Line: 119
# ** Warning: (vsim-3722) /home/sanghun/RVX/rvx-tutorials/platform/tip_emamba_v1/user/rtl/src/calculator_mean.sv(119): [TFMPC] - Missing connection for port 'carryOut'.
# ** Warning: (vsim-2685) [TFMPC] - Too few port connections for 'CLA_B'.  Expected 5, found 4.
#    Time: 0 ps  Iteration: 0  Instance: /TIP_EMAMBA_V1_SIM/i_platform/my_emamba_ip/eMamba/MAMBA_2nd/LightNorm/calculator_mean/Stage_B[4]/CLA_B File: /home/sanghun/RVX/rvx-tutorials/platform/tip_emamba_v1/user/rtl/src/calculator_mean.sv Line: 119
# ** Warning: (vsim-3015) [PCDPC] - Port size (1) does not match connection size (32) for port 'carryIn'. The port definition is at: /home/sanghun/RVX/rvx-tutorials/platform/tip_emamba_v1/user/rtl/src/CLA_32.sv(26).
#    Time: 0 ps  Iteration: 0  Instance: /TIP_EMAMBA_V1_SIM/i_platform/my_emamba_ip/eMamba/MAMBA_2nd/LightNorm/calculator_mean/Stage_B[4]/CLA_B File: /home/sanghun/RVX/rvx-tutorials/platform/tip_emamba_v1/user/rtl/src/calculator_mean.sv Line: 119
# ** Warning: (vsim-3722) /home/sanghun/RVX/rvx-tutorials/platform/tip_emamba_v1/user/rtl/src/calculator_mean.sv(119): [TFMPC] - Missing connection for port 'carryOut'.
# ** Warning: (vsim-2685) [TFMPC] - Too few port connections for 'CLA_C'.  Expected 5, found 4.
#    Time: 0 ps  Iteration: 0  Instance: /TIP_EMAMBA_V1_SIM/i_platform/my_emamba_ip/eMamba/MAMBA_2nd/LightNorm/calculator_mean/Stage_C[0]/CLA_C File: /home/sanghun/RVX/rvx-tutorials/platform/tip_emamba_v1/user/rtl/src/calculator_mean.sv Line: 129
# ** Warning: (vsim-3015) [PCDPC] - Port size (1) does not match connection size (32) for port 'carryIn'. The port definition is at: /home/sanghun/RVX/rvx-tutorials/platform/tip_emamba_v1/user/rtl/src/CLA_32.sv(26).
#    Time: 0 ps  Iteration: 0  Instance: /TIP_EMAMBA_V1_SIM/i_platform/my_emamba_ip/eMamba/MAMBA_2nd/LightNorm/calculator_mean/Stage_C[0]/CLA_C File: /home/sanghun/RVX/rvx-tutorials/platform/tip_emamba_v1/user/rtl/src/calculator_mean.sv Line: 129
# ** Warning: (vsim-3722) /home/sanghun/RVX/rvx-tutorials/platform/tip_emamba_v1/user/rtl/src/calculator_mean.sv(129): [TFMPC] - Missing connection for port 'carryOut'.
# ** Warning: (vsim-2685) [TFMPC] - Too few port connections for 'CLA_C'.  Expected 5, found 4.
#    Time: 0 ps  Iteration: 0  Instance: /TIP_EMAMBA_V1_SIM/i_platform/my_emamba_ip/eMamba/MAMBA_2nd/LightNorm/calculator_mean/Stage_C[1]/CLA_C File: /home/sanghun/RVX/rvx-tutorials/platform/tip_emamba_v1/user/rtl/src/calculator_mean.sv Line: 129
# ** Warning: (vsim-3015) [PCDPC] - Port size (1) does not match connection size (32) for port 'carryIn'. The port definition is at: /home/sanghun/RVX/rvx-tutorials/platform/tip_emamba_v1/user/rtl/src/CLA_32.sv(26).
#    Time: 0 ps  Iteration: 0  Instance: /TIP_EMAMBA_V1_SIM/i_platform/my_emamba_ip/eMamba/MAMBA_2nd/LightNorm/calculator_mean/Stage_C[1]/CLA_C File: /home/sanghun/RVX/rvx-tutorials/platform/tip_emamba_v1/user/rtl/src/calculator_mean.sv Line: 129
# ** Warning: (vsim-3722) /home/sanghun/RVX/rvx-tutorials/platform/tip_emamba_v1/user/rtl/src/calculator_mean.sv(129): [TFMPC] - Missing connection for port 'carryOut'.
# ** Warning: (vsim-2685) [TFMPC] - Too few port connections for 'CLA_D'.  Expected 5, found 4.
#    Time: 0 ps  Iteration: 0  Instance: /TIP_EMAMBA_V1_SIM/i_platform/my_emamba_ip/eMamba/MAMBA_2nd/LightNorm/calculator_mean/CLA_D File: /home/sanghun/RVX/rvx-tutorials/platform/tip_emamba_v1/user/rtl/src/calculator_mean.sv Line: 140
# ** Warning: (vsim-3015) [PCDPC] - Port size (1) does not match connection size (32) for port 'carryIn'. The port definition is at: /home/sanghun/RVX/rvx-tutorials/platform/tip_emamba_v1/user/rtl/src/CLA_32.sv(26).
#    Time: 0 ps  Iteration: 0  Instance: /TIP_EMAMBA_V1_SIM/i_platform/my_emamba_ip/eMamba/MAMBA_2nd/LightNorm/calculator_mean/CLA_D File: /home/sanghun/RVX/rvx-tutorials/platform/tip_emamba_v1/user/rtl/src/calculator_mean.sv Line: 140
# ** Warning: (vsim-3722) /home/sanghun/RVX/rvx-tutorials/platform/tip_emamba_v1/user/rtl/src/calculator_mean.sv(140): [TFMPC] - Missing connection for port 'carryOut'.
# ** Warning: (vsim-2685) [TFMPC] - Too few port connections for 'CLA_E'.  Expected 5, found 4.
#    Time: 0 ps  Iteration: 0  Instance: /TIP_EMAMBA_V1_SIM/i_platform/my_emamba_ip/eMamba/MAMBA_2nd/LightNorm/calculator_mean/CLA_E File: /home/sanghun/RVX/rvx-tutorials/platform/tip_emamba_v1/user/rtl/src/calculator_mean.sv Line: 149
# ** Warning: (vsim-3015) [PCDPC] - Port size (1) does not match connection size (32) for port 'carryIn'. The port definition is at: /home/sanghun/RVX/rvx-tutorials/platform/tip_emamba_v1/user/rtl/src/CLA_32.sv(26).
#    Time: 0 ps  Iteration: 0  Instance: /TIP_EMAMBA_V1_SIM/i_platform/my_emamba_ip/eMamba/MAMBA_2nd/LightNorm/calculator_mean/CLA_E File: /home/sanghun/RVX/rvx-tutorials/platform/tip_emamba_v1/user/rtl/src/calculator_mean.sv Line: 149
# ** Warning: (vsim-3722) /home/sanghun/RVX/rvx-tutorials/platform/tip_emamba_v1/user/rtl/src/calculator_mean.sv(149): [TFMPC] - Missing connection for port 'carryOut'.
# ** Warning: (vsim-3015) [PCDPC] - Port size (1) does not match connection size (32) for port 'carryIn'. The port definition is at: /home/sanghun/RVX/rvx-tutorials/platform/tip_emamba_v1/user/rtl/src/CLA_16.sv(26).
#    Time: 0 ps  Iteration: 0  Instance: /TIP_EMAMBA_V1_SIM/i_platform/my_emamba_ip/eMamba/MAMBA_2nd/LightNorm/LightNorm_compute[0]/LightNorm_compute/CLA_16 File: /home/sanghun/RVX/rvx-tutorials/platform/tip_emamba_v1/user/rtl/src/LightNorm_compute.sv Line: 115
# ** Warning: (vsim-3015) [PCDPC] - Port size (1) does not match connection size (32) for port 'carryIn'. The port definition is at: /home/sanghun/RVX/rvx-tutorials/platform/tip_emamba_v1/user/rtl/src/CLA_16.sv(26).
#    Time: 0 ps  Iteration: 0  Instance: /TIP_EMAMBA_V1_SIM/i_platform/my_emamba_ip/eMamba/MAMBA_2nd/LightNorm/LightNorm_compute[1]/LightNorm_compute/CLA_16 File: /home/sanghun/RVX/rvx-tutorials/platform/tip_emamba_v1/user/rtl/src/LightNorm_compute.sv Line: 115
# ** Warning: (vsim-3015) [PCDPC] - Port size (1) does not match connection size (32) for port 'carryIn'. The port definition is at: /home/sanghun/RVX/rvx-tutorials/platform/tip_emamba_v1/user/rtl/src/CLA_16.sv(26).
#    Time: 0 ps  Iteration: 0  Instance: /TIP_EMAMBA_V1_SIM/i_platform/my_emamba_ip/eMamba/MAMBA_2nd/LightNorm/LightNorm_compute[2]/LightNorm_compute/CLA_16 File: /home/sanghun/RVX/rvx-tutorials/platform/tip_emamba_v1/user/rtl/src/LightNorm_compute.sv Line: 115
# ** Warning: (vsim-3015) [PCDPC] - Port size (1) does not match connection size (32) for port 'carryIn'. The port definition is at: /home/sanghun/RVX/rvx-tutorials/platform/tip_emamba_v1/user/rtl/src/CLA_16.sv(26).
#    Time: 0 ps  Iteration: 0  Instance: /TIP_EMAMBA_V1_SIM/i_platform/my_emamba_ip/eMamba/MAMBA_2nd/LightNorm/LightNorm_compute[3]/LightNorm_compute/CLA_16 File: /home/sanghun/RVX/rvx-tutorials/platform/tip_emamba_v1/user/rtl/src/LightNorm_compute.sv Line: 115
# ** Warning: (vsim-3015) [PCDPC] - Port size (1) does not match connection size (32) for port 'carryIn'. The port definition is at: /home/sanghun/RVX/rvx-tutorials/platform/tip_emamba_v1/user/rtl/src/CLA_16.sv(26).
#    Time: 0 ps  Iteration: 0  Instance: /TIP_EMAMBA_V1_SIM/i_platform/my_emamba_ip/eMamba/MAMBA_2nd/LightNorm/LightNorm_compute[4]/LightNorm_compute/CLA_16 File: /home/sanghun/RVX/rvx-tutorials/platform/tip_emamba_v1/user/rtl/src/LightNorm_compute.sv Line: 115
# ** Warning: (vsim-3015) [PCDPC] - Port size (1) does not match connection size (32) for port 'carryIn'. The port definition is at: /home/sanghun/RVX/rvx-tutorials/platform/tip_emamba_v1/user/rtl/src/CLA_16.sv(26).
#    Time: 0 ps  Iteration: 0  Instance: /TIP_EMAMBA_V1_SIM/i_platform/my_emamba_ip/eMamba/MAMBA_2nd/LightNorm/LightNorm_compute[5]/LightNorm_compute/CLA_16 File: /home/sanghun/RVX/rvx-tutorials/platform/tip_emamba_v1/user/rtl/src/LightNorm_compute.sv Line: 115
# ** Warning: (vsim-3015) [PCDPC] - Port size (1) does not match connection size (32) for port 'carryIn'. The port definition is at: /home/sanghun/RVX/rvx-tutorials/platform/tip_emamba_v1/user/rtl/src/CLA_16.sv(26).
#    Time: 0 ps  Iteration: 0  Instance: /TIP_EMAMBA_V1_SIM/i_platform/my_emamba_ip/eMamba/MAMBA_2nd/LightNorm/LightNorm_compute[6]/LightNorm_compute/CLA_16 File: /home/sanghun/RVX/rvx-tutorials/platform/tip_emamba_v1/user/rtl/src/LightNorm_compute.sv Line: 115
# ** Warning: (vsim-3015) [PCDPC] - Port size (1) does not match connection size (32) for port 'carryIn'. The port definition is at: /home/sanghun/RVX/rvx-tutorials/platform/tip_emamba_v1/user/rtl/src/CLA_16.sv(26).
#    Time: 0 ps  Iteration: 0  Instance: /TIP_EMAMBA_V1_SIM/i_platform/my_emamba_ip/eMamba/MAMBA_2nd/LightNorm/LightNorm_compute[7]/LightNorm_compute/CLA_16 File: /home/sanghun/RVX/rvx-tutorials/platform/tip_emamba_v1/user/rtl/src/LightNorm_compute.sv Line: 115
# ** Warning: (vsim-3015) [PCDPC] - Port size (1) does not match connection size (32) for port 'carryIn'. The port definition is at: /home/sanghun/RVX/rvx-tutorials/platform/tip_emamba_v1/user/rtl/src/CLA_16.sv(26).
#    Time: 0 ps  Iteration: 0  Instance: /TIP_EMAMBA_V1_SIM/i_platform/my_emamba_ip/eMamba/MAMBA_2nd/LightNorm/LightNorm_compute[8]/LightNorm_compute/CLA_16 File: /home/sanghun/RVX/rvx-tutorials/platform/tip_emamba_v1/user/rtl/src/LightNorm_compute.sv Line: 115
# ** Warning: (vsim-3015) [PCDPC] - Port size (1) does not match connection size (32) for port 'carryIn'. The port definition is at: /home/sanghun/RVX/rvx-tutorials/platform/tip_emamba_v1/user/rtl/src/CLA_16.sv(26).
#    Time: 0 ps  Iteration: 0  Instance: /TIP_EMAMBA_V1_SIM/i_platform/my_emamba_ip/eMamba/MAMBA_2nd/LightNorm/LightNorm_compute[9]/LightNorm_compute/CLA_16 File: /home/sanghun/RVX/rvx-tutorials/platform/tip_emamba_v1/user/rtl/src/LightNorm_compute.sv Line: 115
# ** Warning: (vsim-3015) [PCDPC] - Port size (1) does not match connection size (32) for port 'carryIn'. The port definition is at: /home/sanghun/RVX/rvx-tutorials/platform/tip_emamba_v1/user/rtl/src/CLA_16.sv(26).
#    Time: 0 ps  Iteration: 0  Instance: /TIP_EMAMBA_V1_SIM/i_platform/my_emamba_ip/eMamba/MAMBA_2nd/LightNorm/LightNorm_compute[10]/LightNorm_compute/CLA_16 File: /home/sanghun/RVX/rvx-tutorials/platform/tip_emamba_v1/user/rtl/src/LightNorm_compute.sv Line: 115
# ** Warning: (vsim-3015) [PCDPC] - Port size (1) does not match connection size (32) for port 'carryIn'. The port definition is at: /home/sanghun/RVX/rvx-tutorials/platform/tip_emamba_v1/user/rtl/src/CLA_16.sv(26).
#    Time: 0 ps  Iteration: 0  Instance: /TIP_EMAMBA_V1_SIM/i_platform/my_emamba_ip/eMamba/MAMBA_2nd/LightNorm/LightNorm_compute[11]/LightNorm_compute/CLA_16 File: /home/sanghun/RVX/rvx-tutorials/platform/tip_emamba_v1/user/rtl/src/LightNorm_compute.sv Line: 115
# ** Warning: (vsim-3015) [PCDPC] - Port size (1) does not match connection size (32) for port 'carryIn'. The port definition is at: /home/sanghun/RVX/rvx-tutorials/platform/tip_emamba_v1/user/rtl/src/CLA_16.sv(26).
#    Time: 0 ps  Iteration: 0  Instance: /TIP_EMAMBA_V1_SIM/i_platform/my_emamba_ip/eMamba/MAMBA_2nd/LightNorm/LightNorm_compute[12]/LightNorm_compute/CLA_16 File: /home/sanghun/RVX/rvx-tutorials/platform/tip_emamba_v1/user/rtl/src/LightNorm_compute.sv Line: 115
# ** Warning: (vsim-3015) [PCDPC] - Port size (1) does not match connection size (32) for port 'carryIn'. The port definition is at: /home/sanghun/RVX/rvx-tutorials/platform/tip_emamba_v1/user/rtl/src/CLA_16.sv(26).
#    Time: 0 ps  Iteration: 0  Instance: /TIP_EMAMBA_V1_SIM/i_platform/my_emamba_ip/eMamba/MAMBA_2nd/LightNorm/LightNorm_compute[13]/LightNorm_compute/CLA_16 File: /home/sanghun/RVX/rvx-tutorials/platform/tip_emamba_v1/user/rtl/src/LightNorm_compute.sv Line: 115
# ** Warning: (vsim-3015) [PCDPC] - Port size (1) does not match connection size (32) for port 'carryIn'. The port definition is at: /home/sanghun/RVX/rvx-tutorials/platform/tip_emamba_v1/user/rtl/src/CLA_16.sv(26).
#    Time: 0 ps  Iteration: 0  Instance: /TIP_EMAMBA_V1_SIM/i_platform/my_emamba_ip/eMamba/MAMBA_2nd/LightNorm/LightNorm_compute[14]/LightNorm_compute/CLA_16 File: /home/sanghun/RVX/rvx-tutorials/platform/tip_emamba_v1/user/rtl/src/LightNorm_compute.sv Line: 115
# ** Warning: (vsim-3015) [PCDPC] - Port size (1) does not match connection size (32) for port 'carryIn'. The port definition is at: /home/sanghun/RVX/rvx-tutorials/platform/tip_emamba_v1/user/rtl/src/CLA_16.sv(26).
#    Time: 0 ps  Iteration: 0  Instance: /TIP_EMAMBA_V1_SIM/i_platform/my_emamba_ip/eMamba/MAMBA_2nd/LightNorm/LightNorm_compute[15]/LightNorm_compute/CLA_16 File: /home/sanghun/RVX/rvx-tutorials/platform/tip_emamba_v1/user/rtl/src/LightNorm_compute.sv Line: 115
# ** Warning: (vsim-3015) [PCDPC] - Port size (1) does not match connection size (32) for port 'carryIn'. The port definition is at: /home/sanghun/RVX/rvx-tutorials/platform/tip_emamba_v1/user/rtl/src/CLA_16.sv(26).
#    Time: 0 ps  Iteration: 0  Instance: /TIP_EMAMBA_V1_SIM/i_platform/my_emamba_ip/eMamba/MAMBA_2nd/LightNorm/LightNorm_compute[16]/LightNorm_compute/CLA_16 File: /home/sanghun/RVX/rvx-tutorials/platform/tip_emamba_v1/user/rtl/src/LightNorm_compute.sv Line: 115
# ** Warning: (vsim-3015) [PCDPC] - Port size (1) does not match connection size (32) for port 'carryIn'. The port definition is at: /home/sanghun/RVX/rvx-tutorials/platform/tip_emamba_v1/user/rtl/src/CLA_16.sv(26).
#    Time: 0 ps  Iteration: 0  Instance: /TIP_EMAMBA_V1_SIM/i_platform/my_emamba_ip/eMamba/MAMBA_2nd/LightNorm/LightNorm_compute[17]/LightNorm_compute/CLA_16 File: /home/sanghun/RVX/rvx-tutorials/platform/tip_emamba_v1/user/rtl/src/LightNorm_compute.sv Line: 115
# ** Warning: (vsim-3015) [PCDPC] - Port size (1) does not match connection size (32) for port 'carryIn'. The port definition is at: /home/sanghun/RVX/rvx-tutorials/platform/tip_emamba_v1/user/rtl/src/CLA_16.sv(26).
#    Time: 0 ps  Iteration: 0  Instance: /TIP_EMAMBA_V1_SIM/i_platform/my_emamba_ip/eMamba/MAMBA_2nd/LightNorm/LightNorm_compute[18]/LightNorm_compute/CLA_16 File: /home/sanghun/RVX/rvx-tutorials/platform/tip_emamba_v1/user/rtl/src/LightNorm_compute.sv Line: 115
# ** Warning: (vsim-3015) [PCDPC] - Port size (1) does not match connection size (32) for port 'carryIn'. The port definition is at: /home/sanghun/RVX/rvx-tutorials/platform/tip_emamba_v1/user/rtl/src/CLA_16.sv(26).
#    Time: 0 ps  Iteration: 0  Instance: /TIP_EMAMBA_V1_SIM/i_platform/my_emamba_ip/eMamba/MAMBA_2nd/LightNorm/LightNorm_compute[19]/LightNorm_compute/CLA_16 File: /home/sanghun/RVX/rvx-tutorials/platform/tip_emamba_v1/user/rtl/src/LightNorm_compute.sv Line: 115
# ** Warning: (vsim-2685) [TFMPC] - Too few port connections for 'Linear_expand_x1'.  Expected 10, found 9.
#    Time: 0 ps  Iteration: 0  Instance: /TIP_EMAMBA_V1_SIM/i_platform/my_emamba_ip/eMamba/MAMBA_2nd/Linear_expand_x1 File: /home/sanghun/RVX/rvx-tutorials/platform/tip_emamba_v1/user/rtl/src/MAMBA.sv Line: 239
# ** Warning: (vsim-3722) /home/sanghun/RVX/rvx-tutorials/platform/tip_emamba_v1/user/rtl/src/MAMBA.sv(239): [TFMPC] - Missing connection for port 'dOut_seqlength'.
# ** Warning: (vsim-2685) [TFMPC] - Too few port connections for 'CLA_A'.  Expected 5, found 4.
#    Time: 0 ps  Iteration: 0  Instance: /TIP_EMAMBA_V1_SIM/i_platform/my_emamba_ip/eMamba/MAMBA_2nd/Linear_expand_x1/matMult_20/Stage_A[0]/CLA_A File: /home/sanghun/RVX/rvx-tutorials/platform/tip_emamba_v1/user/rtl/src/matMult_20.sv Line: 76
# ** Warning: (vsim-3015) [PCDPC] - Port size (1) does not match connection size (32) for port 'carryIn'. The port definition is at: /home/sanghun/RVX/rvx-tutorials/platform/tip_emamba_v1/user/rtl/src/CLA_32.sv(26).
#    Time: 0 ps  Iteration: 0  Instance: /TIP_EMAMBA_V1_SIM/i_platform/my_emamba_ip/eMamba/MAMBA_2nd/Linear_expand_x1/matMult_20/Stage_A[0]/CLA_A File: /home/sanghun/RVX/rvx-tutorials/platform/tip_emamba_v1/user/rtl/src/matMult_20.sv Line: 76
# ** Warning: (vsim-3722) /home/sanghun/RVX/rvx-tutorials/platform/tip_emamba_v1/user/rtl/src/matMult_20.sv(76): [TFMPC] - Missing connection for port 'carryOut'.
# ** Warning: (vsim-2685) [TFMPC] - Too few port connections for 'CLA_A'.  Expected 5, found 4.
#    Time: 0 ps  Iteration: 0  Instance: /TIP_EMAMBA_V1_SIM/i_platform/my_emamba_ip/eMamba/MAMBA_2nd/Linear_expand_x1/matMult_20/Stage_A[1]/CLA_A File: /home/sanghun/RVX/rvx-tutorials/platform/tip_emamba_v1/user/rtl/src/matMult_20.sv Line: 76
# ** Warning: (vsim-3015) [PCDPC] - Port size (1) does not match connection size (32) for port 'carryIn'. The port definition is at: /home/sanghun/RVX/rvx-tutorials/platform/tip_emamba_v1/user/rtl/src/CLA_32.sv(26).
#    Time: 0 ps  Iteration: 0  Instance: /TIP_EMAMBA_V1_SIM/i_platform/my_emamba_ip/eMamba/MAMBA_2nd/Linear_expand_x1/matMult_20/Stage_A[1]/CLA_A File: /home/sanghun/RVX/rvx-tutorials/platform/tip_emamba_v1/user/rtl/src/matMult_20.sv Line: 76
# ** Warning: (vsim-3722) /home/sanghun/RVX/rvx-tutorials/platform/tip_emamba_v1/user/rtl/src/matMult_20.sv(76): [TFMPC] - Missing connection for port 'carryOut'.
# ** Warning: (vsim-2685) [TFMPC] - Too few port connections for 'CLA_A'.  Expected 5, found 4.
#    Time: 0 ps  Iteration: 0  Instance: /TIP_EMAMBA_V1_SIM/i_platform/my_emamba_ip/eMamba/MAMBA_2nd/Linear_expand_x1/matMult_20/Stage_A[2]/CLA_A File: /home/sanghun/RVX/rvx-tutorials/platform/tip_emamba_v1/user/rtl/src/matMult_20.sv Line: 76
# ** Warning: (vsim-3015) [PCDPC] - Port size (1) does not match connection size (32) for port 'carryIn'. The port definition is at: /home/sanghun/RVX/rvx-tutorials/platform/tip_emamba_v1/user/rtl/src/CLA_32.sv(26).
#    Time: 0 ps  Iteration: 0  Instance: /TIP_EMAMBA_V1_SIM/i_platform/my_emamba_ip/eMamba/MAMBA_2nd/Linear_expand_x1/matMult_20/Stage_A[2]/CLA_A File: /home/sanghun/RVX/rvx-tutorials/platform/tip_emamba_v1/user/rtl/src/matMult_20.sv Line: 76
# ** Warning: (vsim-3722) /home/sanghun/RVX/rvx-tutorials/platform/tip_emamba_v1/user/rtl/src/matMult_20.sv(76): [TFMPC] - Missing connection for port 'carryOut'.
# ** Warning: (vsim-2685) [TFMPC] - Too few port connections for 'CLA_A'.  Expected 5, found 4.
#    Time: 0 ps  Iteration: 0  Instance: /TIP_EMAMBA_V1_SIM/i_platform/my_emamba_ip/eMamba/MAMBA_2nd/Linear_expand_x1/matMult_20/Stage_A[3]/CLA_A File: /home/sanghun/RVX/rvx-tutorials/platform/tip_emamba_v1/user/rtl/src/matMult_20.sv Line: 76
# ** Warning: (vsim-3015) [PCDPC] - Port size (1) does not match connection size (32) for port 'carryIn'. The port definition is at: /home/sanghun/RVX/rvx-tutorials/platform/tip_emamba_v1/user/rtl/src/CLA_32.sv(26).
#    Time: 0 ps  Iteration: 0  Instance: /TIP_EMAMBA_V1_SIM/i_platform/my_emamba_ip/eMamba/MAMBA_2nd/Linear_expand_x1/matMult_20/Stage_A[3]/CLA_A File: /home/sanghun/RVX/rvx-tutorials/platform/tip_emamba_v1/user/rtl/src/matMult_20.sv Line: 76
# ** Warning: (vsim-3722) /home/sanghun/RVX/rvx-tutorials/platform/tip_emamba_v1/user/rtl/src/matMult_20.sv(76): [TFMPC] - Missing connection for port 'carryOut'.
# ** Warning: (vsim-2685) [TFMPC] - Too few port connections for 'CLA_A'.  Expected 5, found 4.
#    Time: 0 ps  Iteration: 0  Instance: /TIP_EMAMBA_V1_SIM/i_platform/my_emamba_ip/eMamba/MAMBA_2nd/Linear_expand_x1/matMult_20/Stage_A[4]/CLA_A File: /home/sanghun/RVX/rvx-tutorials/platform/tip_emamba_v1/user/rtl/src/matMult_20.sv Line: 76
# ** Warning: (vsim-3015) [PCDPC] - Port size (1) does not match connection size (32) for port 'carryIn'. The port definition is at: /home/sanghun/RVX/rvx-tutorials/platform/tip_emamba_v1/user/rtl/src/CLA_32.sv(26).
#    Time: 0 ps  Iteration: 0  Instance: /TIP_EMAMBA_V1_SIM/i_platform/my_emamba_ip/eMamba/MAMBA_2nd/Linear_expand_x1/matMult_20/Stage_A[4]/CLA_A File: /home/sanghun/RVX/rvx-tutorials/platform/tip_emamba_v1/user/rtl/src/matMult_20.sv Line: 76
# ** Warning: (vsim-3722) /home/sanghun/RVX/rvx-tutorials/platform/tip_emamba_v1/user/rtl/src/matMult_20.sv(76): [TFMPC] - Missing connection for port 'carryOut'.
# ** Warning: (vsim-2685) [TFMPC] - Too few port connections for 'CLA_A'.  Expected 5, found 4.
#    Time: 0 ps  Iteration: 0  Instance: /TIP_EMAMBA_V1_SIM/i_platform/my_emamba_ip/eMamba/MAMBA_2nd/Linear_expand_x1/matMult_20/Stage_A[5]/CLA_A File: /home/sanghun/RVX/rvx-tutorials/platform/tip_emamba_v1/user/rtl/src/matMult_20.sv Line: 76
# ** Warning: (vsim-3015) [PCDPC] - Port size (1) does not match connection size (32) for port 'carryIn'. The port definition is at: /home/sanghun/RVX/rvx-tutorials/platform/tip_emamba_v1/user/rtl/src/CLA_32.sv(26).
#    Time: 0 ps  Iteration: 0  Instance: /TIP_EMAMBA_V1_SIM/i_platform/my_emamba_ip/eMamba/MAMBA_2nd/Linear_expand_x1/matMult_20/Stage_A[5]/CLA_A File: /home/sanghun/RVX/rvx-tutorials/platform/tip_emamba_v1/user/rtl/src/matMult_20.sv Line: 76
# ** Warning: (vsim-3722) /home/sanghun/RVX/rvx-tutorials/platform/tip_emamba_v1/user/rtl/src/matMult_20.sv(76): [TFMPC] - Missing connection for port 'carryOut'.
# ** Warning: (vsim-2685) [TFMPC] - Too few port connections for 'CLA_A'.  Expected 5, found 4.
#    Time: 0 ps  Iteration: 0  Instance: /TIP_EMAMBA_V1_SIM/i_platform/my_emamba_ip/eMamba/MAMBA_2nd/Linear_expand_x1/matMult_20/Stage_A[6]/CLA_A File: /home/sanghun/RVX/rvx-tutorials/platform/tip_emamba_v1/user/rtl/src/matMult_20.sv Line: 76
# ** Warning: (vsim-3015) [PCDPC] - Port size (1) does not match connection size (32) for port 'carryIn'. The port definition is at: /home/sanghun/RVX/rvx-tutorials/platform/tip_emamba_v1/user/rtl/src/CLA_32.sv(26).
#    Time: 0 ps  Iteration: 0  Instance: /TIP_EMAMBA_V1_SIM/i_platform/my_emamba_ip/eMamba/MAMBA_2nd/Linear_expand_x1/matMult_20/Stage_A[6]/CLA_A File: /home/sanghun/RVX/rvx-tutorials/platform/tip_emamba_v1/user/rtl/src/matMult_20.sv Line: 76
# ** Warning: (vsim-3722) /home/sanghun/RVX/rvx-tutorials/platform/tip_emamba_v1/user/rtl/src/matMult_20.sv(76): [TFMPC] - Missing connection for port 'carryOut'.
# ** Warning: (vsim-2685) [TFMPC] - Too few port connections for 'CLA_A'.  Expected 5, found 4.
#    Time: 0 ps  Iteration: 0  Instance: /TIP_EMAMBA_V1_SIM/i_platform/my_emamba_ip/eMamba/MAMBA_2nd/Linear_expand_x1/matMult_20/Stage_A[7]/CLA_A File: /home/sanghun/RVX/rvx-tutorials/platform/tip_emamba_v1/user/rtl/src/matMult_20.sv Line: 76
# ** Warning: (vsim-3015) [PCDPC] - Port size (1) does not match connection size (32) for port 'carryIn'. The port definition is at: /home/sanghun/RVX/rvx-tutorials/platform/tip_emamba_v1/user/rtl/src/CLA_32.sv(26).
#    Time: 0 ps  Iteration: 0  Instance: /TIP_EMAMBA_V1_SIM/i_platform/my_emamba_ip/eMamba/MAMBA_2nd/Linear_expand_x1/matMult_20/Stage_A[7]/CLA_A File: /home/sanghun/RVX/rvx-tutorials/platform/tip_emamba_v1/user/rtl/src/matMult_20.sv Line: 76
# ** Warning: (vsim-3722) /home/sanghun/RVX/rvx-tutorials/platform/tip_emamba_v1/user/rtl/src/matMult_20.sv(76): [TFMPC] - Missing connection for port 'carryOut'.
# ** Warning: (vsim-2685) [TFMPC] - Too few port connections for 'CLA_A'.  Expected 5, found 4.
#    Time: 0 ps  Iteration: 0  Instance: /TIP_EMAMBA_V1_SIM/i_platform/my_emamba_ip/eMamba/MAMBA_2nd/Linear_expand_x1/matMult_20/Stage_A[8]/CLA_A File: /home/sanghun/RVX/rvx-tutorials/platform/tip_emamba_v1/user/rtl/src/matMult_20.sv Line: 76
# ** Warning: (vsim-3015) [PCDPC] - Port size (1) does not match connection size (32) for port 'carryIn'. The port definition is at: /home/sanghun/RVX/rvx-tutorials/platform/tip_emamba_v1/user/rtl/src/CLA_32.sv(26).
#    Time: 0 ps  Iteration: 0  Instance: /TIP_EMAMBA_V1_SIM/i_platform/my_emamba_ip/eMamba/MAMBA_2nd/Linear_expand_x1/matMult_20/Stage_A[8]/CLA_A File: /home/sanghun/RVX/rvx-tutorials/platform/tip_emamba_v1/user/rtl/src/matMult_20.sv Line: 76
# ** Warning: (vsim-3722) /home/sanghun/RVX/rvx-tutorials/platform/tip_emamba_v1/user/rtl/src/matMult_20.sv(76): [TFMPC] - Missing connection for port 'carryOut'.
# ** Warning: (vsim-2685) [TFMPC] - Too few port connections for 'CLA_A'.  Expected 5, found 4.
#    Time: 0 ps  Iteration: 0  Instance: /TIP_EMAMBA_V1_SIM/i_platform/my_emamba_ip/eMamba/MAMBA_2nd/Linear_expand_x1/matMult_20/Stage_A[9]/CLA_A File: /home/sanghun/RVX/rvx-tutorials/platform/tip_emamba_v1/user/rtl/src/matMult_20.sv Line: 76
# ** Warning: (vsim-3015) [PCDPC] - Port size (1) does not match connection size (32) for port 'carryIn'. The port definition is at: /home/sanghun/RVX/rvx-tutorials/platform/tip_emamba_v1/user/rtl/src/CLA_32.sv(26).
#    Time: 0 ps  Iteration: 0  Instance: /TIP_EMAMBA_V1_SIM/i_platform/my_emamba_ip/eMamba/MAMBA_2nd/Linear_expand_x1/matMult_20/Stage_A[9]/CLA_A File: /home/sanghun/RVX/rvx-tutorials/platform/tip_emamba_v1/user/rtl/src/matMult_20.sv Line: 76
# ** Warning: (vsim-3722) /home/sanghun/RVX/rvx-tutorials/platform/tip_emamba_v1/user/rtl/src/matMult_20.sv(76): [TFMPC] - Missing connection for port 'carryOut'.
# ** Warning: (vsim-2685) [TFMPC] - Too few port connections for 'CLA_B'.  Expected 5, found 4.
#    Time: 0 ps  Iteration: 0  Instance: /TIP_EMAMBA_V1_SIM/i_platform/my_emamba_ip/eMamba/MAMBA_2nd/Linear_expand_x1/matMult_20/Stage_B[0]/CLA_B File: /home/sanghun/RVX/rvx-tutorials/platform/tip_emamba_v1/user/rtl/src/matMult_20.sv Line: 86
# ** Warning: (vsim-3015) [PCDPC] - Port size (1) does not match connection size (32) for port 'carryIn'. The port definition is at: /home/sanghun/RVX/rvx-tutorials/platform/tip_emamba_v1/user/rtl/src/CLA_32.sv(26).
#    Time: 0 ps  Iteration: 0  Instance: /TIP_EMAMBA_V1_SIM/i_platform/my_emamba_ip/eMamba/MAMBA_2nd/Linear_expand_x1/matMult_20/Stage_B[0]/CLA_B File: /home/sanghun/RVX/rvx-tutorials/platform/tip_emamba_v1/user/rtl/src/matMult_20.sv Line: 86
# ** Warning: (vsim-3722) /home/sanghun/RVX/rvx-tutorials/platform/tip_emamba_v1/user/rtl/src/matMult_20.sv(86): [TFMPC] - Missing connection for port 'carryOut'.
# ** Warning: (vsim-2685) [TFMPC] - Too few port connections for 'CLA_B'.  Expected 5, found 4.
#    Time: 0 ps  Iteration: 0  Instance: /TIP_EMAMBA_V1_SIM/i_platform/my_emamba_ip/eMamba/MAMBA_2nd/Linear_expand_x1/matMult_20/Stage_B[1]/CLA_B File: /home/sanghun/RVX/rvx-tutorials/platform/tip_emamba_v1/user/rtl/src/matMult_20.sv Line: 86
# ** Warning: (vsim-3015) [PCDPC] - Port size (1) does not match connection size (32) for port 'carryIn'. The port definition is at: /home/sanghun/RVX/rvx-tutorials/platform/tip_emamba_v1/user/rtl/src/CLA_32.sv(26).
#    Time: 0 ps  Iteration: 0  Instance: /TIP_EMAMBA_V1_SIM/i_platform/my_emamba_ip/eMamba/MAMBA_2nd/Linear_expand_x1/matMult_20/Stage_B[1]/CLA_B File: /home/sanghun/RVX/rvx-tutorials/platform/tip_emamba_v1/user/rtl/src/matMult_20.sv Line: 86
# ** Warning: (vsim-3722) /home/sanghun/RVX/rvx-tutorials/platform/tip_emamba_v1/user/rtl/src/matMult_20.sv(86): [TFMPC] - Missing connection for port 'carryOut'.
# ** Warning: (vsim-2685) [TFMPC] - Too few port connections for 'CLA_B'.  Expected 5, found 4.
#    Time: 0 ps  Iteration: 0  Instance: /TIP_EMAMBA_V1_SIM/i_platform/my_emamba_ip/eMamba/MAMBA_2nd/Linear_expand_x1/matMult_20/Stage_B[2]/CLA_B File: /home/sanghun/RVX/rvx-tutorials/platform/tip_emamba_v1/user/rtl/src/matMult_20.sv Line: 86
# ** Warning: (vsim-3015) [PCDPC] - Port size (1) does not match connection size (32) for port 'carryIn'. The port definition is at: /home/sanghun/RVX/rvx-tutorials/platform/tip_emamba_v1/user/rtl/src/CLA_32.sv(26).
#    Time: 0 ps  Iteration: 0  Instance: /TIP_EMAMBA_V1_SIM/i_platform/my_emamba_ip/eMamba/MAMBA_2nd/Linear_expand_x1/matMult_20/Stage_B[2]/CLA_B File: /home/sanghun/RVX/rvx-tutorials/platform/tip_emamba_v1/user/rtl/src/matMult_20.sv Line: 86
# ** Warning: (vsim-3722) /home/sanghun/RVX/rvx-tutorials/platform/tip_emamba_v1/user/rtl/src/matMult_20.sv(86): [TFMPC] - Missing connection for port 'carryOut'.
# ** Warning: (vsim-2685) [TFMPC] - Too few port connections for 'CLA_B'.  Expected 5, found 4.
#    Time: 0 ps  Iteration: 0  Instance: /TIP_EMAMBA_V1_SIM/i_platform/my_emamba_ip/eMamba/MAMBA_2nd/Linear_expand_x1/matMult_20/Stage_B[3]/CLA_B File: /home/sanghun/RVX/rvx-tutorials/platform/tip_emamba_v1/user/rtl/src/matMult_20.sv Line: 86
# ** Warning: (vsim-3015) [PCDPC] - Port size (1) does not match connection size (32) for port 'carryIn'. The port definition is at: /home/sanghun/RVX/rvx-tutorials/platform/tip_emamba_v1/user/rtl/src/CLA_32.sv(26).
#    Time: 0 ps  Iteration: 0  Instance: /TIP_EMAMBA_V1_SIM/i_platform/my_emamba_ip/eMamba/MAMBA_2nd/Linear_expand_x1/matMult_20/Stage_B[3]/CLA_B File: /home/sanghun/RVX/rvx-tutorials/platform/tip_emamba_v1/user/rtl/src/matMult_20.sv Line: 86
# ** Warning: (vsim-3722) /home/sanghun/RVX/rvx-tutorials/platform/tip_emamba_v1/user/rtl/src/matMult_20.sv(86): [TFMPC] - Missing connection for port 'carryOut'.
# ** Warning: (vsim-2685) [TFMPC] - Too few port connections for 'CLA_B'.  Expected 5, found 4.
#    Time: 0 ps  Iteration: 0  Instance: /TIP_EMAMBA_V1_SIM/i_platform/my_emamba_ip/eMamba/MAMBA_2nd/Linear_expand_x1/matMult_20/Stage_B[4]/CLA_B File: /home/sanghun/RVX/rvx-tutorials/platform/tip_emamba_v1/user/rtl/src/matMult_20.sv Line: 86
# ** Warning: (vsim-3015) [PCDPC] - Port size (1) does not match connection size (32) for port 'carryIn'. The port definition is at: /home/sanghun/RVX/rvx-tutorials/platform/tip_emamba_v1/user/rtl/src/CLA_32.sv(26).
#    Time: 0 ps  Iteration: 0  Instance: /TIP_EMAMBA_V1_SIM/i_platform/my_emamba_ip/eMamba/MAMBA_2nd/Linear_expand_x1/matMult_20/Stage_B[4]/CLA_B File: /home/sanghun/RVX/rvx-tutorials/platform/tip_emamba_v1/user/rtl/src/matMult_20.sv Line: 86
# ** Warning: (vsim-3722) /home/sanghun/RVX/rvx-tutorials/platform/tip_emamba_v1/user/rtl/src/matMult_20.sv(86): [TFMPC] - Missing connection for port 'carryOut'.
# ** Warning: (vsim-2685) [TFMPC] - Too few port connections for 'CLA_C0'.  Expected 5, found 4.
#    Time: 0 ps  Iteration: 0  Instance: /TIP_EMAMBA_V1_SIM/i_platform/my_emamba_ip/eMamba/MAMBA_2nd/Linear_expand_x1/matMult_20/CLA_C0 File: /home/sanghun/RVX/rvx-tutorials/platform/tip_emamba_v1/user/rtl/src/matMult_20.sv Line: 97
# ** Warning: (vsim-3015) [PCDPC] - Port size (1) does not match connection size (32) for port 'carryIn'. The port definition is at: /home/sanghun/RVX/rvx-tutorials/platform/tip_emamba_v1/user/rtl/src/CLA_32.sv(26).
#    Time: 0 ps  Iteration: 0  Instance: /TIP_EMAMBA_V1_SIM/i_platform/my_emamba_ip/eMamba/MAMBA_2nd/Linear_expand_x1/matMult_20/CLA_C0 File: /home/sanghun/RVX/rvx-tutorials/platform/tip_emamba_v1/user/rtl/src/matMult_20.sv Line: 97
# ** Warning: (vsim-3722) /home/sanghun/RVX/rvx-tutorials/platform/tip_emamba_v1/user/rtl/src/matMult_20.sv(97): [TFMPC] - Missing connection for port 'carryOut'.
# ** Warning: (vsim-2685) [TFMPC] - Too few port connections for 'CLA_C1'.  Expected 5, found 4.
#    Time: 0 ps  Iteration: 0  Instance: /TIP_EMAMBA_V1_SIM/i_platform/my_emamba_ip/eMamba/MAMBA_2nd/Linear_expand_x1/matMult_20/CLA_C1 File: /home/sanghun/RVX/rvx-tutorials/platform/tip_emamba_v1/user/rtl/src/matMult_20.sv Line: 105
# ** Warning: (vsim-3015) [PCDPC] - Port size (1) does not match connection size (32) for port 'carryIn'. The port definition is at: /home/sanghun/RVX/rvx-tutorials/platform/tip_emamba_v1/user/rtl/src/CLA_32.sv(26).
#    Time: 0 ps  Iteration: 0  Instance: /TIP_EMAMBA_V1_SIM/i_platform/my_emamba_ip/eMamba/MAMBA_2nd/Linear_expand_x1/matMult_20/CLA_C1 File: /home/sanghun/RVX/rvx-tutorials/platform/tip_emamba_v1/user/rtl/src/matMult_20.sv Line: 105
# ** Warning: (vsim-3722) /home/sanghun/RVX/rvx-tutorials/platform/tip_emamba_v1/user/rtl/src/matMult_20.sv(105): [TFMPC] - Missing connection for port 'carryOut'.
# ** Warning: (vsim-2685) [TFMPC] - Too few port connections for 'CLA_C2'.  Expected 5, found 4.
#    Time: 0 ps  Iteration: 0  Instance: /TIP_EMAMBA_V1_SIM/i_platform/my_emamba_ip/eMamba/MAMBA_2nd/Linear_expand_x1/matMult_20/CLA_C2 File: /home/sanghun/RVX/rvx-tutorials/platform/tip_emamba_v1/user/rtl/src/matMult_20.sv Line: 113
# ** Warning: (vsim-3015) [PCDPC] - Port size (1) does not match connection size (32) for port 'carryIn'. The port definition is at: /home/sanghun/RVX/rvx-tutorials/platform/tip_emamba_v1/user/rtl/src/CLA_32.sv(26).
#    Time: 0 ps  Iteration: 0  Instance: /TIP_EMAMBA_V1_SIM/i_platform/my_emamba_ip/eMamba/MAMBA_2nd/Linear_expand_x1/matMult_20/CLA_C2 File: /home/sanghun/RVX/rvx-tutorials/platform/tip_emamba_v1/user/rtl/src/matMult_20.sv Line: 113
# ** Warning: (vsim-3722) /home/sanghun/RVX/rvx-tutorials/platform/tip_emamba_v1/user/rtl/src/matMult_20.sv(113): [TFMPC] - Missing connection for port 'carryOut'.
# ** Warning: (vsim-2685) [TFMPC] - Too few port connections for 'CLA_D'.  Expected 5, found 4.
#    Time: 0 ps  Iteration: 0  Instance: /TIP_EMAMBA_V1_SIM/i_platform/my_emamba_ip/eMamba/MAMBA_2nd/Linear_expand_x1/matMult_20/CLA_D File: /home/sanghun/RVX/rvx-tutorials/platform/tip_emamba_v1/user/rtl/src/matMult_20.sv Line: 122
# ** Warning: (vsim-3015) [PCDPC] - Port size (1) does not match connection size (32) for port 'carryIn'. The port definition is at: /home/sanghun/RVX/rvx-tutorials/platform/tip_emamba_v1/user/rtl/src/CLA_32.sv(26).
#    Time: 0 ps  Iteration: 0  Instance: /TIP_EMAMBA_V1_SIM/i_platform/my_emamba_ip/eMamba/MAMBA_2nd/Linear_expand_x1/matMult_20/CLA_D File: /home/sanghun/RVX/rvx-tutorials/platform/tip_emamba_v1/user/rtl/src/matMult_20.sv Line: 122
# ** Warning: (vsim-3722) /home/sanghun/RVX/rvx-tutorials/platform/tip_emamba_v1/user/rtl/src/matMult_20.sv(122): [TFMPC] - Missing connection for port 'carryOut'.
# ** Warning: (vsim-2685) [TFMPC] - Too few port connections for 'CLA_E'.  Expected 5, found 4.
#    Time: 0 ps  Iteration: 0  Instance: /TIP_EMAMBA_V1_SIM/i_platform/my_emamba_ip/eMamba/MAMBA_2nd/Linear_expand_x1/matMult_20/CLA_E File: /home/sanghun/RVX/rvx-tutorials/platform/tip_emamba_v1/user/rtl/src/matMult_20.sv Line: 131
# ** Warning: (vsim-3015) [PCDPC] - Port size (1) does not match connection size (32) for port 'carryIn'. The port definition is at: /home/sanghun/RVX/rvx-tutorials/platform/tip_emamba_v1/user/rtl/src/CLA_32.sv(26).
#    Time: 0 ps  Iteration: 0  Instance: /TIP_EMAMBA_V1_SIM/i_platform/my_emamba_ip/eMamba/MAMBA_2nd/Linear_expand_x1/matMult_20/CLA_E File: /home/sanghun/RVX/rvx-tutorials/platform/tip_emamba_v1/user/rtl/src/matMult_20.sv Line: 131
# ** Warning: (vsim-3722) /home/sanghun/RVX/rvx-tutorials/platform/tip_emamba_v1/user/rtl/src/matMult_20.sv(131): [TFMPC] - Missing connection for port 'carryOut'.
# ** Warning: (vsim-2685) [TFMPC] - Too few port connections for 'Linear_expand_z1'.  Expected 10, found 9.
#    Time: 0 ps  Iteration: 0  Instance: /TIP_EMAMBA_V1_SIM/i_platform/my_emamba_ip/eMamba/MAMBA_2nd/Linear_expand_z1 File: /home/sanghun/RVX/rvx-tutorials/platform/tip_emamba_v1/user/rtl/src/MAMBA.sv Line: 266
# ** Warning: (vsim-3722) /home/sanghun/RVX/rvx-tutorials/platform/tip_emamba_v1/user/rtl/src/MAMBA.sv(266): [TFMPC] - Missing connection for port 'dOut_seqlength'.
# ** Warning: (vsim-2685) [TFMPC] - Too few port connections for 'CLA_A'.  Expected 5, found 4.
#    Time: 0 ps  Iteration: 0  Instance: /TIP_EMAMBA_V1_SIM/i_platform/my_emamba_ip/eMamba/MAMBA_2nd/Linear_expand_z1/matMult_20/Stage_A[0]/CLA_A File: /home/sanghun/RVX/rvx-tutorials/platform/tip_emamba_v1/user/rtl/src/matMult_20.sv Line: 76
# ** Warning: (vsim-3015) [PCDPC] - Port size (1) does not match connection size (32) for port 'carryIn'. The port definition is at: /home/sanghun/RVX/rvx-tutorials/platform/tip_emamba_v1/user/rtl/src/CLA_32.sv(26).
#    Time: 0 ps  Iteration: 0  Instance: /TIP_EMAMBA_V1_SIM/i_platform/my_emamba_ip/eMamba/MAMBA_2nd/Linear_expand_z1/matMult_20/Stage_A[0]/CLA_A File: /home/sanghun/RVX/rvx-tutorials/platform/tip_emamba_v1/user/rtl/src/matMult_20.sv Line: 76
# ** Warning: (vsim-3722) /home/sanghun/RVX/rvx-tutorials/platform/tip_emamba_v1/user/rtl/src/matMult_20.sv(76): [TFMPC] - Missing connection for port 'carryOut'.
# ** Warning: (vsim-2685) [TFMPC] - Too few port connections for 'CLA_A'.  Expected 5, found 4.
#    Time: 0 ps  Iteration: 0  Instance: /TIP_EMAMBA_V1_SIM/i_platform/my_emamba_ip/eMamba/MAMBA_2nd/Linear_expand_z1/matMult_20/Stage_A[1]/CLA_A File: /home/sanghun/RVX/rvx-tutorials/platform/tip_emamba_v1/user/rtl/src/matMult_20.sv Line: 76
# ** Warning: (vsim-3015) [PCDPC] - Port size (1) does not match connection size (32) for port 'carryIn'. The port definition is at: /home/sanghun/RVX/rvx-tutorials/platform/tip_emamba_v1/user/rtl/src/CLA_32.sv(26).
#    Time: 0 ps  Iteration: 0  Instance: /TIP_EMAMBA_V1_SIM/i_platform/my_emamba_ip/eMamba/MAMBA_2nd/Linear_expand_z1/matMult_20/Stage_A[1]/CLA_A File: /home/sanghun/RVX/rvx-tutorials/platform/tip_emamba_v1/user/rtl/src/matMult_20.sv Line: 76
# ** Warning: (vsim-3722) /home/sanghun/RVX/rvx-tutorials/platform/tip_emamba_v1/user/rtl/src/matMult_20.sv(76): [TFMPC] - Missing connection for port 'carryOut'.
# ** Warning: (vsim-2685) [TFMPC] - Too few port connections for 'CLA_A'.  Expected 5, found 4.
#    Time: 0 ps  Iteration: 0  Instance: /TIP_EMAMBA_V1_SIM/i_platform/my_emamba_ip/eMamba/MAMBA_2nd/Linear_expand_z1/matMult_20/Stage_A[2]/CLA_A File: /home/sanghun/RVX/rvx-tutorials/platform/tip_emamba_v1/user/rtl/src/matMult_20.sv Line: 76
# ** Warning: (vsim-3015) [PCDPC] - Port size (1) does not match connection size (32) for port 'carryIn'. The port definition is at: /home/sanghun/RVX/rvx-tutorials/platform/tip_emamba_v1/user/rtl/src/CLA_32.sv(26).
#    Time: 0 ps  Iteration: 0  Instance: /TIP_EMAMBA_V1_SIM/i_platform/my_emamba_ip/eMamba/MAMBA_2nd/Linear_expand_z1/matMult_20/Stage_A[2]/CLA_A File: /home/sanghun/RVX/rvx-tutorials/platform/tip_emamba_v1/user/rtl/src/matMult_20.sv Line: 76
# ** Warning: (vsim-3722) /home/sanghun/RVX/rvx-tutorials/platform/tip_emamba_v1/user/rtl/src/matMult_20.sv(76): [TFMPC] - Missing connection for port 'carryOut'.
# ** Warning: (vsim-2685) [TFMPC] - Too few port connections for 'CLA_A'.  Expected 5, found 4.
#    Time: 0 ps  Iteration: 0  Instance: /TIP_EMAMBA_V1_SIM/i_platform/my_emamba_ip/eMamba/MAMBA_2nd/Linear_expand_z1/matMult_20/Stage_A[3]/CLA_A File: /home/sanghun/RVX/rvx-tutorials/platform/tip_emamba_v1/user/rtl/src/matMult_20.sv Line: 76
# ** Warning: (vsim-3015) [PCDPC] - Port size (1) does not match connection size (32) for port 'carryIn'. The port definition is at: /home/sanghun/RVX/rvx-tutorials/platform/tip_emamba_v1/user/rtl/src/CLA_32.sv(26).
#    Time: 0 ps  Iteration: 0  Instance: /TIP_EMAMBA_V1_SIM/i_platform/my_emamba_ip/eMamba/MAMBA_2nd/Linear_expand_z1/matMult_20/Stage_A[3]/CLA_A File: /home/sanghun/RVX/rvx-tutorials/platform/tip_emamba_v1/user/rtl/src/matMult_20.sv Line: 76
# ** Warning: (vsim-3722) /home/sanghun/RVX/rvx-tutorials/platform/tip_emamba_v1/user/rtl/src/matMult_20.sv(76): [TFMPC] - Missing connection for port 'carryOut'.
# ** Warning: (vsim-2685) [TFMPC] - Too few port connections for 'CLA_A'.  Expected 5, found 4.
#    Time: 0 ps  Iteration: 0  Instance: /TIP_EMAMBA_V1_SIM/i_platform/my_emamba_ip/eMamba/MAMBA_2nd/Linear_expand_z1/matMult_20/Stage_A[4]/CLA_A File: /home/sanghun/RVX/rvx-tutorials/platform/tip_emamba_v1/user/rtl/src/matMult_20.sv Line: 76
# ** Warning: (vsim-3015) [PCDPC] - Port size (1) does not match connection size (32) for port 'carryIn'. The port definition is at: /home/sanghun/RVX/rvx-tutorials/platform/tip_emamba_v1/user/rtl/src/CLA_32.sv(26).
#    Time: 0 ps  Iteration: 0  Instance: /TIP_EMAMBA_V1_SIM/i_platform/my_emamba_ip/eMamba/MAMBA_2nd/Linear_expand_z1/matMult_20/Stage_A[4]/CLA_A File: /home/sanghun/RVX/rvx-tutorials/platform/tip_emamba_v1/user/rtl/src/matMult_20.sv Line: 76
# ** Warning: (vsim-3722) /home/sanghun/RVX/rvx-tutorials/platform/tip_emamba_v1/user/rtl/src/matMult_20.sv(76): [TFMPC] - Missing connection for port 'carryOut'.
# ** Warning: (vsim-2685) [TFMPC] - Too few port connections for 'CLA_A'.  Expected 5, found 4.
#    Time: 0 ps  Iteration: 0  Instance: /TIP_EMAMBA_V1_SIM/i_platform/my_emamba_ip/eMamba/MAMBA_2nd/Linear_expand_z1/matMult_20/Stage_A[5]/CLA_A File: /home/sanghun/RVX/rvx-tutorials/platform/tip_emamba_v1/user/rtl/src/matMult_20.sv Line: 76
# ** Warning: (vsim-3015) [PCDPC] - Port size (1) does not match connection size (32) for port 'carryIn'. The port definition is at: /home/sanghun/RVX/rvx-tutorials/platform/tip_emamba_v1/user/rtl/src/CLA_32.sv(26).
#    Time: 0 ps  Iteration: 0  Instance: /TIP_EMAMBA_V1_SIM/i_platform/my_emamba_ip/eMamba/MAMBA_2nd/Linear_expand_z1/matMult_20/Stage_A[5]/CLA_A File: /home/sanghun/RVX/rvx-tutorials/platform/tip_emamba_v1/user/rtl/src/matMult_20.sv Line: 76
# ** Warning: (vsim-3722) /home/sanghun/RVX/rvx-tutorials/platform/tip_emamba_v1/user/rtl/src/matMult_20.sv(76): [TFMPC] - Missing connection for port 'carryOut'.
# ** Warning: (vsim-2685) [TFMPC] - Too few port connections for 'CLA_A'.  Expected 5, found 4.
#    Time: 0 ps  Iteration: 0  Instance: /TIP_EMAMBA_V1_SIM/i_platform/my_emamba_ip/eMamba/MAMBA_2nd/Linear_expand_z1/matMult_20/Stage_A[6]/CLA_A File: /home/sanghun/RVX/rvx-tutorials/platform/tip_emamba_v1/user/rtl/src/matMult_20.sv Line: 76
# ** Warning: (vsim-3015) [PCDPC] - Port size (1) does not match connection size (32) for port 'carryIn'. The port definition is at: /home/sanghun/RVX/rvx-tutorials/platform/tip_emamba_v1/user/rtl/src/CLA_32.sv(26).
#    Time: 0 ps  Iteration: 0  Instance: /TIP_EMAMBA_V1_SIM/i_platform/my_emamba_ip/eMamba/MAMBA_2nd/Linear_expand_z1/matMult_20/Stage_A[6]/CLA_A File: /home/sanghun/RVX/rvx-tutorials/platform/tip_emamba_v1/user/rtl/src/matMult_20.sv Line: 76
# ** Warning: (vsim-3722) /home/sanghun/RVX/rvx-tutorials/platform/tip_emamba_v1/user/rtl/src/matMult_20.sv(76): [TFMPC] - Missing connection for port 'carryOut'.
# ** Warning: (vsim-2685) [TFMPC] - Too few port connections for 'CLA_A'.  Expected 5, found 4.
#    Time: 0 ps  Iteration: 0  Instance: /TIP_EMAMBA_V1_SIM/i_platform/my_emamba_ip/eMamba/MAMBA_2nd/Linear_expand_z1/matMult_20/Stage_A[7]/CLA_A File: /home/sanghun/RVX/rvx-tutorials/platform/tip_emamba_v1/user/rtl/src/matMult_20.sv Line: 76
# ** Warning: (vsim-3015) [PCDPC] - Port size (1) does not match connection size (32) for port 'carryIn'. The port definition is at: /home/sanghun/RVX/rvx-tutorials/platform/tip_emamba_v1/user/rtl/src/CLA_32.sv(26).
#    Time: 0 ps  Iteration: 0  Instance: /TIP_EMAMBA_V1_SIM/i_platform/my_emamba_ip/eMamba/MAMBA_2nd/Linear_expand_z1/matMult_20/Stage_A[7]/CLA_A File: /home/sanghun/RVX/rvx-tutorials/platform/tip_emamba_v1/user/rtl/src/matMult_20.sv Line: 76
# ** Warning: (vsim-3722) /home/sanghun/RVX/rvx-tutorials/platform/tip_emamba_v1/user/rtl/src/matMult_20.sv(76): [TFMPC] - Missing connection for port 'carryOut'.
# ** Warning: (vsim-2685) [TFMPC] - Too few port connections for 'CLA_A'.  Expected 5, found 4.
#    Time: 0 ps  Iteration: 0  Instance: /TIP_EMAMBA_V1_SIM/i_platform/my_emamba_ip/eMamba/MAMBA_2nd/Linear_expand_z1/matMult_20/Stage_A[8]/CLA_A File: /home/sanghun/RVX/rvx-tutorials/platform/tip_emamba_v1/user/rtl/src/matMult_20.sv Line: 76
# ** Warning: (vsim-3015) [PCDPC] - Port size (1) does not match connection size (32) for port 'carryIn'. The port definition is at: /home/sanghun/RVX/rvx-tutorials/platform/tip_emamba_v1/user/rtl/src/CLA_32.sv(26).
#    Time: 0 ps  Iteration: 0  Instance: /TIP_EMAMBA_V1_SIM/i_platform/my_emamba_ip/eMamba/MAMBA_2nd/Linear_expand_z1/matMult_20/Stage_A[8]/CLA_A File: /home/sanghun/RVX/rvx-tutorials/platform/tip_emamba_v1/user/rtl/src/matMult_20.sv Line: 76
# ** Warning: (vsim-3722) /home/sanghun/RVX/rvx-tutorials/platform/tip_emamba_v1/user/rtl/src/matMult_20.sv(76): [TFMPC] - Missing connection for port 'carryOut'.
# ** Warning: (vsim-2685) [TFMPC] - Too few port connections for 'CLA_A'.  Expected 5, found 4.
#    Time: 0 ps  Iteration: 0  Instance: /TIP_EMAMBA_V1_SIM/i_platform/my_emamba_ip/eMamba/MAMBA_2nd/Linear_expand_z1/matMult_20/Stage_A[9]/CLA_A File: /home/sanghun/RVX/rvx-tutorials/platform/tip_emamba_v1/user/rtl/src/matMult_20.sv Line: 76
# ** Warning: (vsim-3015) [PCDPC] - Port size (1) does not match connection size (32) for port 'carryIn'. The port definition is at: /home/sanghun/RVX/rvx-tutorials/platform/tip_emamba_v1/user/rtl/src/CLA_32.sv(26).
#    Time: 0 ps  Iteration: 0  Instance: /TIP_EMAMBA_V1_SIM/i_platform/my_emamba_ip/eMamba/MAMBA_2nd/Linear_expand_z1/matMult_20/Stage_A[9]/CLA_A File: /home/sanghun/RVX/rvx-tutorials/platform/tip_emamba_v1/user/rtl/src/matMult_20.sv Line: 76
# ** Warning: (vsim-3722) /home/sanghun/RVX/rvx-tutorials/platform/tip_emamba_v1/user/rtl/src/matMult_20.sv(76): [TFMPC] - Missing connection for port 'carryOut'.
# ** Warning: (vsim-2685) [TFMPC] - Too few port connections for 'CLA_B'.  Expected 5, found 4.
#    Time: 0 ps  Iteration: 0  Instance: /TIP_EMAMBA_V1_SIM/i_platform/my_emamba_ip/eMamba/MAMBA_2nd/Linear_expand_z1/matMult_20/Stage_B[0]/CLA_B File: /home/sanghun/RVX/rvx-tutorials/platform/tip_emamba_v1/user/rtl/src/matMult_20.sv Line: 86
# ** Warning: (vsim-3015) [PCDPC] - Port size (1) does not match connection size (32) for port 'carryIn'. The port definition is at: /home/sanghun/RVX/rvx-tutorials/platform/tip_emamba_v1/user/rtl/src/CLA_32.sv(26).
#    Time: 0 ps  Iteration: 0  Instance: /TIP_EMAMBA_V1_SIM/i_platform/my_emamba_ip/eMamba/MAMBA_2nd/Linear_expand_z1/matMult_20/Stage_B[0]/CLA_B File: /home/sanghun/RVX/rvx-tutorials/platform/tip_emamba_v1/user/rtl/src/matMult_20.sv Line: 86
# ** Warning: (vsim-3722) /home/sanghun/RVX/rvx-tutorials/platform/tip_emamba_v1/user/rtl/src/matMult_20.sv(86): [TFMPC] - Missing connection for port 'carryOut'.
# ** Warning: (vsim-2685) [TFMPC] - Too few port connections for 'CLA_B'.  Expected 5, found 4.
#    Time: 0 ps  Iteration: 0  Instance: /TIP_EMAMBA_V1_SIM/i_platform/my_emamba_ip/eMamba/MAMBA_2nd/Linear_expand_z1/matMult_20/Stage_B[1]/CLA_B File: /home/sanghun/RVX/rvx-tutorials/platform/tip_emamba_v1/user/rtl/src/matMult_20.sv Line: 86
# ** Warning: (vsim-3015) [PCDPC] - Port size (1) does not match connection size (32) for port 'carryIn'. The port definition is at: /home/sanghun/RVX/rvx-tutorials/platform/tip_emamba_v1/user/rtl/src/CLA_32.sv(26).
#    Time: 0 ps  Iteration: 0  Instance: /TIP_EMAMBA_V1_SIM/i_platform/my_emamba_ip/eMamba/MAMBA_2nd/Linear_expand_z1/matMult_20/Stage_B[1]/CLA_B File: /home/sanghun/RVX/rvx-tutorials/platform/tip_emamba_v1/user/rtl/src/matMult_20.sv Line: 86
# ** Warning: (vsim-3722) /home/sanghun/RVX/rvx-tutorials/platform/tip_emamba_v1/user/rtl/src/matMult_20.sv(86): [TFMPC] - Missing connection for port 'carryOut'.
# ** Warning: (vsim-2685) [TFMPC] - Too few port connections for 'CLA_B'.  Expected 5, found 4.
#    Time: 0 ps  Iteration: 0  Instance: /TIP_EMAMBA_V1_SIM/i_platform/my_emamba_ip/eMamba/MAMBA_2nd/Linear_expand_z1/matMult_20/Stage_B[2]/CLA_B File: /home/sanghun/RVX/rvx-tutorials/platform/tip_emamba_v1/user/rtl/src/matMult_20.sv Line: 86
# ** Warning: (vsim-3015) [PCDPC] - Port size (1) does not match connection size (32) for port 'carryIn'. The port definition is at: /home/sanghun/RVX/rvx-tutorials/platform/tip_emamba_v1/user/rtl/src/CLA_32.sv(26).
#    Time: 0 ps  Iteration: 0  Instance: /TIP_EMAMBA_V1_SIM/i_platform/my_emamba_ip/eMamba/MAMBA_2nd/Linear_expand_z1/matMult_20/Stage_B[2]/CLA_B File: /home/sanghun/RVX/rvx-tutorials/platform/tip_emamba_v1/user/rtl/src/matMult_20.sv Line: 86
# ** Warning: (vsim-3722) /home/sanghun/RVX/rvx-tutorials/platform/tip_emamba_v1/user/rtl/src/matMult_20.sv(86): [TFMPC] - Missing connection for port 'carryOut'.
# ** Warning: (vsim-2685) [TFMPC] - Too few port connections for 'CLA_B'.  Expected 5, found 4.
#    Time: 0 ps  Iteration: 0  Instance: /TIP_EMAMBA_V1_SIM/i_platform/my_emamba_ip/eMamba/MAMBA_2nd/Linear_expand_z1/matMult_20/Stage_B[3]/CLA_B File: /home/sanghun/RVX/rvx-tutorials/platform/tip_emamba_v1/user/rtl/src/matMult_20.sv Line: 86
# ** Warning: (vsim-3015) [PCDPC] - Port size (1) does not match connection size (32) for port 'carryIn'. The port definition is at: /home/sanghun/RVX/rvx-tutorials/platform/tip_emamba_v1/user/rtl/src/CLA_32.sv(26).
#    Time: 0 ps  Iteration: 0  Instance: /TIP_EMAMBA_V1_SIM/i_platform/my_emamba_ip/eMamba/MAMBA_2nd/Linear_expand_z1/matMult_20/Stage_B[3]/CLA_B File: /home/sanghun/RVX/rvx-tutorials/platform/tip_emamba_v1/user/rtl/src/matMult_20.sv Line: 86
# ** Warning: (vsim-3722) /home/sanghun/RVX/rvx-tutorials/platform/tip_emamba_v1/user/rtl/src/matMult_20.sv(86): [TFMPC] - Missing connection for port 'carryOut'.
# ** Warning: (vsim-2685) [TFMPC] - Too few port connections for 'CLA_B'.  Expected 5, found 4.
#    Time: 0 ps  Iteration: 0  Instance: /TIP_EMAMBA_V1_SIM/i_platform/my_emamba_ip/eMamba/MAMBA_2nd/Linear_expand_z1/matMult_20/Stage_B[4]/CLA_B File: /home/sanghun/RVX/rvx-tutorials/platform/tip_emamba_v1/user/rtl/src/matMult_20.sv Line: 86
# ** Warning: (vsim-3015) [PCDPC] - Port size (1) does not match connection size (32) for port 'carryIn'. The port definition is at: /home/sanghun/RVX/rvx-tutorials/platform/tip_emamba_v1/user/rtl/src/CLA_32.sv(26).
#    Time: 0 ps  Iteration: 0  Instance: /TIP_EMAMBA_V1_SIM/i_platform/my_emamba_ip/eMamba/MAMBA_2nd/Linear_expand_z1/matMult_20/Stage_B[4]/CLA_B File: /home/sanghun/RVX/rvx-tutorials/platform/tip_emamba_v1/user/rtl/src/matMult_20.sv Line: 86
# ** Warning: (vsim-3722) /home/sanghun/RVX/rvx-tutorials/platform/tip_emamba_v1/user/rtl/src/matMult_20.sv(86): [TFMPC] - Missing connection for port 'carryOut'.
# ** Warning: (vsim-2685) [TFMPC] - Too few port connections for 'CLA_C0'.  Expected 5, found 4.
#    Time: 0 ps  Iteration: 0  Instance: /TIP_EMAMBA_V1_SIM/i_platform/my_emamba_ip/eMamba/MAMBA_2nd/Linear_expand_z1/matMult_20/CLA_C0 File: /home/sanghun/RVX/rvx-tutorials/platform/tip_emamba_v1/user/rtl/src/matMult_20.sv Line: 97
# ** Warning: (vsim-3015) [PCDPC] - Port size (1) does not match connection size (32) for port 'carryIn'. The port definition is at: /home/sanghun/RVX/rvx-tutorials/platform/tip_emamba_v1/user/rtl/src/CLA_32.sv(26).
#    Time: 0 ps  Iteration: 0  Instance: /TIP_EMAMBA_V1_SIM/i_platform/my_emamba_ip/eMamba/MAMBA_2nd/Linear_expand_z1/matMult_20/CLA_C0 File: /home/sanghun/RVX/rvx-tutorials/platform/tip_emamba_v1/user/rtl/src/matMult_20.sv Line: 97
# ** Warning: (vsim-3722) /home/sanghun/RVX/rvx-tutorials/platform/tip_emamba_v1/user/rtl/src/matMult_20.sv(97): [TFMPC] - Missing connection for port 'carryOut'.
# ** Warning: (vsim-2685) [TFMPC] - Too few port connections for 'CLA_C1'.  Expected 5, found 4.
#    Time: 0 ps  Iteration: 0  Instance: /TIP_EMAMBA_V1_SIM/i_platform/my_emamba_ip/eMamba/MAMBA_2nd/Linear_expand_z1/matMult_20/CLA_C1 File: /home/sanghun/RVX/rvx-tutorials/platform/tip_emamba_v1/user/rtl/src/matMult_20.sv Line: 105
# ** Warning: (vsim-3015) [PCDPC] - Port size (1) does not match connection size (32) for port 'carryIn'. The port definition is at: /home/sanghun/RVX/rvx-tutorials/platform/tip_emamba_v1/user/rtl/src/CLA_32.sv(26).
#    Time: 0 ps  Iteration: 0  Instance: /TIP_EMAMBA_V1_SIM/i_platform/my_emamba_ip/eMamba/MAMBA_2nd/Linear_expand_z1/matMult_20/CLA_C1 File: /home/sanghun/RVX/rvx-tutorials/platform/tip_emamba_v1/user/rtl/src/matMult_20.sv Line: 105
# ** Warning: (vsim-3722) /home/sanghun/RVX/rvx-tutorials/platform/tip_emamba_v1/user/rtl/src/matMult_20.sv(105): [TFMPC] - Missing connection for port 'carryOut'.
# ** Warning: (vsim-2685) [TFMPC] - Too few port connections for 'CLA_C2'.  Expected 5, found 4.
#    Time: 0 ps  Iteration: 0  Instance: /TIP_EMAMBA_V1_SIM/i_platform/my_emamba_ip/eMamba/MAMBA_2nd/Linear_expand_z1/matMult_20/CLA_C2 File: /home/sanghun/RVX/rvx-tutorials/platform/tip_emamba_v1/user/rtl/src/matMult_20.sv Line: 113
# ** Warning: (vsim-3015) [PCDPC] - Port size (1) does not match connection size (32) for port 'carryIn'. The port definition is at: /home/sanghun/RVX/rvx-tutorials/platform/tip_emamba_v1/user/rtl/src/CLA_32.sv(26).
#    Time: 0 ps  Iteration: 0  Instance: /TIP_EMAMBA_V1_SIM/i_platform/my_emamba_ip/eMamba/MAMBA_2nd/Linear_expand_z1/matMult_20/CLA_C2 File: /home/sanghun/RVX/rvx-tutorials/platform/tip_emamba_v1/user/rtl/src/matMult_20.sv Line: 113
# ** Warning: (vsim-3722) /home/sanghun/RVX/rvx-tutorials/platform/tip_emamba_v1/user/rtl/src/matMult_20.sv(113): [TFMPC] - Missing connection for port 'carryOut'.
# ** Warning: (vsim-2685) [TFMPC] - Too few port connections for 'CLA_D'.  Expected 5, found 4.
#    Time: 0 ps  Iteration: 0  Instance: /TIP_EMAMBA_V1_SIM/i_platform/my_emamba_ip/eMamba/MAMBA_2nd/Linear_expand_z1/matMult_20/CLA_D File: /home/sanghun/RVX/rvx-tutorials/platform/tip_emamba_v1/user/rtl/src/matMult_20.sv Line: 122
# ** Warning: (vsim-3015) [PCDPC] - Port size (1) does not match connection size (32) for port 'carryIn'. The port definition is at: /home/sanghun/RVX/rvx-tutorials/platform/tip_emamba_v1/user/rtl/src/CLA_32.sv(26).
#    Time: 0 ps  Iteration: 0  Instance: /TIP_EMAMBA_V1_SIM/i_platform/my_emamba_ip/eMamba/MAMBA_2nd/Linear_expand_z1/matMult_20/CLA_D File: /home/sanghun/RVX/rvx-tutorials/platform/tip_emamba_v1/user/rtl/src/matMult_20.sv Line: 122
# ** Warning: (vsim-3722) /home/sanghun/RVX/rvx-tutorials/platform/tip_emamba_v1/user/rtl/src/matMult_20.sv(122): [TFMPC] - Missing connection for port 'carryOut'.
# ** Warning: (vsim-2685) [TFMPC] - Too few port connections for 'CLA_E'.  Expected 5, found 4.
#    Time: 0 ps  Iteration: 0  Instance: /TIP_EMAMBA_V1_SIM/i_platform/my_emamba_ip/eMamba/MAMBA_2nd/Linear_expand_z1/matMult_20/CLA_E File: /home/sanghun/RVX/rvx-tutorials/platform/tip_emamba_v1/user/rtl/src/matMult_20.sv Line: 131
# ** Warning: (vsim-3015) [PCDPC] - Port size (1) does not match connection size (32) for port 'carryIn'. The port definition is at: /home/sanghun/RVX/rvx-tutorials/platform/tip_emamba_v1/user/rtl/src/CLA_32.sv(26).
#    Time: 0 ps  Iteration: 0  Instance: /TIP_EMAMBA_V1_SIM/i_platform/my_emamba_ip/eMamba/MAMBA_2nd/Linear_expand_z1/matMult_20/CLA_E File: /home/sanghun/RVX/rvx-tutorials/platform/tip_emamba_v1/user/rtl/src/matMult_20.sv Line: 131
# ** Warning: (vsim-3722) /home/sanghun/RVX/rvx-tutorials/platform/tip_emamba_v1/user/rtl/src/matMult_20.sv(131): [TFMPC] - Missing connection for port 'carryOut'.
# ** Warning: (vsim-2685) [TFMPC] - Too few port connections for 'CLA_A'.  Expected 5, found 4.
#    Time: 0 ps  Iteration: 0  Instance: /TIP_EMAMBA_V1_SIM/i_platform/my_emamba_ip/eMamba/MAMBA_2nd/Convolution1D/matMult_40/Stage_A[0]/CLA_A File: /home/sanghun/RVX/rvx-tutorials/platform/tip_emamba_v1/user/rtl/src/matMult_40.sv Line: 91
# ** Warning: (vsim-3015) [PCDPC] - Port size (1) does not match connection size (32) for port 'carryIn'. The port definition is at: /home/sanghun/RVX/rvx-tutorials/platform/tip_emamba_v1/user/rtl/src/CLA_32.sv(26).
#    Time: 0 ps  Iteration: 0  Instance: /TIP_EMAMBA_V1_SIM/i_platform/my_emamba_ip/eMamba/MAMBA_2nd/Convolution1D/matMult_40/Stage_A[0]/CLA_A File: /home/sanghun/RVX/rvx-tutorials/platform/tip_emamba_v1/user/rtl/src/matMult_40.sv Line: 91
# ** Warning: (vsim-3722) /home/sanghun/RVX/rvx-tutorials/platform/tip_emamba_v1/user/rtl/src/matMult_40.sv(91): [TFMPC] - Missing connection for port 'carryOut'.
# ** Warning: (vsim-2685) [TFMPC] - Too few port connections for 'CLA_A'.  Expected 5, found 4.
#    Time: 0 ps  Iteration: 0  Instance: /TIP_EMAMBA_V1_SIM/i_platform/my_emamba_ip/eMamba/MAMBA_2nd/Convolution1D/matMult_40/Stage_A[1]/CLA_A File: /home/sanghun/RVX/rvx-tutorials/platform/tip_emamba_v1/user/rtl/src/matMult_40.sv Line: 91
# ** Warning: (vsim-3015) [PCDPC] - Port size (1) does not match connection size (32) for port 'carryIn'. The port definition is at: /home/sanghun/RVX/rvx-tutorials/platform/tip_emamba_v1/user/rtl/src/CLA_32.sv(26).
#    Time: 0 ps  Iteration: 0  Instance: /TIP_EMAMBA_V1_SIM/i_platform/my_emamba_ip/eMamba/MAMBA_2nd/Convolution1D/matMult_40/Stage_A[1]/CLA_A File: /home/sanghun/RVX/rvx-tutorials/platform/tip_emamba_v1/user/rtl/src/matMult_40.sv Line: 91
# ** Warning: (vsim-3722) /home/sanghun/RVX/rvx-tutorials/platform/tip_emamba_v1/user/rtl/src/matMult_40.sv(91): [TFMPC] - Missing connection for port 'carryOut'.
# ** Warning: (vsim-2685) [TFMPC] - Too few port connections for 'CLA_A'.  Expected 5, found 4.
#    Time: 0 ps  Iteration: 0  Instance: /TIP_EMAMBA_V1_SIM/i_platform/my_emamba_ip/eMamba/MAMBA_2nd/Convolution1D/matMult_40/Stage_A[2]/CLA_A File: /home/sanghun/RVX/rvx-tutorials/platform/tip_emamba_v1/user/rtl/src/matMult_40.sv Line: 91
# ** Warning: (vsim-3015) [PCDPC] - Port size (1) does not match connection size (32) for port 'carryIn'. The port definition is at: /home/sanghun/RVX/rvx-tutorials/platform/tip_emamba_v1/user/rtl/src/CLA_32.sv(26).
#    Time: 0 ps  Iteration: 0  Instance: /TIP_EMAMBA_V1_SIM/i_platform/my_emamba_ip/eMamba/MAMBA_2nd/Convolution1D/matMult_40/Stage_A[2]/CLA_A File: /home/sanghun/RVX/rvx-tutorials/platform/tip_emamba_v1/user/rtl/src/matMult_40.sv Line: 91
# ** Warning: (vsim-3722) /home/sanghun/RVX/rvx-tutorials/platform/tip_emamba_v1/user/rtl/src/matMult_40.sv(91): [TFMPC] - Missing connection for port 'carryOut'.
# ** Warning: (vsim-2685) [TFMPC] - Too few port connections for 'CLA_A'.  Expected 5, found 4.
#    Time: 0 ps  Iteration: 0  Instance: /TIP_EMAMBA_V1_SIM/i_platform/my_emamba_ip/eMamba/MAMBA_2nd/Convolution1D/matMult_40/Stage_A[3]/CLA_A File: /home/sanghun/RVX/rvx-tutorials/platform/tip_emamba_v1/user/rtl/src/matMult_40.sv Line: 91
# ** Warning: (vsim-3015) [PCDPC] - Port size (1) does not match connection size (32) for port 'carryIn'. The port definition is at: /home/sanghun/RVX/rvx-tutorials/platform/tip_emamba_v1/user/rtl/src/CLA_32.sv(26).
#    Time: 0 ps  Iteration: 0  Instance: /TIP_EMAMBA_V1_SIM/i_platform/my_emamba_ip/eMamba/MAMBA_2nd/Convolution1D/matMult_40/Stage_A[3]/CLA_A File: /home/sanghun/RVX/rvx-tutorials/platform/tip_emamba_v1/user/rtl/src/matMult_40.sv Line: 91
# ** Warning: (vsim-3722) /home/sanghun/RVX/rvx-tutorials/platform/tip_emamba_v1/user/rtl/src/matMult_40.sv(91): [TFMPC] - Missing connection for port 'carryOut'.
# ** Warning: (vsim-2685) [TFMPC] - Too few port connections for 'CLA_A'.  Expected 5, found 4.
#    Time: 0 ps  Iteration: 0  Instance: /TIP_EMAMBA_V1_SIM/i_platform/my_emamba_ip/eMamba/MAMBA_2nd/Convolution1D/matMult_40/Stage_A[4]/CLA_A File: /home/sanghun/RVX/rvx-tutorials/platform/tip_emamba_v1/user/rtl/src/matMult_40.sv Line: 91
# ** Warning: (vsim-3015) [PCDPC] - Port size (1) does not match connection size (32) for port 'carryIn'. The port definition is at: /home/sanghun/RVX/rvx-tutorials/platform/tip_emamba_v1/user/rtl/src/CLA_32.sv(26).
#    Time: 0 ps  Iteration: 0  Instance: /TIP_EMAMBA_V1_SIM/i_platform/my_emamba_ip/eMamba/MAMBA_2nd/Convolution1D/matMult_40/Stage_A[4]/CLA_A File: /home/sanghun/RVX/rvx-tutorials/platform/tip_emamba_v1/user/rtl/src/matMult_40.sv Line: 91
# ** Warning: (vsim-3722) /home/sanghun/RVX/rvx-tutorials/platform/tip_emamba_v1/user/rtl/src/matMult_40.sv(91): [TFMPC] - Missing connection for port 'carryOut'.
# ** Warning: (vsim-2685) [TFMPC] - Too few port connections for 'CLA_A'.  Expected 5, found 4.
#    Time: 0 ps  Iteration: 0  Instance: /TIP_EMAMBA_V1_SIM/i_platform/my_emamba_ip/eMamba/MAMBA_2nd/Convolution1D/matMult_40/Stage_A[5]/CLA_A File: /home/sanghun/RVX/rvx-tutorials/platform/tip_emamba_v1/user/rtl/src/matMult_40.sv Line: 91
# ** Warning: (vsim-3015) [PCDPC] - Port size (1) does not match connection size (32) for port 'carryIn'. The port definition is at: /home/sanghun/RVX/rvx-tutorials/platform/tip_emamba_v1/user/rtl/src/CLA_32.sv(26).
#    Time: 0 ps  Iteration: 0  Instance: /TIP_EMAMBA_V1_SIM/i_platform/my_emamba_ip/eMamba/MAMBA_2nd/Convolution1D/matMult_40/Stage_A[5]/CLA_A File: /home/sanghun/RVX/rvx-tutorials/platform/tip_emamba_v1/user/rtl/src/matMult_40.sv Line: 91
# ** Warning: (vsim-3722) /home/sanghun/RVX/rvx-tutorials/platform/tip_emamba_v1/user/rtl/src/matMult_40.sv(91): [TFMPC] - Missing connection for port 'carryOut'.
# ** Warning: (vsim-2685) [TFMPC] - Too few port connections for 'CLA_A'.  Expected 5, found 4.
#    Time: 0 ps  Iteration: 0  Instance: /TIP_EMAMBA_V1_SIM/i_platform/my_emamba_ip/eMamba/MAMBA_2nd/Convolution1D/matMult_40/Stage_A[6]/CLA_A File: /home/sanghun/RVX/rvx-tutorials/platform/tip_emamba_v1/user/rtl/src/matMult_40.sv Line: 91
# ** Warning: (vsim-3015) [PCDPC] - Port size (1) does not match connection size (32) for port 'carryIn'. The port definition is at: /home/sanghun/RVX/rvx-tutorials/platform/tip_emamba_v1/user/rtl/src/CLA_32.sv(26).
#    Time: 0 ps  Iteration: 0  Instance: /TIP_EMAMBA_V1_SIM/i_platform/my_emamba_ip/eMamba/MAMBA_2nd/Convolution1D/matMult_40/Stage_A[6]/CLA_A File: /home/sanghun/RVX/rvx-tutorials/platform/tip_emamba_v1/user/rtl/src/matMult_40.sv Line: 91
# ** Warning: (vsim-3722) /home/sanghun/RVX/rvx-tutorials/platform/tip_emamba_v1/user/rtl/src/matMult_40.sv(91): [TFMPC] - Missing connection for port 'carryOut'.
# ** Warning: (vsim-2685) [TFMPC] - Too few port connections for 'CLA_A'.  Expected 5, found 4.
#    Time: 0 ps  Iteration: 0  Instance: /TIP_EMAMBA_V1_SIM/i_platform/my_emamba_ip/eMamba/MAMBA_2nd/Convolution1D/matMult_40/Stage_A[7]/CLA_A File: /home/sanghun/RVX/rvx-tutorials/platform/tip_emamba_v1/user/rtl/src/matMult_40.sv Line: 91
# ** Warning: (vsim-3015) [PCDPC] - Port size (1) does not match connection size (32) for port 'carryIn'. The port definition is at: /home/sanghun/RVX/rvx-tutorials/platform/tip_emamba_v1/user/rtl/src/CLA_32.sv(26).
#    Time: 0 ps  Iteration: 0  Instance: /TIP_EMAMBA_V1_SIM/i_platform/my_emamba_ip/eMamba/MAMBA_2nd/Convolution1D/matMult_40/Stage_A[7]/CLA_A File: /home/sanghun/RVX/rvx-tutorials/platform/tip_emamba_v1/user/rtl/src/matMult_40.sv Line: 91
# ** Warning: (vsim-3722) /home/sanghun/RVX/rvx-tutorials/platform/tip_emamba_v1/user/rtl/src/matMult_40.sv(91): [TFMPC] - Missing connection for port 'carryOut'.
# ** Warning: (vsim-2685) [TFMPC] - Too few port connections for 'CLA_A'.  Expected 5, found 4.
#    Time: 0 ps  Iteration: 0  Instance: /TIP_EMAMBA_V1_SIM/i_platform/my_emamba_ip/eMamba/MAMBA_2nd/Convolution1D/matMult_40/Stage_A[8]/CLA_A File: /home/sanghun/RVX/rvx-tutorials/platform/tip_emamba_v1/user/rtl/src/matMult_40.sv Line: 91
# ** Warning: (vsim-3015) [PCDPC] - Port size (1) does not match connection size (32) for port 'carryIn'. The port definition is at: /home/sanghun/RVX/rvx-tutorials/platform/tip_emamba_v1/user/rtl/src/CLA_32.sv(26).
#    Time: 0 ps  Iteration: 0  Instance: /TIP_EMAMBA_V1_SIM/i_platform/my_emamba_ip/eMamba/MAMBA_2nd/Convolution1D/matMult_40/Stage_A[8]/CLA_A File: /home/sanghun/RVX/rvx-tutorials/platform/tip_emamba_v1/user/rtl/src/matMult_40.sv Line: 91
# ** Warning: (vsim-3722) /home/sanghun/RVX/rvx-tutorials/platform/tip_emamba_v1/user/rtl/src/matMult_40.sv(91): [TFMPC] - Missing connection for port 'carryOut'.
# ** Warning: (vsim-2685) [TFMPC] - Too few port connections for 'CLA_A'.  Expected 5, found 4.
#    Time: 0 ps  Iteration: 0  Instance: /TIP_EMAMBA_V1_SIM/i_platform/my_emamba_ip/eMamba/MAMBA_2nd/Convolution1D/matMult_40/Stage_A[9]/CLA_A File: /home/sanghun/RVX/rvx-tutorials/platform/tip_emamba_v1/user/rtl/src/matMult_40.sv Line: 91
# ** Warning: (vsim-3015) [PCDPC] - Port size (1) does not match connection size (32) for port 'carryIn'. The port definition is at: /home/sanghun/RVX/rvx-tutorials/platform/tip_emamba_v1/user/rtl/src/CLA_32.sv(26).
#    Time: 0 ps  Iteration: 0  Instance: /TIP_EMAMBA_V1_SIM/i_platform/my_emamba_ip/eMamba/MAMBA_2nd/Convolution1D/matMult_40/Stage_A[9]/CLA_A File: /home/sanghun/RVX/rvx-tutorials/platform/tip_emamba_v1/user/rtl/src/matMult_40.sv Line: 91
# ** Warning: (vsim-3722) /home/sanghun/RVX/rvx-tutorials/platform/tip_emamba_v1/user/rtl/src/matMult_40.sv(91): [TFMPC] - Missing connection for port 'carryOut'.
# ** Warning: (vsim-2685) [TFMPC] - Too few port connections for 'CLA_A'.  Expected 5, found 4.
#    Time: 0 ps  Iteration: 0  Instance: /TIP_EMAMBA_V1_SIM/i_platform/my_emamba_ip/eMamba/MAMBA_2nd/Convolution1D/matMult_40/Stage_A[10]/CLA_A File: /home/sanghun/RVX/rvx-tutorials/platform/tip_emamba_v1/user/rtl/src/matMult_40.sv Line: 91
# ** Warning: (vsim-3015) [PCDPC] - Port size (1) does not match connection size (32) for port 'carryIn'. The port definition is at: /home/sanghun/RVX/rvx-tutorials/platform/tip_emamba_v1/user/rtl/src/CLA_32.sv(26).
#    Time: 0 ps  Iteration: 0  Instance: /TIP_EMAMBA_V1_SIM/i_platform/my_emamba_ip/eMamba/MAMBA_2nd/Convolution1D/matMult_40/Stage_A[10]/CLA_A File: /home/sanghun/RVX/rvx-tutorials/platform/tip_emamba_v1/user/rtl/src/matMult_40.sv Line: 91
# ** Warning: (vsim-3722) /home/sanghun/RVX/rvx-tutorials/platform/tip_emamba_v1/user/rtl/src/matMult_40.sv(91): [TFMPC] - Missing connection for port 'carryOut'.
# ** Warning: (vsim-2685) [TFMPC] - Too few port connections for 'CLA_A'.  Expected 5, found 4.
#    Time: 0 ps  Iteration: 0  Instance: /TIP_EMAMBA_V1_SIM/i_platform/my_emamba_ip/eMamba/MAMBA_2nd/Convolution1D/matMult_40/Stage_A[11]/CLA_A File: /home/sanghun/RVX/rvx-tutorials/platform/tip_emamba_v1/user/rtl/src/matMult_40.sv Line: 91
# ** Warning: (vsim-3015) [PCDPC] - Port size (1) does not match connection size (32) for port 'carryIn'. The port definition is at: /home/sanghun/RVX/rvx-tutorials/platform/tip_emamba_v1/user/rtl/src/CLA_32.sv(26).
#    Time: 0 ps  Iteration: 0  Instance: /TIP_EMAMBA_V1_SIM/i_platform/my_emamba_ip/eMamba/MAMBA_2nd/Convolution1D/matMult_40/Stage_A[11]/CLA_A File: /home/sanghun/RVX/rvx-tutorials/platform/tip_emamba_v1/user/rtl/src/matMult_40.sv Line: 91
# ** Warning: (vsim-3722) /home/sanghun/RVX/rvx-tutorials/platform/tip_emamba_v1/user/rtl/src/matMult_40.sv(91): [TFMPC] - Missing connection for port 'carryOut'.
# ** Warning: (vsim-2685) [TFMPC] - Too few port connections for 'CLA_A'.  Expected 5, found 4.
#    Time: 0 ps  Iteration: 0  Instance: /TIP_EMAMBA_V1_SIM/i_platform/my_emamba_ip/eMamba/MAMBA_2nd/Convolution1D/matMult_40/Stage_A[12]/CLA_A File: /home/sanghun/RVX/rvx-tutorials/platform/tip_emamba_v1/user/rtl/src/matMult_40.sv Line: 91
# ** Warning: (vsim-3015) [PCDPC] - Port size (1) does not match connection size (32) for port 'carryIn'. The port definition is at: /home/sanghun/RVX/rvx-tutorials/platform/tip_emamba_v1/user/rtl/src/CLA_32.sv(26).
#    Time: 0 ps  Iteration: 0  Instance: /TIP_EMAMBA_V1_SIM/i_platform/my_emamba_ip/eMamba/MAMBA_2nd/Convolution1D/matMult_40/Stage_A[12]/CLA_A File: /home/sanghun/RVX/rvx-tutorials/platform/tip_emamba_v1/user/rtl/src/matMult_40.sv Line: 91
# ** Warning: (vsim-3722) /home/sanghun/RVX/rvx-tutorials/platform/tip_emamba_v1/user/rtl/src/matMult_40.sv(91): [TFMPC] - Missing connection for port 'carryOut'.
# ** Warning: (vsim-2685) [TFMPC] - Too few port connections for 'CLA_A'.  Expected 5, found 4.
#    Time: 0 ps  Iteration: 0  Instance: /TIP_EMAMBA_V1_SIM/i_platform/my_emamba_ip/eMamba/MAMBA_2nd/Convolution1D/matMult_40/Stage_A[13]/CLA_A File: /home/sanghun/RVX/rvx-tutorials/platform/tip_emamba_v1/user/rtl/src/matMult_40.sv Line: 91
# ** Warning: (vsim-3015) [PCDPC] - Port size (1) does not match connection size (32) for port 'carryIn'. The port definition is at: /home/sanghun/RVX/rvx-tutorials/platform/tip_emamba_v1/user/rtl/src/CLA_32.sv(26).
#    Time: 0 ps  Iteration: 0  Instance: /TIP_EMAMBA_V1_SIM/i_platform/my_emamba_ip/eMamba/MAMBA_2nd/Convolution1D/matMult_40/Stage_A[13]/CLA_A File: /home/sanghun/RVX/rvx-tutorials/platform/tip_emamba_v1/user/rtl/src/matMult_40.sv Line: 91
# ** Warning: (vsim-3722) /home/sanghun/RVX/rvx-tutorials/platform/tip_emamba_v1/user/rtl/src/matMult_40.sv(91): [TFMPC] - Missing connection for port 'carryOut'.
# ** Warning: (vsim-2685) [TFMPC] - Too few port connections for 'CLA_A'.  Expected 5, found 4.
#    Time: 0 ps  Iteration: 0  Instance: /TIP_EMAMBA_V1_SIM/i_platform/my_emamba_ip/eMamba/MAMBA_2nd/Convolution1D/matMult_40/Stage_A[14]/CLA_A File: /home/sanghun/RVX/rvx-tutorials/platform/tip_emamba_v1/user/rtl/src/matMult_40.sv Line: 91
# ** Warning: (vsim-3015) [PCDPC] - Port size (1) does not match connection size (32) for port 'carryIn'. The port definition is at: /home/sanghun/RVX/rvx-tutorials/platform/tip_emamba_v1/user/rtl/src/CLA_32.sv(26).
#    Time: 0 ps  Iteration: 0  Instance: /TIP_EMAMBA_V1_SIM/i_platform/my_emamba_ip/eMamba/MAMBA_2nd/Convolution1D/matMult_40/Stage_A[14]/CLA_A File: /home/sanghun/RVX/rvx-tutorials/platform/tip_emamba_v1/user/rtl/src/matMult_40.sv Line: 91
# ** Warning: (vsim-3722) /home/sanghun/RVX/rvx-tutorials/platform/tip_emamba_v1/user/rtl/src/matMult_40.sv(91): [TFMPC] - Missing connection for port 'carryOut'.
# ** Warning: (vsim-2685) [TFMPC] - Too few port connections for 'CLA_A'.  Expected 5, found 4.
#    Time: 0 ps  Iteration: 0  Instance: /TIP_EMAMBA_V1_SIM/i_platform/my_emamba_ip/eMamba/MAMBA_2nd/Convolution1D/matMult_40/Stage_A[15]/CLA_A File: /home/sanghun/RVX/rvx-tutorials/platform/tip_emamba_v1/user/rtl/src/matMult_40.sv Line: 91
# ** Warning: (vsim-3015) [PCDPC] - Port size (1) does not match connection size (32) for port 'carryIn'. The port definition is at: /home/sanghun/RVX/rvx-tutorials/platform/tip_emamba_v1/user/rtl/src/CLA_32.sv(26).
#    Time: 0 ps  Iteration: 0  Instance: /TIP_EMAMBA_V1_SIM/i_platform/my_emamba_ip/eMamba/MAMBA_2nd/Convolution1D/matMult_40/Stage_A[15]/CLA_A File: /home/sanghun/RVX/rvx-tutorials/platform/tip_emamba_v1/user/rtl/src/matMult_40.sv Line: 91
# ** Warning: (vsim-3722) /home/sanghun/RVX/rvx-tutorials/platform/tip_emamba_v1/user/rtl/src/matMult_40.sv(91): [TFMPC] - Missing connection for port 'carryOut'.
# ** Warning: (vsim-2685) [TFMPC] - Too few port connections for 'CLA_A'.  Expected 5, found 4.
#    Time: 0 ps  Iteration: 0  Instance: /TIP_EMAMBA_V1_SIM/i_platform/my_emamba_ip/eMamba/MAMBA_2nd/Convolution1D/matMult_40/Stage_A[16]/CLA_A File: /home/sanghun/RVX/rvx-tutorials/platform/tip_emamba_v1/user/rtl/src/matMult_40.sv Line: 91
# ** Warning: (vsim-3015) [PCDPC] - Port size (1) does not match connection size (32) for port 'carryIn'. The port definition is at: /home/sanghun/RVX/rvx-tutorials/platform/tip_emamba_v1/user/rtl/src/CLA_32.sv(26).
#    Time: 0 ps  Iteration: 0  Instance: /TIP_EMAMBA_V1_SIM/i_platform/my_emamba_ip/eMamba/MAMBA_2nd/Convolution1D/matMult_40/Stage_A[16]/CLA_A File: /home/sanghun/RVX/rvx-tutorials/platform/tip_emamba_v1/user/rtl/src/matMult_40.sv Line: 91
# ** Warning: (vsim-3722) /home/sanghun/RVX/rvx-tutorials/platform/tip_emamba_v1/user/rtl/src/matMult_40.sv(91): [TFMPC] - Missing connection for port 'carryOut'.
# ** Warning: (vsim-2685) [TFMPC] - Too few port connections for 'CLA_A'.  Expected 5, found 4.
#    Time: 0 ps  Iteration: 0  Instance: /TIP_EMAMBA_V1_SIM/i_platform/my_emamba_ip/eMamba/MAMBA_2nd/Convolution1D/matMult_40/Stage_A[17]/CLA_A File: /home/sanghun/RVX/rvx-tutorials/platform/tip_emamba_v1/user/rtl/src/matMult_40.sv Line: 91
# ** Warning: (vsim-3015) [PCDPC] - Port size (1) does not match connection size (32) for port 'carryIn'. The port definition is at: /home/sanghun/RVX/rvx-tutorials/platform/tip_emamba_v1/user/rtl/src/CLA_32.sv(26).
#    Time: 0 ps  Iteration: 0  Instance: /TIP_EMAMBA_V1_SIM/i_platform/my_emamba_ip/eMamba/MAMBA_2nd/Convolution1D/matMult_40/Stage_A[17]/CLA_A File: /home/sanghun/RVX/rvx-tutorials/platform/tip_emamba_v1/user/rtl/src/matMult_40.sv Line: 91
# ** Warning: (vsim-3722) /home/sanghun/RVX/rvx-tutorials/platform/tip_emamba_v1/user/rtl/src/matMult_40.sv(91): [TFMPC] - Missing connection for port 'carryOut'.
# ** Warning: (vsim-2685) [TFMPC] - Too few port connections for 'CLA_A'.  Expected 5, found 4.
#    Time: 0 ps  Iteration: 0  Instance: /TIP_EMAMBA_V1_SIM/i_platform/my_emamba_ip/eMamba/MAMBA_2nd/Convolution1D/matMult_40/Stage_A[18]/CLA_A File: /home/sanghun/RVX/rvx-tutorials/platform/tip_emamba_v1/user/rtl/src/matMult_40.sv Line: 91
# ** Warning: (vsim-3015) [PCDPC] - Port size (1) does not match connection size (32) for port 'carryIn'. The port definition is at: /home/sanghun/RVX/rvx-tutorials/platform/tip_emamba_v1/user/rtl/src/CLA_32.sv(26).
#    Time: 0 ps  Iteration: 0  Instance: /TIP_EMAMBA_V1_SIM/i_platform/my_emamba_ip/eMamba/MAMBA_2nd/Convolution1D/matMult_40/Stage_A[18]/CLA_A File: /home/sanghun/RVX/rvx-tutorials/platform/tip_emamba_v1/user/rtl/src/matMult_40.sv Line: 91
# ** Warning: (vsim-3722) /home/sanghun/RVX/rvx-tutorials/platform/tip_emamba_v1/user/rtl/src/matMult_40.sv(91): [TFMPC] - Missing connection for port 'carryOut'.
# ** Warning: (vsim-2685) [TFMPC] - Too few port connections for 'CLA_A'.  Expected 5, found 4.
#    Time: 0 ps  Iteration: 0  Instance: /TIP_EMAMBA_V1_SIM/i_platform/my_emamba_ip/eMamba/MAMBA_2nd/Convolution1D/matMult_40/Stage_A[19]/CLA_A File: /home/sanghun/RVX/rvx-tutorials/platform/tip_emamba_v1/user/rtl/src/matMult_40.sv Line: 91
# ** Warning: (vsim-3015) [PCDPC] - Port size (1) does not match connection size (32) for port 'carryIn'. The port definition is at: /home/sanghun/RVX/rvx-tutorials/platform/tip_emamba_v1/user/rtl/src/CLA_32.sv(26).
#    Time: 0 ps  Iteration: 0  Instance: /TIP_EMAMBA_V1_SIM/i_platform/my_emamba_ip/eMamba/MAMBA_2nd/Convolution1D/matMult_40/Stage_A[19]/CLA_A File: /home/sanghun/RVX/rvx-tutorials/platform/tip_emamba_v1/user/rtl/src/matMult_40.sv Line: 91
# ** Warning: (vsim-3722) /home/sanghun/RVX/rvx-tutorials/platform/tip_emamba_v1/user/rtl/src/matMult_40.sv(91): [TFMPC] - Missing connection for port 'carryOut'.
# ** Warning: (vsim-2685) [TFMPC] - Too few port connections for 'CLA_B'.  Expected 5, found 4.
#    Time: 0 ps  Iteration: 0  Instance: /TIP_EMAMBA_V1_SIM/i_platform/my_emamba_ip/eMamba/MAMBA_2nd/Convolution1D/matMult_40/Stage_B[0]/CLA_B File: /home/sanghun/RVX/rvx-tutorials/platform/tip_emamba_v1/user/rtl/src/matMult_40.sv Line: 101
# ** Warning: (vsim-3015) [PCDPC] - Port size (1) does not match connection size (32) for port 'carryIn'. The port definition is at: /home/sanghun/RVX/rvx-tutorials/platform/tip_emamba_v1/user/rtl/src/CLA_32.sv(26).
#    Time: 0 ps  Iteration: 0  Instance: /TIP_EMAMBA_V1_SIM/i_platform/my_emamba_ip/eMamba/MAMBA_2nd/Convolution1D/matMult_40/Stage_B[0]/CLA_B File: /home/sanghun/RVX/rvx-tutorials/platform/tip_emamba_v1/user/rtl/src/matMult_40.sv Line: 101
# ** Warning: (vsim-3722) /home/sanghun/RVX/rvx-tutorials/platform/tip_emamba_v1/user/rtl/src/matMult_40.sv(101): [TFMPC] - Missing connection for port 'carryOut'.
# ** Warning: (vsim-2685) [TFMPC] - Too few port connections for 'CLA_B'.  Expected 5, found 4.
#    Time: 0 ps  Iteration: 0  Instance: /TIP_EMAMBA_V1_SIM/i_platform/my_emamba_ip/eMamba/MAMBA_2nd/Convolution1D/matMult_40/Stage_B[1]/CLA_B File: /home/sanghun/RVX/rvx-tutorials/platform/tip_emamba_v1/user/rtl/src/matMult_40.sv Line: 101
# ** Warning: (vsim-3015) [PCDPC] - Port size (1) does not match connection size (32) for port 'carryIn'. The port definition is at: /home/sanghun/RVX/rvx-tutorials/platform/tip_emamba_v1/user/rtl/src/CLA_32.sv(26).
#    Time: 0 ps  Iteration: 0  Instance: /TIP_EMAMBA_V1_SIM/i_platform/my_emamba_ip/eMamba/MAMBA_2nd/Convolution1D/matMult_40/Stage_B[1]/CLA_B File: /home/sanghun/RVX/rvx-tutorials/platform/tip_emamba_v1/user/rtl/src/matMult_40.sv Line: 101
# ** Warning: (vsim-3722) /home/sanghun/RVX/rvx-tutorials/platform/tip_emamba_v1/user/rtl/src/matMult_40.sv(101): [TFMPC] - Missing connection for port 'carryOut'.
# ** Warning: (vsim-2685) [TFMPC] - Too few port connections for 'CLA_B'.  Expected 5, found 4.
#    Time: 0 ps  Iteration: 0  Instance: /TIP_EMAMBA_V1_SIM/i_platform/my_emamba_ip/eMamba/MAMBA_2nd/Convolution1D/matMult_40/Stage_B[2]/CLA_B File: /home/sanghun/RVX/rvx-tutorials/platform/tip_emamba_v1/user/rtl/src/matMult_40.sv Line: 101
# ** Warning: (vsim-3015) [PCDPC] - Port size (1) does not match connection size (32) for port 'carryIn'. The port definition is at: /home/sanghun/RVX/rvx-tutorials/platform/tip_emamba_v1/user/rtl/src/CLA_32.sv(26).
#    Time: 0 ps  Iteration: 0  Instance: /TIP_EMAMBA_V1_SIM/i_platform/my_emamba_ip/eMamba/MAMBA_2nd/Convolution1D/matMult_40/Stage_B[2]/CLA_B File: /home/sanghun/RVX/rvx-tutorials/platform/tip_emamba_v1/user/rtl/src/matMult_40.sv Line: 101
# ** Warning: (vsim-3722) /home/sanghun/RVX/rvx-tutorials/platform/tip_emamba_v1/user/rtl/src/matMult_40.sv(101): [TFMPC] - Missing connection for port 'carryOut'.
# ** Warning: (vsim-2685) [TFMPC] - Too few port connections for 'CLA_B'.  Expected 5, found 4.
#    Time: 0 ps  Iteration: 0  Instance: /TIP_EMAMBA_V1_SIM/i_platform/my_emamba_ip/eMamba/MAMBA_2nd/Convolution1D/matMult_40/Stage_B[3]/CLA_B File: /home/sanghun/RVX/rvx-tutorials/platform/tip_emamba_v1/user/rtl/src/matMult_40.sv Line: 101
# ** Warning: (vsim-3015) [PCDPC] - Port size (1) does not match connection size (32) for port 'carryIn'. The port definition is at: /home/sanghun/RVX/rvx-tutorials/platform/tip_emamba_v1/user/rtl/src/CLA_32.sv(26).
#    Time: 0 ps  Iteration: 0  Instance: /TIP_EMAMBA_V1_SIM/i_platform/my_emamba_ip/eMamba/MAMBA_2nd/Convolution1D/matMult_40/Stage_B[3]/CLA_B File: /home/sanghun/RVX/rvx-tutorials/platform/tip_emamba_v1/user/rtl/src/matMult_40.sv Line: 101
# ** Warning: (vsim-3722) /home/sanghun/RVX/rvx-tutorials/platform/tip_emamba_v1/user/rtl/src/matMult_40.sv(101): [TFMPC] - Missing connection for port 'carryOut'.
# ** Warning: (vsim-2685) [TFMPC] - Too few port connections for 'CLA_B'.  Expected 5, found 4.
#    Time: 0 ps  Iteration: 0  Instance: /TIP_EMAMBA_V1_SIM/i_platform/my_emamba_ip/eMamba/MAMBA_2nd/Convolution1D/matMult_40/Stage_B[4]/CLA_B File: /home/sanghun/RVX/rvx-tutorials/platform/tip_emamba_v1/user/rtl/src/matMult_40.sv Line: 101
# ** Warning: (vsim-3015) [PCDPC] - Port size (1) does not match connection size (32) for port 'carryIn'. The port definition is at: /home/sanghun/RVX/rvx-tutorials/platform/tip_emamba_v1/user/rtl/src/CLA_32.sv(26).
#    Time: 0 ps  Iteration: 0  Instance: /TIP_EMAMBA_V1_SIM/i_platform/my_emamba_ip/eMamba/MAMBA_2nd/Convolution1D/matMult_40/Stage_B[4]/CLA_B File: /home/sanghun/RVX/rvx-tutorials/platform/tip_emamba_v1/user/rtl/src/matMult_40.sv Line: 101
# ** Warning: (vsim-3722) /home/sanghun/RVX/rvx-tutorials/platform/tip_emamba_v1/user/rtl/src/matMult_40.sv(101): [TFMPC] - Missing connection for port 'carryOut'.
# ** Warning: (vsim-2685) [TFMPC] - Too few port connections for 'CLA_B'.  Expected 5, found 4.
#    Time: 0 ps  Iteration: 0  Instance: /TIP_EMAMBA_V1_SIM/i_platform/my_emamba_ip/eMamba/MAMBA_2nd/Convolution1D/matMult_40/Stage_B[5]/CLA_B File: /home/sanghun/RVX/rvx-tutorials/platform/tip_emamba_v1/user/rtl/src/matMult_40.sv Line: 101
# ** Warning: (vsim-3015) [PCDPC] - Port size (1) does not match connection size (32) for port 'carryIn'. The port definition is at: /home/sanghun/RVX/rvx-tutorials/platform/tip_emamba_v1/user/rtl/src/CLA_32.sv(26).
#    Time: 0 ps  Iteration: 0  Instance: /TIP_EMAMBA_V1_SIM/i_platform/my_emamba_ip/eMamba/MAMBA_2nd/Convolution1D/matMult_40/Stage_B[5]/CLA_B File: /home/sanghun/RVX/rvx-tutorials/platform/tip_emamba_v1/user/rtl/src/matMult_40.sv Line: 101
# ** Warning: (vsim-3722) /home/sanghun/RVX/rvx-tutorials/platform/tip_emamba_v1/user/rtl/src/matMult_40.sv(101): [TFMPC] - Missing connection for port 'carryOut'.
# ** Warning: (vsim-2685) [TFMPC] - Too few port connections for 'CLA_B'.  Expected 5, found 4.
#    Time: 0 ps  Iteration: 0  Instance: /TIP_EMAMBA_V1_SIM/i_platform/my_emamba_ip/eMamba/MAMBA_2nd/Convolution1D/matMult_40/Stage_B[6]/CLA_B File: /home/sanghun/RVX/rvx-tutorials/platform/tip_emamba_v1/user/rtl/src/matMult_40.sv Line: 101
# ** Warning: (vsim-3015) [PCDPC] - Port size (1) does not match connection size (32) for port 'carryIn'. The port definition is at: /home/sanghun/RVX/rvx-tutorials/platform/tip_emamba_v1/user/rtl/src/CLA_32.sv(26).
#    Time: 0 ps  Iteration: 0  Instance: /TIP_EMAMBA_V1_SIM/i_platform/my_emamba_ip/eMamba/MAMBA_2nd/Convolution1D/matMult_40/Stage_B[6]/CLA_B File: /home/sanghun/RVX/rvx-tutorials/platform/tip_emamba_v1/user/rtl/src/matMult_40.sv Line: 101
# ** Warning: (vsim-3722) /home/sanghun/RVX/rvx-tutorials/platform/tip_emamba_v1/user/rtl/src/matMult_40.sv(101): [TFMPC] - Missing connection for port 'carryOut'.
# ** Warning: (vsim-2685) [TFMPC] - Too few port connections for 'CLA_B'.  Expected 5, found 4.
#    Time: 0 ps  Iteration: 0  Instance: /TIP_EMAMBA_V1_SIM/i_platform/my_emamba_ip/eMamba/MAMBA_2nd/Convolution1D/matMult_40/Stage_B[7]/CLA_B File: /home/sanghun/RVX/rvx-tutorials/platform/tip_emamba_v1/user/rtl/src/matMult_40.sv Line: 101
# ** Warning: (vsim-3015) [PCDPC] - Port size (1) does not match connection size (32) for port 'carryIn'. The port definition is at: /home/sanghun/RVX/rvx-tutorials/platform/tip_emamba_v1/user/rtl/src/CLA_32.sv(26).
#    Time: 0 ps  Iteration: 0  Instance: /TIP_EMAMBA_V1_SIM/i_platform/my_emamba_ip/eMamba/MAMBA_2nd/Convolution1D/matMult_40/Stage_B[7]/CLA_B File: /home/sanghun/RVX/rvx-tutorials/platform/tip_emamba_v1/user/rtl/src/matMult_40.sv Line: 101
# ** Warning: (vsim-3722) /home/sanghun/RVX/rvx-tutorials/platform/tip_emamba_v1/user/rtl/src/matMult_40.sv(101): [TFMPC] - Missing connection for port 'carryOut'.
# ** Warning: (vsim-2685) [TFMPC] - Too few port connections for 'CLA_B'.  Expected 5, found 4.
#    Time: 0 ps  Iteration: 0  Instance: /TIP_EMAMBA_V1_SIM/i_platform/my_emamba_ip/eMamba/MAMBA_2nd/Convolution1D/matMult_40/Stage_B[8]/CLA_B File: /home/sanghun/RVX/rvx-tutorials/platform/tip_emamba_v1/user/rtl/src/matMult_40.sv Line: 101
# ** Warning: (vsim-3015) [PCDPC] - Port size (1) does not match connection size (32) for port 'carryIn'. The port definition is at: /home/sanghun/RVX/rvx-tutorials/platform/tip_emamba_v1/user/rtl/src/CLA_32.sv(26).
#    Time: 0 ps  Iteration: 0  Instance: /TIP_EMAMBA_V1_SIM/i_platform/my_emamba_ip/eMamba/MAMBA_2nd/Convolution1D/matMult_40/Stage_B[8]/CLA_B File: /home/sanghun/RVX/rvx-tutorials/platform/tip_emamba_v1/user/rtl/src/matMult_40.sv Line: 101
# ** Warning: (vsim-3722) /home/sanghun/RVX/rvx-tutorials/platform/tip_emamba_v1/user/rtl/src/matMult_40.sv(101): [TFMPC] - Missing connection for port 'carryOut'.
# ** Warning: (vsim-2685) [TFMPC] - Too few port connections for 'CLA_B'.  Expected 5, found 4.
#    Time: 0 ps  Iteration: 0  Instance: /TIP_EMAMBA_V1_SIM/i_platform/my_emamba_ip/eMamba/MAMBA_2nd/Convolution1D/matMult_40/Stage_B[9]/CLA_B File: /home/sanghun/RVX/rvx-tutorials/platform/tip_emamba_v1/user/rtl/src/matMult_40.sv Line: 101
# ** Warning: (vsim-3015) [PCDPC] - Port size (1) does not match connection size (32) for port 'carryIn'. The port definition is at: /home/sanghun/RVX/rvx-tutorials/platform/tip_emamba_v1/user/rtl/src/CLA_32.sv(26).
#    Time: 0 ps  Iteration: 0  Instance: /TIP_EMAMBA_V1_SIM/i_platform/my_emamba_ip/eMamba/MAMBA_2nd/Convolution1D/matMult_40/Stage_B[9]/CLA_B File: /home/sanghun/RVX/rvx-tutorials/platform/tip_emamba_v1/user/rtl/src/matMult_40.sv Line: 101
# ** Warning: (vsim-3722) /home/sanghun/RVX/rvx-tutorials/platform/tip_emamba_v1/user/rtl/src/matMult_40.sv(101): [TFMPC] - Missing connection for port 'carryOut'.
# ** Warning: (vsim-2685) [TFMPC] - Too few port connections for 'CLA_C'.  Expected 5, found 4.
#    Time: 0 ps  Iteration: 0  Instance: /TIP_EMAMBA_V1_SIM/i_platform/my_emamba_ip/eMamba/MAMBA_2nd/Convolution1D/matMult_40/Stage_C[0]/CLA_C File: /home/sanghun/RVX/rvx-tutorials/platform/tip_emamba_v1/user/rtl/src/matMult_40.sv Line: 111
# ** Warning: (vsim-3015) [PCDPC] - Port size (1) does not match connection size (32) for port 'carryIn'. The port definition is at: /home/sanghun/RVX/rvx-tutorials/platform/tip_emamba_v1/user/rtl/src/CLA_32.sv(26).
#    Time: 0 ps  Iteration: 0  Instance: /TIP_EMAMBA_V1_SIM/i_platform/my_emamba_ip/eMamba/MAMBA_2nd/Convolution1D/matMult_40/Stage_C[0]/CLA_C File: /home/sanghun/RVX/rvx-tutorials/platform/tip_emamba_v1/user/rtl/src/matMult_40.sv Line: 111
# ** Warning: (vsim-3722) /home/sanghun/RVX/rvx-tutorials/platform/tip_emamba_v1/user/rtl/src/matMult_40.sv(111): [TFMPC] - Missing connection for port 'carryOut'.
# ** Warning: (vsim-2685) [TFMPC] - Too few port connections for 'CLA_C'.  Expected 5, found 4.
#    Time: 0 ps  Iteration: 0  Instance: /TIP_EMAMBA_V1_SIM/i_platform/my_emamba_ip/eMamba/MAMBA_2nd/Convolution1D/matMult_40/Stage_C[1]/CLA_C File: /home/sanghun/RVX/rvx-tutorials/platform/tip_emamba_v1/user/rtl/src/matMult_40.sv Line: 111
# ** Warning: (vsim-3015) [PCDPC] - Port size (1) does not match connection size (32) for port 'carryIn'. The port definition is at: /home/sanghun/RVX/rvx-tutorials/platform/tip_emamba_v1/user/rtl/src/CLA_32.sv(26).
#    Time: 0 ps  Iteration: 0  Instance: /TIP_EMAMBA_V1_SIM/i_platform/my_emamba_ip/eMamba/MAMBA_2nd/Convolution1D/matMult_40/Stage_C[1]/CLA_C File: /home/sanghun/RVX/rvx-tutorials/platform/tip_emamba_v1/user/rtl/src/matMult_40.sv Line: 111
# ** Warning: (vsim-3722) /home/sanghun/RVX/rvx-tutorials/platform/tip_emamba_v1/user/rtl/src/matMult_40.sv(111): [TFMPC] - Missing connection for port 'carryOut'.
# ** Warning: (vsim-2685) [TFMPC] - Too few port connections for 'CLA_C'.  Expected 5, found 4.
#    Time: 0 ps  Iteration: 0  Instance: /TIP_EMAMBA_V1_SIM/i_platform/my_emamba_ip/eMamba/MAMBA_2nd/Convolution1D/matMult_40/Stage_C[2]/CLA_C File: /home/sanghun/RVX/rvx-tutorials/platform/tip_emamba_v1/user/rtl/src/matMult_40.sv Line: 111
# ** Warning: (vsim-3015) [PCDPC] - Port size (1) does not match connection size (32) for port 'carryIn'. The port definition is at: /home/sanghun/RVX/rvx-tutorials/platform/tip_emamba_v1/user/rtl/src/CLA_32.sv(26).
#    Time: 0 ps  Iteration: 0  Instance: /TIP_EMAMBA_V1_SIM/i_platform/my_emamba_ip/eMamba/MAMBA_2nd/Convolution1D/matMult_40/Stage_C[2]/CLA_C File: /home/sanghun/RVX/rvx-tutorials/platform/tip_emamba_v1/user/rtl/src/matMult_40.sv Line: 111
# ** Warning: (vsim-3722) /home/sanghun/RVX/rvx-tutorials/platform/tip_emamba_v1/user/rtl/src/matMult_40.sv(111): [TFMPC] - Missing connection for port 'carryOut'.
# ** Warning: (vsim-2685) [TFMPC] - Too few port connections for 'CLA_C'.  Expected 5, found 4.
#    Time: 0 ps  Iteration: 0  Instance: /TIP_EMAMBA_V1_SIM/i_platform/my_emamba_ip/eMamba/MAMBA_2nd/Convolution1D/matMult_40/Stage_C[3]/CLA_C File: /home/sanghun/RVX/rvx-tutorials/platform/tip_emamba_v1/user/rtl/src/matMult_40.sv Line: 111
# ** Warning: (vsim-3015) [PCDPC] - Port size (1) does not match connection size (32) for port 'carryIn'. The port definition is at: /home/sanghun/RVX/rvx-tutorials/platform/tip_emamba_v1/user/rtl/src/CLA_32.sv(26).
#    Time: 0 ps  Iteration: 0  Instance: /TIP_EMAMBA_V1_SIM/i_platform/my_emamba_ip/eMamba/MAMBA_2nd/Convolution1D/matMult_40/Stage_C[3]/CLA_C File: /home/sanghun/RVX/rvx-tutorials/platform/tip_emamba_v1/user/rtl/src/matMult_40.sv Line: 111
# ** Warning: (vsim-3722) /home/sanghun/RVX/rvx-tutorials/platform/tip_emamba_v1/user/rtl/src/matMult_40.sv(111): [TFMPC] - Missing connection for port 'carryOut'.
# ** Warning: (vsim-2685) [TFMPC] - Too few port connections for 'CLA_C'.  Expected 5, found 4.
#    Time: 0 ps  Iteration: 0  Instance: /TIP_EMAMBA_V1_SIM/i_platform/my_emamba_ip/eMamba/MAMBA_2nd/Convolution1D/matMult_40/Stage_C[4]/CLA_C File: /home/sanghun/RVX/rvx-tutorials/platform/tip_emamba_v1/user/rtl/src/matMult_40.sv Line: 111
# ** Warning: (vsim-3015) [PCDPC] - Port size (1) does not match connection size (32) for port 'carryIn'. The port definition is at: /home/sanghun/RVX/rvx-tutorials/platform/tip_emamba_v1/user/rtl/src/CLA_32.sv(26).
#    Time: 0 ps  Iteration: 0  Instance: /TIP_EMAMBA_V1_SIM/i_platform/my_emamba_ip/eMamba/MAMBA_2nd/Convolution1D/matMult_40/Stage_C[4]/CLA_C File: /home/sanghun/RVX/rvx-tutorials/platform/tip_emamba_v1/user/rtl/src/matMult_40.sv Line: 111
# ** Warning: (vsim-3722) /home/sanghun/RVX/rvx-tutorials/platform/tip_emamba_v1/user/rtl/src/matMult_40.sv(111): [TFMPC] - Missing connection for port 'carryOut'.
# ** Warning: (vsim-2685) [TFMPC] - Too few port connections for 'CLA_D0'.  Expected 5, found 4.
#    Time: 0 ps  Iteration: 0  Instance: /TIP_EMAMBA_V1_SIM/i_platform/my_emamba_ip/eMamba/MAMBA_2nd/Convolution1D/matMult_40/CLA_D0 File: /home/sanghun/RVX/rvx-tutorials/platform/tip_emamba_v1/user/rtl/src/matMult_40.sv Line: 122
# ** Warning: (vsim-3015) [PCDPC] - Port size (1) does not match connection size (32) for port 'carryIn'. The port definition is at: /home/sanghun/RVX/rvx-tutorials/platform/tip_emamba_v1/user/rtl/src/CLA_32.sv(26).
#    Time: 0 ps  Iteration: 0  Instance: /TIP_EMAMBA_V1_SIM/i_platform/my_emamba_ip/eMamba/MAMBA_2nd/Convolution1D/matMult_40/CLA_D0 File: /home/sanghun/RVX/rvx-tutorials/platform/tip_emamba_v1/user/rtl/src/matMult_40.sv Line: 122
# ** Warning: (vsim-3722) /home/sanghun/RVX/rvx-tutorials/platform/tip_emamba_v1/user/rtl/src/matMult_40.sv(122): [TFMPC] - Missing connection for port 'carryOut'.
# ** Warning: (vsim-2685) [TFMPC] - Too few port connections for 'CLA_D1'.  Expected 5, found 4.
#    Time: 0 ps  Iteration: 0  Instance: /TIP_EMAMBA_V1_SIM/i_platform/my_emamba_ip/eMamba/MAMBA_2nd/Convolution1D/matMult_40/CLA_D1 File: /home/sanghun/RVX/rvx-tutorials/platform/tip_emamba_v1/user/rtl/src/matMult_40.sv Line: 130
# ** Warning: (vsim-3015) [PCDPC] - Port size (1) does not match connection size (32) for port 'carryIn'. The port definition is at: /home/sanghun/RVX/rvx-tutorials/platform/tip_emamba_v1/user/rtl/src/CLA_32.sv(26).
#    Time: 0 ps  Iteration: 0  Instance: /TIP_EMAMBA_V1_SIM/i_platform/my_emamba_ip/eMamba/MAMBA_2nd/Convolution1D/matMult_40/CLA_D1 File: /home/sanghun/RVX/rvx-tutorials/platform/tip_emamba_v1/user/rtl/src/matMult_40.sv Line: 130
# ** Warning: (vsim-3722) /home/sanghun/RVX/rvx-tutorials/platform/tip_emamba_v1/user/rtl/src/matMult_40.sv(130): [TFMPC] - Missing connection for port 'carryOut'.
# ** Warning: (vsim-2685) [TFMPC] - Too few port connections for 'CLA_D2'.  Expected 5, found 4.
#    Time: 0 ps  Iteration: 0  Instance: /TIP_EMAMBA_V1_SIM/i_platform/my_emamba_ip/eMamba/MAMBA_2nd/Convolution1D/matMult_40/CLA_D2 File: /home/sanghun/RVX/rvx-tutorials/platform/tip_emamba_v1/user/rtl/src/matMult_40.sv Line: 138
# ** Warning: (vsim-3015) [PCDPC] - Port size (1) does not match connection size (32) for port 'carryIn'. The port definition is at: /home/sanghun/RVX/rvx-tutorials/platform/tip_emamba_v1/user/rtl/src/CLA_32.sv(26).
#    Time: 0 ps  Iteration: 0  Instance: /TIP_EMAMBA_V1_SIM/i_platform/my_emamba_ip/eMamba/MAMBA_2nd/Convolution1D/matMult_40/CLA_D2 File: /home/sanghun/RVX/rvx-tutorials/platform/tip_emamba_v1/user/rtl/src/matMult_40.sv Line: 138
# ** Warning: (vsim-3722) /home/sanghun/RVX/rvx-tutorials/platform/tip_emamba_v1/user/rtl/src/matMult_40.sv(138): [TFMPC] - Missing connection for port 'carryOut'.
# ** Warning: (vsim-2685) [TFMPC] - Too few port connections for 'CLA_E'.  Expected 5, found 4.
#    Time: 0 ps  Iteration: 0  Instance: /TIP_EMAMBA_V1_SIM/i_platform/my_emamba_ip/eMamba/MAMBA_2nd/Convolution1D/matMult_40/CLA_E File: /home/sanghun/RVX/rvx-tutorials/platform/tip_emamba_v1/user/rtl/src/matMult_40.sv Line: 147
# ** Warning: (vsim-3015) [PCDPC] - Port size (1) does not match connection size (32) for port 'carryIn'. The port definition is at: /home/sanghun/RVX/rvx-tutorials/platform/tip_emamba_v1/user/rtl/src/CLA_32.sv(26).
#    Time: 0 ps  Iteration: 0  Instance: /TIP_EMAMBA_V1_SIM/i_platform/my_emamba_ip/eMamba/MAMBA_2nd/Convolution1D/matMult_40/CLA_E File: /home/sanghun/RVX/rvx-tutorials/platform/tip_emamba_v1/user/rtl/src/matMult_40.sv Line: 147
# ** Warning: (vsim-3722) /home/sanghun/RVX/rvx-tutorials/platform/tip_emamba_v1/user/rtl/src/matMult_40.sv(147): [TFMPC] - Missing connection for port 'carryOut'.
# ** Warning: (vsim-2685) [TFMPC] - Too few port connections for 'CLA_F'.  Expected 5, found 4.
#    Time: 0 ps  Iteration: 0  Instance: /TIP_EMAMBA_V1_SIM/i_platform/my_emamba_ip/eMamba/MAMBA_2nd/Convolution1D/matMult_40/CLA_F File: /home/sanghun/RVX/rvx-tutorials/platform/tip_emamba_v1/user/rtl/src/matMult_40.sv Line: 156
# ** Warning: (vsim-3015) [PCDPC] - Port size (1) does not match connection size (32) for port 'carryIn'. The port definition is at: /home/sanghun/RVX/rvx-tutorials/platform/tip_emamba_v1/user/rtl/src/CLA_32.sv(26).
#    Time: 0 ps  Iteration: 0  Instance: /TIP_EMAMBA_V1_SIM/i_platform/my_emamba_ip/eMamba/MAMBA_2nd/Convolution1D/matMult_40/CLA_F File: /home/sanghun/RVX/rvx-tutorials/platform/tip_emamba_v1/user/rtl/src/matMult_40.sv Line: 156
# ** Warning: (vsim-3722) /home/sanghun/RVX/rvx-tutorials/platform/tip_emamba_v1/user/rtl/src/matMult_40.sv(156): [TFMPC] - Missing connection for port 'carryOut'.
# ** Warning: (vsim-2685) [TFMPC] - Too few port connections for 'CLA_A'.  Expected 5, found 4.
#    Time: 0 ps  Iteration: 0  Instance: /TIP_EMAMBA_V1_SIM/i_platform/my_emamba_ip/eMamba/MAMBA_2nd/SSM/SSM_Preprocess/Linear_expand_dBC_delta/matMult_40_wo_bias/Stage_A[0]/CLA_A File: /home/sanghun/RVX/rvx-tutorials/platform/tip_emamba_v1/user/rtl/src/matMult_40_wo_bias.sv Line: 59
# ** Warning: (vsim-3015) [PCDPC] - Port size (1) does not match connection size (32) for port 'carryIn'. The port definition is at: /home/sanghun/RVX/rvx-tutorials/platform/tip_emamba_v1/user/rtl/src/CLA_32.sv(26).
#    Time: 0 ps  Iteration: 0  Instance: /TIP_EMAMBA_V1_SIM/i_platform/my_emamba_ip/eMamba/MAMBA_2nd/SSM/SSM_Preprocess/Linear_expand_dBC_delta/matMult_40_wo_bias/Stage_A[0]/CLA_A File: /home/sanghun/RVX/rvx-tutorials/platform/tip_emamba_v1/user/rtl/src/matMult_40_wo_bias.sv Line: 59
# ** Warning: (vsim-3722) /home/sanghun/RVX/rvx-tutorials/platform/tip_emamba_v1/user/rtl/src/matMult_40_wo_bias.sv(59): [TFMPC] - Missing connection for port 'carryOut'.
# ** Warning: (vsim-2685) [TFMPC] - Too few port connections for 'CLA_A'.  Expected 5, found 4.
#    Time: 0 ps  Iteration: 0  Instance: /TIP_EMAMBA_V1_SIM/i_platform/my_emamba_ip/eMamba/MAMBA_2nd/SSM/SSM_Preprocess/Linear_expand_dBC_delta/matMult_40_wo_bias/Stage_A[1]/CLA_A File: /home/sanghun/RVX/rvx-tutorials/platform/tip_emamba_v1/user/rtl/src/matMult_40_wo_bias.sv Line: 59
# ** Warning: (vsim-3015) [PCDPC] - Port size (1) does not match connection size (32) for port 'carryIn'. The port definition is at: /home/sanghun/RVX/rvx-tutorials/platform/tip_emamba_v1/user/rtl/src/CLA_32.sv(26).
#    Time: 0 ps  Iteration: 0  Instance: /TIP_EMAMBA_V1_SIM/i_platform/my_emamba_ip/eMamba/MAMBA_2nd/SSM/SSM_Preprocess/Linear_expand_dBC_delta/matMult_40_wo_bias/Stage_A[1]/CLA_A File: /home/sanghun/RVX/rvx-tutorials/platform/tip_emamba_v1/user/rtl/src/matMult_40_wo_bias.sv Line: 59
# ** Warning: (vsim-3722) /home/sanghun/RVX/rvx-tutorials/platform/tip_emamba_v1/user/rtl/src/matMult_40_wo_bias.sv(59): [TFMPC] - Missing connection for port 'carryOut'.
# ** Warning: (vsim-2685) [TFMPC] - Too few port connections for 'CLA_A'.  Expected 5, found 4.
#    Time: 0 ps  Iteration: 0  Instance: /TIP_EMAMBA_V1_SIM/i_platform/my_emamba_ip/eMamba/MAMBA_2nd/SSM/SSM_Preprocess/Linear_expand_dBC_delta/matMult_40_wo_bias/Stage_A[2]/CLA_A File: /home/sanghun/RVX/rvx-tutorials/platform/tip_emamba_v1/user/rtl/src/matMult_40_wo_bias.sv Line: 59
# ** Warning: (vsim-3015) [PCDPC] - Port size (1) does not match connection size (32) for port 'carryIn'. The port definition is at: /home/sanghun/RVX/rvx-tutorials/platform/tip_emamba_v1/user/rtl/src/CLA_32.sv(26).
#    Time: 0 ps  Iteration: 0  Instance: /TIP_EMAMBA_V1_SIM/i_platform/my_emamba_ip/eMamba/MAMBA_2nd/SSM/SSM_Preprocess/Linear_expand_dBC_delta/matMult_40_wo_bias/Stage_A[2]/CLA_A File: /home/sanghun/RVX/rvx-tutorials/platform/tip_emamba_v1/user/rtl/src/matMult_40_wo_bias.sv Line: 59
# ** Warning: (vsim-3722) /home/sanghun/RVX/rvx-tutorials/platform/tip_emamba_v1/user/rtl/src/matMult_40_wo_bias.sv(59): [TFMPC] - Missing connection for port 'carryOut'.
# ** Warning: (vsim-2685) [TFMPC] - Too few port connections for 'CLA_A'.  Expected 5, found 4.
#    Time: 0 ps  Iteration: 0  Instance: /TIP_EMAMBA_V1_SIM/i_platform/my_emamba_ip/eMamba/MAMBA_2nd/SSM/SSM_Preprocess/Linear_expand_dBC_delta/matMult_40_wo_bias/Stage_A[3]/CLA_A File: /home/sanghun/RVX/rvx-tutorials/platform/tip_emamba_v1/user/rtl/src/matMult_40_wo_bias.sv Line: 59
# ** Warning: (vsim-3015) [PCDPC] - Port size (1) does not match connection size (32) for port 'carryIn'. The port definition is at: /home/sanghun/RVX/rvx-tutorials/platform/tip_emamba_v1/user/rtl/src/CLA_32.sv(26).
#    Time: 0 ps  Iteration: 0  Instance: /TIP_EMAMBA_V1_SIM/i_platform/my_emamba_ip/eMamba/MAMBA_2nd/SSM/SSM_Preprocess/Linear_expand_dBC_delta/matMult_40_wo_bias/Stage_A[3]/CLA_A File: /home/sanghun/RVX/rvx-tutorials/platform/tip_emamba_v1/user/rtl/src/matMult_40_wo_bias.sv Line: 59
# ** Warning: (vsim-3722) /home/sanghun/RVX/rvx-tutorials/platform/tip_emamba_v1/user/rtl/src/matMult_40_wo_bias.sv(59): [TFMPC] - Missing connection for port 'carryOut'.
# ** Warning: (vsim-2685) [TFMPC] - Too few port connections for 'CLA_A'.  Expected 5, found 4.
#    Time: 0 ps  Iteration: 0  Instance: /TIP_EMAMBA_V1_SIM/i_platform/my_emamba_ip/eMamba/MAMBA_2nd/SSM/SSM_Preprocess/Linear_expand_dBC_delta/matMult_40_wo_bias/Stage_A[4]/CLA_A File: /home/sanghun/RVX/rvx-tutorials/platform/tip_emamba_v1/user/rtl/src/matMult_40_wo_bias.sv Line: 59
# ** Warning: (vsim-3015) [PCDPC] - Port size (1) does not match connection size (32) for port 'carryIn'. The port definition is at: /home/sanghun/RVX/rvx-tutorials/platform/tip_emamba_v1/user/rtl/src/CLA_32.sv(26).
#    Time: 0 ps  Iteration: 0  Instance: /TIP_EMAMBA_V1_SIM/i_platform/my_emamba_ip/eMamba/MAMBA_2nd/SSM/SSM_Preprocess/Linear_expand_dBC_delta/matMult_40_wo_bias/Stage_A[4]/CLA_A File: /home/sanghun/RVX/rvx-tutorials/platform/tip_emamba_v1/user/rtl/src/matMult_40_wo_bias.sv Line: 59
# ** Warning: (vsim-3722) /home/sanghun/RVX/rvx-tutorials/platform/tip_emamba_v1/user/rtl/src/matMult_40_wo_bias.sv(59): [TFMPC] - Missing connection for port 'carryOut'.
# ** Warning: (vsim-2685) [TFMPC] - Too few port connections for 'CLA_A'.  Expected 5, found 4.
#    Time: 0 ps  Iteration: 0  Instance: /TIP_EMAMBA_V1_SIM/i_platform/my_emamba_ip/eMamba/MAMBA_2nd/SSM/SSM_Preprocess/Linear_expand_dBC_delta/matMult_40_wo_bias/Stage_A[5]/CLA_A File: /home/sanghun/RVX/rvx-tutorials/platform/tip_emamba_v1/user/rtl/src/matMult_40_wo_bias.sv Line: 59
# ** Warning: (vsim-3015) [PCDPC] - Port size (1) does not match connection size (32) for port 'carryIn'. The port definition is at: /home/sanghun/RVX/rvx-tutorials/platform/tip_emamba_v1/user/rtl/src/CLA_32.sv(26).
#    Time: 0 ps  Iteration: 0  Instance: /TIP_EMAMBA_V1_SIM/i_platform/my_emamba_ip/eMamba/MAMBA_2nd/SSM/SSM_Preprocess/Linear_expand_dBC_delta/matMult_40_wo_bias/Stage_A[5]/CLA_A File: /home/sanghun/RVX/rvx-tutorials/platform/tip_emamba_v1/user/rtl/src/matMult_40_wo_bias.sv Line: 59
# ** Warning: (vsim-3722) /home/sanghun/RVX/rvx-tutorials/platform/tip_emamba_v1/user/rtl/src/matMult_40_wo_bias.sv(59): [TFMPC] - Missing connection for port 'carryOut'.
# ** Warning: (vsim-2685) [TFMPC] - Too few port connections for 'CLA_A'.  Expected 5, found 4.
#    Time: 0 ps  Iteration: 0  Instance: /TIP_EMAMBA_V1_SIM/i_platform/my_emamba_ip/eMamba/MAMBA_2nd/SSM/SSM_Preprocess/Linear_expand_dBC_delta/matMult_40_wo_bias/Stage_A[6]/CLA_A File: /home/sanghun/RVX/rvx-tutorials/platform/tip_emamba_v1/user/rtl/src/matMult_40_wo_bias.sv Line: 59
# ** Warning: (vsim-3015) [PCDPC] - Port size (1) does not match connection size (32) for port 'carryIn'. The port definition is at: /home/sanghun/RVX/rvx-tutorials/platform/tip_emamba_v1/user/rtl/src/CLA_32.sv(26).
#    Time: 0 ps  Iteration: 0  Instance: /TIP_EMAMBA_V1_SIM/i_platform/my_emamba_ip/eMamba/MAMBA_2nd/SSM/SSM_Preprocess/Linear_expand_dBC_delta/matMult_40_wo_bias/Stage_A[6]/CLA_A File: /home/sanghun/RVX/rvx-tutorials/platform/tip_emamba_v1/user/rtl/src/matMult_40_wo_bias.sv Line: 59
# ** Warning: (vsim-3722) /home/sanghun/RVX/rvx-tutorials/platform/tip_emamba_v1/user/rtl/src/matMult_40_wo_bias.sv(59): [TFMPC] - Missing connection for port 'carryOut'.
# ** Warning: (vsim-2685) [TFMPC] - Too few port connections for 'CLA_A'.  Expected 5, found 4.
#    Time: 0 ps  Iteration: 0  Instance: /TIP_EMAMBA_V1_SIM/i_platform/my_emamba_ip/eMamba/MAMBA_2nd/SSM/SSM_Preprocess/Linear_expand_dBC_delta/matMult_40_wo_bias/Stage_A[7]/CLA_A File: /home/sanghun/RVX/rvx-tutorials/platform/tip_emamba_v1/user/rtl/src/matMult_40_wo_bias.sv Line: 59
# ** Warning: (vsim-3015) [PCDPC] - Port size (1) does not match connection size (32) for port 'carryIn'. The port definition is at: /home/sanghun/RVX/rvx-tutorials/platform/tip_emamba_v1/user/rtl/src/CLA_32.sv(26).
#    Time: 0 ps  Iteration: 0  Instance: /TIP_EMAMBA_V1_SIM/i_platform/my_emamba_ip/eMamba/MAMBA_2nd/SSM/SSM_Preprocess/Linear_expand_dBC_delta/matMult_40_wo_bias/Stage_A[7]/CLA_A File: /home/sanghun/RVX/rvx-tutorials/platform/tip_emamba_v1/user/rtl/src/matMult_40_wo_bias.sv Line: 59
# ** Warning: (vsim-3722) /home/sanghun/RVX/rvx-tutorials/platform/tip_emamba_v1/user/rtl/src/matMult_40_wo_bias.sv(59): [TFMPC] - Missing connection for port 'carryOut'.
# ** Warning: (vsim-2685) [TFMPC] - Too few port connections for 'CLA_A'.  Expected 5, found 4.
#    Time: 0 ps  Iteration: 0  Instance: /TIP_EMAMBA_V1_SIM/i_platform/my_emamba_ip/eMamba/MAMBA_2nd/SSM/SSM_Preprocess/Linear_expand_dBC_delta/matMult_40_wo_bias/Stage_A[8]/CLA_A File: /home/sanghun/RVX/rvx-tutorials/platform/tip_emamba_v1/user/rtl/src/matMult_40_wo_bias.sv Line: 59
# ** Warning: (vsim-3015) [PCDPC] - Port size (1) does not match connection size (32) for port 'carryIn'. The port definition is at: /home/sanghun/RVX/rvx-tutorials/platform/tip_emamba_v1/user/rtl/src/CLA_32.sv(26).
#    Time: 0 ps  Iteration: 0  Instance: /TIP_EMAMBA_V1_SIM/i_platform/my_emamba_ip/eMamba/MAMBA_2nd/SSM/SSM_Preprocess/Linear_expand_dBC_delta/matMult_40_wo_bias/Stage_A[8]/CLA_A File: /home/sanghun/RVX/rvx-tutorials/platform/tip_emamba_v1/user/rtl/src/matMult_40_wo_bias.sv Line: 59
# ** Warning: (vsim-3722) /home/sanghun/RVX/rvx-tutorials/platform/tip_emamba_v1/user/rtl/src/matMult_40_wo_bias.sv(59): [TFMPC] - Missing connection for port 'carryOut'.
# ** Warning: (vsim-2685) [TFMPC] - Too few port connections for 'CLA_A'.  Expected 5, found 4.
#    Time: 0 ps  Iteration: 0  Instance: /TIP_EMAMBA_V1_SIM/i_platform/my_emamba_ip/eMamba/MAMBA_2nd/SSM/SSM_Preprocess/Linear_expand_dBC_delta/matMult_40_wo_bias/Stage_A[9]/CLA_A File: /home/sanghun/RVX/rvx-tutorials/platform/tip_emamba_v1/user/rtl/src/matMult_40_wo_bias.sv Line: 59
# ** Warning: (vsim-3015) [PCDPC] - Port size (1) does not match connection size (32) for port 'carryIn'. The port definition is at: /home/sanghun/RVX/rvx-tutorials/platform/tip_emamba_v1/user/rtl/src/CLA_32.sv(26).
#    Time: 0 ps  Iteration: 0  Instance: /TIP_EMAMBA_V1_SIM/i_platform/my_emamba_ip/eMamba/MAMBA_2nd/SSM/SSM_Preprocess/Linear_expand_dBC_delta/matMult_40_wo_bias/Stage_A[9]/CLA_A File: /home/sanghun/RVX/rvx-tutorials/platform/tip_emamba_v1/user/rtl/src/matMult_40_wo_bias.sv Line: 59
# ** Warning: (vsim-3722) /home/sanghun/RVX/rvx-tutorials/platform/tip_emamba_v1/user/rtl/src/matMult_40_wo_bias.sv(59): [TFMPC] - Missing connection for port 'carryOut'.
# ** Warning: (vsim-2685) [TFMPC] - Too few port connections for 'CLA_A'.  Expected 5, found 4.
#    Time: 0 ps  Iteration: 0  Instance: /TIP_EMAMBA_V1_SIM/i_platform/my_emamba_ip/eMamba/MAMBA_2nd/SSM/SSM_Preprocess/Linear_expand_dBC_delta/matMult_40_wo_bias/Stage_A[10]/CLA_A File: /home/sanghun/RVX/rvx-tutorials/platform/tip_emamba_v1/user/rtl/src/matMult_40_wo_bias.sv Line: 59
# ** Warning: (vsim-3015) [PCDPC] - Port size (1) does not match connection size (32) for port 'carryIn'. The port definition is at: /home/sanghun/RVX/rvx-tutorials/platform/tip_emamba_v1/user/rtl/src/CLA_32.sv(26).
#    Time: 0 ps  Iteration: 0  Instance: /TIP_EMAMBA_V1_SIM/i_platform/my_emamba_ip/eMamba/MAMBA_2nd/SSM/SSM_Preprocess/Linear_expand_dBC_delta/matMult_40_wo_bias/Stage_A[10]/CLA_A File: /home/sanghun/RVX/rvx-tutorials/platform/tip_emamba_v1/user/rtl/src/matMult_40_wo_bias.sv Line: 59
# ** Warning: (vsim-3722) /home/sanghun/RVX/rvx-tutorials/platform/tip_emamba_v1/user/rtl/src/matMult_40_wo_bias.sv(59): [TFMPC] - Missing connection for port 'carryOut'.
# ** Warning: (vsim-2685) [TFMPC] - Too few port connections for 'CLA_A'.  Expected 5, found 4.
#    Time: 0 ps  Iteration: 0  Instance: /TIP_EMAMBA_V1_SIM/i_platform/my_emamba_ip/eMamba/MAMBA_2nd/SSM/SSM_Preprocess/Linear_expand_dBC_delta/matMult_40_wo_bias/Stage_A[11]/CLA_A File: /home/sanghun/RVX/rvx-tutorials/platform/tip_emamba_v1/user/rtl/src/matMult_40_wo_bias.sv Line: 59
# ** Warning: (vsim-3015) [PCDPC] - Port size (1) does not match connection size (32) for port 'carryIn'. The port definition is at: /home/sanghun/RVX/rvx-tutorials/platform/tip_emamba_v1/user/rtl/src/CLA_32.sv(26).
#    Time: 0 ps  Iteration: 0  Instance: /TIP_EMAMBA_V1_SIM/i_platform/my_emamba_ip/eMamba/MAMBA_2nd/SSM/SSM_Preprocess/Linear_expand_dBC_delta/matMult_40_wo_bias/Stage_A[11]/CLA_A File: /home/sanghun/RVX/rvx-tutorials/platform/tip_emamba_v1/user/rtl/src/matMult_40_wo_bias.sv Line: 59
# ** Warning: (vsim-3722) /home/sanghun/RVX/rvx-tutorials/platform/tip_emamba_v1/user/rtl/src/matMult_40_wo_bias.sv(59): [TFMPC] - Missing connection for port 'carryOut'.
# ** Warning: (vsim-2685) [TFMPC] - Too few port connections for 'CLA_A'.  Expected 5, found 4.
#    Time: 0 ps  Iteration: 0  Instance: /TIP_EMAMBA_V1_SIM/i_platform/my_emamba_ip/eMamba/MAMBA_2nd/SSM/SSM_Preprocess/Linear_expand_dBC_delta/matMult_40_wo_bias/Stage_A[12]/CLA_A File: /home/sanghun/RVX/rvx-tutorials/platform/tip_emamba_v1/user/rtl/src/matMult_40_wo_bias.sv Line: 59
# ** Warning: (vsim-3015) [PCDPC] - Port size (1) does not match connection size (32) for port 'carryIn'. The port definition is at: /home/sanghun/RVX/rvx-tutorials/platform/tip_emamba_v1/user/rtl/src/CLA_32.sv(26).
#    Time: 0 ps  Iteration: 0  Instance: /TIP_EMAMBA_V1_SIM/i_platform/my_emamba_ip/eMamba/MAMBA_2nd/SSM/SSM_Preprocess/Linear_expand_dBC_delta/matMult_40_wo_bias/Stage_A[12]/CLA_A File: /home/sanghun/RVX/rvx-tutorials/platform/tip_emamba_v1/user/rtl/src/matMult_40_wo_bias.sv Line: 59
# ** Warning: (vsim-3722) /home/sanghun/RVX/rvx-tutorials/platform/tip_emamba_v1/user/rtl/src/matMult_40_wo_bias.sv(59): [TFMPC] - Missing connection for port 'carryOut'.
# ** Warning: (vsim-2685) [TFMPC] - Too few port connections for 'CLA_A'.  Expected 5, found 4.
#    Time: 0 ps  Iteration: 0  Instance: /TIP_EMAMBA_V1_SIM/i_platform/my_emamba_ip/eMamba/MAMBA_2nd/SSM/SSM_Preprocess/Linear_expand_dBC_delta/matMult_40_wo_bias/Stage_A[13]/CLA_A File: /home/sanghun/RVX/rvx-tutorials/platform/tip_emamba_v1/user/rtl/src/matMult_40_wo_bias.sv Line: 59
# ** Warning: (vsim-3015) [PCDPC] - Port size (1) does not match connection size (32) for port 'carryIn'. The port definition is at: /home/sanghun/RVX/rvx-tutorials/platform/tip_emamba_v1/user/rtl/src/CLA_32.sv(26).
#    Time: 0 ps  Iteration: 0  Instance: /TIP_EMAMBA_V1_SIM/i_platform/my_emamba_ip/eMamba/MAMBA_2nd/SSM/SSM_Preprocess/Linear_expand_dBC_delta/matMult_40_wo_bias/Stage_A[13]/CLA_A File: /home/sanghun/RVX/rvx-tutorials/platform/tip_emamba_v1/user/rtl/src/matMult_40_wo_bias.sv Line: 59
# ** Warning: (vsim-3722) /home/sanghun/RVX/rvx-tutorials/platform/tip_emamba_v1/user/rtl/src/matMult_40_wo_bias.sv(59): [TFMPC] - Missing connection for port 'carryOut'.
# ** Warning: (vsim-2685) [TFMPC] - Too few port connections for 'CLA_A'.  Expected 5, found 4.
#    Time: 0 ps  Iteration: 0  Instance: /TIP_EMAMBA_V1_SIM/i_platform/my_emamba_ip/eMamba/MAMBA_2nd/SSM/SSM_Preprocess/Linear_expand_dBC_delta/matMult_40_wo_bias/Stage_A[14]/CLA_A File: /home/sanghun/RVX/rvx-tutorials/platform/tip_emamba_v1/user/rtl/src/matMult_40_wo_bias.sv Line: 59
# ** Warning: (vsim-3015) [PCDPC] - Port size (1) does not match connection size (32) for port 'carryIn'. The port definition is at: /home/sanghun/RVX/rvx-tutorials/platform/tip_emamba_v1/user/rtl/src/CLA_32.sv(26).
#    Time: 0 ps  Iteration: 0  Instance: /TIP_EMAMBA_V1_SIM/i_platform/my_emamba_ip/eMamba/MAMBA_2nd/SSM/SSM_Preprocess/Linear_expand_dBC_delta/matMult_40_wo_bias/Stage_A[14]/CLA_A File: /home/sanghun/RVX/rvx-tutorials/platform/tip_emamba_v1/user/rtl/src/matMult_40_wo_bias.sv Line: 59
# ** Warning: (vsim-3722) /home/sanghun/RVX/rvx-tutorials/platform/tip_emamba_v1/user/rtl/src/matMult_40_wo_bias.sv(59): [TFMPC] - Missing connection for port 'carryOut'.
# ** Warning: (vsim-2685) [TFMPC] - Too few port connections for 'CLA_A'.  Expected 5, found 4.
#    Time: 0 ps  Iteration: 0  Instance: /TIP_EMAMBA_V1_SIM/i_platform/my_emamba_ip/eMamba/MAMBA_2nd/SSM/SSM_Preprocess/Linear_expand_dBC_delta/matMult_40_wo_bias/Stage_A[15]/CLA_A File: /home/sanghun/RVX/rvx-tutorials/platform/tip_emamba_v1/user/rtl/src/matMult_40_wo_bias.sv Line: 59
# ** Warning: (vsim-3015) [PCDPC] - Port size (1) does not match connection size (32) for port 'carryIn'. The port definition is at: /home/sanghun/RVX/rvx-tutorials/platform/tip_emamba_v1/user/rtl/src/CLA_32.sv(26).
#    Time: 0 ps  Iteration: 0  Instance: /TIP_EMAMBA_V1_SIM/i_platform/my_emamba_ip/eMamba/MAMBA_2nd/SSM/SSM_Preprocess/Linear_expand_dBC_delta/matMult_40_wo_bias/Stage_A[15]/CLA_A File: /home/sanghun/RVX/rvx-tutorials/platform/tip_emamba_v1/user/rtl/src/matMult_40_wo_bias.sv Line: 59
# ** Warning: (vsim-3722) /home/sanghun/RVX/rvx-tutorials/platform/tip_emamba_v1/user/rtl/src/matMult_40_wo_bias.sv(59): [TFMPC] - Missing connection for port 'carryOut'.
# ** Warning: (vsim-2685) [TFMPC] - Too few port connections for 'CLA_A'.  Expected 5, found 4.
#    Time: 0 ps  Iteration: 0  Instance: /TIP_EMAMBA_V1_SIM/i_platform/my_emamba_ip/eMamba/MAMBA_2nd/SSM/SSM_Preprocess/Linear_expand_dBC_delta/matMult_40_wo_bias/Stage_A[16]/CLA_A File: /home/sanghun/RVX/rvx-tutorials/platform/tip_emamba_v1/user/rtl/src/matMult_40_wo_bias.sv Line: 59
# ** Warning: (vsim-3015) [PCDPC] - Port size (1) does not match connection size (32) for port 'carryIn'. The port definition is at: /home/sanghun/RVX/rvx-tutorials/platform/tip_emamba_v1/user/rtl/src/CLA_32.sv(26).
#    Time: 0 ps  Iteration: 0  Instance: /TIP_EMAMBA_V1_SIM/i_platform/my_emamba_ip/eMamba/MAMBA_2nd/SSM/SSM_Preprocess/Linear_expand_dBC_delta/matMult_40_wo_bias/Stage_A[16]/CLA_A File: /home/sanghun/RVX/rvx-tutorials/platform/tip_emamba_v1/user/rtl/src/matMult_40_wo_bias.sv Line: 59
# ** Warning: (vsim-3722) /home/sanghun/RVX/rvx-tutorials/platform/tip_emamba_v1/user/rtl/src/matMult_40_wo_bias.sv(59): [TFMPC] - Missing connection for port 'carryOut'.
# ** Warning: (vsim-2685) [TFMPC] - Too few port connections for 'CLA_A'.  Expected 5, found 4.
#    Time: 0 ps  Iteration: 0  Instance: /TIP_EMAMBA_V1_SIM/i_platform/my_emamba_ip/eMamba/MAMBA_2nd/SSM/SSM_Preprocess/Linear_expand_dBC_delta/matMult_40_wo_bias/Stage_A[17]/CLA_A File: /home/sanghun/RVX/rvx-tutorials/platform/tip_emamba_v1/user/rtl/src/matMult_40_wo_bias.sv Line: 59
# ** Warning: (vsim-3015) [PCDPC] - Port size (1) does not match connection size (32) for port 'carryIn'. The port definition is at: /home/sanghun/RVX/rvx-tutorials/platform/tip_emamba_v1/user/rtl/src/CLA_32.sv(26).
#    Time: 0 ps  Iteration: 0  Instance: /TIP_EMAMBA_V1_SIM/i_platform/my_emamba_ip/eMamba/MAMBA_2nd/SSM/SSM_Preprocess/Linear_expand_dBC_delta/matMult_40_wo_bias/Stage_A[17]/CLA_A File: /home/sanghun/RVX/rvx-tutorials/platform/tip_emamba_v1/user/rtl/src/matMult_40_wo_bias.sv Line: 59
# ** Warning: (vsim-3722) /home/sanghun/RVX/rvx-tutorials/platform/tip_emamba_v1/user/rtl/src/matMult_40_wo_bias.sv(59): [TFMPC] - Missing connection for port 'carryOut'.
# ** Warning: (vsim-2685) [TFMPC] - Too few port connections for 'CLA_A'.  Expected 5, found 4.
#    Time: 0 ps  Iteration: 0  Instance: /TIP_EMAMBA_V1_SIM/i_platform/my_emamba_ip/eMamba/MAMBA_2nd/SSM/SSM_Preprocess/Linear_expand_dBC_delta/matMult_40_wo_bias/Stage_A[18]/CLA_A File: /home/sanghun/RVX/rvx-tutorials/platform/tip_emamba_v1/user/rtl/src/matMult_40_wo_bias.sv Line: 59
# ** Warning: (vsim-3015) [PCDPC] - Port size (1) does not match connection size (32) for port 'carryIn'. The port definition is at: /home/sanghun/RVX/rvx-tutorials/platform/tip_emamba_v1/user/rtl/src/CLA_32.sv(26).
#    Time: 0 ps  Iteration: 0  Instance: /TIP_EMAMBA_V1_SIM/i_platform/my_emamba_ip/eMamba/MAMBA_2nd/SSM/SSM_Preprocess/Linear_expand_dBC_delta/matMult_40_wo_bias/Stage_A[18]/CLA_A File: /home/sanghun/RVX/rvx-tutorials/platform/tip_emamba_v1/user/rtl/src/matMult_40_wo_bias.sv Line: 59
# ** Warning: (vsim-3722) /home/sanghun/RVX/rvx-tutorials/platform/tip_emamba_v1/user/rtl/src/matMult_40_wo_bias.sv(59): [TFMPC] - Missing connection for port 'carryOut'.
# ** Warning: (vsim-2685) [TFMPC] - Too few port connections for 'CLA_A'.  Expected 5, found 4.
#    Time: 0 ps  Iteration: 0  Instance: /TIP_EMAMBA_V1_SIM/i_platform/my_emamba_ip/eMamba/MAMBA_2nd/SSM/SSM_Preprocess/Linear_expand_dBC_delta/matMult_40_wo_bias/Stage_A[19]/CLA_A File: /home/sanghun/RVX/rvx-tutorials/platform/tip_emamba_v1/user/rtl/src/matMult_40_wo_bias.sv Line: 59
# ** Warning: (vsim-3015) [PCDPC] - Port size (1) does not match connection size (32) for port 'carryIn'. The port definition is at: /home/sanghun/RVX/rvx-tutorials/platform/tip_emamba_v1/user/rtl/src/CLA_32.sv(26).
#    Time: 0 ps  Iteration: 0  Instance: /TIP_EMAMBA_V1_SIM/i_platform/my_emamba_ip/eMamba/MAMBA_2nd/SSM/SSM_Preprocess/Linear_expand_dBC_delta/matMult_40_wo_bias/Stage_A[19]/CLA_A File: /home/sanghun/RVX/rvx-tutorials/platform/tip_emamba_v1/user/rtl/src/matMult_40_wo_bias.sv Line: 59
# ** Warning: (vsim-3722) /home/sanghun/RVX/rvx-tutorials/platform/tip_emamba_v1/user/rtl/src/matMult_40_wo_bias.sv(59): [TFMPC] - Missing connection for port 'carryOut'.
# ** Warning: (vsim-2685) [TFMPC] - Too few port connections for 'CLA_B'.  Expected 5, found 4.
#    Time: 0 ps  Iteration: 0  Instance: /TIP_EMAMBA_V1_SIM/i_platform/my_emamba_ip/eMamba/MAMBA_2nd/SSM/SSM_Preprocess/Linear_expand_dBC_delta/matMult_40_wo_bias/Stage_B[0]/CLA_B File: /home/sanghun/RVX/rvx-tutorials/platform/tip_emamba_v1/user/rtl/src/matMult_40_wo_bias.sv Line: 69
# ** Warning: (vsim-3015) [PCDPC] - Port size (1) does not match connection size (32) for port 'carryIn'. The port definition is at: /home/sanghun/RVX/rvx-tutorials/platform/tip_emamba_v1/user/rtl/src/CLA_32.sv(26).
#    Time: 0 ps  Iteration: 0  Instance: /TIP_EMAMBA_V1_SIM/i_platform/my_emamba_ip/eMamba/MAMBA_2nd/SSM/SSM_Preprocess/Linear_expand_dBC_delta/matMult_40_wo_bias/Stage_B[0]/CLA_B File: /home/sanghun/RVX/rvx-tutorials/platform/tip_emamba_v1/user/rtl/src/matMult_40_wo_bias.sv Line: 69
# ** Warning: (vsim-3722) /home/sanghun/RVX/rvx-tutorials/platform/tip_emamba_v1/user/rtl/src/matMult_40_wo_bias.sv(69): [TFMPC] - Missing connection for port 'carryOut'.
# ** Warning: (vsim-2685) [TFMPC] - Too few port connections for 'CLA_B'.  Expected 5, found 4.
#    Time: 0 ps  Iteration: 0  Instance: /TIP_EMAMBA_V1_SIM/i_platform/my_emamba_ip/eMamba/MAMBA_2nd/SSM/SSM_Preprocess/Linear_expand_dBC_delta/matMult_40_wo_bias/Stage_B[1]/CLA_B File: /home/sanghun/RVX/rvx-tutorials/platform/tip_emamba_v1/user/rtl/src/matMult_40_wo_bias.sv Line: 69
# ** Warning: (vsim-3015) [PCDPC] - Port size (1) does not match connection size (32) for port 'carryIn'. The port definition is at: /home/sanghun/RVX/rvx-tutorials/platform/tip_emamba_v1/user/rtl/src/CLA_32.sv(26).
#    Time: 0 ps  Iteration: 0  Instance: /TIP_EMAMBA_V1_SIM/i_platform/my_emamba_ip/eMamba/MAMBA_2nd/SSM/SSM_Preprocess/Linear_expand_dBC_delta/matMult_40_wo_bias/Stage_B[1]/CLA_B File: /home/sanghun/RVX/rvx-tutorials/platform/tip_emamba_v1/user/rtl/src/matMult_40_wo_bias.sv Line: 69
# ** Warning: (vsim-3722) /home/sanghun/RVX/rvx-tutorials/platform/tip_emamba_v1/user/rtl/src/matMult_40_wo_bias.sv(69): [TFMPC] - Missing connection for port 'carryOut'.
# ** Warning: (vsim-2685) [TFMPC] - Too few port connections for 'CLA_B'.  Expected 5, found 4.
#    Time: 0 ps  Iteration: 0  Instance: /TIP_EMAMBA_V1_SIM/i_platform/my_emamba_ip/eMamba/MAMBA_2nd/SSM/SSM_Preprocess/Linear_expand_dBC_delta/matMult_40_wo_bias/Stage_B[2]/CLA_B File: /home/sanghun/RVX/rvx-tutorials/platform/tip_emamba_v1/user/rtl/src/matMult_40_wo_bias.sv Line: 69
# ** Warning: (vsim-3015) [PCDPC] - Port size (1) does not match connection size (32) for port 'carryIn'. The port definition is at: /home/sanghun/RVX/rvx-tutorials/platform/tip_emamba_v1/user/rtl/src/CLA_32.sv(26).
#    Time: 0 ps  Iteration: 0  Instance: /TIP_EMAMBA_V1_SIM/i_platform/my_emamba_ip/eMamba/MAMBA_2nd/SSM/SSM_Preprocess/Linear_expand_dBC_delta/matMult_40_wo_bias/Stage_B[2]/CLA_B File: /home/sanghun/RVX/rvx-tutorials/platform/tip_emamba_v1/user/rtl/src/matMult_40_wo_bias.sv Line: 69
# ** Warning: (vsim-3722) /home/sanghun/RVX/rvx-tutorials/platform/tip_emamba_v1/user/rtl/src/matMult_40_wo_bias.sv(69): [TFMPC] - Missing connection for port 'carryOut'.
# ** Warning: (vsim-2685) [TFMPC] - Too few port connections for 'CLA_B'.  Expected 5, found 4.
#    Time: 0 ps  Iteration: 0  Instance: /TIP_EMAMBA_V1_SIM/i_platform/my_emamba_ip/eMamba/MAMBA_2nd/SSM/SSM_Preprocess/Linear_expand_dBC_delta/matMult_40_wo_bias/Stage_B[3]/CLA_B File: /home/sanghun/RVX/rvx-tutorials/platform/tip_emamba_v1/user/rtl/src/matMult_40_wo_bias.sv Line: 69
# ** Warning: (vsim-3015) [PCDPC] - Port size (1) does not match connection size (32) for port 'carryIn'. The port definition is at: /home/sanghun/RVX/rvx-tutorials/platform/tip_emamba_v1/user/rtl/src/CLA_32.sv(26).
#    Time: 0 ps  Iteration: 0  Instance: /TIP_EMAMBA_V1_SIM/i_platform/my_emamba_ip/eMamba/MAMBA_2nd/SSM/SSM_Preprocess/Linear_expand_dBC_delta/matMult_40_wo_bias/Stage_B[3]/CLA_B File: /home/sanghun/RVX/rvx-tutorials/platform/tip_emamba_v1/user/rtl/src/matMult_40_wo_bias.sv Line: 69
# ** Warning: (vsim-3722) /home/sanghun/RVX/rvx-tutorials/platform/tip_emamba_v1/user/rtl/src/matMult_40_wo_bias.sv(69): [TFMPC] - Missing connection for port 'carryOut'.
# ** Warning: (vsim-2685) [TFMPC] - Too few port connections for 'CLA_B'.  Expected 5, found 4.
#    Time: 0 ps  Iteration: 0  Instance: /TIP_EMAMBA_V1_SIM/i_platform/my_emamba_ip/eMamba/MAMBA_2nd/SSM/SSM_Preprocess/Linear_expand_dBC_delta/matMult_40_wo_bias/Stage_B[4]/CLA_B File: /home/sanghun/RVX/rvx-tutorials/platform/tip_emamba_v1/user/rtl/src/matMult_40_wo_bias.sv Line: 69
# ** Warning: (vsim-3015) [PCDPC] - Port size (1) does not match connection size (32) for port 'carryIn'. The port definition is at: /home/sanghun/RVX/rvx-tutorials/platform/tip_emamba_v1/user/rtl/src/CLA_32.sv(26).
#    Time: 0 ps  Iteration: 0  Instance: /TIP_EMAMBA_V1_SIM/i_platform/my_emamba_ip/eMamba/MAMBA_2nd/SSM/SSM_Preprocess/Linear_expand_dBC_delta/matMult_40_wo_bias/Stage_B[4]/CLA_B File: /home/sanghun/RVX/rvx-tutorials/platform/tip_emamba_v1/user/rtl/src/matMult_40_wo_bias.sv Line: 69
# ** Warning: (vsim-3722) /home/sanghun/RVX/rvx-tutorials/platform/tip_emamba_v1/user/rtl/src/matMult_40_wo_bias.sv(69): [TFMPC] - Missing connection for port 'carryOut'.
# ** Warning: (vsim-2685) [TFMPC] - Too few port connections for 'CLA_B'.  Expected 5, found 4.
#    Time: 0 ps  Iteration: 0  Instance: /TIP_EMAMBA_V1_SIM/i_platform/my_emamba_ip/eMamba/MAMBA_2nd/SSM/SSM_Preprocess/Linear_expand_dBC_delta/matMult_40_wo_bias/Stage_B[5]/CLA_B File: /home/sanghun/RVX/rvx-tutorials/platform/tip_emamba_v1/user/rtl/src/matMult_40_wo_bias.sv Line: 69
# ** Warning: (vsim-3015) [PCDPC] - Port size (1) does not match connection size (32) for port 'carryIn'. The port definition is at: /home/sanghun/RVX/rvx-tutorials/platform/tip_emamba_v1/user/rtl/src/CLA_32.sv(26).
#    Time: 0 ps  Iteration: 0  Instance: /TIP_EMAMBA_V1_SIM/i_platform/my_emamba_ip/eMamba/MAMBA_2nd/SSM/SSM_Preprocess/Linear_expand_dBC_delta/matMult_40_wo_bias/Stage_B[5]/CLA_B File: /home/sanghun/RVX/rvx-tutorials/platform/tip_emamba_v1/user/rtl/src/matMult_40_wo_bias.sv Line: 69
# ** Warning: (vsim-3722) /home/sanghun/RVX/rvx-tutorials/platform/tip_emamba_v1/user/rtl/src/matMult_40_wo_bias.sv(69): [TFMPC] - Missing connection for port 'carryOut'.
# ** Warning: (vsim-2685) [TFMPC] - Too few port connections for 'CLA_B'.  Expected 5, found 4.
#    Time: 0 ps  Iteration: 0  Instance: /TIP_EMAMBA_V1_SIM/i_platform/my_emamba_ip/eMamba/MAMBA_2nd/SSM/SSM_Preprocess/Linear_expand_dBC_delta/matMult_40_wo_bias/Stage_B[6]/CLA_B File: /home/sanghun/RVX/rvx-tutorials/platform/tip_emamba_v1/user/rtl/src/matMult_40_wo_bias.sv Line: 69
# ** Warning: (vsim-3015) [PCDPC] - Port size (1) does not match connection size (32) for port 'carryIn'. The port definition is at: /home/sanghun/RVX/rvx-tutorials/platform/tip_emamba_v1/user/rtl/src/CLA_32.sv(26).
#    Time: 0 ps  Iteration: 0  Instance: /TIP_EMAMBA_V1_SIM/i_platform/my_emamba_ip/eMamba/MAMBA_2nd/SSM/SSM_Preprocess/Linear_expand_dBC_delta/matMult_40_wo_bias/Stage_B[6]/CLA_B File: /home/sanghun/RVX/rvx-tutorials/platform/tip_emamba_v1/user/rtl/src/matMult_40_wo_bias.sv Line: 69
# ** Warning: (vsim-3722) /home/sanghun/RVX/rvx-tutorials/platform/tip_emamba_v1/user/rtl/src/matMult_40_wo_bias.sv(69): [TFMPC] - Missing connection for port 'carryOut'.
# ** Warning: (vsim-2685) [TFMPC] - Too few port connections for 'CLA_B'.  Expected 5, found 4.
#    Time: 0 ps  Iteration: 0  Instance: /TIP_EMAMBA_V1_SIM/i_platform/my_emamba_ip/eMamba/MAMBA_2nd/SSM/SSM_Preprocess/Linear_expand_dBC_delta/matMult_40_wo_bias/Stage_B[7]/CLA_B File: /home/sanghun/RVX/rvx-tutorials/platform/tip_emamba_v1/user/rtl/src/matMult_40_wo_bias.sv Line: 69
# ** Warning: (vsim-3015) [PCDPC] - Port size (1) does not match connection size (32) for port 'carryIn'. The port definition is at: /home/sanghun/RVX/rvx-tutorials/platform/tip_emamba_v1/user/rtl/src/CLA_32.sv(26).
#    Time: 0 ps  Iteration: 0  Instance: /TIP_EMAMBA_V1_SIM/i_platform/my_emamba_ip/eMamba/MAMBA_2nd/SSM/SSM_Preprocess/Linear_expand_dBC_delta/matMult_40_wo_bias/Stage_B[7]/CLA_B File: /home/sanghun/RVX/rvx-tutorials/platform/tip_emamba_v1/user/rtl/src/matMult_40_wo_bias.sv Line: 69
# ** Warning: (vsim-3722) /home/sanghun/RVX/rvx-tutorials/platform/tip_emamba_v1/user/rtl/src/matMult_40_wo_bias.sv(69): [TFMPC] - Missing connection for port 'carryOut'.
# ** Warning: (vsim-2685) [TFMPC] - Too few port connections for 'CLA_B'.  Expected 5, found 4.
#    Time: 0 ps  Iteration: 0  Instance: /TIP_EMAMBA_V1_SIM/i_platform/my_emamba_ip/eMamba/MAMBA_2nd/SSM/SSM_Preprocess/Linear_expand_dBC_delta/matMult_40_wo_bias/Stage_B[8]/CLA_B File: /home/sanghun/RVX/rvx-tutorials/platform/tip_emamba_v1/user/rtl/src/matMult_40_wo_bias.sv Line: 69
# ** Warning: (vsim-3015) [PCDPC] - Port size (1) does not match connection size (32) for port 'carryIn'. The port definition is at: /home/sanghun/RVX/rvx-tutorials/platform/tip_emamba_v1/user/rtl/src/CLA_32.sv(26).
#    Time: 0 ps  Iteration: 0  Instance: /TIP_EMAMBA_V1_SIM/i_platform/my_emamba_ip/eMamba/MAMBA_2nd/SSM/SSM_Preprocess/Linear_expand_dBC_delta/matMult_40_wo_bias/Stage_B[8]/CLA_B File: /home/sanghun/RVX/rvx-tutorials/platform/tip_emamba_v1/user/rtl/src/matMult_40_wo_bias.sv Line: 69
# ** Warning: (vsim-3722) /home/sanghun/RVX/rvx-tutorials/platform/tip_emamba_v1/user/rtl/src/matMult_40_wo_bias.sv(69): [TFMPC] - Missing connection for port 'carryOut'.
# ** Warning: (vsim-2685) [TFMPC] - Too few port connections for 'CLA_B'.  Expected 5, found 4.
#    Time: 0 ps  Iteration: 0  Instance: /TIP_EMAMBA_V1_SIM/i_platform/my_emamba_ip/eMamba/MAMBA_2nd/SSM/SSM_Preprocess/Linear_expand_dBC_delta/matMult_40_wo_bias/Stage_B[9]/CLA_B File: /home/sanghun/RVX/rvx-tutorials/platform/tip_emamba_v1/user/rtl/src/matMult_40_wo_bias.sv Line: 69
# ** Warning: (vsim-3015) [PCDPC] - Port size (1) does not match connection size (32) for port 'carryIn'. The port definition is at: /home/sanghun/RVX/rvx-tutorials/platform/tip_emamba_v1/user/rtl/src/CLA_32.sv(26).
#    Time: 0 ps  Iteration: 0  Instance: /TIP_EMAMBA_V1_SIM/i_platform/my_emamba_ip/eMamba/MAMBA_2nd/SSM/SSM_Preprocess/Linear_expand_dBC_delta/matMult_40_wo_bias/Stage_B[9]/CLA_B File: /home/sanghun/RVX/rvx-tutorials/platform/tip_emamba_v1/user/rtl/src/matMult_40_wo_bias.sv Line: 69
# ** Warning: (vsim-3722) /home/sanghun/RVX/rvx-tutorials/platform/tip_emamba_v1/user/rtl/src/matMult_40_wo_bias.sv(69): [TFMPC] - Missing connection for port 'carryOut'.
# ** Warning: (vsim-2685) [TFMPC] - Too few port connections for 'CLA_C'.  Expected 5, found 4.
#    Time: 0 ps  Iteration: 0  Instance: /TIP_EMAMBA_V1_SIM/i_platform/my_emamba_ip/eMamba/MAMBA_2nd/SSM/SSM_Preprocess/Linear_expand_dBC_delta/matMult_40_wo_bias/Stage_C[0]/CLA_C File: /home/sanghun/RVX/rvx-tutorials/platform/tip_emamba_v1/user/rtl/src/matMult_40_wo_bias.sv Line: 79
# ** Warning: (vsim-3015) [PCDPC] - Port size (1) does not match connection size (32) for port 'carryIn'. The port definition is at: /home/sanghun/RVX/rvx-tutorials/platform/tip_emamba_v1/user/rtl/src/CLA_32.sv(26).
#    Time: 0 ps  Iteration: 0  Instance: /TIP_EMAMBA_V1_SIM/i_platform/my_emamba_ip/eMamba/MAMBA_2nd/SSM/SSM_Preprocess/Linear_expand_dBC_delta/matMult_40_wo_bias/Stage_C[0]/CLA_C File: /home/sanghun/RVX/rvx-tutorials/platform/tip_emamba_v1/user/rtl/src/matMult_40_wo_bias.sv Line: 79
# ** Warning: (vsim-3722) /home/sanghun/RVX/rvx-tutorials/platform/tip_emamba_v1/user/rtl/src/matMult_40_wo_bias.sv(79): [TFMPC] - Missing connection for port 'carryOut'.
# ** Warning: (vsim-2685) [TFMPC] - Too few port connections for 'CLA_C'.  Expected 5, found 4.
#    Time: 0 ps  Iteration: 0  Instance: /TIP_EMAMBA_V1_SIM/i_platform/my_emamba_ip/eMamba/MAMBA_2nd/SSM/SSM_Preprocess/Linear_expand_dBC_delta/matMult_40_wo_bias/Stage_C[1]/CLA_C File: /home/sanghun/RVX/rvx-tutorials/platform/tip_emamba_v1/user/rtl/src/matMult_40_wo_bias.sv Line: 79
# ** Warning: (vsim-3015) [PCDPC] - Port size (1) does not match connection size (32) for port 'carryIn'. The port definition is at: /home/sanghun/RVX/rvx-tutorials/platform/tip_emamba_v1/user/rtl/src/CLA_32.sv(26).
#    Time: 0 ps  Iteration: 0  Instance: /TIP_EMAMBA_V1_SIM/i_platform/my_emamba_ip/eMamba/MAMBA_2nd/SSM/SSM_Preprocess/Linear_expand_dBC_delta/matMult_40_wo_bias/Stage_C[1]/CLA_C File: /home/sanghun/RVX/rvx-tutorials/platform/tip_emamba_v1/user/rtl/src/matMult_40_wo_bias.sv Line: 79
# ** Warning: (vsim-3722) /home/sanghun/RVX/rvx-tutorials/platform/tip_emamba_v1/user/rtl/src/matMult_40_wo_bias.sv(79): [TFMPC] - Missing connection for port 'carryOut'.
# ** Warning: (vsim-2685) [TFMPC] - Too few port connections for 'CLA_C'.  Expected 5, found 4.
#    Time: 0 ps  Iteration: 0  Instance: /TIP_EMAMBA_V1_SIM/i_platform/my_emamba_ip/eMamba/MAMBA_2nd/SSM/SSM_Preprocess/Linear_expand_dBC_delta/matMult_40_wo_bias/Stage_C[2]/CLA_C File: /home/sanghun/RVX/rvx-tutorials/platform/tip_emamba_v1/user/rtl/src/matMult_40_wo_bias.sv Line: 79
# ** Warning: (vsim-3015) [PCDPC] - Port size (1) does not match connection size (32) for port 'carryIn'. The port definition is at: /home/sanghun/RVX/rvx-tutorials/platform/tip_emamba_v1/user/rtl/src/CLA_32.sv(26).
#    Time: 0 ps  Iteration: 0  Instance: /TIP_EMAMBA_V1_SIM/i_platform/my_emamba_ip/eMamba/MAMBA_2nd/SSM/SSM_Preprocess/Linear_expand_dBC_delta/matMult_40_wo_bias/Stage_C[2]/CLA_C File: /home/sanghun/RVX/rvx-tutorials/platform/tip_emamba_v1/user/rtl/src/matMult_40_wo_bias.sv Line: 79
# ** Warning: (vsim-3722) /home/sanghun/RVX/rvx-tutorials/platform/tip_emamba_v1/user/rtl/src/matMult_40_wo_bias.sv(79): [TFMPC] - Missing connection for port 'carryOut'.
# ** Warning: (vsim-2685) [TFMPC] - Too few port connections for 'CLA_C'.  Expected 5, found 4.
#    Time: 0 ps  Iteration: 0  Instance: /TIP_EMAMBA_V1_SIM/i_platform/my_emamba_ip/eMamba/MAMBA_2nd/SSM/SSM_Preprocess/Linear_expand_dBC_delta/matMult_40_wo_bias/Stage_C[3]/CLA_C File: /home/sanghun/RVX/rvx-tutorials/platform/tip_emamba_v1/user/rtl/src/matMult_40_wo_bias.sv Line: 79
# ** Warning: (vsim-3015) [PCDPC] - Port size (1) does not match connection size (32) for port 'carryIn'. The port definition is at: /home/sanghun/RVX/rvx-tutorials/platform/tip_emamba_v1/user/rtl/src/CLA_32.sv(26).
#    Time: 0 ps  Iteration: 0  Instance: /TIP_EMAMBA_V1_SIM/i_platform/my_emamba_ip/eMamba/MAMBA_2nd/SSM/SSM_Preprocess/Linear_expand_dBC_delta/matMult_40_wo_bias/Stage_C[3]/CLA_C File: /home/sanghun/RVX/rvx-tutorials/platform/tip_emamba_v1/user/rtl/src/matMult_40_wo_bias.sv Line: 79
# ** Warning: (vsim-3722) /home/sanghun/RVX/rvx-tutorials/platform/tip_emamba_v1/user/rtl/src/matMult_40_wo_bias.sv(79): [TFMPC] - Missing connection for port 'carryOut'.
# ** Warning: (vsim-2685) [TFMPC] - Too few port connections for 'CLA_C'.  Expected 5, found 4.
#    Time: 0 ps  Iteration: 0  Instance: /TIP_EMAMBA_V1_SIM/i_platform/my_emamba_ip/eMamba/MAMBA_2nd/SSM/SSM_Preprocess/Linear_expand_dBC_delta/matMult_40_wo_bias/Stage_C[4]/CLA_C File: /home/sanghun/RVX/rvx-tutorials/platform/tip_emamba_v1/user/rtl/src/matMult_40_wo_bias.sv Line: 79
# ** Warning: (vsim-3015) [PCDPC] - Port size (1) does not match connection size (32) for port 'carryIn'. The port definition is at: /home/sanghun/RVX/rvx-tutorials/platform/tip_emamba_v1/user/rtl/src/CLA_32.sv(26).
#    Time: 0 ps  Iteration: 0  Instance: /TIP_EMAMBA_V1_SIM/i_platform/my_emamba_ip/eMamba/MAMBA_2nd/SSM/SSM_Preprocess/Linear_expand_dBC_delta/matMult_40_wo_bias/Stage_C[4]/CLA_C File: /home/sanghun/RVX/rvx-tutorials/platform/tip_emamba_v1/user/rtl/src/matMult_40_wo_bias.sv Line: 79
# ** Warning: (vsim-3722) /home/sanghun/RVX/rvx-tutorials/platform/tip_emamba_v1/user/rtl/src/matMult_40_wo_bias.sv(79): [TFMPC] - Missing connection for port 'carryOut'.
# ** Warning: (vsim-2685) [TFMPC] - Too few port connections for 'CLA_D'.  Expected 5, found 4.
#    Time: 0 ps  Iteration: 0  Instance: /TIP_EMAMBA_V1_SIM/i_platform/my_emamba_ip/eMamba/MAMBA_2nd/SSM/SSM_Preprocess/Linear_expand_dBC_delta/matMult_40_wo_bias/Stage_D[0]/CLA_D File: /home/sanghun/RVX/rvx-tutorials/platform/tip_emamba_v1/user/rtl/src/matMult_40_wo_bias.sv Line: 89
# ** Warning: (vsim-3015) [PCDPC] - Port size (1) does not match connection size (32) for port 'carryIn'. The port definition is at: /home/sanghun/RVX/rvx-tutorials/platform/tip_emamba_v1/user/rtl/src/CLA_32.sv(26).
#    Time: 0 ps  Iteration: 0  Instance: /TIP_EMAMBA_V1_SIM/i_platform/my_emamba_ip/eMamba/MAMBA_2nd/SSM/SSM_Preprocess/Linear_expand_dBC_delta/matMult_40_wo_bias/Stage_D[0]/CLA_D File: /home/sanghun/RVX/rvx-tutorials/platform/tip_emamba_v1/user/rtl/src/matMult_40_wo_bias.sv Line: 89
# ** Warning: (vsim-3722) /home/sanghun/RVX/rvx-tutorials/platform/tip_emamba_v1/user/rtl/src/matMult_40_wo_bias.sv(89): [TFMPC] - Missing connection for port 'carryOut'.
# ** Warning: (vsim-2685) [TFMPC] - Too few port connections for 'CLA_D'.  Expected 5, found 4.
#    Time: 0 ps  Iteration: 0  Instance: /TIP_EMAMBA_V1_SIM/i_platform/my_emamba_ip/eMamba/MAMBA_2nd/SSM/SSM_Preprocess/Linear_expand_dBC_delta/matMult_40_wo_bias/Stage_D[1]/CLA_D File: /home/sanghun/RVX/rvx-tutorials/platform/tip_emamba_v1/user/rtl/src/matMult_40_wo_bias.sv Line: 89
# ** Warning: (vsim-3015) [PCDPC] - Port size (1) does not match connection size (32) for port 'carryIn'. The port definition is at: /home/sanghun/RVX/rvx-tutorials/platform/tip_emamba_v1/user/rtl/src/CLA_32.sv(26).
#    Time: 0 ps  Iteration: 0  Instance: /TIP_EMAMBA_V1_SIM/i_platform/my_emamba_ip/eMamba/MAMBA_2nd/SSM/SSM_Preprocess/Linear_expand_dBC_delta/matMult_40_wo_bias/Stage_D[1]/CLA_D File: /home/sanghun/RVX/rvx-tutorials/platform/tip_emamba_v1/user/rtl/src/matMult_40_wo_bias.sv Line: 89
# ** Warning: (vsim-3722) /home/sanghun/RVX/rvx-tutorials/platform/tip_emamba_v1/user/rtl/src/matMult_40_wo_bias.sv(89): [TFMPC] - Missing connection for port 'carryOut'.
# ** Warning: (vsim-2685) [TFMPC] - Too few port connections for 'CLA_E'.  Expected 5, found 4.
#    Time: 0 ps  Iteration: 0  Instance: /TIP_EMAMBA_V1_SIM/i_platform/my_emamba_ip/eMamba/MAMBA_2nd/SSM/SSM_Preprocess/Linear_expand_dBC_delta/matMult_40_wo_bias/CLA_E File: /home/sanghun/RVX/rvx-tutorials/platform/tip_emamba_v1/user/rtl/src/matMult_40_wo_bias.sv Line: 100
# ** Warning: (vsim-3015) [PCDPC] - Port size (1) does not match connection size (32) for port 'carryIn'. The port definition is at: /home/sanghun/RVX/rvx-tutorials/platform/tip_emamba_v1/user/rtl/src/CLA_32.sv(26).
#    Time: 0 ps  Iteration: 0  Instance: /TIP_EMAMBA_V1_SIM/i_platform/my_emamba_ip/eMamba/MAMBA_2nd/SSM/SSM_Preprocess/Linear_expand_dBC_delta/matMult_40_wo_bias/CLA_E File: /home/sanghun/RVX/rvx-tutorials/platform/tip_emamba_v1/user/rtl/src/matMult_40_wo_bias.sv Line: 100
# ** Warning: (vsim-3722) /home/sanghun/RVX/rvx-tutorials/platform/tip_emamba_v1/user/rtl/src/matMult_40_wo_bias.sv(100): [TFMPC] - Missing connection for port 'carryOut'.
# ** Warning: (vsim-2685) [TFMPC] - Too few port connections for 'CLA_F'.  Expected 5, found 4.
#    Time: 0 ps  Iteration: 0  Instance: /TIP_EMAMBA_V1_SIM/i_platform/my_emamba_ip/eMamba/MAMBA_2nd/SSM/SSM_Preprocess/Linear_expand_dBC_delta/matMult_40_wo_bias/CLA_F File: /home/sanghun/RVX/rvx-tutorials/platform/tip_emamba_v1/user/rtl/src/matMult_40_wo_bias.sv Line: 109
# ** Warning: (vsim-3015) [PCDPC] - Port size (1) does not match connection size (32) for port 'carryIn'. The port definition is at: /home/sanghun/RVX/rvx-tutorials/platform/tip_emamba_v1/user/rtl/src/CLA_32.sv(26).
#    Time: 0 ps  Iteration: 0  Instance: /TIP_EMAMBA_V1_SIM/i_platform/my_emamba_ip/eMamba/MAMBA_2nd/SSM/SSM_Preprocess/Linear_expand_dBC_delta/matMult_40_wo_bias/CLA_F File: /home/sanghun/RVX/rvx-tutorials/platform/tip_emamba_v1/user/rtl/src/matMult_40_wo_bias.sv Line: 109
# ** Warning: (vsim-3722) /home/sanghun/RVX/rvx-tutorials/platform/tip_emamba_v1/user/rtl/src/matMult_40_wo_bias.sv(109): [TFMPC] - Missing connection for port 'carryOut'.
# ** Warning: (vsim-2685) [TFMPC] - Too few port connections for 'CLA_A'.  Expected 5, found 4.
#    Time: 0 ps  Iteration: 0  Instance: /TIP_EMAMBA_V1_SIM/i_platform/my_emamba_ip/eMamba/MAMBA_2nd/SSM/SSM_Preprocess/Linear_expand_dBC_B/matMult_40_wo_bias/Stage_A[0]/CLA_A File: /home/sanghun/RVX/rvx-tutorials/platform/tip_emamba_v1/user/rtl/src/matMult_40_wo_bias.sv Line: 59
# ** Warning: (vsim-3015) [PCDPC] - Port size (1) does not match connection size (32) for port 'carryIn'. The port definition is at: /home/sanghun/RVX/rvx-tutorials/platform/tip_emamba_v1/user/rtl/src/CLA_32.sv(26).
#    Time: 0 ps  Iteration: 0  Instance: /TIP_EMAMBA_V1_SIM/i_platform/my_emamba_ip/eMamba/MAMBA_2nd/SSM/SSM_Preprocess/Linear_expand_dBC_B/matMult_40_wo_bias/Stage_A[0]/CLA_A File: /home/sanghun/RVX/rvx-tutorials/platform/tip_emamba_v1/user/rtl/src/matMult_40_wo_bias.sv Line: 59
# ** Warning: (vsim-3722) /home/sanghun/RVX/rvx-tutorials/platform/tip_emamba_v1/user/rtl/src/matMult_40_wo_bias.sv(59): [TFMPC] - Missing connection for port 'carryOut'.
# ** Warning: (vsim-2685) [TFMPC] - Too few port connections for 'CLA_A'.  Expected 5, found 4.
#    Time: 0 ps  Iteration: 0  Instance: /TIP_EMAMBA_V1_SIM/i_platform/my_emamba_ip/eMamba/MAMBA_2nd/SSM/SSM_Preprocess/Linear_expand_dBC_B/matMult_40_wo_bias/Stage_A[1]/CLA_A File: /home/sanghun/RVX/rvx-tutorials/platform/tip_emamba_v1/user/rtl/src/matMult_40_wo_bias.sv Line: 59
# ** Warning: (vsim-3015) [PCDPC] - Port size (1) does not match connection size (32) for port 'carryIn'. The port definition is at: /home/sanghun/RVX/rvx-tutorials/platform/tip_emamba_v1/user/rtl/src/CLA_32.sv(26).
#    Time: 0 ps  Iteration: 0  Instance: /TIP_EMAMBA_V1_SIM/i_platform/my_emamba_ip/eMamba/MAMBA_2nd/SSM/SSM_Preprocess/Linear_expand_dBC_B/matMult_40_wo_bias/Stage_A[1]/CLA_A File: /home/sanghun/RVX/rvx-tutorials/platform/tip_emamba_v1/user/rtl/src/matMult_40_wo_bias.sv Line: 59
# ** Warning: (vsim-3722) /home/sanghun/RVX/rvx-tutorials/platform/tip_emamba_v1/user/rtl/src/matMult_40_wo_bias.sv(59): [TFMPC] - Missing connection for port 'carryOut'.
# ** Warning: (vsim-2685) [TFMPC] - Too few port connections for 'CLA_A'.  Expected 5, found 4.
#    Time: 0 ps  Iteration: 0  Instance: /TIP_EMAMBA_V1_SIM/i_platform/my_emamba_ip/eMamba/MAMBA_2nd/SSM/SSM_Preprocess/Linear_expand_dBC_B/matMult_40_wo_bias/Stage_A[2]/CLA_A File: /home/sanghun/RVX/rvx-tutorials/platform/tip_emamba_v1/user/rtl/src/matMult_40_wo_bias.sv Line: 59
# ** Warning: (vsim-3015) [PCDPC] - Port size (1) does not match connection size (32) for port 'carryIn'. The port definition is at: /home/sanghun/RVX/rvx-tutorials/platform/tip_emamba_v1/user/rtl/src/CLA_32.sv(26).
#    Time: 0 ps  Iteration: 0  Instance: /TIP_EMAMBA_V1_SIM/i_platform/my_emamba_ip/eMamba/MAMBA_2nd/SSM/SSM_Preprocess/Linear_expand_dBC_B/matMult_40_wo_bias/Stage_A[2]/CLA_A File: /home/sanghun/RVX/rvx-tutorials/platform/tip_emamba_v1/user/rtl/src/matMult_40_wo_bias.sv Line: 59
# ** Warning: (vsim-3722) /home/sanghun/RVX/rvx-tutorials/platform/tip_emamba_v1/user/rtl/src/matMult_40_wo_bias.sv(59): [TFMPC] - Missing connection for port 'carryOut'.
# ** Warning: (vsim-2685) [TFMPC] - Too few port connections for 'CLA_A'.  Expected 5, found 4.
#    Time: 0 ps  Iteration: 0  Instance: /TIP_EMAMBA_V1_SIM/i_platform/my_emamba_ip/eMamba/MAMBA_2nd/SSM/SSM_Preprocess/Linear_expand_dBC_B/matMult_40_wo_bias/Stage_A[3]/CLA_A File: /home/sanghun/RVX/rvx-tutorials/platform/tip_emamba_v1/user/rtl/src/matMult_40_wo_bias.sv Line: 59
# ** Warning: (vsim-3015) [PCDPC] - Port size (1) does not match connection size (32) for port 'carryIn'. The port definition is at: /home/sanghun/RVX/rvx-tutorials/platform/tip_emamba_v1/user/rtl/src/CLA_32.sv(26).
#    Time: 0 ps  Iteration: 0  Instance: /TIP_EMAMBA_V1_SIM/i_platform/my_emamba_ip/eMamba/MAMBA_2nd/SSM/SSM_Preprocess/Linear_expand_dBC_B/matMult_40_wo_bias/Stage_A[3]/CLA_A File: /home/sanghun/RVX/rvx-tutorials/platform/tip_emamba_v1/user/rtl/src/matMult_40_wo_bias.sv Line: 59
# ** Warning: (vsim-3722) /home/sanghun/RVX/rvx-tutorials/platform/tip_emamba_v1/user/rtl/src/matMult_40_wo_bias.sv(59): [TFMPC] - Missing connection for port 'carryOut'.
# ** Warning: (vsim-2685) [TFMPC] - Too few port connections for 'CLA_A'.  Expected 5, found 4.
#    Time: 0 ps  Iteration: 0  Instance: /TIP_EMAMBA_V1_SIM/i_platform/my_emamba_ip/eMamba/MAMBA_2nd/SSM/SSM_Preprocess/Linear_expand_dBC_B/matMult_40_wo_bias/Stage_A[4]/CLA_A File: /home/sanghun/RVX/rvx-tutorials/platform/tip_emamba_v1/user/rtl/src/matMult_40_wo_bias.sv Line: 59
# ** Warning: (vsim-3015) [PCDPC] - Port size (1) does not match connection size (32) for port 'carryIn'. The port definition is at: /home/sanghun/RVX/rvx-tutorials/platform/tip_emamba_v1/user/rtl/src/CLA_32.sv(26).
#    Time: 0 ps  Iteration: 0  Instance: /TIP_EMAMBA_V1_SIM/i_platform/my_emamba_ip/eMamba/MAMBA_2nd/SSM/SSM_Preprocess/Linear_expand_dBC_B/matMult_40_wo_bias/Stage_A[4]/CLA_A File: /home/sanghun/RVX/rvx-tutorials/platform/tip_emamba_v1/user/rtl/src/matMult_40_wo_bias.sv Line: 59
# ** Warning: (vsim-3722) /home/sanghun/RVX/rvx-tutorials/platform/tip_emamba_v1/user/rtl/src/matMult_40_wo_bias.sv(59): [TFMPC] - Missing connection for port 'carryOut'.
# ** Warning: (vsim-2685) [TFMPC] - Too few port connections for 'CLA_A'.  Expected 5, found 4.
#    Time: 0 ps  Iteration: 0  Instance: /TIP_EMAMBA_V1_SIM/i_platform/my_emamba_ip/eMamba/MAMBA_2nd/SSM/SSM_Preprocess/Linear_expand_dBC_B/matMult_40_wo_bias/Stage_A[5]/CLA_A File: /home/sanghun/RVX/rvx-tutorials/platform/tip_emamba_v1/user/rtl/src/matMult_40_wo_bias.sv Line: 59
# ** Warning: (vsim-3015) [PCDPC] - Port size (1) does not match connection size (32) for port 'carryIn'. The port definition is at: /home/sanghun/RVX/rvx-tutorials/platform/tip_emamba_v1/user/rtl/src/CLA_32.sv(26).
#    Time: 0 ps  Iteration: 0  Instance: /TIP_EMAMBA_V1_SIM/i_platform/my_emamba_ip/eMamba/MAMBA_2nd/SSM/SSM_Preprocess/Linear_expand_dBC_B/matMult_40_wo_bias/Stage_A[5]/CLA_A File: /home/sanghun/RVX/rvx-tutorials/platform/tip_emamba_v1/user/rtl/src/matMult_40_wo_bias.sv Line: 59
# ** Warning: (vsim-3722) /home/sanghun/RVX/rvx-tutorials/platform/tip_emamba_v1/user/rtl/src/matMult_40_wo_bias.sv(59): [TFMPC] - Missing connection for port 'carryOut'.
# ** Warning: (vsim-2685) [TFMPC] - Too few port connections for 'CLA_A'.  Expected 5, found 4.
#    Time: 0 ps  Iteration: 0  Instance: /TIP_EMAMBA_V1_SIM/i_platform/my_emamba_ip/eMamba/MAMBA_2nd/SSM/SSM_Preprocess/Linear_expand_dBC_B/matMult_40_wo_bias/Stage_A[6]/CLA_A File: /home/sanghun/RVX/rvx-tutorials/platform/tip_emamba_v1/user/rtl/src/matMult_40_wo_bias.sv Line: 59
# ** Warning: (vsim-3015) [PCDPC] - Port size (1) does not match connection size (32) for port 'carryIn'. The port definition is at: /home/sanghun/RVX/rvx-tutorials/platform/tip_emamba_v1/user/rtl/src/CLA_32.sv(26).
#    Time: 0 ps  Iteration: 0  Instance: /TIP_EMAMBA_V1_SIM/i_platform/my_emamba_ip/eMamba/MAMBA_2nd/SSM/SSM_Preprocess/Linear_expand_dBC_B/matMult_40_wo_bias/Stage_A[6]/CLA_A File: /home/sanghun/RVX/rvx-tutorials/platform/tip_emamba_v1/user/rtl/src/matMult_40_wo_bias.sv Line: 59
# ** Warning: (vsim-3722) /home/sanghun/RVX/rvx-tutorials/platform/tip_emamba_v1/user/rtl/src/matMult_40_wo_bias.sv(59): [TFMPC] - Missing connection for port 'carryOut'.
# ** Warning: (vsim-2685) [TFMPC] - Too few port connections for 'CLA_A'.  Expected 5, found 4.
#    Time: 0 ps  Iteration: 0  Instance: /TIP_EMAMBA_V1_SIM/i_platform/my_emamba_ip/eMamba/MAMBA_2nd/SSM/SSM_Preprocess/Linear_expand_dBC_B/matMult_40_wo_bias/Stage_A[7]/CLA_A File: /home/sanghun/RVX/rvx-tutorials/platform/tip_emamba_v1/user/rtl/src/matMult_40_wo_bias.sv Line: 59
# ** Warning: (vsim-3015) [PCDPC] - Port size (1) does not match connection size (32) for port 'carryIn'. The port definition is at: /home/sanghun/RVX/rvx-tutorials/platform/tip_emamba_v1/user/rtl/src/CLA_32.sv(26).
#    Time: 0 ps  Iteration: 0  Instance: /TIP_EMAMBA_V1_SIM/i_platform/my_emamba_ip/eMamba/MAMBA_2nd/SSM/SSM_Preprocess/Linear_expand_dBC_B/matMult_40_wo_bias/Stage_A[7]/CLA_A File: /home/sanghun/RVX/rvx-tutorials/platform/tip_emamba_v1/user/rtl/src/matMult_40_wo_bias.sv Line: 59
# ** Warning: (vsim-3722) /home/sanghun/RVX/rvx-tutorials/platform/tip_emamba_v1/user/rtl/src/matMult_40_wo_bias.sv(59): [TFMPC] - Missing connection for port 'carryOut'.
# ** Warning: (vsim-2685) [TFMPC] - Too few port connections for 'CLA_A'.  Expected 5, found 4.
#    Time: 0 ps  Iteration: 0  Instance: /TIP_EMAMBA_V1_SIM/i_platform/my_emamba_ip/eMamba/MAMBA_2nd/SSM/SSM_Preprocess/Linear_expand_dBC_B/matMult_40_wo_bias/Stage_A[8]/CLA_A File: /home/sanghun/RVX/rvx-tutorials/platform/tip_emamba_v1/user/rtl/src/matMult_40_wo_bias.sv Line: 59
# ** Warning: (vsim-3015) [PCDPC] - Port size (1) does not match connection size (32) for port 'carryIn'. The port definition is at: /home/sanghun/RVX/rvx-tutorials/platform/tip_emamba_v1/user/rtl/src/CLA_32.sv(26).
#    Time: 0 ps  Iteration: 0  Instance: /TIP_EMAMBA_V1_SIM/i_platform/my_emamba_ip/eMamba/MAMBA_2nd/SSM/SSM_Preprocess/Linear_expand_dBC_B/matMult_40_wo_bias/Stage_A[8]/CLA_A File: /home/sanghun/RVX/rvx-tutorials/platform/tip_emamba_v1/user/rtl/src/matMult_40_wo_bias.sv Line: 59
# ** Warning: (vsim-3722) /home/sanghun/RVX/rvx-tutorials/platform/tip_emamba_v1/user/rtl/src/matMult_40_wo_bias.sv(59): [TFMPC] - Missing connection for port 'carryOut'.
# ** Warning: (vsim-2685) [TFMPC] - Too few port connections for 'CLA_A'.  Expected 5, found 4.
#    Time: 0 ps  Iteration: 0  Instance: /TIP_EMAMBA_V1_SIM/i_platform/my_emamba_ip/eMamba/MAMBA_2nd/SSM/SSM_Preprocess/Linear_expand_dBC_B/matMult_40_wo_bias/Stage_A[9]/CLA_A File: /home/sanghun/RVX/rvx-tutorials/platform/tip_emamba_v1/user/rtl/src/matMult_40_wo_bias.sv Line: 59
# ** Warning: (vsim-3015) [PCDPC] - Port size (1) does not match connection size (32) for port 'carryIn'. The port definition is at: /home/sanghun/RVX/rvx-tutorials/platform/tip_emamba_v1/user/rtl/src/CLA_32.sv(26).
#    Time: 0 ps  Iteration: 0  Instance: /TIP_EMAMBA_V1_SIM/i_platform/my_emamba_ip/eMamba/MAMBA_2nd/SSM/SSM_Preprocess/Linear_expand_dBC_B/matMult_40_wo_bias/Stage_A[9]/CLA_A File: /home/sanghun/RVX/rvx-tutorials/platform/tip_emamba_v1/user/rtl/src/matMult_40_wo_bias.sv Line: 59
# ** Warning: (vsim-3722) /home/sanghun/RVX/rvx-tutorials/platform/tip_emamba_v1/user/rtl/src/matMult_40_wo_bias.sv(59): [TFMPC] - Missing connection for port 'carryOut'.
# ** Warning: (vsim-2685) [TFMPC] - Too few port connections for 'CLA_A'.  Expected 5, found 4.
#    Time: 0 ps  Iteration: 0  Instance: /TIP_EMAMBA_V1_SIM/i_platform/my_emamba_ip/eMamba/MAMBA_2nd/SSM/SSM_Preprocess/Linear_expand_dBC_B/matMult_40_wo_bias/Stage_A[10]/CLA_A File: /home/sanghun/RVX/rvx-tutorials/platform/tip_emamba_v1/user/rtl/src/matMult_40_wo_bias.sv Line: 59
# ** Warning: (vsim-3015) [PCDPC] - Port size (1) does not match connection size (32) for port 'carryIn'. The port definition is at: /home/sanghun/RVX/rvx-tutorials/platform/tip_emamba_v1/user/rtl/src/CLA_32.sv(26).
#    Time: 0 ps  Iteration: 0  Instance: /TIP_EMAMBA_V1_SIM/i_platform/my_emamba_ip/eMamba/MAMBA_2nd/SSM/SSM_Preprocess/Linear_expand_dBC_B/matMult_40_wo_bias/Stage_A[10]/CLA_A File: /home/sanghun/RVX/rvx-tutorials/platform/tip_emamba_v1/user/rtl/src/matMult_40_wo_bias.sv Line: 59
# ** Warning: (vsim-3722) /home/sanghun/RVX/rvx-tutorials/platform/tip_emamba_v1/user/rtl/src/matMult_40_wo_bias.sv(59): [TFMPC] - Missing connection for port 'carryOut'.
# ** Warning: (vsim-2685) [TFMPC] - Too few port connections for 'CLA_A'.  Expected 5, found 4.
#    Time: 0 ps  Iteration: 0  Instance: /TIP_EMAMBA_V1_SIM/i_platform/my_emamba_ip/eMamba/MAMBA_2nd/SSM/SSM_Preprocess/Linear_expand_dBC_B/matMult_40_wo_bias/Stage_A[11]/CLA_A File: /home/sanghun/RVX/rvx-tutorials/platform/tip_emamba_v1/user/rtl/src/matMult_40_wo_bias.sv Line: 59
# ** Warning: (vsim-3015) [PCDPC] - Port size (1) does not match connection size (32) for port 'carryIn'. The port definition is at: /home/sanghun/RVX/rvx-tutorials/platform/tip_emamba_v1/user/rtl/src/CLA_32.sv(26).
#    Time: 0 ps  Iteration: 0  Instance: /TIP_EMAMBA_V1_SIM/i_platform/my_emamba_ip/eMamba/MAMBA_2nd/SSM/SSM_Preprocess/Linear_expand_dBC_B/matMult_40_wo_bias/Stage_A[11]/CLA_A File: /home/sanghun/RVX/rvx-tutorials/platform/tip_emamba_v1/user/rtl/src/matMult_40_wo_bias.sv Line: 59
# ** Warning: (vsim-3722) /home/sanghun/RVX/rvx-tutorials/platform/tip_emamba_v1/user/rtl/src/matMult_40_wo_bias.sv(59): [TFMPC] - Missing connection for port 'carryOut'.
# ** Warning: (vsim-2685) [TFMPC] - Too few port connections for 'CLA_A'.  Expected 5, found 4.
#    Time: 0 ps  Iteration: 0  Instance: /TIP_EMAMBA_V1_SIM/i_platform/my_emamba_ip/eMamba/MAMBA_2nd/SSM/SSM_Preprocess/Linear_expand_dBC_B/matMult_40_wo_bias/Stage_A[12]/CLA_A File: /home/sanghun/RVX/rvx-tutorials/platform/tip_emamba_v1/user/rtl/src/matMult_40_wo_bias.sv Line: 59
# ** Warning: (vsim-3015) [PCDPC] - Port size (1) does not match connection size (32) for port 'carryIn'. The port definition is at: /home/sanghun/RVX/rvx-tutorials/platform/tip_emamba_v1/user/rtl/src/CLA_32.sv(26).
#    Time: 0 ps  Iteration: 0  Instance: /TIP_EMAMBA_V1_SIM/i_platform/my_emamba_ip/eMamba/MAMBA_2nd/SSM/SSM_Preprocess/Linear_expand_dBC_B/matMult_40_wo_bias/Stage_A[12]/CLA_A File: /home/sanghun/RVX/rvx-tutorials/platform/tip_emamba_v1/user/rtl/src/matMult_40_wo_bias.sv Line: 59
# ** Warning: (vsim-3722) /home/sanghun/RVX/rvx-tutorials/platform/tip_emamba_v1/user/rtl/src/matMult_40_wo_bias.sv(59): [TFMPC] - Missing connection for port 'carryOut'.
# ** Warning: (vsim-2685) [TFMPC] - Too few port connections for 'CLA_A'.  Expected 5, found 4.
#    Time: 0 ps  Iteration: 0  Instance: /TIP_EMAMBA_V1_SIM/i_platform/my_emamba_ip/eMamba/MAMBA_2nd/SSM/SSM_Preprocess/Linear_expand_dBC_B/matMult_40_wo_bias/Stage_A[13]/CLA_A File: /home/sanghun/RVX/rvx-tutorials/platform/tip_emamba_v1/user/rtl/src/matMult_40_wo_bias.sv Line: 59
# ** Warning: (vsim-3015) [PCDPC] - Port size (1) does not match connection size (32) for port 'carryIn'. The port definition is at: /home/sanghun/RVX/rvx-tutorials/platform/tip_emamba_v1/user/rtl/src/CLA_32.sv(26).
#    Time: 0 ps  Iteration: 0  Instance: /TIP_EMAMBA_V1_SIM/i_platform/my_emamba_ip/eMamba/MAMBA_2nd/SSM/SSM_Preprocess/Linear_expand_dBC_B/matMult_40_wo_bias/Stage_A[13]/CLA_A File: /home/sanghun/RVX/rvx-tutorials/platform/tip_emamba_v1/user/rtl/src/matMult_40_wo_bias.sv Line: 59
# ** Warning: (vsim-3722) /home/sanghun/RVX/rvx-tutorials/platform/tip_emamba_v1/user/rtl/src/matMult_40_wo_bias.sv(59): [TFMPC] - Missing connection for port 'carryOut'.
# ** Warning: (vsim-2685) [TFMPC] - Too few port connections for 'CLA_A'.  Expected 5, found 4.
#    Time: 0 ps  Iteration: 0  Instance: /TIP_EMAMBA_V1_SIM/i_platform/my_emamba_ip/eMamba/MAMBA_2nd/SSM/SSM_Preprocess/Linear_expand_dBC_B/matMult_40_wo_bias/Stage_A[14]/CLA_A File: /home/sanghun/RVX/rvx-tutorials/platform/tip_emamba_v1/user/rtl/src/matMult_40_wo_bias.sv Line: 59
# ** Warning: (vsim-3015) [PCDPC] - Port size (1) does not match connection size (32) for port 'carryIn'. The port definition is at: /home/sanghun/RVX/rvx-tutorials/platform/tip_emamba_v1/user/rtl/src/CLA_32.sv(26).
#    Time: 0 ps  Iteration: 0  Instance: /TIP_EMAMBA_V1_SIM/i_platform/my_emamba_ip/eMamba/MAMBA_2nd/SSM/SSM_Preprocess/Linear_expand_dBC_B/matMult_40_wo_bias/Stage_A[14]/CLA_A File: /home/sanghun/RVX/rvx-tutorials/platform/tip_emamba_v1/user/rtl/src/matMult_40_wo_bias.sv Line: 59
# ** Warning: (vsim-3722) /home/sanghun/RVX/rvx-tutorials/platform/tip_emamba_v1/user/rtl/src/matMult_40_wo_bias.sv(59): [TFMPC] - Missing connection for port 'carryOut'.
# ** Warning: (vsim-2685) [TFMPC] - Too few port connections for 'CLA_A'.  Expected 5, found 4.
#    Time: 0 ps  Iteration: 0  Instance: /TIP_EMAMBA_V1_SIM/i_platform/my_emamba_ip/eMamba/MAMBA_2nd/SSM/SSM_Preprocess/Linear_expand_dBC_B/matMult_40_wo_bias/Stage_A[15]/CLA_A File: /home/sanghun/RVX/rvx-tutorials/platform/tip_emamba_v1/user/rtl/src/matMult_40_wo_bias.sv Line: 59
# ** Warning: (vsim-3015) [PCDPC] - Port size (1) does not match connection size (32) for port 'carryIn'. The port definition is at: /home/sanghun/RVX/rvx-tutorials/platform/tip_emamba_v1/user/rtl/src/CLA_32.sv(26).
#    Time: 0 ps  Iteration: 0  Instance: /TIP_EMAMBA_V1_SIM/i_platform/my_emamba_ip/eMamba/MAMBA_2nd/SSM/SSM_Preprocess/Linear_expand_dBC_B/matMult_40_wo_bias/Stage_A[15]/CLA_A File: /home/sanghun/RVX/rvx-tutorials/platform/tip_emamba_v1/user/rtl/src/matMult_40_wo_bias.sv Line: 59
# ** Warning: (vsim-3722) /home/sanghun/RVX/rvx-tutorials/platform/tip_emamba_v1/user/rtl/src/matMult_40_wo_bias.sv(59): [TFMPC] - Missing connection for port 'carryOut'.
# ** Warning: (vsim-2685) [TFMPC] - Too few port connections for 'CLA_A'.  Expected 5, found 4.
#    Time: 0 ps  Iteration: 0  Instance: /TIP_EMAMBA_V1_SIM/i_platform/my_emamba_ip/eMamba/MAMBA_2nd/SSM/SSM_Preprocess/Linear_expand_dBC_B/matMult_40_wo_bias/Stage_A[16]/CLA_A File: /home/sanghun/RVX/rvx-tutorials/platform/tip_emamba_v1/user/rtl/src/matMult_40_wo_bias.sv Line: 59
# ** Warning: (vsim-3015) [PCDPC] - Port size (1) does not match connection size (32) for port 'carryIn'. The port definition is at: /home/sanghun/RVX/rvx-tutorials/platform/tip_emamba_v1/user/rtl/src/CLA_32.sv(26).
#    Time: 0 ps  Iteration: 0  Instance: /TIP_EMAMBA_V1_SIM/i_platform/my_emamba_ip/eMamba/MAMBA_2nd/SSM/SSM_Preprocess/Linear_expand_dBC_B/matMult_40_wo_bias/Stage_A[16]/CLA_A File: /home/sanghun/RVX/rvx-tutorials/platform/tip_emamba_v1/user/rtl/src/matMult_40_wo_bias.sv Line: 59
# ** Warning: (vsim-3722) /home/sanghun/RVX/rvx-tutorials/platform/tip_emamba_v1/user/rtl/src/matMult_40_wo_bias.sv(59): [TFMPC] - Missing connection for port 'carryOut'.
# ** Warning: (vsim-2685) [TFMPC] - Too few port connections for 'CLA_A'.  Expected 5, found 4.
#    Time: 0 ps  Iteration: 0  Instance: /TIP_EMAMBA_V1_SIM/i_platform/my_emamba_ip/eMamba/MAMBA_2nd/SSM/SSM_Preprocess/Linear_expand_dBC_B/matMult_40_wo_bias/Stage_A[17]/CLA_A File: /home/sanghun/RVX/rvx-tutorials/platform/tip_emamba_v1/user/rtl/src/matMult_40_wo_bias.sv Line: 59
# ** Warning: (vsim-3015) [PCDPC] - Port size (1) does not match connection size (32) for port 'carryIn'. The port definition is at: /home/sanghun/RVX/rvx-tutorials/platform/tip_emamba_v1/user/rtl/src/CLA_32.sv(26).
#    Time: 0 ps  Iteration: 0  Instance: /TIP_EMAMBA_V1_SIM/i_platform/my_emamba_ip/eMamba/MAMBA_2nd/SSM/SSM_Preprocess/Linear_expand_dBC_B/matMult_40_wo_bias/Stage_A[17]/CLA_A File: /home/sanghun/RVX/rvx-tutorials/platform/tip_emamba_v1/user/rtl/src/matMult_40_wo_bias.sv Line: 59
# ** Warning: (vsim-3722) /home/sanghun/RVX/rvx-tutorials/platform/tip_emamba_v1/user/rtl/src/matMult_40_wo_bias.sv(59): [TFMPC] - Missing connection for port 'carryOut'.
# ** Warning: (vsim-2685) [TFMPC] - Too few port connections for 'CLA_A'.  Expected 5, found 4.
#    Time: 0 ps  Iteration: 0  Instance: /TIP_EMAMBA_V1_SIM/i_platform/my_emamba_ip/eMamba/MAMBA_2nd/SSM/SSM_Preprocess/Linear_expand_dBC_B/matMult_40_wo_bias/Stage_A[18]/CLA_A File: /home/sanghun/RVX/rvx-tutorials/platform/tip_emamba_v1/user/rtl/src/matMult_40_wo_bias.sv Line: 59
# ** Warning: (vsim-3015) [PCDPC] - Port size (1) does not match connection size (32) for port 'carryIn'. The port definition is at: /home/sanghun/RVX/rvx-tutorials/platform/tip_emamba_v1/user/rtl/src/CLA_32.sv(26).
#    Time: 0 ps  Iteration: 0  Instance: /TIP_EMAMBA_V1_SIM/i_platform/my_emamba_ip/eMamba/MAMBA_2nd/SSM/SSM_Preprocess/Linear_expand_dBC_B/matMult_40_wo_bias/Stage_A[18]/CLA_A File: /home/sanghun/RVX/rvx-tutorials/platform/tip_emamba_v1/user/rtl/src/matMult_40_wo_bias.sv Line: 59
# ** Warning: (vsim-3722) /home/sanghun/RVX/rvx-tutorials/platform/tip_emamba_v1/user/rtl/src/matMult_40_wo_bias.sv(59): [TFMPC] - Missing connection for port 'carryOut'.
# ** Warning: (vsim-2685) [TFMPC] - Too few port connections for 'CLA_A'.  Expected 5, found 4.
#    Time: 0 ps  Iteration: 0  Instance: /TIP_EMAMBA_V1_SIM/i_platform/my_emamba_ip/eMamba/MAMBA_2nd/SSM/SSM_Preprocess/Linear_expand_dBC_B/matMult_40_wo_bias/Stage_A[19]/CLA_A File: /home/sanghun/RVX/rvx-tutorials/platform/tip_emamba_v1/user/rtl/src/matMult_40_wo_bias.sv Line: 59
# ** Warning: (vsim-3015) [PCDPC] - Port size (1) does not match connection size (32) for port 'carryIn'. The port definition is at: /home/sanghun/RVX/rvx-tutorials/platform/tip_emamba_v1/user/rtl/src/CLA_32.sv(26).
#    Time: 0 ps  Iteration: 0  Instance: /TIP_EMAMBA_V1_SIM/i_platform/my_emamba_ip/eMamba/MAMBA_2nd/SSM/SSM_Preprocess/Linear_expand_dBC_B/matMult_40_wo_bias/Stage_A[19]/CLA_A File: /home/sanghun/RVX/rvx-tutorials/platform/tip_emamba_v1/user/rtl/src/matMult_40_wo_bias.sv Line: 59
# ** Warning: (vsim-3722) /home/sanghun/RVX/rvx-tutorials/platform/tip_emamba_v1/user/rtl/src/matMult_40_wo_bias.sv(59): [TFMPC] - Missing connection for port 'carryOut'.
# ** Warning: (vsim-2685) [TFMPC] - Too few port connections for 'CLA_B'.  Expected 5, found 4.
#    Time: 0 ps  Iteration: 0  Instance: /TIP_EMAMBA_V1_SIM/i_platform/my_emamba_ip/eMamba/MAMBA_2nd/SSM/SSM_Preprocess/Linear_expand_dBC_B/matMult_40_wo_bias/Stage_B[0]/CLA_B File: /home/sanghun/RVX/rvx-tutorials/platform/tip_emamba_v1/user/rtl/src/matMult_40_wo_bias.sv Line: 69
# ** Warning: (vsim-3015) [PCDPC] - Port size (1) does not match connection size (32) for port 'carryIn'. The port definition is at: /home/sanghun/RVX/rvx-tutorials/platform/tip_emamba_v1/user/rtl/src/CLA_32.sv(26).
#    Time: 0 ps  Iteration: 0  Instance: /TIP_EMAMBA_V1_SIM/i_platform/my_emamba_ip/eMamba/MAMBA_2nd/SSM/SSM_Preprocess/Linear_expand_dBC_B/matMult_40_wo_bias/Stage_B[0]/CLA_B File: /home/sanghun/RVX/rvx-tutorials/platform/tip_emamba_v1/user/rtl/src/matMult_40_wo_bias.sv Line: 69
# ** Warning: (vsim-3722) /home/sanghun/RVX/rvx-tutorials/platform/tip_emamba_v1/user/rtl/src/matMult_40_wo_bias.sv(69): [TFMPC] - Missing connection for port 'carryOut'.
# ** Warning: (vsim-2685) [TFMPC] - Too few port connections for 'CLA_B'.  Expected 5, found 4.
#    Time: 0 ps  Iteration: 0  Instance: /TIP_EMAMBA_V1_SIM/i_platform/my_emamba_ip/eMamba/MAMBA_2nd/SSM/SSM_Preprocess/Linear_expand_dBC_B/matMult_40_wo_bias/Stage_B[1]/CLA_B File: /home/sanghun/RVX/rvx-tutorials/platform/tip_emamba_v1/user/rtl/src/matMult_40_wo_bias.sv Line: 69
# ** Warning: (vsim-3015) [PCDPC] - Port size (1) does not match connection size (32) for port 'carryIn'. The port definition is at: /home/sanghun/RVX/rvx-tutorials/platform/tip_emamba_v1/user/rtl/src/CLA_32.sv(26).
#    Time: 0 ps  Iteration: 0  Instance: /TIP_EMAMBA_V1_SIM/i_platform/my_emamba_ip/eMamba/MAMBA_2nd/SSM/SSM_Preprocess/Linear_expand_dBC_B/matMult_40_wo_bias/Stage_B[1]/CLA_B File: /home/sanghun/RVX/rvx-tutorials/platform/tip_emamba_v1/user/rtl/src/matMult_40_wo_bias.sv Line: 69
# ** Warning: (vsim-3722) /home/sanghun/RVX/rvx-tutorials/platform/tip_emamba_v1/user/rtl/src/matMult_40_wo_bias.sv(69): [TFMPC] - Missing connection for port 'carryOut'.
# ** Warning: (vsim-2685) [TFMPC] - Too few port connections for 'CLA_B'.  Expected 5, found 4.
#    Time: 0 ps  Iteration: 0  Instance: /TIP_EMAMBA_V1_SIM/i_platform/my_emamba_ip/eMamba/MAMBA_2nd/SSM/SSM_Preprocess/Linear_expand_dBC_B/matMult_40_wo_bias/Stage_B[2]/CLA_B File: /home/sanghun/RVX/rvx-tutorials/platform/tip_emamba_v1/user/rtl/src/matMult_40_wo_bias.sv Line: 69
# ** Warning: (vsim-3015) [PCDPC] - Port size (1) does not match connection size (32) for port 'carryIn'. The port definition is at: /home/sanghun/RVX/rvx-tutorials/platform/tip_emamba_v1/user/rtl/src/CLA_32.sv(26).
#    Time: 0 ps  Iteration: 0  Instance: /TIP_EMAMBA_V1_SIM/i_platform/my_emamba_ip/eMamba/MAMBA_2nd/SSM/SSM_Preprocess/Linear_expand_dBC_B/matMult_40_wo_bias/Stage_B[2]/CLA_B File: /home/sanghun/RVX/rvx-tutorials/platform/tip_emamba_v1/user/rtl/src/matMult_40_wo_bias.sv Line: 69
# ** Warning: (vsim-3722) /home/sanghun/RVX/rvx-tutorials/platform/tip_emamba_v1/user/rtl/src/matMult_40_wo_bias.sv(69): [TFMPC] - Missing connection for port 'carryOut'.
# ** Warning: (vsim-2685) [TFMPC] - Too few port connections for 'CLA_B'.  Expected 5, found 4.
#    Time: 0 ps  Iteration: 0  Instance: /TIP_EMAMBA_V1_SIM/i_platform/my_emamba_ip/eMamba/MAMBA_2nd/SSM/SSM_Preprocess/Linear_expand_dBC_B/matMult_40_wo_bias/Stage_B[3]/CLA_B File: /home/sanghun/RVX/rvx-tutorials/platform/tip_emamba_v1/user/rtl/src/matMult_40_wo_bias.sv Line: 69
# ** Warning: (vsim-3015) [PCDPC] - Port size (1) does not match connection size (32) for port 'carryIn'. The port definition is at: /home/sanghun/RVX/rvx-tutorials/platform/tip_emamba_v1/user/rtl/src/CLA_32.sv(26).
#    Time: 0 ps  Iteration: 0  Instance: /TIP_EMAMBA_V1_SIM/i_platform/my_emamba_ip/eMamba/MAMBA_2nd/SSM/SSM_Preprocess/Linear_expand_dBC_B/matMult_40_wo_bias/Stage_B[3]/CLA_B File: /home/sanghun/RVX/rvx-tutorials/platform/tip_emamba_v1/user/rtl/src/matMult_40_wo_bias.sv Line: 69
# ** Warning: (vsim-3722) /home/sanghun/RVX/rvx-tutorials/platform/tip_emamba_v1/user/rtl/src/matMult_40_wo_bias.sv(69): [TFMPC] - Missing connection for port 'carryOut'.
# ** Warning: (vsim-2685) [TFMPC] - Too few port connections for 'CLA_B'.  Expected 5, found 4.
#    Time: 0 ps  Iteration: 0  Instance: /TIP_EMAMBA_V1_SIM/i_platform/my_emamba_ip/eMamba/MAMBA_2nd/SSM/SSM_Preprocess/Linear_expand_dBC_B/matMult_40_wo_bias/Stage_B[4]/CLA_B File: /home/sanghun/RVX/rvx-tutorials/platform/tip_emamba_v1/user/rtl/src/matMult_40_wo_bias.sv Line: 69
# ** Warning: (vsim-3015) [PCDPC] - Port size (1) does not match connection size (32) for port 'carryIn'. The port definition is at: /home/sanghun/RVX/rvx-tutorials/platform/tip_emamba_v1/user/rtl/src/CLA_32.sv(26).
#    Time: 0 ps  Iteration: 0  Instance: /TIP_EMAMBA_V1_SIM/i_platform/my_emamba_ip/eMamba/MAMBA_2nd/SSM/SSM_Preprocess/Linear_expand_dBC_B/matMult_40_wo_bias/Stage_B[4]/CLA_B File: /home/sanghun/RVX/rvx-tutorials/platform/tip_emamba_v1/user/rtl/src/matMult_40_wo_bias.sv Line: 69
# ** Warning: (vsim-3722) /home/sanghun/RVX/rvx-tutorials/platform/tip_emamba_v1/user/rtl/src/matMult_40_wo_bias.sv(69): [TFMPC] - Missing connection for port 'carryOut'.
# ** Warning: (vsim-2685) [TFMPC] - Too few port connections for 'CLA_B'.  Expected 5, found 4.
#    Time: 0 ps  Iteration: 0  Instance: /TIP_EMAMBA_V1_SIM/i_platform/my_emamba_ip/eMamba/MAMBA_2nd/SSM/SSM_Preprocess/Linear_expand_dBC_B/matMult_40_wo_bias/Stage_B[5]/CLA_B File: /home/sanghun/RVX/rvx-tutorials/platform/tip_emamba_v1/user/rtl/src/matMult_40_wo_bias.sv Line: 69
# ** Warning: (vsim-3015) [PCDPC] - Port size (1) does not match connection size (32) for port 'carryIn'. The port definition is at: /home/sanghun/RVX/rvx-tutorials/platform/tip_emamba_v1/user/rtl/src/CLA_32.sv(26).
#    Time: 0 ps  Iteration: 0  Instance: /TIP_EMAMBA_V1_SIM/i_platform/my_emamba_ip/eMamba/MAMBA_2nd/SSM/SSM_Preprocess/Linear_expand_dBC_B/matMult_40_wo_bias/Stage_B[5]/CLA_B File: /home/sanghun/RVX/rvx-tutorials/platform/tip_emamba_v1/user/rtl/src/matMult_40_wo_bias.sv Line: 69
# ** Warning: (vsim-3722) /home/sanghun/RVX/rvx-tutorials/platform/tip_emamba_v1/user/rtl/src/matMult_40_wo_bias.sv(69): [TFMPC] - Missing connection for port 'carryOut'.
# ** Warning: (vsim-2685) [TFMPC] - Too few port connections for 'CLA_B'.  Expected 5, found 4.
#    Time: 0 ps  Iteration: 0  Instance: /TIP_EMAMBA_V1_SIM/i_platform/my_emamba_ip/eMamba/MAMBA_2nd/SSM/SSM_Preprocess/Linear_expand_dBC_B/matMult_40_wo_bias/Stage_B[6]/CLA_B File: /home/sanghun/RVX/rvx-tutorials/platform/tip_emamba_v1/user/rtl/src/matMult_40_wo_bias.sv Line: 69
# ** Warning: (vsim-3015) [PCDPC] - Port size (1) does not match connection size (32) for port 'carryIn'. The port definition is at: /home/sanghun/RVX/rvx-tutorials/platform/tip_emamba_v1/user/rtl/src/CLA_32.sv(26).
#    Time: 0 ps  Iteration: 0  Instance: /TIP_EMAMBA_V1_SIM/i_platform/my_emamba_ip/eMamba/MAMBA_2nd/SSM/SSM_Preprocess/Linear_expand_dBC_B/matMult_40_wo_bias/Stage_B[6]/CLA_B File: /home/sanghun/RVX/rvx-tutorials/platform/tip_emamba_v1/user/rtl/src/matMult_40_wo_bias.sv Line: 69
# ** Warning: (vsim-3722) /home/sanghun/RVX/rvx-tutorials/platform/tip_emamba_v1/user/rtl/src/matMult_40_wo_bias.sv(69): [TFMPC] - Missing connection for port 'carryOut'.
# ** Warning: (vsim-2685) [TFMPC] - Too few port connections for 'CLA_B'.  Expected 5, found 4.
#    Time: 0 ps  Iteration: 0  Instance: /TIP_EMAMBA_V1_SIM/i_platform/my_emamba_ip/eMamba/MAMBA_2nd/SSM/SSM_Preprocess/Linear_expand_dBC_B/matMult_40_wo_bias/Stage_B[7]/CLA_B File: /home/sanghun/RVX/rvx-tutorials/platform/tip_emamba_v1/user/rtl/src/matMult_40_wo_bias.sv Line: 69
# ** Warning: (vsim-3015) [PCDPC] - Port size (1) does not match connection size (32) for port 'carryIn'. The port definition is at: /home/sanghun/RVX/rvx-tutorials/platform/tip_emamba_v1/user/rtl/src/CLA_32.sv(26).
#    Time: 0 ps  Iteration: 0  Instance: /TIP_EMAMBA_V1_SIM/i_platform/my_emamba_ip/eMamba/MAMBA_2nd/SSM/SSM_Preprocess/Linear_expand_dBC_B/matMult_40_wo_bias/Stage_B[7]/CLA_B File: /home/sanghun/RVX/rvx-tutorials/platform/tip_emamba_v1/user/rtl/src/matMult_40_wo_bias.sv Line: 69
# ** Warning: (vsim-3722) /home/sanghun/RVX/rvx-tutorials/platform/tip_emamba_v1/user/rtl/src/matMult_40_wo_bias.sv(69): [TFMPC] - Missing connection for port 'carryOut'.
# ** Warning: (vsim-2685) [TFMPC] - Too few port connections for 'CLA_B'.  Expected 5, found 4.
#    Time: 0 ps  Iteration: 0  Instance: /TIP_EMAMBA_V1_SIM/i_platform/my_emamba_ip/eMamba/MAMBA_2nd/SSM/SSM_Preprocess/Linear_expand_dBC_B/matMult_40_wo_bias/Stage_B[8]/CLA_B File: /home/sanghun/RVX/rvx-tutorials/platform/tip_emamba_v1/user/rtl/src/matMult_40_wo_bias.sv Line: 69
# ** Warning: (vsim-3015) [PCDPC] - Port size (1) does not match connection size (32) for port 'carryIn'. The port definition is at: /home/sanghun/RVX/rvx-tutorials/platform/tip_emamba_v1/user/rtl/src/CLA_32.sv(26).
#    Time: 0 ps  Iteration: 0  Instance: /TIP_EMAMBA_V1_SIM/i_platform/my_emamba_ip/eMamba/MAMBA_2nd/SSM/SSM_Preprocess/Linear_expand_dBC_B/matMult_40_wo_bias/Stage_B[8]/CLA_B File: /home/sanghun/RVX/rvx-tutorials/platform/tip_emamba_v1/user/rtl/src/matMult_40_wo_bias.sv Line: 69
# ** Warning: (vsim-3722) /home/sanghun/RVX/rvx-tutorials/platform/tip_emamba_v1/user/rtl/src/matMult_40_wo_bias.sv(69): [TFMPC] - Missing connection for port 'carryOut'.
# ** Warning: (vsim-2685) [TFMPC] - Too few port connections for 'CLA_B'.  Expected 5, found 4.
#    Time: 0 ps  Iteration: 0  Instance: /TIP_EMAMBA_V1_SIM/i_platform/my_emamba_ip/eMamba/MAMBA_2nd/SSM/SSM_Preprocess/Linear_expand_dBC_B/matMult_40_wo_bias/Stage_B[9]/CLA_B File: /home/sanghun/RVX/rvx-tutorials/platform/tip_emamba_v1/user/rtl/src/matMult_40_wo_bias.sv Line: 69
# ** Warning: (vsim-3015) [PCDPC] - Port size (1) does not match connection size (32) for port 'carryIn'. The port definition is at: /home/sanghun/RVX/rvx-tutorials/platform/tip_emamba_v1/user/rtl/src/CLA_32.sv(26).
#    Time: 0 ps  Iteration: 0  Instance: /TIP_EMAMBA_V1_SIM/i_platform/my_emamba_ip/eMamba/MAMBA_2nd/SSM/SSM_Preprocess/Linear_expand_dBC_B/matMult_40_wo_bias/Stage_B[9]/CLA_B File: /home/sanghun/RVX/rvx-tutorials/platform/tip_emamba_v1/user/rtl/src/matMult_40_wo_bias.sv Line: 69
# ** Warning: (vsim-3722) /home/sanghun/RVX/rvx-tutorials/platform/tip_emamba_v1/user/rtl/src/matMult_40_wo_bias.sv(69): [TFMPC] - Missing connection for port 'carryOut'.
# ** Warning: (vsim-2685) [TFMPC] - Too few port connections for 'CLA_C'.  Expected 5, found 4.
#    Time: 0 ps  Iteration: 0  Instance: /TIP_EMAMBA_V1_SIM/i_platform/my_emamba_ip/eMamba/MAMBA_2nd/SSM/SSM_Preprocess/Linear_expand_dBC_B/matMult_40_wo_bias/Stage_C[0]/CLA_C File: /home/sanghun/RVX/rvx-tutorials/platform/tip_emamba_v1/user/rtl/src/matMult_40_wo_bias.sv Line: 79
# ** Warning: (vsim-3015) [PCDPC] - Port size (1) does not match connection size (32) for port 'carryIn'. The port definition is at: /home/sanghun/RVX/rvx-tutorials/platform/tip_emamba_v1/user/rtl/src/CLA_32.sv(26).
#    Time: 0 ps  Iteration: 0  Instance: /TIP_EMAMBA_V1_SIM/i_platform/my_emamba_ip/eMamba/MAMBA_2nd/SSM/SSM_Preprocess/Linear_expand_dBC_B/matMult_40_wo_bias/Stage_C[0]/CLA_C File: /home/sanghun/RVX/rvx-tutorials/platform/tip_emamba_v1/user/rtl/src/matMult_40_wo_bias.sv Line: 79
# ** Warning: (vsim-3722) /home/sanghun/RVX/rvx-tutorials/platform/tip_emamba_v1/user/rtl/src/matMult_40_wo_bias.sv(79): [TFMPC] - Missing connection for port 'carryOut'.
# ** Warning: (vsim-2685) [TFMPC] - Too few port connections for 'CLA_C'.  Expected 5, found 4.
#    Time: 0 ps  Iteration: 0  Instance: /TIP_EMAMBA_V1_SIM/i_platform/my_emamba_ip/eMamba/MAMBA_2nd/SSM/SSM_Preprocess/Linear_expand_dBC_B/matMult_40_wo_bias/Stage_C[1]/CLA_C File: /home/sanghun/RVX/rvx-tutorials/platform/tip_emamba_v1/user/rtl/src/matMult_40_wo_bias.sv Line: 79
# ** Warning: (vsim-3015) [PCDPC] - Port size (1) does not match connection size (32) for port 'carryIn'. The port definition is at: /home/sanghun/RVX/rvx-tutorials/platform/tip_emamba_v1/user/rtl/src/CLA_32.sv(26).
#    Time: 0 ps  Iteration: 0  Instance: /TIP_EMAMBA_V1_SIM/i_platform/my_emamba_ip/eMamba/MAMBA_2nd/SSM/SSM_Preprocess/Linear_expand_dBC_B/matMult_40_wo_bias/Stage_C[1]/CLA_C File: /home/sanghun/RVX/rvx-tutorials/platform/tip_emamba_v1/user/rtl/src/matMult_40_wo_bias.sv Line: 79
# ** Warning: (vsim-3722) /home/sanghun/RVX/rvx-tutorials/platform/tip_emamba_v1/user/rtl/src/matMult_40_wo_bias.sv(79): [TFMPC] - Missing connection for port 'carryOut'.
# ** Warning: (vsim-2685) [TFMPC] - Too few port connections for 'CLA_C'.  Expected 5, found 4.
#    Time: 0 ps  Iteration: 0  Instance: /TIP_EMAMBA_V1_SIM/i_platform/my_emamba_ip/eMamba/MAMBA_2nd/SSM/SSM_Preprocess/Linear_expand_dBC_B/matMult_40_wo_bias/Stage_C[2]/CLA_C File: /home/sanghun/RVX/rvx-tutorials/platform/tip_emamba_v1/user/rtl/src/matMult_40_wo_bias.sv Line: 79
# ** Warning: (vsim-3015) [PCDPC] - Port size (1) does not match connection size (32) for port 'carryIn'. The port definition is at: /home/sanghun/RVX/rvx-tutorials/platform/tip_emamba_v1/user/rtl/src/CLA_32.sv(26).
#    Time: 0 ps  Iteration: 0  Instance: /TIP_EMAMBA_V1_SIM/i_platform/my_emamba_ip/eMamba/MAMBA_2nd/SSM/SSM_Preprocess/Linear_expand_dBC_B/matMult_40_wo_bias/Stage_C[2]/CLA_C File: /home/sanghun/RVX/rvx-tutorials/platform/tip_emamba_v1/user/rtl/src/matMult_40_wo_bias.sv Line: 79
# ** Warning: (vsim-3722) /home/sanghun/RVX/rvx-tutorials/platform/tip_emamba_v1/user/rtl/src/matMult_40_wo_bias.sv(79): [TFMPC] - Missing connection for port 'carryOut'.
# ** Warning: (vsim-2685) [TFMPC] - Too few port connections for 'CLA_C'.  Expected 5, found 4.
#    Time: 0 ps  Iteration: 0  Instance: /TIP_EMAMBA_V1_SIM/i_platform/my_emamba_ip/eMamba/MAMBA_2nd/SSM/SSM_Preprocess/Linear_expand_dBC_B/matMult_40_wo_bias/Stage_C[3]/CLA_C File: /home/sanghun/RVX/rvx-tutorials/platform/tip_emamba_v1/user/rtl/src/matMult_40_wo_bias.sv Line: 79
# ** Warning: (vsim-3015) [PCDPC] - Port size (1) does not match connection size (32) for port 'carryIn'. The port definition is at: /home/sanghun/RVX/rvx-tutorials/platform/tip_emamba_v1/user/rtl/src/CLA_32.sv(26).
#    Time: 0 ps  Iteration: 0  Instance: /TIP_EMAMBA_V1_SIM/i_platform/my_emamba_ip/eMamba/MAMBA_2nd/SSM/SSM_Preprocess/Linear_expand_dBC_B/matMult_40_wo_bias/Stage_C[3]/CLA_C File: /home/sanghun/RVX/rvx-tutorials/platform/tip_emamba_v1/user/rtl/src/matMult_40_wo_bias.sv Line: 79
# ** Warning: (vsim-3722) /home/sanghun/RVX/rvx-tutorials/platform/tip_emamba_v1/user/rtl/src/matMult_40_wo_bias.sv(79): [TFMPC] - Missing connection for port 'carryOut'.
# ** Warning: (vsim-2685) [TFMPC] - Too few port connections for 'CLA_C'.  Expected 5, found 4.
#    Time: 0 ps  Iteration: 0  Instance: /TIP_EMAMBA_V1_SIM/i_platform/my_emamba_ip/eMamba/MAMBA_2nd/SSM/SSM_Preprocess/Linear_expand_dBC_B/matMult_40_wo_bias/Stage_C[4]/CLA_C File: /home/sanghun/RVX/rvx-tutorials/platform/tip_emamba_v1/user/rtl/src/matMult_40_wo_bias.sv Line: 79
# ** Warning: (vsim-3015) [PCDPC] - Port size (1) does not match connection size (32) for port 'carryIn'. The port definition is at: /home/sanghun/RVX/rvx-tutorials/platform/tip_emamba_v1/user/rtl/src/CLA_32.sv(26).
#    Time: 0 ps  Iteration: 0  Instance: /TIP_EMAMBA_V1_SIM/i_platform/my_emamba_ip/eMamba/MAMBA_2nd/SSM/SSM_Preprocess/Linear_expand_dBC_B/matMult_40_wo_bias/Stage_C[4]/CLA_C File: /home/sanghun/RVX/rvx-tutorials/platform/tip_emamba_v1/user/rtl/src/matMult_40_wo_bias.sv Line: 79
# ** Warning: (vsim-3722) /home/sanghun/RVX/rvx-tutorials/platform/tip_emamba_v1/user/rtl/src/matMult_40_wo_bias.sv(79): [TFMPC] - Missing connection for port 'carryOut'.
# ** Warning: (vsim-2685) [TFMPC] - Too few port connections for 'CLA_D'.  Expected 5, found 4.
#    Time: 0 ps  Iteration: 0  Instance: /TIP_EMAMBA_V1_SIM/i_platform/my_emamba_ip/eMamba/MAMBA_2nd/SSM/SSM_Preprocess/Linear_expand_dBC_B/matMult_40_wo_bias/Stage_D[0]/CLA_D File: /home/sanghun/RVX/rvx-tutorials/platform/tip_emamba_v1/user/rtl/src/matMult_40_wo_bias.sv Line: 89
# ** Warning: (vsim-3015) [PCDPC] - Port size (1) does not match connection size (32) for port 'carryIn'. The port definition is at: /home/sanghun/RVX/rvx-tutorials/platform/tip_emamba_v1/user/rtl/src/CLA_32.sv(26).
#    Time: 0 ps  Iteration: 0  Instance: /TIP_EMAMBA_V1_SIM/i_platform/my_emamba_ip/eMamba/MAMBA_2nd/SSM/SSM_Preprocess/Linear_expand_dBC_B/matMult_40_wo_bias/Stage_D[0]/CLA_D File: /home/sanghun/RVX/rvx-tutorials/platform/tip_emamba_v1/user/rtl/src/matMult_40_wo_bias.sv Line: 89
# ** Warning: (vsim-3722) /home/sanghun/RVX/rvx-tutorials/platform/tip_emamba_v1/user/rtl/src/matMult_40_wo_bias.sv(89): [TFMPC] - Missing connection for port 'carryOut'.
# ** Warning: (vsim-2685) [TFMPC] - Too few port connections for 'CLA_D'.  Expected 5, found 4.
#    Time: 0 ps  Iteration: 0  Instance: /TIP_EMAMBA_V1_SIM/i_platform/my_emamba_ip/eMamba/MAMBA_2nd/SSM/SSM_Preprocess/Linear_expand_dBC_B/matMult_40_wo_bias/Stage_D[1]/CLA_D File: /home/sanghun/RVX/rvx-tutorials/platform/tip_emamba_v1/user/rtl/src/matMult_40_wo_bias.sv Line: 89
# ** Warning: (vsim-3015) [PCDPC] - Port size (1) does not match connection size (32) for port 'carryIn'. The port definition is at: /home/sanghun/RVX/rvx-tutorials/platform/tip_emamba_v1/user/rtl/src/CLA_32.sv(26).
#    Time: 0 ps  Iteration: 0  Instance: /TIP_EMAMBA_V1_SIM/i_platform/my_emamba_ip/eMamba/MAMBA_2nd/SSM/SSM_Preprocess/Linear_expand_dBC_B/matMult_40_wo_bias/Stage_D[1]/CLA_D File: /home/sanghun/RVX/rvx-tutorials/platform/tip_emamba_v1/user/rtl/src/matMult_40_wo_bias.sv Line: 89
# ** Warning: (vsim-3722) /home/sanghun/RVX/rvx-tutorials/platform/tip_emamba_v1/user/rtl/src/matMult_40_wo_bias.sv(89): [TFMPC] - Missing connection for port 'carryOut'.
# ** Warning: (vsim-2685) [TFMPC] - Too few port connections for 'CLA_E'.  Expected 5, found 4.
#    Time: 0 ps  Iteration: 0  Instance: /TIP_EMAMBA_V1_SIM/i_platform/my_emamba_ip/eMamba/MAMBA_2nd/SSM/SSM_Preprocess/Linear_expand_dBC_B/matMult_40_wo_bias/CLA_E File: /home/sanghun/RVX/rvx-tutorials/platform/tip_emamba_v1/user/rtl/src/matMult_40_wo_bias.sv Line: 100
# ** Warning: (vsim-3015) [PCDPC] - Port size (1) does not match connection size (32) for port 'carryIn'. The port definition is at: /home/sanghun/RVX/rvx-tutorials/platform/tip_emamba_v1/user/rtl/src/CLA_32.sv(26).
#    Time: 0 ps  Iteration: 0  Instance: /TIP_EMAMBA_V1_SIM/i_platform/my_emamba_ip/eMamba/MAMBA_2nd/SSM/SSM_Preprocess/Linear_expand_dBC_B/matMult_40_wo_bias/CLA_E File: /home/sanghun/RVX/rvx-tutorials/platform/tip_emamba_v1/user/rtl/src/matMult_40_wo_bias.sv Line: 100
# ** Warning: (vsim-3722) /home/sanghun/RVX/rvx-tutorials/platform/tip_emamba_v1/user/rtl/src/matMult_40_wo_bias.sv(100): [TFMPC] - Missing connection for port 'carryOut'.
# ** Warning: (vsim-2685) [TFMPC] - Too few port connections for 'CLA_F'.  Expected 5, found 4.
#    Time: 0 ps  Iteration: 0  Instance: /TIP_EMAMBA_V1_SIM/i_platform/my_emamba_ip/eMamba/MAMBA_2nd/SSM/SSM_Preprocess/Linear_expand_dBC_B/matMult_40_wo_bias/CLA_F File: /home/sanghun/RVX/rvx-tutorials/platform/tip_emamba_v1/user/rtl/src/matMult_40_wo_bias.sv Line: 109
# ** Warning: (vsim-3015) [PCDPC] - Port size (1) does not match connection size (32) for port 'carryIn'. The port definition is at: /home/sanghun/RVX/rvx-tutorials/platform/tip_emamba_v1/user/rtl/src/CLA_32.sv(26).
#    Time: 0 ps  Iteration: 0  Instance: /TIP_EMAMBA_V1_SIM/i_platform/my_emamba_ip/eMamba/MAMBA_2nd/SSM/SSM_Preprocess/Linear_expand_dBC_B/matMult_40_wo_bias/CLA_F File: /home/sanghun/RVX/rvx-tutorials/platform/tip_emamba_v1/user/rtl/src/matMult_40_wo_bias.sv Line: 109
# ** Warning: (vsim-3722) /home/sanghun/RVX/rvx-tutorials/platform/tip_emamba_v1/user/rtl/src/matMult_40_wo_bias.sv(109): [TFMPC] - Missing connection for port 'carryOut'.
# ** Warning: (vsim-2685) [TFMPC] - Too few port connections for 'CLA_A'.  Expected 5, found 4.
#    Time: 0 ps  Iteration: 0  Instance: /TIP_EMAMBA_V1_SIM/i_platform/my_emamba_ip/eMamba/MAMBA_2nd/SSM/SSM_Preprocess/Linear_expand_dBC_C/matMult_40_wo_bias/Stage_A[0]/CLA_A File: /home/sanghun/RVX/rvx-tutorials/platform/tip_emamba_v1/user/rtl/src/matMult_40_wo_bias.sv Line: 59
# ** Warning: (vsim-3015) [PCDPC] - Port size (1) does not match connection size (32) for port 'carryIn'. The port definition is at: /home/sanghun/RVX/rvx-tutorials/platform/tip_emamba_v1/user/rtl/src/CLA_32.sv(26).
#    Time: 0 ps  Iteration: 0  Instance: /TIP_EMAMBA_V1_SIM/i_platform/my_emamba_ip/eMamba/MAMBA_2nd/SSM/SSM_Preprocess/Linear_expand_dBC_C/matMult_40_wo_bias/Stage_A[0]/CLA_A File: /home/sanghun/RVX/rvx-tutorials/platform/tip_emamba_v1/user/rtl/src/matMult_40_wo_bias.sv Line: 59
# ** Warning: (vsim-3722) /home/sanghun/RVX/rvx-tutorials/platform/tip_emamba_v1/user/rtl/src/matMult_40_wo_bias.sv(59): [TFMPC] - Missing connection for port 'carryOut'.
# ** Warning: (vsim-2685) [TFMPC] - Too few port connections for 'CLA_A'.  Expected 5, found 4.
#    Time: 0 ps  Iteration: 0  Instance: /TIP_EMAMBA_V1_SIM/i_platform/my_emamba_ip/eMamba/MAMBA_2nd/SSM/SSM_Preprocess/Linear_expand_dBC_C/matMult_40_wo_bias/Stage_A[1]/CLA_A File: /home/sanghun/RVX/rvx-tutorials/platform/tip_emamba_v1/user/rtl/src/matMult_40_wo_bias.sv Line: 59
# ** Warning: (vsim-3015) [PCDPC] - Port size (1) does not match connection size (32) for port 'carryIn'. The port definition is at: /home/sanghun/RVX/rvx-tutorials/platform/tip_emamba_v1/user/rtl/src/CLA_32.sv(26).
#    Time: 0 ps  Iteration: 0  Instance: /TIP_EMAMBA_V1_SIM/i_platform/my_emamba_ip/eMamba/MAMBA_2nd/SSM/SSM_Preprocess/Linear_expand_dBC_C/matMult_40_wo_bias/Stage_A[1]/CLA_A File: /home/sanghun/RVX/rvx-tutorials/platform/tip_emamba_v1/user/rtl/src/matMult_40_wo_bias.sv Line: 59
# ** Warning: (vsim-3722) /home/sanghun/RVX/rvx-tutorials/platform/tip_emamba_v1/user/rtl/src/matMult_40_wo_bias.sv(59): [TFMPC] - Missing connection for port 'carryOut'.
# ** Warning: (vsim-2685) [TFMPC] - Too few port connections for 'CLA_A'.  Expected 5, found 4.
#    Time: 0 ps  Iteration: 0  Instance: /TIP_EMAMBA_V1_SIM/i_platform/my_emamba_ip/eMamba/MAMBA_2nd/SSM/SSM_Preprocess/Linear_expand_dBC_C/matMult_40_wo_bias/Stage_A[2]/CLA_A File: /home/sanghun/RVX/rvx-tutorials/platform/tip_emamba_v1/user/rtl/src/matMult_40_wo_bias.sv Line: 59
# ** Warning: (vsim-3015) [PCDPC] - Port size (1) does not match connection size (32) for port 'carryIn'. The port definition is at: /home/sanghun/RVX/rvx-tutorials/platform/tip_emamba_v1/user/rtl/src/CLA_32.sv(26).
#    Time: 0 ps  Iteration: 0  Instance: /TIP_EMAMBA_V1_SIM/i_platform/my_emamba_ip/eMamba/MAMBA_2nd/SSM/SSM_Preprocess/Linear_expand_dBC_C/matMult_40_wo_bias/Stage_A[2]/CLA_A File: /home/sanghun/RVX/rvx-tutorials/platform/tip_emamba_v1/user/rtl/src/matMult_40_wo_bias.sv Line: 59
# ** Warning: (vsim-3722) /home/sanghun/RVX/rvx-tutorials/platform/tip_emamba_v1/user/rtl/src/matMult_40_wo_bias.sv(59): [TFMPC] - Missing connection for port 'carryOut'.
# ** Warning: (vsim-2685) [TFMPC] - Too few port connections for 'CLA_A'.  Expected 5, found 4.
#    Time: 0 ps  Iteration: 0  Instance: /TIP_EMAMBA_V1_SIM/i_platform/my_emamba_ip/eMamba/MAMBA_2nd/SSM/SSM_Preprocess/Linear_expand_dBC_C/matMult_40_wo_bias/Stage_A[3]/CLA_A File: /home/sanghun/RVX/rvx-tutorials/platform/tip_emamba_v1/user/rtl/src/matMult_40_wo_bias.sv Line: 59
# ** Warning: (vsim-3015) [PCDPC] - Port size (1) does not match connection size (32) for port 'carryIn'. The port definition is at: /home/sanghun/RVX/rvx-tutorials/platform/tip_emamba_v1/user/rtl/src/CLA_32.sv(26).
#    Time: 0 ps  Iteration: 0  Instance: /TIP_EMAMBA_V1_SIM/i_platform/my_emamba_ip/eMamba/MAMBA_2nd/SSM/SSM_Preprocess/Linear_expand_dBC_C/matMult_40_wo_bias/Stage_A[3]/CLA_A File: /home/sanghun/RVX/rvx-tutorials/platform/tip_emamba_v1/user/rtl/src/matMult_40_wo_bias.sv Line: 59
# ** Warning: (vsim-3722) /home/sanghun/RVX/rvx-tutorials/platform/tip_emamba_v1/user/rtl/src/matMult_40_wo_bias.sv(59): [TFMPC] - Missing connection for port 'carryOut'.
# ** Warning: (vsim-2685) [TFMPC] - Too few port connections for 'CLA_A'.  Expected 5, found 4.
#    Time: 0 ps  Iteration: 0  Instance: /TIP_EMAMBA_V1_SIM/i_platform/my_emamba_ip/eMamba/MAMBA_2nd/SSM/SSM_Preprocess/Linear_expand_dBC_C/matMult_40_wo_bias/Stage_A[4]/CLA_A File: /home/sanghun/RVX/rvx-tutorials/platform/tip_emamba_v1/user/rtl/src/matMult_40_wo_bias.sv Line: 59
# ** Warning: (vsim-3015) [PCDPC] - Port size (1) does not match connection size (32) for port 'carryIn'. The port definition is at: /home/sanghun/RVX/rvx-tutorials/platform/tip_emamba_v1/user/rtl/src/CLA_32.sv(26).
#    Time: 0 ps  Iteration: 0  Instance: /TIP_EMAMBA_V1_SIM/i_platform/my_emamba_ip/eMamba/MAMBA_2nd/SSM/SSM_Preprocess/Linear_expand_dBC_C/matMult_40_wo_bias/Stage_A[4]/CLA_A File: /home/sanghun/RVX/rvx-tutorials/platform/tip_emamba_v1/user/rtl/src/matMult_40_wo_bias.sv Line: 59
# ** Warning: (vsim-3722) /home/sanghun/RVX/rvx-tutorials/platform/tip_emamba_v1/user/rtl/src/matMult_40_wo_bias.sv(59): [TFMPC] - Missing connection for port 'carryOut'.
# ** Warning: (vsim-2685) [TFMPC] - Too few port connections for 'CLA_A'.  Expected 5, found 4.
#    Time: 0 ps  Iteration: 0  Instance: /TIP_EMAMBA_V1_SIM/i_platform/my_emamba_ip/eMamba/MAMBA_2nd/SSM/SSM_Preprocess/Linear_expand_dBC_C/matMult_40_wo_bias/Stage_A[5]/CLA_A File: /home/sanghun/RVX/rvx-tutorials/platform/tip_emamba_v1/user/rtl/src/matMult_40_wo_bias.sv Line: 59
# ** Warning: (vsim-3015) [PCDPC] - Port size (1) does not match connection size (32) for port 'carryIn'. The port definition is at: /home/sanghun/RVX/rvx-tutorials/platform/tip_emamba_v1/user/rtl/src/CLA_32.sv(26).
#    Time: 0 ps  Iteration: 0  Instance: /TIP_EMAMBA_V1_SIM/i_platform/my_emamba_ip/eMamba/MAMBA_2nd/SSM/SSM_Preprocess/Linear_expand_dBC_C/matMult_40_wo_bias/Stage_A[5]/CLA_A File: /home/sanghun/RVX/rvx-tutorials/platform/tip_emamba_v1/user/rtl/src/matMult_40_wo_bias.sv Line: 59
# ** Warning: (vsim-3722) /home/sanghun/RVX/rvx-tutorials/platform/tip_emamba_v1/user/rtl/src/matMult_40_wo_bias.sv(59): [TFMPC] - Missing connection for port 'carryOut'.
# ** Warning: (vsim-2685) [TFMPC] - Too few port connections for 'CLA_A'.  Expected 5, found 4.
#    Time: 0 ps  Iteration: 0  Instance: /TIP_EMAMBA_V1_SIM/i_platform/my_emamba_ip/eMamba/MAMBA_2nd/SSM/SSM_Preprocess/Linear_expand_dBC_C/matMult_40_wo_bias/Stage_A[6]/CLA_A File: /home/sanghun/RVX/rvx-tutorials/platform/tip_emamba_v1/user/rtl/src/matMult_40_wo_bias.sv Line: 59
# ** Warning: (vsim-3015) [PCDPC] - Port size (1) does not match connection size (32) for port 'carryIn'. The port definition is at: /home/sanghun/RVX/rvx-tutorials/platform/tip_emamba_v1/user/rtl/src/CLA_32.sv(26).
#    Time: 0 ps  Iteration: 0  Instance: /TIP_EMAMBA_V1_SIM/i_platform/my_emamba_ip/eMamba/MAMBA_2nd/SSM/SSM_Preprocess/Linear_expand_dBC_C/matMult_40_wo_bias/Stage_A[6]/CLA_A File: /home/sanghun/RVX/rvx-tutorials/platform/tip_emamba_v1/user/rtl/src/matMult_40_wo_bias.sv Line: 59
# ** Warning: (vsim-3722) /home/sanghun/RVX/rvx-tutorials/platform/tip_emamba_v1/user/rtl/src/matMult_40_wo_bias.sv(59): [TFMPC] - Missing connection for port 'carryOut'.
# ** Warning: (vsim-2685) [TFMPC] - Too few port connections for 'CLA_A'.  Expected 5, found 4.
#    Time: 0 ps  Iteration: 0  Instance: /TIP_EMAMBA_V1_SIM/i_platform/my_emamba_ip/eMamba/MAMBA_2nd/SSM/SSM_Preprocess/Linear_expand_dBC_C/matMult_40_wo_bias/Stage_A[7]/CLA_A File: /home/sanghun/RVX/rvx-tutorials/platform/tip_emamba_v1/user/rtl/src/matMult_40_wo_bias.sv Line: 59
# ** Warning: (vsim-3015) [PCDPC] - Port size (1) does not match connection size (32) for port 'carryIn'. The port definition is at: /home/sanghun/RVX/rvx-tutorials/platform/tip_emamba_v1/user/rtl/src/CLA_32.sv(26).
#    Time: 0 ps  Iteration: 0  Instance: /TIP_EMAMBA_V1_SIM/i_platform/my_emamba_ip/eMamba/MAMBA_2nd/SSM/SSM_Preprocess/Linear_expand_dBC_C/matMult_40_wo_bias/Stage_A[7]/CLA_A File: /home/sanghun/RVX/rvx-tutorials/platform/tip_emamba_v1/user/rtl/src/matMult_40_wo_bias.sv Line: 59
# ** Warning: (vsim-3722) /home/sanghun/RVX/rvx-tutorials/platform/tip_emamba_v1/user/rtl/src/matMult_40_wo_bias.sv(59): [TFMPC] - Missing connection for port 'carryOut'.
# ** Warning: (vsim-2685) [TFMPC] - Too few port connections for 'CLA_A'.  Expected 5, found 4.
#    Time: 0 ps  Iteration: 0  Instance: /TIP_EMAMBA_V1_SIM/i_platform/my_emamba_ip/eMamba/MAMBA_2nd/SSM/SSM_Preprocess/Linear_expand_dBC_C/matMult_40_wo_bias/Stage_A[8]/CLA_A File: /home/sanghun/RVX/rvx-tutorials/platform/tip_emamba_v1/user/rtl/src/matMult_40_wo_bias.sv Line: 59
# ** Warning: (vsim-3015) [PCDPC] - Port size (1) does not match connection size (32) for port 'carryIn'. The port definition is at: /home/sanghun/RVX/rvx-tutorials/platform/tip_emamba_v1/user/rtl/src/CLA_32.sv(26).
#    Time: 0 ps  Iteration: 0  Instance: /TIP_EMAMBA_V1_SIM/i_platform/my_emamba_ip/eMamba/MAMBA_2nd/SSM/SSM_Preprocess/Linear_expand_dBC_C/matMult_40_wo_bias/Stage_A[8]/CLA_A File: /home/sanghun/RVX/rvx-tutorials/platform/tip_emamba_v1/user/rtl/src/matMult_40_wo_bias.sv Line: 59
# ** Warning: (vsim-3722) /home/sanghun/RVX/rvx-tutorials/platform/tip_emamba_v1/user/rtl/src/matMult_40_wo_bias.sv(59): [TFMPC] - Missing connection for port 'carryOut'.
# ** Warning: (vsim-2685) [TFMPC] - Too few port connections for 'CLA_A'.  Expected 5, found 4.
#    Time: 0 ps  Iteration: 0  Instance: /TIP_EMAMBA_V1_SIM/i_platform/my_emamba_ip/eMamba/MAMBA_2nd/SSM/SSM_Preprocess/Linear_expand_dBC_C/matMult_40_wo_bias/Stage_A[9]/CLA_A File: /home/sanghun/RVX/rvx-tutorials/platform/tip_emamba_v1/user/rtl/src/matMult_40_wo_bias.sv Line: 59
# ** Warning: (vsim-3015) [PCDPC] - Port size (1) does not match connection size (32) for port 'carryIn'. The port definition is at: /home/sanghun/RVX/rvx-tutorials/platform/tip_emamba_v1/user/rtl/src/CLA_32.sv(26).
#    Time: 0 ps  Iteration: 0  Instance: /TIP_EMAMBA_V1_SIM/i_platform/my_emamba_ip/eMamba/MAMBA_2nd/SSM/SSM_Preprocess/Linear_expand_dBC_C/matMult_40_wo_bias/Stage_A[9]/CLA_A File: /home/sanghun/RVX/rvx-tutorials/platform/tip_emamba_v1/user/rtl/src/matMult_40_wo_bias.sv Line: 59
# ** Warning: (vsim-3722) /home/sanghun/RVX/rvx-tutorials/platform/tip_emamba_v1/user/rtl/src/matMult_40_wo_bias.sv(59): [TFMPC] - Missing connection for port 'carryOut'.
# ** Warning: (vsim-2685) [TFMPC] - Too few port connections for 'CLA_A'.  Expected 5, found 4.
#    Time: 0 ps  Iteration: 0  Instance: /TIP_EMAMBA_V1_SIM/i_platform/my_emamba_ip/eMamba/MAMBA_2nd/SSM/SSM_Preprocess/Linear_expand_dBC_C/matMult_40_wo_bias/Stage_A[10]/CLA_A File: /home/sanghun/RVX/rvx-tutorials/platform/tip_emamba_v1/user/rtl/src/matMult_40_wo_bias.sv Line: 59
# ** Warning: (vsim-3015) [PCDPC] - Port size (1) does not match connection size (32) for port 'carryIn'. The port definition is at: /home/sanghun/RVX/rvx-tutorials/platform/tip_emamba_v1/user/rtl/src/CLA_32.sv(26).
#    Time: 0 ps  Iteration: 0  Instance: /TIP_EMAMBA_V1_SIM/i_platform/my_emamba_ip/eMamba/MAMBA_2nd/SSM/SSM_Preprocess/Linear_expand_dBC_C/matMult_40_wo_bias/Stage_A[10]/CLA_A File: /home/sanghun/RVX/rvx-tutorials/platform/tip_emamba_v1/user/rtl/src/matMult_40_wo_bias.sv Line: 59
# ** Warning: (vsim-3722) /home/sanghun/RVX/rvx-tutorials/platform/tip_emamba_v1/user/rtl/src/matMult_40_wo_bias.sv(59): [TFMPC] - Missing connection for port 'carryOut'.
# ** Warning: (vsim-2685) [TFMPC] - Too few port connections for 'CLA_A'.  Expected 5, found 4.
#    Time: 0 ps  Iteration: 0  Instance: /TIP_EMAMBA_V1_SIM/i_platform/my_emamba_ip/eMamba/MAMBA_2nd/SSM/SSM_Preprocess/Linear_expand_dBC_C/matMult_40_wo_bias/Stage_A[11]/CLA_A File: /home/sanghun/RVX/rvx-tutorials/platform/tip_emamba_v1/user/rtl/src/matMult_40_wo_bias.sv Line: 59
# ** Warning: (vsim-3015) [PCDPC] - Port size (1) does not match connection size (32) for port 'carryIn'. The port definition is at: /home/sanghun/RVX/rvx-tutorials/platform/tip_emamba_v1/user/rtl/src/CLA_32.sv(26).
#    Time: 0 ps  Iteration: 0  Instance: /TIP_EMAMBA_V1_SIM/i_platform/my_emamba_ip/eMamba/MAMBA_2nd/SSM/SSM_Preprocess/Linear_expand_dBC_C/matMult_40_wo_bias/Stage_A[11]/CLA_A File: /home/sanghun/RVX/rvx-tutorials/platform/tip_emamba_v1/user/rtl/src/matMult_40_wo_bias.sv Line: 59
# ** Warning: (vsim-3722) /home/sanghun/RVX/rvx-tutorials/platform/tip_emamba_v1/user/rtl/src/matMult_40_wo_bias.sv(59): [TFMPC] - Missing connection for port 'carryOut'.
# ** Warning: (vsim-2685) [TFMPC] - Too few port connections for 'CLA_A'.  Expected 5, found 4.
#    Time: 0 ps  Iteration: 0  Instance: /TIP_EMAMBA_V1_SIM/i_platform/my_emamba_ip/eMamba/MAMBA_2nd/SSM/SSM_Preprocess/Linear_expand_dBC_C/matMult_40_wo_bias/Stage_A[12]/CLA_A File: /home/sanghun/RVX/rvx-tutorials/platform/tip_emamba_v1/user/rtl/src/matMult_40_wo_bias.sv Line: 59
# ** Warning: (vsim-3015) [PCDPC] - Port size (1) does not match connection size (32) for port 'carryIn'. The port definition is at: /home/sanghun/RVX/rvx-tutorials/platform/tip_emamba_v1/user/rtl/src/CLA_32.sv(26).
#    Time: 0 ps  Iteration: 0  Instance: /TIP_EMAMBA_V1_SIM/i_platform/my_emamba_ip/eMamba/MAMBA_2nd/SSM/SSM_Preprocess/Linear_expand_dBC_C/matMult_40_wo_bias/Stage_A[12]/CLA_A File: /home/sanghun/RVX/rvx-tutorials/platform/tip_emamba_v1/user/rtl/src/matMult_40_wo_bias.sv Line: 59
# ** Warning: (vsim-3722) /home/sanghun/RVX/rvx-tutorials/platform/tip_emamba_v1/user/rtl/src/matMult_40_wo_bias.sv(59): [TFMPC] - Missing connection for port 'carryOut'.
# ** Warning: (vsim-2685) [TFMPC] - Too few port connections for 'CLA_A'.  Expected 5, found 4.
#    Time: 0 ps  Iteration: 0  Instance: /TIP_EMAMBA_V1_SIM/i_platform/my_emamba_ip/eMamba/MAMBA_2nd/SSM/SSM_Preprocess/Linear_expand_dBC_C/matMult_40_wo_bias/Stage_A[13]/CLA_A File: /home/sanghun/RVX/rvx-tutorials/platform/tip_emamba_v1/user/rtl/src/matMult_40_wo_bias.sv Line: 59
# ** Warning: (vsim-3015) [PCDPC] - Port size (1) does not match connection size (32) for port 'carryIn'. The port definition is at: /home/sanghun/RVX/rvx-tutorials/platform/tip_emamba_v1/user/rtl/src/CLA_32.sv(26).
#    Time: 0 ps  Iteration: 0  Instance: /TIP_EMAMBA_V1_SIM/i_platform/my_emamba_ip/eMamba/MAMBA_2nd/SSM/SSM_Preprocess/Linear_expand_dBC_C/matMult_40_wo_bias/Stage_A[13]/CLA_A File: /home/sanghun/RVX/rvx-tutorials/platform/tip_emamba_v1/user/rtl/src/matMult_40_wo_bias.sv Line: 59
# ** Warning: (vsim-3722) /home/sanghun/RVX/rvx-tutorials/platform/tip_emamba_v1/user/rtl/src/matMult_40_wo_bias.sv(59): [TFMPC] - Missing connection for port 'carryOut'.
# ** Warning: (vsim-2685) [TFMPC] - Too few port connections for 'CLA_A'.  Expected 5, found 4.
#    Time: 0 ps  Iteration: 0  Instance: /TIP_EMAMBA_V1_SIM/i_platform/my_emamba_ip/eMamba/MAMBA_2nd/SSM/SSM_Preprocess/Linear_expand_dBC_C/matMult_40_wo_bias/Stage_A[14]/CLA_A File: /home/sanghun/RVX/rvx-tutorials/platform/tip_emamba_v1/user/rtl/src/matMult_40_wo_bias.sv Line: 59
# ** Warning: (vsim-3015) [PCDPC] - Port size (1) does not match connection size (32) for port 'carryIn'. The port definition is at: /home/sanghun/RVX/rvx-tutorials/platform/tip_emamba_v1/user/rtl/src/CLA_32.sv(26).
#    Time: 0 ps  Iteration: 0  Instance: /TIP_EMAMBA_V1_SIM/i_platform/my_emamba_ip/eMamba/MAMBA_2nd/SSM/SSM_Preprocess/Linear_expand_dBC_C/matMult_40_wo_bias/Stage_A[14]/CLA_A File: /home/sanghun/RVX/rvx-tutorials/platform/tip_emamba_v1/user/rtl/src/matMult_40_wo_bias.sv Line: 59
# ** Warning: (vsim-3722) /home/sanghun/RVX/rvx-tutorials/platform/tip_emamba_v1/user/rtl/src/matMult_40_wo_bias.sv(59): [TFMPC] - Missing connection for port 'carryOut'.
# ** Warning: (vsim-2685) [TFMPC] - Too few port connections for 'CLA_A'.  Expected 5, found 4.
#    Time: 0 ps  Iteration: 0  Instance: /TIP_EMAMBA_V1_SIM/i_platform/my_emamba_ip/eMamba/MAMBA_2nd/SSM/SSM_Preprocess/Linear_expand_dBC_C/matMult_40_wo_bias/Stage_A[15]/CLA_A File: /home/sanghun/RVX/rvx-tutorials/platform/tip_emamba_v1/user/rtl/src/matMult_40_wo_bias.sv Line: 59
# ** Warning: (vsim-3015) [PCDPC] - Port size (1) does not match connection size (32) for port 'carryIn'. The port definition is at: /home/sanghun/RVX/rvx-tutorials/platform/tip_emamba_v1/user/rtl/src/CLA_32.sv(26).
#    Time: 0 ps  Iteration: 0  Instance: /TIP_EMAMBA_V1_SIM/i_platform/my_emamba_ip/eMamba/MAMBA_2nd/SSM/SSM_Preprocess/Linear_expand_dBC_C/matMult_40_wo_bias/Stage_A[15]/CLA_A File: /home/sanghun/RVX/rvx-tutorials/platform/tip_emamba_v1/user/rtl/src/matMult_40_wo_bias.sv Line: 59
# ** Warning: (vsim-3722) /home/sanghun/RVX/rvx-tutorials/platform/tip_emamba_v1/user/rtl/src/matMult_40_wo_bias.sv(59): [TFMPC] - Missing connection for port 'carryOut'.
# ** Warning: (vsim-2685) [TFMPC] - Too few port connections for 'CLA_A'.  Expected 5, found 4.
#    Time: 0 ps  Iteration: 0  Instance: /TIP_EMAMBA_V1_SIM/i_platform/my_emamba_ip/eMamba/MAMBA_2nd/SSM/SSM_Preprocess/Linear_expand_dBC_C/matMult_40_wo_bias/Stage_A[16]/CLA_A File: /home/sanghun/RVX/rvx-tutorials/platform/tip_emamba_v1/user/rtl/src/matMult_40_wo_bias.sv Line: 59
# ** Warning: (vsim-3015) [PCDPC] - Port size (1) does not match connection size (32) for port 'carryIn'. The port definition is at: /home/sanghun/RVX/rvx-tutorials/platform/tip_emamba_v1/user/rtl/src/CLA_32.sv(26).
#    Time: 0 ps  Iteration: 0  Instance: /TIP_EMAMBA_V1_SIM/i_platform/my_emamba_ip/eMamba/MAMBA_2nd/SSM/SSM_Preprocess/Linear_expand_dBC_C/matMult_40_wo_bias/Stage_A[16]/CLA_A File: /home/sanghun/RVX/rvx-tutorials/platform/tip_emamba_v1/user/rtl/src/matMult_40_wo_bias.sv Line: 59
# ** Warning: (vsim-3722) /home/sanghun/RVX/rvx-tutorials/platform/tip_emamba_v1/user/rtl/src/matMult_40_wo_bias.sv(59): [TFMPC] - Missing connection for port 'carryOut'.
# ** Warning: (vsim-2685) [TFMPC] - Too few port connections for 'CLA_A'.  Expected 5, found 4.
#    Time: 0 ps  Iteration: 0  Instance: /TIP_EMAMBA_V1_SIM/i_platform/my_emamba_ip/eMamba/MAMBA_2nd/SSM/SSM_Preprocess/Linear_expand_dBC_C/matMult_40_wo_bias/Stage_A[17]/CLA_A File: /home/sanghun/RVX/rvx-tutorials/platform/tip_emamba_v1/user/rtl/src/matMult_40_wo_bias.sv Line: 59
# ** Warning: (vsim-3015) [PCDPC] - Port size (1) does not match connection size (32) for port 'carryIn'. The port definition is at: /home/sanghun/RVX/rvx-tutorials/platform/tip_emamba_v1/user/rtl/src/CLA_32.sv(26).
#    Time: 0 ps  Iteration: 0  Instance: /TIP_EMAMBA_V1_SIM/i_platform/my_emamba_ip/eMamba/MAMBA_2nd/SSM/SSM_Preprocess/Linear_expand_dBC_C/matMult_40_wo_bias/Stage_A[17]/CLA_A File: /home/sanghun/RVX/rvx-tutorials/platform/tip_emamba_v1/user/rtl/src/matMult_40_wo_bias.sv Line: 59
# ** Warning: (vsim-3722) /home/sanghun/RVX/rvx-tutorials/platform/tip_emamba_v1/user/rtl/src/matMult_40_wo_bias.sv(59): [TFMPC] - Missing connection for port 'carryOut'.
# ** Warning: (vsim-2685) [TFMPC] - Too few port connections for 'CLA_A'.  Expected 5, found 4.
#    Time: 0 ps  Iteration: 0  Instance: /TIP_EMAMBA_V1_SIM/i_platform/my_emamba_ip/eMamba/MAMBA_2nd/SSM/SSM_Preprocess/Linear_expand_dBC_C/matMult_40_wo_bias/Stage_A[18]/CLA_A File: /home/sanghun/RVX/rvx-tutorials/platform/tip_emamba_v1/user/rtl/src/matMult_40_wo_bias.sv Line: 59
# ** Warning: (vsim-3015) [PCDPC] - Port size (1) does not match connection size (32) for port 'carryIn'. The port definition is at: /home/sanghun/RVX/rvx-tutorials/platform/tip_emamba_v1/user/rtl/src/CLA_32.sv(26).
#    Time: 0 ps  Iteration: 0  Instance: /TIP_EMAMBA_V1_SIM/i_platform/my_emamba_ip/eMamba/MAMBA_2nd/SSM/SSM_Preprocess/Linear_expand_dBC_C/matMult_40_wo_bias/Stage_A[18]/CLA_A File: /home/sanghun/RVX/rvx-tutorials/platform/tip_emamba_v1/user/rtl/src/matMult_40_wo_bias.sv Line: 59
# ** Warning: (vsim-3722) /home/sanghun/RVX/rvx-tutorials/platform/tip_emamba_v1/user/rtl/src/matMult_40_wo_bias.sv(59): [TFMPC] - Missing connection for port 'carryOut'.
# ** Warning: (vsim-2685) [TFMPC] - Too few port connections for 'CLA_A'.  Expected 5, found 4.
#    Time: 0 ps  Iteration: 0  Instance: /TIP_EMAMBA_V1_SIM/i_platform/my_emamba_ip/eMamba/MAMBA_2nd/SSM/SSM_Preprocess/Linear_expand_dBC_C/matMult_40_wo_bias/Stage_A[19]/CLA_A File: /home/sanghun/RVX/rvx-tutorials/platform/tip_emamba_v1/user/rtl/src/matMult_40_wo_bias.sv Line: 59
# ** Warning: (vsim-3015) [PCDPC] - Port size (1) does not match connection size (32) for port 'carryIn'. The port definition is at: /home/sanghun/RVX/rvx-tutorials/platform/tip_emamba_v1/user/rtl/src/CLA_32.sv(26).
#    Time: 0 ps  Iteration: 0  Instance: /TIP_EMAMBA_V1_SIM/i_platform/my_emamba_ip/eMamba/MAMBA_2nd/SSM/SSM_Preprocess/Linear_expand_dBC_C/matMult_40_wo_bias/Stage_A[19]/CLA_A File: /home/sanghun/RVX/rvx-tutorials/platform/tip_emamba_v1/user/rtl/src/matMult_40_wo_bias.sv Line: 59
# ** Warning: (vsim-3722) /home/sanghun/RVX/rvx-tutorials/platform/tip_emamba_v1/user/rtl/src/matMult_40_wo_bias.sv(59): [TFMPC] - Missing connection for port 'carryOut'.
# ** Warning: (vsim-2685) [TFMPC] - Too few port connections for 'CLA_B'.  Expected 5, found 4.
#    Time: 0 ps  Iteration: 0  Instance: /TIP_EMAMBA_V1_SIM/i_platform/my_emamba_ip/eMamba/MAMBA_2nd/SSM/SSM_Preprocess/Linear_expand_dBC_C/matMult_40_wo_bias/Stage_B[0]/CLA_B File: /home/sanghun/RVX/rvx-tutorials/platform/tip_emamba_v1/user/rtl/src/matMult_40_wo_bias.sv Line: 69
# ** Warning: (vsim-3015) [PCDPC] - Port size (1) does not match connection size (32) for port 'carryIn'. The port definition is at: /home/sanghun/RVX/rvx-tutorials/platform/tip_emamba_v1/user/rtl/src/CLA_32.sv(26).
#    Time: 0 ps  Iteration: 0  Instance: /TIP_EMAMBA_V1_SIM/i_platform/my_emamba_ip/eMamba/MAMBA_2nd/SSM/SSM_Preprocess/Linear_expand_dBC_C/matMult_40_wo_bias/Stage_B[0]/CLA_B File: /home/sanghun/RVX/rvx-tutorials/platform/tip_emamba_v1/user/rtl/src/matMult_40_wo_bias.sv Line: 69
# ** Warning: (vsim-3722) /home/sanghun/RVX/rvx-tutorials/platform/tip_emamba_v1/user/rtl/src/matMult_40_wo_bias.sv(69): [TFMPC] - Missing connection for port 'carryOut'.
# ** Warning: (vsim-2685) [TFMPC] - Too few port connections for 'CLA_B'.  Expected 5, found 4.
#    Time: 0 ps  Iteration: 0  Instance: /TIP_EMAMBA_V1_SIM/i_platform/my_emamba_ip/eMamba/MAMBA_2nd/SSM/SSM_Preprocess/Linear_expand_dBC_C/matMult_40_wo_bias/Stage_B[1]/CLA_B File: /home/sanghun/RVX/rvx-tutorials/platform/tip_emamba_v1/user/rtl/src/matMult_40_wo_bias.sv Line: 69
# ** Warning: (vsim-3015) [PCDPC] - Port size (1) does not match connection size (32) for port 'carryIn'. The port definition is at: /home/sanghun/RVX/rvx-tutorials/platform/tip_emamba_v1/user/rtl/src/CLA_32.sv(26).
#    Time: 0 ps  Iteration: 0  Instance: /TIP_EMAMBA_V1_SIM/i_platform/my_emamba_ip/eMamba/MAMBA_2nd/SSM/SSM_Preprocess/Linear_expand_dBC_C/matMult_40_wo_bias/Stage_B[1]/CLA_B File: /home/sanghun/RVX/rvx-tutorials/platform/tip_emamba_v1/user/rtl/src/matMult_40_wo_bias.sv Line: 69
# ** Warning: (vsim-3722) /home/sanghun/RVX/rvx-tutorials/platform/tip_emamba_v1/user/rtl/src/matMult_40_wo_bias.sv(69): [TFMPC] - Missing connection for port 'carryOut'.
# ** Warning: (vsim-2685) [TFMPC] - Too few port connections for 'CLA_B'.  Expected 5, found 4.
#    Time: 0 ps  Iteration: 0  Instance: /TIP_EMAMBA_V1_SIM/i_platform/my_emamba_ip/eMamba/MAMBA_2nd/SSM/SSM_Preprocess/Linear_expand_dBC_C/matMult_40_wo_bias/Stage_B[2]/CLA_B File: /home/sanghun/RVX/rvx-tutorials/platform/tip_emamba_v1/user/rtl/src/matMult_40_wo_bias.sv Line: 69
# ** Warning: (vsim-3015) [PCDPC] - Port size (1) does not match connection size (32) for port 'carryIn'. The port definition is at: /home/sanghun/RVX/rvx-tutorials/platform/tip_emamba_v1/user/rtl/src/CLA_32.sv(26).
#    Time: 0 ps  Iteration: 0  Instance: /TIP_EMAMBA_V1_SIM/i_platform/my_emamba_ip/eMamba/MAMBA_2nd/SSM/SSM_Preprocess/Linear_expand_dBC_C/matMult_40_wo_bias/Stage_B[2]/CLA_B File: /home/sanghun/RVX/rvx-tutorials/platform/tip_emamba_v1/user/rtl/src/matMult_40_wo_bias.sv Line: 69
# ** Warning: (vsim-3722) /home/sanghun/RVX/rvx-tutorials/platform/tip_emamba_v1/user/rtl/src/matMult_40_wo_bias.sv(69): [TFMPC] - Missing connection for port 'carryOut'.
# ** Warning: (vsim-2685) [TFMPC] - Too few port connections for 'CLA_B'.  Expected 5, found 4.
#    Time: 0 ps  Iteration: 0  Instance: /TIP_EMAMBA_V1_SIM/i_platform/my_emamba_ip/eMamba/MAMBA_2nd/SSM/SSM_Preprocess/Linear_expand_dBC_C/matMult_40_wo_bias/Stage_B[3]/CLA_B File: /home/sanghun/RVX/rvx-tutorials/platform/tip_emamba_v1/user/rtl/src/matMult_40_wo_bias.sv Line: 69
# ** Warning: (vsim-3015) [PCDPC] - Port size (1) does not match connection size (32) for port 'carryIn'. The port definition is at: /home/sanghun/RVX/rvx-tutorials/platform/tip_emamba_v1/user/rtl/src/CLA_32.sv(26).
#    Time: 0 ps  Iteration: 0  Instance: /TIP_EMAMBA_V1_SIM/i_platform/my_emamba_ip/eMamba/MAMBA_2nd/SSM/SSM_Preprocess/Linear_expand_dBC_C/matMult_40_wo_bias/Stage_B[3]/CLA_B File: /home/sanghun/RVX/rvx-tutorials/platform/tip_emamba_v1/user/rtl/src/matMult_40_wo_bias.sv Line: 69
# ** Warning: (vsim-3722) /home/sanghun/RVX/rvx-tutorials/platform/tip_emamba_v1/user/rtl/src/matMult_40_wo_bias.sv(69): [TFMPC] - Missing connection for port 'carryOut'.
# ** Warning: (vsim-2685) [TFMPC] - Too few port connections for 'CLA_B'.  Expected 5, found 4.
#    Time: 0 ps  Iteration: 0  Instance: /TIP_EMAMBA_V1_SIM/i_platform/my_emamba_ip/eMamba/MAMBA_2nd/SSM/SSM_Preprocess/Linear_expand_dBC_C/matMult_40_wo_bias/Stage_B[4]/CLA_B File: /home/sanghun/RVX/rvx-tutorials/platform/tip_emamba_v1/user/rtl/src/matMult_40_wo_bias.sv Line: 69
# ** Warning: (vsim-3015) [PCDPC] - Port size (1) does not match connection size (32) for port 'carryIn'. The port definition is at: /home/sanghun/RVX/rvx-tutorials/platform/tip_emamba_v1/user/rtl/src/CLA_32.sv(26).
#    Time: 0 ps  Iteration: 0  Instance: /TIP_EMAMBA_V1_SIM/i_platform/my_emamba_ip/eMamba/MAMBA_2nd/SSM/SSM_Preprocess/Linear_expand_dBC_C/matMult_40_wo_bias/Stage_B[4]/CLA_B File: /home/sanghun/RVX/rvx-tutorials/platform/tip_emamba_v1/user/rtl/src/matMult_40_wo_bias.sv Line: 69
# ** Warning: (vsim-3722) /home/sanghun/RVX/rvx-tutorials/platform/tip_emamba_v1/user/rtl/src/matMult_40_wo_bias.sv(69): [TFMPC] - Missing connection for port 'carryOut'.
# ** Warning: (vsim-2685) [TFMPC] - Too few port connections for 'CLA_B'.  Expected 5, found 4.
#    Time: 0 ps  Iteration: 0  Instance: /TIP_EMAMBA_V1_SIM/i_platform/my_emamba_ip/eMamba/MAMBA_2nd/SSM/SSM_Preprocess/Linear_expand_dBC_C/matMult_40_wo_bias/Stage_B[5]/CLA_B File: /home/sanghun/RVX/rvx-tutorials/platform/tip_emamba_v1/user/rtl/src/matMult_40_wo_bias.sv Line: 69
# ** Warning: (vsim-3015) [PCDPC] - Port size (1) does not match connection size (32) for port 'carryIn'. The port definition is at: /home/sanghun/RVX/rvx-tutorials/platform/tip_emamba_v1/user/rtl/src/CLA_32.sv(26).
#    Time: 0 ps  Iteration: 0  Instance: /TIP_EMAMBA_V1_SIM/i_platform/my_emamba_ip/eMamba/MAMBA_2nd/SSM/SSM_Preprocess/Linear_expand_dBC_C/matMult_40_wo_bias/Stage_B[5]/CLA_B File: /home/sanghun/RVX/rvx-tutorials/platform/tip_emamba_v1/user/rtl/src/matMult_40_wo_bias.sv Line: 69
# ** Warning: (vsim-3722) /home/sanghun/RVX/rvx-tutorials/platform/tip_emamba_v1/user/rtl/src/matMult_40_wo_bias.sv(69): [TFMPC] - Missing connection for port 'carryOut'.
# ** Warning: (vsim-2685) [TFMPC] - Too few port connections for 'CLA_B'.  Expected 5, found 4.
#    Time: 0 ps  Iteration: 0  Instance: /TIP_EMAMBA_V1_SIM/i_platform/my_emamba_ip/eMamba/MAMBA_2nd/SSM/SSM_Preprocess/Linear_expand_dBC_C/matMult_40_wo_bias/Stage_B[6]/CLA_B File: /home/sanghun/RVX/rvx-tutorials/platform/tip_emamba_v1/user/rtl/src/matMult_40_wo_bias.sv Line: 69
# ** Warning: (vsim-3015) [PCDPC] - Port size (1) does not match connection size (32) for port 'carryIn'. The port definition is at: /home/sanghun/RVX/rvx-tutorials/platform/tip_emamba_v1/user/rtl/src/CLA_32.sv(26).
#    Time: 0 ps  Iteration: 0  Instance: /TIP_EMAMBA_V1_SIM/i_platform/my_emamba_ip/eMamba/MAMBA_2nd/SSM/SSM_Preprocess/Linear_expand_dBC_C/matMult_40_wo_bias/Stage_B[6]/CLA_B File: /home/sanghun/RVX/rvx-tutorials/platform/tip_emamba_v1/user/rtl/src/matMult_40_wo_bias.sv Line: 69
# ** Warning: (vsim-3722) /home/sanghun/RVX/rvx-tutorials/platform/tip_emamba_v1/user/rtl/src/matMult_40_wo_bias.sv(69): [TFMPC] - Missing connection for port 'carryOut'.
# ** Warning: (vsim-2685) [TFMPC] - Too few port connections for 'CLA_B'.  Expected 5, found 4.
#    Time: 0 ps  Iteration: 0  Instance: /TIP_EMAMBA_V1_SIM/i_platform/my_emamba_ip/eMamba/MAMBA_2nd/SSM/SSM_Preprocess/Linear_expand_dBC_C/matMult_40_wo_bias/Stage_B[7]/CLA_B File: /home/sanghun/RVX/rvx-tutorials/platform/tip_emamba_v1/user/rtl/src/matMult_40_wo_bias.sv Line: 69
# ** Warning: (vsim-3015) [PCDPC] - Port size (1) does not match connection size (32) for port 'carryIn'. The port definition is at: /home/sanghun/RVX/rvx-tutorials/platform/tip_emamba_v1/user/rtl/src/CLA_32.sv(26).
#    Time: 0 ps  Iteration: 0  Instance: /TIP_EMAMBA_V1_SIM/i_platform/my_emamba_ip/eMamba/MAMBA_2nd/SSM/SSM_Preprocess/Linear_expand_dBC_C/matMult_40_wo_bias/Stage_B[7]/CLA_B File: /home/sanghun/RVX/rvx-tutorials/platform/tip_emamba_v1/user/rtl/src/matMult_40_wo_bias.sv Line: 69
# ** Warning: (vsim-3722) /home/sanghun/RVX/rvx-tutorials/platform/tip_emamba_v1/user/rtl/src/matMult_40_wo_bias.sv(69): [TFMPC] - Missing connection for port 'carryOut'.
# ** Warning: (vsim-2685) [TFMPC] - Too few port connections for 'CLA_B'.  Expected 5, found 4.
#    Time: 0 ps  Iteration: 0  Instance: /TIP_EMAMBA_V1_SIM/i_platform/my_emamba_ip/eMamba/MAMBA_2nd/SSM/SSM_Preprocess/Linear_expand_dBC_C/matMult_40_wo_bias/Stage_B[8]/CLA_B File: /home/sanghun/RVX/rvx-tutorials/platform/tip_emamba_v1/user/rtl/src/matMult_40_wo_bias.sv Line: 69
# ** Warning: (vsim-3015) [PCDPC] - Port size (1) does not match connection size (32) for port 'carryIn'. The port definition is at: /home/sanghun/RVX/rvx-tutorials/platform/tip_emamba_v1/user/rtl/src/CLA_32.sv(26).
#    Time: 0 ps  Iteration: 0  Instance: /TIP_EMAMBA_V1_SIM/i_platform/my_emamba_ip/eMamba/MAMBA_2nd/SSM/SSM_Preprocess/Linear_expand_dBC_C/matMult_40_wo_bias/Stage_B[8]/CLA_B File: /home/sanghun/RVX/rvx-tutorials/platform/tip_emamba_v1/user/rtl/src/matMult_40_wo_bias.sv Line: 69
# ** Warning: (vsim-3722) /home/sanghun/RVX/rvx-tutorials/platform/tip_emamba_v1/user/rtl/src/matMult_40_wo_bias.sv(69): [TFMPC] - Missing connection for port 'carryOut'.
# ** Warning: (vsim-2685) [TFMPC] - Too few port connections for 'CLA_B'.  Expected 5, found 4.
#    Time: 0 ps  Iteration: 0  Instance: /TIP_EMAMBA_V1_SIM/i_platform/my_emamba_ip/eMamba/MAMBA_2nd/SSM/SSM_Preprocess/Linear_expand_dBC_C/matMult_40_wo_bias/Stage_B[9]/CLA_B File: /home/sanghun/RVX/rvx-tutorials/platform/tip_emamba_v1/user/rtl/src/matMult_40_wo_bias.sv Line: 69
# ** Warning: (vsim-3015) [PCDPC] - Port size (1) does not match connection size (32) for port 'carryIn'. The port definition is at: /home/sanghun/RVX/rvx-tutorials/platform/tip_emamba_v1/user/rtl/src/CLA_32.sv(26).
#    Time: 0 ps  Iteration: 0  Instance: /TIP_EMAMBA_V1_SIM/i_platform/my_emamba_ip/eMamba/MAMBA_2nd/SSM/SSM_Preprocess/Linear_expand_dBC_C/matMult_40_wo_bias/Stage_B[9]/CLA_B File: /home/sanghun/RVX/rvx-tutorials/platform/tip_emamba_v1/user/rtl/src/matMult_40_wo_bias.sv Line: 69
# ** Warning: (vsim-3722) /home/sanghun/RVX/rvx-tutorials/platform/tip_emamba_v1/user/rtl/src/matMult_40_wo_bias.sv(69): [TFMPC] - Missing connection for port 'carryOut'.
# ** Warning: (vsim-2685) [TFMPC] - Too few port connections for 'CLA_C'.  Expected 5, found 4.
#    Time: 0 ps  Iteration: 0  Instance: /TIP_EMAMBA_V1_SIM/i_platform/my_emamba_ip/eMamba/MAMBA_2nd/SSM/SSM_Preprocess/Linear_expand_dBC_C/matMult_40_wo_bias/Stage_C[0]/CLA_C File: /home/sanghun/RVX/rvx-tutorials/platform/tip_emamba_v1/user/rtl/src/matMult_40_wo_bias.sv Line: 79
# ** Warning: (vsim-3015) [PCDPC] - Port size (1) does not match connection size (32) for port 'carryIn'. The port definition is at: /home/sanghun/RVX/rvx-tutorials/platform/tip_emamba_v1/user/rtl/src/CLA_32.sv(26).
#    Time: 0 ps  Iteration: 0  Instance: /TIP_EMAMBA_V1_SIM/i_platform/my_emamba_ip/eMamba/MAMBA_2nd/SSM/SSM_Preprocess/Linear_expand_dBC_C/matMult_40_wo_bias/Stage_C[0]/CLA_C File: /home/sanghun/RVX/rvx-tutorials/platform/tip_emamba_v1/user/rtl/src/matMult_40_wo_bias.sv Line: 79
# ** Warning: (vsim-3722) /home/sanghun/RVX/rvx-tutorials/platform/tip_emamba_v1/user/rtl/src/matMult_40_wo_bias.sv(79): [TFMPC] - Missing connection for port 'carryOut'.
# ** Warning: (vsim-2685) [TFMPC] - Too few port connections for 'CLA_C'.  Expected 5, found 4.
#    Time: 0 ps  Iteration: 0  Instance: /TIP_EMAMBA_V1_SIM/i_platform/my_emamba_ip/eMamba/MAMBA_2nd/SSM/SSM_Preprocess/Linear_expand_dBC_C/matMult_40_wo_bias/Stage_C[1]/CLA_C File: /home/sanghun/RVX/rvx-tutorials/platform/tip_emamba_v1/user/rtl/src/matMult_40_wo_bias.sv Line: 79
# ** Warning: (vsim-3015) [PCDPC] - Port size (1) does not match connection size (32) for port 'carryIn'. The port definition is at: /home/sanghun/RVX/rvx-tutorials/platform/tip_emamba_v1/user/rtl/src/CLA_32.sv(26).
#    Time: 0 ps  Iteration: 0  Instance: /TIP_EMAMBA_V1_SIM/i_platform/my_emamba_ip/eMamba/MAMBA_2nd/SSM/SSM_Preprocess/Linear_expand_dBC_C/matMult_40_wo_bias/Stage_C[1]/CLA_C File: /home/sanghun/RVX/rvx-tutorials/platform/tip_emamba_v1/user/rtl/src/matMult_40_wo_bias.sv Line: 79
# ** Warning: (vsim-3722) /home/sanghun/RVX/rvx-tutorials/platform/tip_emamba_v1/user/rtl/src/matMult_40_wo_bias.sv(79): [TFMPC] - Missing connection for port 'carryOut'.
# ** Warning: (vsim-2685) [TFMPC] - Too few port connections for 'CLA_C'.  Expected 5, found 4.
#    Time: 0 ps  Iteration: 0  Instance: /TIP_EMAMBA_V1_SIM/i_platform/my_emamba_ip/eMamba/MAMBA_2nd/SSM/SSM_Preprocess/Linear_expand_dBC_C/matMult_40_wo_bias/Stage_C[2]/CLA_C File: /home/sanghun/RVX/rvx-tutorials/platform/tip_emamba_v1/user/rtl/src/matMult_40_wo_bias.sv Line: 79
# ** Warning: (vsim-3015) [PCDPC] - Port size (1) does not match connection size (32) for port 'carryIn'. The port definition is at: /home/sanghun/RVX/rvx-tutorials/platform/tip_emamba_v1/user/rtl/src/CLA_32.sv(26).
#    Time: 0 ps  Iteration: 0  Instance: /TIP_EMAMBA_V1_SIM/i_platform/my_emamba_ip/eMamba/MAMBA_2nd/SSM/SSM_Preprocess/Linear_expand_dBC_C/matMult_40_wo_bias/Stage_C[2]/CLA_C File: /home/sanghun/RVX/rvx-tutorials/platform/tip_emamba_v1/user/rtl/src/matMult_40_wo_bias.sv Line: 79
# ** Warning: (vsim-3722) /home/sanghun/RVX/rvx-tutorials/platform/tip_emamba_v1/user/rtl/src/matMult_40_wo_bias.sv(79): [TFMPC] - Missing connection for port 'carryOut'.
# ** Warning: (vsim-2685) [TFMPC] - Too few port connections for 'CLA_C'.  Expected 5, found 4.
#    Time: 0 ps  Iteration: 0  Instance: /TIP_EMAMBA_V1_SIM/i_platform/my_emamba_ip/eMamba/MAMBA_2nd/SSM/SSM_Preprocess/Linear_expand_dBC_C/matMult_40_wo_bias/Stage_C[3]/CLA_C File: /home/sanghun/RVX/rvx-tutorials/platform/tip_emamba_v1/user/rtl/src/matMult_40_wo_bias.sv Line: 79
# ** Warning: (vsim-3015) [PCDPC] - Port size (1) does not match connection size (32) for port 'carryIn'. The port definition is at: /home/sanghun/RVX/rvx-tutorials/platform/tip_emamba_v1/user/rtl/src/CLA_32.sv(26).
#    Time: 0 ps  Iteration: 0  Instance: /TIP_EMAMBA_V1_SIM/i_platform/my_emamba_ip/eMamba/MAMBA_2nd/SSM/SSM_Preprocess/Linear_expand_dBC_C/matMult_40_wo_bias/Stage_C[3]/CLA_C File: /home/sanghun/RVX/rvx-tutorials/platform/tip_emamba_v1/user/rtl/src/matMult_40_wo_bias.sv Line: 79
# ** Warning: (vsim-3722) /home/sanghun/RVX/rvx-tutorials/platform/tip_emamba_v1/user/rtl/src/matMult_40_wo_bias.sv(79): [TFMPC] - Missing connection for port 'carryOut'.
# ** Warning: (vsim-2685) [TFMPC] - Too few port connections for 'CLA_C'.  Expected 5, found 4.
#    Time: 0 ps  Iteration: 0  Instance: /TIP_EMAMBA_V1_SIM/i_platform/my_emamba_ip/eMamba/MAMBA_2nd/SSM/SSM_Preprocess/Linear_expand_dBC_C/matMult_40_wo_bias/Stage_C[4]/CLA_C File: /home/sanghun/RVX/rvx-tutorials/platform/tip_emamba_v1/user/rtl/src/matMult_40_wo_bias.sv Line: 79
# ** Warning: (vsim-3015) [PCDPC] - Port size (1) does not match connection size (32) for port 'carryIn'. The port definition is at: /home/sanghun/RVX/rvx-tutorials/platform/tip_emamba_v1/user/rtl/src/CLA_32.sv(26).
#    Time: 0 ps  Iteration: 0  Instance: /TIP_EMAMBA_V1_SIM/i_platform/my_emamba_ip/eMamba/MAMBA_2nd/SSM/SSM_Preprocess/Linear_expand_dBC_C/matMult_40_wo_bias/Stage_C[4]/CLA_C File: /home/sanghun/RVX/rvx-tutorials/platform/tip_emamba_v1/user/rtl/src/matMult_40_wo_bias.sv Line: 79
# ** Warning: (vsim-3722) /home/sanghun/RVX/rvx-tutorials/platform/tip_emamba_v1/user/rtl/src/matMult_40_wo_bias.sv(79): [TFMPC] - Missing connection for port 'carryOut'.
# ** Warning: (vsim-2685) [TFMPC] - Too few port connections for 'CLA_D'.  Expected 5, found 4.
#    Time: 0 ps  Iteration: 0  Instance: /TIP_EMAMBA_V1_SIM/i_platform/my_emamba_ip/eMamba/MAMBA_2nd/SSM/SSM_Preprocess/Linear_expand_dBC_C/matMult_40_wo_bias/Stage_D[0]/CLA_D File: /home/sanghun/RVX/rvx-tutorials/platform/tip_emamba_v1/user/rtl/src/matMult_40_wo_bias.sv Line: 89
# ** Warning: (vsim-3015) [PCDPC] - Port size (1) does not match connection size (32) for port 'carryIn'. The port definition is at: /home/sanghun/RVX/rvx-tutorials/platform/tip_emamba_v1/user/rtl/src/CLA_32.sv(26).
#    Time: 0 ps  Iteration: 0  Instance: /TIP_EMAMBA_V1_SIM/i_platform/my_emamba_ip/eMamba/MAMBA_2nd/SSM/SSM_Preprocess/Linear_expand_dBC_C/matMult_40_wo_bias/Stage_D[0]/CLA_D File: /home/sanghun/RVX/rvx-tutorials/platform/tip_emamba_v1/user/rtl/src/matMult_40_wo_bias.sv Line: 89
# ** Warning: (vsim-3722) /home/sanghun/RVX/rvx-tutorials/platform/tip_emamba_v1/user/rtl/src/matMult_40_wo_bias.sv(89): [TFMPC] - Missing connection for port 'carryOut'.
# ** Warning: (vsim-2685) [TFMPC] - Too few port connections for 'CLA_D'.  Expected 5, found 4.
#    Time: 0 ps  Iteration: 0  Instance: /TIP_EMAMBA_V1_SIM/i_platform/my_emamba_ip/eMamba/MAMBA_2nd/SSM/SSM_Preprocess/Linear_expand_dBC_C/matMult_40_wo_bias/Stage_D[1]/CLA_D File: /home/sanghun/RVX/rvx-tutorials/platform/tip_emamba_v1/user/rtl/src/matMult_40_wo_bias.sv Line: 89
# ** Warning: (vsim-3015) [PCDPC] - Port size (1) does not match connection size (32) for port 'carryIn'. The port definition is at: /home/sanghun/RVX/rvx-tutorials/platform/tip_emamba_v1/user/rtl/src/CLA_32.sv(26).
#    Time: 0 ps  Iteration: 0  Instance: /TIP_EMAMBA_V1_SIM/i_platform/my_emamba_ip/eMamba/MAMBA_2nd/SSM/SSM_Preprocess/Linear_expand_dBC_C/matMult_40_wo_bias/Stage_D[1]/CLA_D File: /home/sanghun/RVX/rvx-tutorials/platform/tip_emamba_v1/user/rtl/src/matMult_40_wo_bias.sv Line: 89
# ** Warning: (vsim-3722) /home/sanghun/RVX/rvx-tutorials/platform/tip_emamba_v1/user/rtl/src/matMult_40_wo_bias.sv(89): [TFMPC] - Missing connection for port 'carryOut'.
# ** Warning: (vsim-2685) [TFMPC] - Too few port connections for 'CLA_E'.  Expected 5, found 4.
#    Time: 0 ps  Iteration: 0  Instance: /TIP_EMAMBA_V1_SIM/i_platform/my_emamba_ip/eMamba/MAMBA_2nd/SSM/SSM_Preprocess/Linear_expand_dBC_C/matMult_40_wo_bias/CLA_E File: /home/sanghun/RVX/rvx-tutorials/platform/tip_emamba_v1/user/rtl/src/matMult_40_wo_bias.sv Line: 100
# ** Warning: (vsim-3015) [PCDPC] - Port size (1) does not match connection size (32) for port 'carryIn'. The port definition is at: /home/sanghun/RVX/rvx-tutorials/platform/tip_emamba_v1/user/rtl/src/CLA_32.sv(26).
#    Time: 0 ps  Iteration: 0  Instance: /TIP_EMAMBA_V1_SIM/i_platform/my_emamba_ip/eMamba/MAMBA_2nd/SSM/SSM_Preprocess/Linear_expand_dBC_C/matMult_40_wo_bias/CLA_E File: /home/sanghun/RVX/rvx-tutorials/platform/tip_emamba_v1/user/rtl/src/matMult_40_wo_bias.sv Line: 100
# ** Warning: (vsim-3722) /home/sanghun/RVX/rvx-tutorials/platform/tip_emamba_v1/user/rtl/src/matMult_40_wo_bias.sv(100): [TFMPC] - Missing connection for port 'carryOut'.
# ** Warning: (vsim-2685) [TFMPC] - Too few port connections for 'CLA_F'.  Expected 5, found 4.
#    Time: 0 ps  Iteration: 0  Instance: /TIP_EMAMBA_V1_SIM/i_platform/my_emamba_ip/eMamba/MAMBA_2nd/SSM/SSM_Preprocess/Linear_expand_dBC_C/matMult_40_wo_bias/CLA_F File: /home/sanghun/RVX/rvx-tutorials/platform/tip_emamba_v1/user/rtl/src/matMult_40_wo_bias.sv Line: 109
# ** Warning: (vsim-3015) [PCDPC] - Port size (1) does not match connection size (32) for port 'carryIn'. The port definition is at: /home/sanghun/RVX/rvx-tutorials/platform/tip_emamba_v1/user/rtl/src/CLA_32.sv(26).
#    Time: 0 ps  Iteration: 0  Instance: /TIP_EMAMBA_V1_SIM/i_platform/my_emamba_ip/eMamba/MAMBA_2nd/SSM/SSM_Preprocess/Linear_expand_dBC_C/matMult_40_wo_bias/CLA_F File: /home/sanghun/RVX/rvx-tutorials/platform/tip_emamba_v1/user/rtl/src/matMult_40_wo_bias.sv Line: 109
# ** Warning: (vsim-3722) /home/sanghun/RVX/rvx-tutorials/platform/tip_emamba_v1/user/rtl/src/matMult_40_wo_bias.sv(109): [TFMPC] - Missing connection for port 'carryOut'.
# ** Warning: (vsim-2685) [TFMPC] - Too few port connections for 'CLA_A'.  Expected 5, found 4.
#    Time: 0 ps  Iteration: 0  Instance: /TIP_EMAMBA_V1_SIM/i_platform/my_emamba_ip/eMamba/MAMBA_2nd/SSM/SSM_Preprocess/Linear_expand_delta/matMult_32/Stage_A[0]/CLA_A File: /home/sanghun/RVX/rvx-tutorials/platform/tip_emamba_v1/user/rtl/src/matMult_32.sv Line: 78
# ** Warning: (vsim-3015) [PCDPC] - Port size (1) does not match connection size (32) for port 'carryIn'. The port definition is at: /home/sanghun/RVX/rvx-tutorials/platform/tip_emamba_v1/user/rtl/src/CLA_32.sv(26).
#    Time: 0 ps  Iteration: 0  Instance: /TIP_EMAMBA_V1_SIM/i_platform/my_emamba_ip/eMamba/MAMBA_2nd/SSM/SSM_Preprocess/Linear_expand_delta/matMult_32/Stage_A[0]/CLA_A File: /home/sanghun/RVX/rvx-tutorials/platform/tip_emamba_v1/user/rtl/src/matMult_32.sv Line: 78
# ** Warning: (vsim-3722) /home/sanghun/RVX/rvx-tutorials/platform/tip_emamba_v1/user/rtl/src/matMult_32.sv(78): [TFMPC] - Missing connection for port 'carryOut'.
# ** Warning: (vsim-2685) [TFMPC] - Too few port connections for 'CLA_A'.  Expected 5, found 4.
#    Time: 0 ps  Iteration: 0  Instance: /TIP_EMAMBA_V1_SIM/i_platform/my_emamba_ip/eMamba/MAMBA_2nd/SSM/SSM_Preprocess/Linear_expand_delta/matMult_32/Stage_A[1]/CLA_A File: /home/sanghun/RVX/rvx-tutorials/platform/tip_emamba_v1/user/rtl/src/matMult_32.sv Line: 78
# ** Warning: (vsim-3015) [PCDPC] - Port size (1) does not match connection size (32) for port 'carryIn'. The port definition is at: /home/sanghun/RVX/rvx-tutorials/platform/tip_emamba_v1/user/rtl/src/CLA_32.sv(26).
#    Time: 0 ps  Iteration: 0  Instance: /TIP_EMAMBA_V1_SIM/i_platform/my_emamba_ip/eMamba/MAMBA_2nd/SSM/SSM_Preprocess/Linear_expand_delta/matMult_32/Stage_A[1]/CLA_A File: /home/sanghun/RVX/rvx-tutorials/platform/tip_emamba_v1/user/rtl/src/matMult_32.sv Line: 78
# ** Warning: (vsim-3722) /home/sanghun/RVX/rvx-tutorials/platform/tip_emamba_v1/user/rtl/src/matMult_32.sv(78): [TFMPC] - Missing connection for port 'carryOut'.
# ** Warning: (vsim-2685) [TFMPC] - Too few port connections for 'CLA_A'.  Expected 5, found 4.
#    Time: 0 ps  Iteration: 0  Instance: /TIP_EMAMBA_V1_SIM/i_platform/my_emamba_ip/eMamba/MAMBA_2nd/SSM/SSM_Preprocess/Linear_expand_delta/matMult_32/Stage_A[2]/CLA_A File: /home/sanghun/RVX/rvx-tutorials/platform/tip_emamba_v1/user/rtl/src/matMult_32.sv Line: 78
# ** Warning: (vsim-3015) [PCDPC] - Port size (1) does not match connection size (32) for port 'carryIn'. The port definition is at: /home/sanghun/RVX/rvx-tutorials/platform/tip_emamba_v1/user/rtl/src/CLA_32.sv(26).
#    Time: 0 ps  Iteration: 0  Instance: /TIP_EMAMBA_V1_SIM/i_platform/my_emamba_ip/eMamba/MAMBA_2nd/SSM/SSM_Preprocess/Linear_expand_delta/matMult_32/Stage_A[2]/CLA_A File: /home/sanghun/RVX/rvx-tutorials/platform/tip_emamba_v1/user/rtl/src/matMult_32.sv Line: 78
# ** Warning: (vsim-3722) /home/sanghun/RVX/rvx-tutorials/platform/tip_emamba_v1/user/rtl/src/matMult_32.sv(78): [TFMPC] - Missing connection for port 'carryOut'.
# ** Warning: (vsim-2685) [TFMPC] - Too few port connections for 'CLA_A'.  Expected 5, found 4.
#    Time: 0 ps  Iteration: 0  Instance: /TIP_EMAMBA_V1_SIM/i_platform/my_emamba_ip/eMamba/MAMBA_2nd/SSM/SSM_Preprocess/Linear_expand_delta/matMult_32/Stage_A[3]/CLA_A File: /home/sanghun/RVX/rvx-tutorials/platform/tip_emamba_v1/user/rtl/src/matMult_32.sv Line: 78
# ** Warning: (vsim-3015) [PCDPC] - Port size (1) does not match connection size (32) for port 'carryIn'. The port definition is at: /home/sanghun/RVX/rvx-tutorials/platform/tip_emamba_v1/user/rtl/src/CLA_32.sv(26).
#    Time: 0 ps  Iteration: 0  Instance: /TIP_EMAMBA_V1_SIM/i_platform/my_emamba_ip/eMamba/MAMBA_2nd/SSM/SSM_Preprocess/Linear_expand_delta/matMult_32/Stage_A[3]/CLA_A File: /home/sanghun/RVX/rvx-tutorials/platform/tip_emamba_v1/user/rtl/src/matMult_32.sv Line: 78
# ** Warning: (vsim-3722) /home/sanghun/RVX/rvx-tutorials/platform/tip_emamba_v1/user/rtl/src/matMult_32.sv(78): [TFMPC] - Missing connection for port 'carryOut'.
# ** Warning: (vsim-2685) [TFMPC] - Too few port connections for 'CLA_A'.  Expected 5, found 4.
#    Time: 0 ps  Iteration: 0  Instance: /TIP_EMAMBA_V1_SIM/i_platform/my_emamba_ip/eMamba/MAMBA_2nd/SSM/SSM_Preprocess/Linear_expand_delta/matMult_32/Stage_A[4]/CLA_A File: /home/sanghun/RVX/rvx-tutorials/platform/tip_emamba_v1/user/rtl/src/matMult_32.sv Line: 78
# ** Warning: (vsim-3015) [PCDPC] - Port size (1) does not match connection size (32) for port 'carryIn'. The port definition is at: /home/sanghun/RVX/rvx-tutorials/platform/tip_emamba_v1/user/rtl/src/CLA_32.sv(26).
#    Time: 0 ps  Iteration: 0  Instance: /TIP_EMAMBA_V1_SIM/i_platform/my_emamba_ip/eMamba/MAMBA_2nd/SSM/SSM_Preprocess/Linear_expand_delta/matMult_32/Stage_A[4]/CLA_A File: /home/sanghun/RVX/rvx-tutorials/platform/tip_emamba_v1/user/rtl/src/matMult_32.sv Line: 78
# ** Warning: (vsim-3722) /home/sanghun/RVX/rvx-tutorials/platform/tip_emamba_v1/user/rtl/src/matMult_32.sv(78): [TFMPC] - Missing connection for port 'carryOut'.
# ** Warning: (vsim-2685) [TFMPC] - Too few port connections for 'CLA_A'.  Expected 5, found 4.
#    Time: 0 ps  Iteration: 0  Instance: /TIP_EMAMBA_V1_SIM/i_platform/my_emamba_ip/eMamba/MAMBA_2nd/SSM/SSM_Preprocess/Linear_expand_delta/matMult_32/Stage_A[5]/CLA_A File: /home/sanghun/RVX/rvx-tutorials/platform/tip_emamba_v1/user/rtl/src/matMult_32.sv Line: 78
# ** Warning: (vsim-3015) [PCDPC] - Port size (1) does not match connection size (32) for port 'carryIn'. The port definition is at: /home/sanghun/RVX/rvx-tutorials/platform/tip_emamba_v1/user/rtl/src/CLA_32.sv(26).
#    Time: 0 ps  Iteration: 0  Instance: /TIP_EMAMBA_V1_SIM/i_platform/my_emamba_ip/eMamba/MAMBA_2nd/SSM/SSM_Preprocess/Linear_expand_delta/matMult_32/Stage_A[5]/CLA_A File: /home/sanghun/RVX/rvx-tutorials/platform/tip_emamba_v1/user/rtl/src/matMult_32.sv Line: 78
# ** Warning: (vsim-3722) /home/sanghun/RVX/rvx-tutorials/platform/tip_emamba_v1/user/rtl/src/matMult_32.sv(78): [TFMPC] - Missing connection for port 'carryOut'.
# ** Warning: (vsim-2685) [TFMPC] - Too few port connections for 'CLA_A'.  Expected 5, found 4.
#    Time: 0 ps  Iteration: 0  Instance: /TIP_EMAMBA_V1_SIM/i_platform/my_emamba_ip/eMamba/MAMBA_2nd/SSM/SSM_Preprocess/Linear_expand_delta/matMult_32/Stage_A[6]/CLA_A File: /home/sanghun/RVX/rvx-tutorials/platform/tip_emamba_v1/user/rtl/src/matMult_32.sv Line: 78
# ** Warning: (vsim-3015) [PCDPC] - Port size (1) does not match connection size (32) for port 'carryIn'. The port definition is at: /home/sanghun/RVX/rvx-tutorials/platform/tip_emamba_v1/user/rtl/src/CLA_32.sv(26).
#    Time: 0 ps  Iteration: 0  Instance: /TIP_EMAMBA_V1_SIM/i_platform/my_emamba_ip/eMamba/MAMBA_2nd/SSM/SSM_Preprocess/Linear_expand_delta/matMult_32/Stage_A[6]/CLA_A File: /home/sanghun/RVX/rvx-tutorials/platform/tip_emamba_v1/user/rtl/src/matMult_32.sv Line: 78
# ** Warning: (vsim-3722) /home/sanghun/RVX/rvx-tutorials/platform/tip_emamba_v1/user/rtl/src/matMult_32.sv(78): [TFMPC] - Missing connection for port 'carryOut'.
# ** Warning: (vsim-2685) [TFMPC] - Too few port connections for 'CLA_A'.  Expected 5, found 4.
#    Time: 0 ps  Iteration: 0  Instance: /TIP_EMAMBA_V1_SIM/i_platform/my_emamba_ip/eMamba/MAMBA_2nd/SSM/SSM_Preprocess/Linear_expand_delta/matMult_32/Stage_A[7]/CLA_A File: /home/sanghun/RVX/rvx-tutorials/platform/tip_emamba_v1/user/rtl/src/matMult_32.sv Line: 78
# ** Warning: (vsim-3015) [PCDPC] - Port size (1) does not match connection size (32) for port 'carryIn'. The port definition is at: /home/sanghun/RVX/rvx-tutorials/platform/tip_emamba_v1/user/rtl/src/CLA_32.sv(26).
#    Time: 0 ps  Iteration: 0  Instance: /TIP_EMAMBA_V1_SIM/i_platform/my_emamba_ip/eMamba/MAMBA_2nd/SSM/SSM_Preprocess/Linear_expand_delta/matMult_32/Stage_A[7]/CLA_A File: /home/sanghun/RVX/rvx-tutorials/platform/tip_emamba_v1/user/rtl/src/matMult_32.sv Line: 78
# ** Warning: (vsim-3722) /home/sanghun/RVX/rvx-tutorials/platform/tip_emamba_v1/user/rtl/src/matMult_32.sv(78): [TFMPC] - Missing connection for port 'carryOut'.
# ** Warning: (vsim-2685) [TFMPC] - Too few port connections for 'CLA_A'.  Expected 5, found 4.
#    Time: 0 ps  Iteration: 0  Instance: /TIP_EMAMBA_V1_SIM/i_platform/my_emamba_ip/eMamba/MAMBA_2nd/SSM/SSM_Preprocess/Linear_expand_delta/matMult_32/Stage_A[8]/CLA_A File: /home/sanghun/RVX/rvx-tutorials/platform/tip_emamba_v1/user/rtl/src/matMult_32.sv Line: 78
# ** Warning: (vsim-3015) [PCDPC] - Port size (1) does not match connection size (32) for port 'carryIn'. The port definition is at: /home/sanghun/RVX/rvx-tutorials/platform/tip_emamba_v1/user/rtl/src/CLA_32.sv(26).
#    Time: 0 ps  Iteration: 0  Instance: /TIP_EMAMBA_V1_SIM/i_platform/my_emamba_ip/eMamba/MAMBA_2nd/SSM/SSM_Preprocess/Linear_expand_delta/matMult_32/Stage_A[8]/CLA_A File: /home/sanghun/RVX/rvx-tutorials/platform/tip_emamba_v1/user/rtl/src/matMult_32.sv Line: 78
# ** Warning: (vsim-3722) /home/sanghun/RVX/rvx-tutorials/platform/tip_emamba_v1/user/rtl/src/matMult_32.sv(78): [TFMPC] - Missing connection for port 'carryOut'.
# ** Warning: (vsim-2685) [TFMPC] - Too few port connections for 'CLA_A'.  Expected 5, found 4.
#    Time: 0 ps  Iteration: 0  Instance: /TIP_EMAMBA_V1_SIM/i_platform/my_emamba_ip/eMamba/MAMBA_2nd/SSM/SSM_Preprocess/Linear_expand_delta/matMult_32/Stage_A[9]/CLA_A File: /home/sanghun/RVX/rvx-tutorials/platform/tip_emamba_v1/user/rtl/src/matMult_32.sv Line: 78
# ** Warning: (vsim-3015) [PCDPC] - Port size (1) does not match connection size (32) for port 'carryIn'. The port definition is at: /home/sanghun/RVX/rvx-tutorials/platform/tip_emamba_v1/user/rtl/src/CLA_32.sv(26).
#    Time: 0 ps  Iteration: 0  Instance: /TIP_EMAMBA_V1_SIM/i_platform/my_emamba_ip/eMamba/MAMBA_2nd/SSM/SSM_Preprocess/Linear_expand_delta/matMult_32/Stage_A[9]/CLA_A File: /home/sanghun/RVX/rvx-tutorials/platform/tip_emamba_v1/user/rtl/src/matMult_32.sv Line: 78
# ** Warning: (vsim-3722) /home/sanghun/RVX/rvx-tutorials/platform/tip_emamba_v1/user/rtl/src/matMult_32.sv(78): [TFMPC] - Missing connection for port 'carryOut'.
# ** Warning: (vsim-2685) [TFMPC] - Too few port connections for 'CLA_A'.  Expected 5, found 4.
#    Time: 0 ps  Iteration: 0  Instance: /TIP_EMAMBA_V1_SIM/i_platform/my_emamba_ip/eMamba/MAMBA_2nd/SSM/SSM_Preprocess/Linear_expand_delta/matMult_32/Stage_A[10]/CLA_A File: /home/sanghun/RVX/rvx-tutorials/platform/tip_emamba_v1/user/rtl/src/matMult_32.sv Line: 78
# ** Warning: (vsim-3015) [PCDPC] - Port size (1) does not match connection size (32) for port 'carryIn'. The port definition is at: /home/sanghun/RVX/rvx-tutorials/platform/tip_emamba_v1/user/rtl/src/CLA_32.sv(26).
#    Time: 0 ps  Iteration: 0  Instance: /TIP_EMAMBA_V1_SIM/i_platform/my_emamba_ip/eMamba/MAMBA_2nd/SSM/SSM_Preprocess/Linear_expand_delta/matMult_32/Stage_A[10]/CLA_A File: /home/sanghun/RVX/rvx-tutorials/platform/tip_emamba_v1/user/rtl/src/matMult_32.sv Line: 78
# ** Warning: (vsim-3722) /home/sanghun/RVX/rvx-tutorials/platform/tip_emamba_v1/user/rtl/src/matMult_32.sv(78): [TFMPC] - Missing connection for port 'carryOut'.
# ** Warning: (vsim-2685) [TFMPC] - Too few port connections for 'CLA_A'.  Expected 5, found 4.
#    Time: 0 ps  Iteration: 0  Instance: /TIP_EMAMBA_V1_SIM/i_platform/my_emamba_ip/eMamba/MAMBA_2nd/SSM/SSM_Preprocess/Linear_expand_delta/matMult_32/Stage_A[11]/CLA_A File: /home/sanghun/RVX/rvx-tutorials/platform/tip_emamba_v1/user/rtl/src/matMult_32.sv Line: 78
# ** Warning: (vsim-3015) [PCDPC] - Port size (1) does not match connection size (32) for port 'carryIn'. The port definition is at: /home/sanghun/RVX/rvx-tutorials/platform/tip_emamba_v1/user/rtl/src/CLA_32.sv(26).
#    Time: 0 ps  Iteration: 0  Instance: /TIP_EMAMBA_V1_SIM/i_platform/my_emamba_ip/eMamba/MAMBA_2nd/SSM/SSM_Preprocess/Linear_expand_delta/matMult_32/Stage_A[11]/CLA_A File: /home/sanghun/RVX/rvx-tutorials/platform/tip_emamba_v1/user/rtl/src/matMult_32.sv Line: 78
# ** Warning: (vsim-3722) /home/sanghun/RVX/rvx-tutorials/platform/tip_emamba_v1/user/rtl/src/matMult_32.sv(78): [TFMPC] - Missing connection for port 'carryOut'.
# ** Warning: (vsim-2685) [TFMPC] - Too few port connections for 'CLA_A'.  Expected 5, found 4.
#    Time: 0 ps  Iteration: 0  Instance: /TIP_EMAMBA_V1_SIM/i_platform/my_emamba_ip/eMamba/MAMBA_2nd/SSM/SSM_Preprocess/Linear_expand_delta/matMult_32/Stage_A[12]/CLA_A File: /home/sanghun/RVX/rvx-tutorials/platform/tip_emamba_v1/user/rtl/src/matMult_32.sv Line: 78
# ** Warning: (vsim-3015) [PCDPC] - Port size (1) does not match connection size (32) for port 'carryIn'. The port definition is at: /home/sanghun/RVX/rvx-tutorials/platform/tip_emamba_v1/user/rtl/src/CLA_32.sv(26).
#    Time: 0 ps  Iteration: 0  Instance: /TIP_EMAMBA_V1_SIM/i_platform/my_emamba_ip/eMamba/MAMBA_2nd/SSM/SSM_Preprocess/Linear_expand_delta/matMult_32/Stage_A[12]/CLA_A File: /home/sanghun/RVX/rvx-tutorials/platform/tip_emamba_v1/user/rtl/src/matMult_32.sv Line: 78
# ** Warning: (vsim-3722) /home/sanghun/RVX/rvx-tutorials/platform/tip_emamba_v1/user/rtl/src/matMult_32.sv(78): [TFMPC] - Missing connection for port 'carryOut'.
# ** Warning: (vsim-2685) [TFMPC] - Too few port connections for 'CLA_A'.  Expected 5, found 4.
#    Time: 0 ps  Iteration: 0  Instance: /TIP_EMAMBA_V1_SIM/i_platform/my_emamba_ip/eMamba/MAMBA_2nd/SSM/SSM_Preprocess/Linear_expand_delta/matMult_32/Stage_A[13]/CLA_A File: /home/sanghun/RVX/rvx-tutorials/platform/tip_emamba_v1/user/rtl/src/matMult_32.sv Line: 78
# ** Warning: (vsim-3015) [PCDPC] - Port size (1) does not match connection size (32) for port 'carryIn'. The port definition is at: /home/sanghun/RVX/rvx-tutorials/platform/tip_emamba_v1/user/rtl/src/CLA_32.sv(26).
#    Time: 0 ps  Iteration: 0  Instance: /TIP_EMAMBA_V1_SIM/i_platform/my_emamba_ip/eMamba/MAMBA_2nd/SSM/SSM_Preprocess/Linear_expand_delta/matMult_32/Stage_A[13]/CLA_A File: /home/sanghun/RVX/rvx-tutorials/platform/tip_emamba_v1/user/rtl/src/matMult_32.sv Line: 78
# ** Warning: (vsim-3722) /home/sanghun/RVX/rvx-tutorials/platform/tip_emamba_v1/user/rtl/src/matMult_32.sv(78): [TFMPC] - Missing connection for port 'carryOut'.
# ** Warning: (vsim-2685) [TFMPC] - Too few port connections for 'CLA_A'.  Expected 5, found 4.
#    Time: 0 ps  Iteration: 0  Instance: /TIP_EMAMBA_V1_SIM/i_platform/my_emamba_ip/eMamba/MAMBA_2nd/SSM/SSM_Preprocess/Linear_expand_delta/matMult_32/Stage_A[14]/CLA_A File: /home/sanghun/RVX/rvx-tutorials/platform/tip_emamba_v1/user/rtl/src/matMult_32.sv Line: 78
# ** Warning: (vsim-3015) [PCDPC] - Port size (1) does not match connection size (32) for port 'carryIn'. The port definition is at: /home/sanghun/RVX/rvx-tutorials/platform/tip_emamba_v1/user/rtl/src/CLA_32.sv(26).
#    Time: 0 ps  Iteration: 0  Instance: /TIP_EMAMBA_V1_SIM/i_platform/my_emamba_ip/eMamba/MAMBA_2nd/SSM/SSM_Preprocess/Linear_expand_delta/matMult_32/Stage_A[14]/CLA_A File: /home/sanghun/RVX/rvx-tutorials/platform/tip_emamba_v1/user/rtl/src/matMult_32.sv Line: 78
# ** Warning: (vsim-3722) /home/sanghun/RVX/rvx-tutorials/platform/tip_emamba_v1/user/rtl/src/matMult_32.sv(78): [TFMPC] - Missing connection for port 'carryOut'.
# ** Warning: (vsim-2685) [TFMPC] - Too few port connections for 'CLA_A'.  Expected 5, found 4.
#    Time: 0 ps  Iteration: 0  Instance: /TIP_EMAMBA_V1_SIM/i_platform/my_emamba_ip/eMamba/MAMBA_2nd/SSM/SSM_Preprocess/Linear_expand_delta/matMult_32/Stage_A[15]/CLA_A File: /home/sanghun/RVX/rvx-tutorials/platform/tip_emamba_v1/user/rtl/src/matMult_32.sv Line: 78
# ** Warning: (vsim-3015) [PCDPC] - Port size (1) does not match connection size (32) for port 'carryIn'. The port definition is at: /home/sanghun/RVX/rvx-tutorials/platform/tip_emamba_v1/user/rtl/src/CLA_32.sv(26).
#    Time: 0 ps  Iteration: 0  Instance: /TIP_EMAMBA_V1_SIM/i_platform/my_emamba_ip/eMamba/MAMBA_2nd/SSM/SSM_Preprocess/Linear_expand_delta/matMult_32/Stage_A[15]/CLA_A File: /home/sanghun/RVX/rvx-tutorials/platform/tip_emamba_v1/user/rtl/src/matMult_32.sv Line: 78
# ** Warning: (vsim-3722) /home/sanghun/RVX/rvx-tutorials/platform/tip_emamba_v1/user/rtl/src/matMult_32.sv(78): [TFMPC] - Missing connection for port 'carryOut'.
# ** Warning: (vsim-2685) [TFMPC] - Too few port connections for 'CLA_B'.  Expected 5, found 4.
#    Time: 0 ps  Iteration: 0  Instance: /TIP_EMAMBA_V1_SIM/i_platform/my_emamba_ip/eMamba/MAMBA_2nd/SSM/SSM_Preprocess/Linear_expand_delta/matMult_32/Stage_B[0]/CLA_B File: /home/sanghun/RVX/rvx-tutorials/platform/tip_emamba_v1/user/rtl/src/matMult_32.sv Line: 88
# ** Warning: (vsim-3015) [PCDPC] - Port size (1) does not match connection size (32) for port 'carryIn'. The port definition is at: /home/sanghun/RVX/rvx-tutorials/platform/tip_emamba_v1/user/rtl/src/CLA_32.sv(26).
#    Time: 0 ps  Iteration: 0  Instance: /TIP_EMAMBA_V1_SIM/i_platform/my_emamba_ip/eMamba/MAMBA_2nd/SSM/SSM_Preprocess/Linear_expand_delta/matMult_32/Stage_B[0]/CLA_B File: /home/sanghun/RVX/rvx-tutorials/platform/tip_emamba_v1/user/rtl/src/matMult_32.sv Line: 88
# ** Warning: (vsim-3722) /home/sanghun/RVX/rvx-tutorials/platform/tip_emamba_v1/user/rtl/src/matMult_32.sv(88): [TFMPC] - Missing connection for port 'carryOut'.
# ** Warning: (vsim-2685) [TFMPC] - Too few port connections for 'CLA_B'.  Expected 5, found 4.
#    Time: 0 ps  Iteration: 0  Instance: /TIP_EMAMBA_V1_SIM/i_platform/my_emamba_ip/eMamba/MAMBA_2nd/SSM/SSM_Preprocess/Linear_expand_delta/matMult_32/Stage_B[1]/CLA_B File: /home/sanghun/RVX/rvx-tutorials/platform/tip_emamba_v1/user/rtl/src/matMult_32.sv Line: 88
# ** Warning: (vsim-3015) [PCDPC] - Port size (1) does not match connection size (32) for port 'carryIn'. The port definition is at: /home/sanghun/RVX/rvx-tutorials/platform/tip_emamba_v1/user/rtl/src/CLA_32.sv(26).
#    Time: 0 ps  Iteration: 0  Instance: /TIP_EMAMBA_V1_SIM/i_platform/my_emamba_ip/eMamba/MAMBA_2nd/SSM/SSM_Preprocess/Linear_expand_delta/matMult_32/Stage_B[1]/CLA_B File: /home/sanghun/RVX/rvx-tutorials/platform/tip_emamba_v1/user/rtl/src/matMult_32.sv Line: 88
# ** Warning: (vsim-3722) /home/sanghun/RVX/rvx-tutorials/platform/tip_emamba_v1/user/rtl/src/matMult_32.sv(88): [TFMPC] - Missing connection for port 'carryOut'.
# ** Warning: (vsim-2685) [TFMPC] - Too few port connections for 'CLA_B'.  Expected 5, found 4.
#    Time: 0 ps  Iteration: 0  Instance: /TIP_EMAMBA_V1_SIM/i_platform/my_emamba_ip/eMamba/MAMBA_2nd/SSM/SSM_Preprocess/Linear_expand_delta/matMult_32/Stage_B[2]/CLA_B File: /home/sanghun/RVX/rvx-tutorials/platform/tip_emamba_v1/user/rtl/src/matMult_32.sv Line: 88
# ** Warning: (vsim-3015) [PCDPC] - Port size (1) does not match connection size (32) for port 'carryIn'. The port definition is at: /home/sanghun/RVX/rvx-tutorials/platform/tip_emamba_v1/user/rtl/src/CLA_32.sv(26).
#    Time: 0 ps  Iteration: 0  Instance: /TIP_EMAMBA_V1_SIM/i_platform/my_emamba_ip/eMamba/MAMBA_2nd/SSM/SSM_Preprocess/Linear_expand_delta/matMult_32/Stage_B[2]/CLA_B File: /home/sanghun/RVX/rvx-tutorials/platform/tip_emamba_v1/user/rtl/src/matMult_32.sv Line: 88
# ** Warning: (vsim-3722) /home/sanghun/RVX/rvx-tutorials/platform/tip_emamba_v1/user/rtl/src/matMult_32.sv(88): [TFMPC] - Missing connection for port 'carryOut'.
# ** Warning: (vsim-2685) [TFMPC] - Too few port connections for 'CLA_B'.  Expected 5, found 4.
#    Time: 0 ps  Iteration: 0  Instance: /TIP_EMAMBA_V1_SIM/i_platform/my_emamba_ip/eMamba/MAMBA_2nd/SSM/SSM_Preprocess/Linear_expand_delta/matMult_32/Stage_B[3]/CLA_B File: /home/sanghun/RVX/rvx-tutorials/platform/tip_emamba_v1/user/rtl/src/matMult_32.sv Line: 88
# ** Warning: (vsim-3015) [PCDPC] - Port size (1) does not match connection size (32) for port 'carryIn'. The port definition is at: /home/sanghun/RVX/rvx-tutorials/platform/tip_emamba_v1/user/rtl/src/CLA_32.sv(26).
#    Time: 0 ps  Iteration: 0  Instance: /TIP_EMAMBA_V1_SIM/i_platform/my_emamba_ip/eMamba/MAMBA_2nd/SSM/SSM_Preprocess/Linear_expand_delta/matMult_32/Stage_B[3]/CLA_B File: /home/sanghun/RVX/rvx-tutorials/platform/tip_emamba_v1/user/rtl/src/matMult_32.sv Line: 88
# ** Warning: (vsim-3722) /home/sanghun/RVX/rvx-tutorials/platform/tip_emamba_v1/user/rtl/src/matMult_32.sv(88): [TFMPC] - Missing connection for port 'carryOut'.
# ** Warning: (vsim-2685) [TFMPC] - Too few port connections for 'CLA_B'.  Expected 5, found 4.
#    Time: 0 ps  Iteration: 0  Instance: /TIP_EMAMBA_V1_SIM/i_platform/my_emamba_ip/eMamba/MAMBA_2nd/SSM/SSM_Preprocess/Linear_expand_delta/matMult_32/Stage_B[4]/CLA_B File: /home/sanghun/RVX/rvx-tutorials/platform/tip_emamba_v1/user/rtl/src/matMult_32.sv Line: 88
# ** Warning: (vsim-3015) [PCDPC] - Port size (1) does not match connection size (32) for port 'carryIn'. The port definition is at: /home/sanghun/RVX/rvx-tutorials/platform/tip_emamba_v1/user/rtl/src/CLA_32.sv(26).
#    Time: 0 ps  Iteration: 0  Instance: /TIP_EMAMBA_V1_SIM/i_platform/my_emamba_ip/eMamba/MAMBA_2nd/SSM/SSM_Preprocess/Linear_expand_delta/matMult_32/Stage_B[4]/CLA_B File: /home/sanghun/RVX/rvx-tutorials/platform/tip_emamba_v1/user/rtl/src/matMult_32.sv Line: 88
# ** Warning: (vsim-3722) /home/sanghun/RVX/rvx-tutorials/platform/tip_emamba_v1/user/rtl/src/matMult_32.sv(88): [TFMPC] - Missing connection for port 'carryOut'.
# ** Warning: (vsim-2685) [TFMPC] - Too few port connections for 'CLA_B'.  Expected 5, found 4.
#    Time: 0 ps  Iteration: 0  Instance: /TIP_EMAMBA_V1_SIM/i_platform/my_emamba_ip/eMamba/MAMBA_2nd/SSM/SSM_Preprocess/Linear_expand_delta/matMult_32/Stage_B[5]/CLA_B File: /home/sanghun/RVX/rvx-tutorials/platform/tip_emamba_v1/user/rtl/src/matMult_32.sv Line: 88
# ** Warning: (vsim-3015) [PCDPC] - Port size (1) does not match connection size (32) for port 'carryIn'. The port definition is at: /home/sanghun/RVX/rvx-tutorials/platform/tip_emamba_v1/user/rtl/src/CLA_32.sv(26).
#    Time: 0 ps  Iteration: 0  Instance: /TIP_EMAMBA_V1_SIM/i_platform/my_emamba_ip/eMamba/MAMBA_2nd/SSM/SSM_Preprocess/Linear_expand_delta/matMult_32/Stage_B[5]/CLA_B File: /home/sanghun/RVX/rvx-tutorials/platform/tip_emamba_v1/user/rtl/src/matMult_32.sv Line: 88
# ** Warning: (vsim-3722) /home/sanghun/RVX/rvx-tutorials/platform/tip_emamba_v1/user/rtl/src/matMult_32.sv(88): [TFMPC] - Missing connection for port 'carryOut'.
# ** Warning: (vsim-2685) [TFMPC] - Too few port connections for 'CLA_B'.  Expected 5, found 4.
#    Time: 0 ps  Iteration: 0  Instance: /TIP_EMAMBA_V1_SIM/i_platform/my_emamba_ip/eMamba/MAMBA_2nd/SSM/SSM_Preprocess/Linear_expand_delta/matMult_32/Stage_B[6]/CLA_B File: /home/sanghun/RVX/rvx-tutorials/platform/tip_emamba_v1/user/rtl/src/matMult_32.sv Line: 88
# ** Warning: (vsim-3015) [PCDPC] - Port size (1) does not match connection size (32) for port 'carryIn'. The port definition is at: /home/sanghun/RVX/rvx-tutorials/platform/tip_emamba_v1/user/rtl/src/CLA_32.sv(26).
#    Time: 0 ps  Iteration: 0  Instance: /TIP_EMAMBA_V1_SIM/i_platform/my_emamba_ip/eMamba/MAMBA_2nd/SSM/SSM_Preprocess/Linear_expand_delta/matMult_32/Stage_B[6]/CLA_B File: /home/sanghun/RVX/rvx-tutorials/platform/tip_emamba_v1/user/rtl/src/matMult_32.sv Line: 88
# ** Warning: (vsim-3722) /home/sanghun/RVX/rvx-tutorials/platform/tip_emamba_v1/user/rtl/src/matMult_32.sv(88): [TFMPC] - Missing connection for port 'carryOut'.
# ** Warning: (vsim-2685) [TFMPC] - Too few port connections for 'CLA_B'.  Expected 5, found 4.
#    Time: 0 ps  Iteration: 0  Instance: /TIP_EMAMBA_V1_SIM/i_platform/my_emamba_ip/eMamba/MAMBA_2nd/SSM/SSM_Preprocess/Linear_expand_delta/matMult_32/Stage_B[7]/CLA_B File: /home/sanghun/RVX/rvx-tutorials/platform/tip_emamba_v1/user/rtl/src/matMult_32.sv Line: 88
# ** Warning: (vsim-3015) [PCDPC] - Port size (1) does not match connection size (32) for port 'carryIn'. The port definition is at: /home/sanghun/RVX/rvx-tutorials/platform/tip_emamba_v1/user/rtl/src/CLA_32.sv(26).
#    Time: 0 ps  Iteration: 0  Instance: /TIP_EMAMBA_V1_SIM/i_platform/my_emamba_ip/eMamba/MAMBA_2nd/SSM/SSM_Preprocess/Linear_expand_delta/matMult_32/Stage_B[7]/CLA_B File: /home/sanghun/RVX/rvx-tutorials/platform/tip_emamba_v1/user/rtl/src/matMult_32.sv Line: 88
# ** Warning: (vsim-3722) /home/sanghun/RVX/rvx-tutorials/platform/tip_emamba_v1/user/rtl/src/matMult_32.sv(88): [TFMPC] - Missing connection for port 'carryOut'.
# ** Warning: (vsim-2685) [TFMPC] - Too few port connections for 'CLA_C'.  Expected 5, found 4.
#    Time: 0 ps  Iteration: 0  Instance: /TIP_EMAMBA_V1_SIM/i_platform/my_emamba_ip/eMamba/MAMBA_2nd/SSM/SSM_Preprocess/Linear_expand_delta/matMult_32/Stage_C[0]/CLA_C File: /home/sanghun/RVX/rvx-tutorials/platform/tip_emamba_v1/user/rtl/src/matMult_32.sv Line: 98
# ** Warning: (vsim-3015) [PCDPC] - Port size (1) does not match connection size (32) for port 'carryIn'. The port definition is at: /home/sanghun/RVX/rvx-tutorials/platform/tip_emamba_v1/user/rtl/src/CLA_32.sv(26).
#    Time: 0 ps  Iteration: 0  Instance: /TIP_EMAMBA_V1_SIM/i_platform/my_emamba_ip/eMamba/MAMBA_2nd/SSM/SSM_Preprocess/Linear_expand_delta/matMult_32/Stage_C[0]/CLA_C File: /home/sanghun/RVX/rvx-tutorials/platform/tip_emamba_v1/user/rtl/src/matMult_32.sv Line: 98
# ** Warning: (vsim-3722) /home/sanghun/RVX/rvx-tutorials/platform/tip_emamba_v1/user/rtl/src/matMult_32.sv(98): [TFMPC] - Missing connection for port 'carryOut'.
# ** Warning: (vsim-2685) [TFMPC] - Too few port connections for 'CLA_C'.  Expected 5, found 4.
#    Time: 0 ps  Iteration: 0  Instance: /TIP_EMAMBA_V1_SIM/i_platform/my_emamba_ip/eMamba/MAMBA_2nd/SSM/SSM_Preprocess/Linear_expand_delta/matMult_32/Stage_C[1]/CLA_C File: /home/sanghun/RVX/rvx-tutorials/platform/tip_emamba_v1/user/rtl/src/matMult_32.sv Line: 98
# ** Warning: (vsim-3015) [PCDPC] - Port size (1) does not match connection size (32) for port 'carryIn'. The port definition is at: /home/sanghun/RVX/rvx-tutorials/platform/tip_emamba_v1/user/rtl/src/CLA_32.sv(26).
#    Time: 0 ps  Iteration: 0  Instance: /TIP_EMAMBA_V1_SIM/i_platform/my_emamba_ip/eMamba/MAMBA_2nd/SSM/SSM_Preprocess/Linear_expand_delta/matMult_32/Stage_C[1]/CLA_C File: /home/sanghun/RVX/rvx-tutorials/platform/tip_emamba_v1/user/rtl/src/matMult_32.sv Line: 98
# ** Warning: (vsim-3722) /home/sanghun/RVX/rvx-tutorials/platform/tip_emamba_v1/user/rtl/src/matMult_32.sv(98): [TFMPC] - Missing connection for port 'carryOut'.
# ** Warning: (vsim-2685) [TFMPC] - Too few port connections for 'CLA_C'.  Expected 5, found 4.
#    Time: 0 ps  Iteration: 0  Instance: /TIP_EMAMBA_V1_SIM/i_platform/my_emamba_ip/eMamba/MAMBA_2nd/SSM/SSM_Preprocess/Linear_expand_delta/matMult_32/Stage_C[2]/CLA_C File: /home/sanghun/RVX/rvx-tutorials/platform/tip_emamba_v1/user/rtl/src/matMult_32.sv Line: 98
# ** Warning: (vsim-3015) [PCDPC] - Port size (1) does not match connection size (32) for port 'carryIn'. The port definition is at: /home/sanghun/RVX/rvx-tutorials/platform/tip_emamba_v1/user/rtl/src/CLA_32.sv(26).
#    Time: 0 ps  Iteration: 0  Instance: /TIP_EMAMBA_V1_SIM/i_platform/my_emamba_ip/eMamba/MAMBA_2nd/SSM/SSM_Preprocess/Linear_expand_delta/matMult_32/Stage_C[2]/CLA_C File: /home/sanghun/RVX/rvx-tutorials/platform/tip_emamba_v1/user/rtl/src/matMult_32.sv Line: 98
# ** Warning: (vsim-3722) /home/sanghun/RVX/rvx-tutorials/platform/tip_emamba_v1/user/rtl/src/matMult_32.sv(98): [TFMPC] - Missing connection for port 'carryOut'.
# ** Warning: (vsim-2685) [TFMPC] - Too few port connections for 'CLA_C'.  Expected 5, found 4.
#    Time: 0 ps  Iteration: 0  Instance: /TIP_EMAMBA_V1_SIM/i_platform/my_emamba_ip/eMamba/MAMBA_2nd/SSM/SSM_Preprocess/Linear_expand_delta/matMult_32/Stage_C[3]/CLA_C File: /home/sanghun/RVX/rvx-tutorials/platform/tip_emamba_v1/user/rtl/src/matMult_32.sv Line: 98
# ** Warning: (vsim-3015) [PCDPC] - Port size (1) does not match connection size (32) for port 'carryIn'. The port definition is at: /home/sanghun/RVX/rvx-tutorials/platform/tip_emamba_v1/user/rtl/src/CLA_32.sv(26).
#    Time: 0 ps  Iteration: 0  Instance: /TIP_EMAMBA_V1_SIM/i_platform/my_emamba_ip/eMamba/MAMBA_2nd/SSM/SSM_Preprocess/Linear_expand_delta/matMult_32/Stage_C[3]/CLA_C File: /home/sanghun/RVX/rvx-tutorials/platform/tip_emamba_v1/user/rtl/src/matMult_32.sv Line: 98
# ** Warning: (vsim-3722) /home/sanghun/RVX/rvx-tutorials/platform/tip_emamba_v1/user/rtl/src/matMult_32.sv(98): [TFMPC] - Missing connection for port 'carryOut'.
# ** Warning: (vsim-2685) [TFMPC] - Too few port connections for 'CLA_D'.  Expected 5, found 4.
#    Time: 0 ps  Iteration: 0  Instance: /TIP_EMAMBA_V1_SIM/i_platform/my_emamba_ip/eMamba/MAMBA_2nd/SSM/SSM_Preprocess/Linear_expand_delta/matMult_32/Stage_D[0]/CLA_D File: /home/sanghun/RVX/rvx-tutorials/platform/tip_emamba_v1/user/rtl/src/matMult_32.sv Line: 108
# ** Warning: (vsim-3015) [PCDPC] - Port size (1) does not match connection size (32) for port 'carryIn'. The port definition is at: /home/sanghun/RVX/rvx-tutorials/platform/tip_emamba_v1/user/rtl/src/CLA_32.sv(26).
#    Time: 0 ps  Iteration: 0  Instance: /TIP_EMAMBA_V1_SIM/i_platform/my_emamba_ip/eMamba/MAMBA_2nd/SSM/SSM_Preprocess/Linear_expand_delta/matMult_32/Stage_D[0]/CLA_D File: /home/sanghun/RVX/rvx-tutorials/platform/tip_emamba_v1/user/rtl/src/matMult_32.sv Line: 108
# ** Warning: (vsim-3722) /home/sanghun/RVX/rvx-tutorials/platform/tip_emamba_v1/user/rtl/src/matMult_32.sv(108): [TFMPC] - Missing connection for port 'carryOut'.
# ** Warning: (vsim-2685) [TFMPC] - Too few port connections for 'CLA_D'.  Expected 5, found 4.
#    Time: 0 ps  Iteration: 0  Instance: /TIP_EMAMBA_V1_SIM/i_platform/my_emamba_ip/eMamba/MAMBA_2nd/SSM/SSM_Preprocess/Linear_expand_delta/matMult_32/Stage_D[1]/CLA_D File: /home/sanghun/RVX/rvx-tutorials/platform/tip_emamba_v1/user/rtl/src/matMult_32.sv Line: 108
# ** Warning: (vsim-3015) [PCDPC] - Port size (1) does not match connection size (32) for port 'carryIn'. The port definition is at: /home/sanghun/RVX/rvx-tutorials/platform/tip_emamba_v1/user/rtl/src/CLA_32.sv(26).
#    Time: 0 ps  Iteration: 0  Instance: /TIP_EMAMBA_V1_SIM/i_platform/my_emamba_ip/eMamba/MAMBA_2nd/SSM/SSM_Preprocess/Linear_expand_delta/matMult_32/Stage_D[1]/CLA_D File: /home/sanghun/RVX/rvx-tutorials/platform/tip_emamba_v1/user/rtl/src/matMult_32.sv Line: 108
# ** Warning: (vsim-3722) /home/sanghun/RVX/rvx-tutorials/platform/tip_emamba_v1/user/rtl/src/matMult_32.sv(108): [TFMPC] - Missing connection for port 'carryOut'.
# ** Warning: (vsim-2685) [TFMPC] - Too few port connections for 'CLA_E'.  Expected 5, found 4.
#    Time: 0 ps  Iteration: 0  Instance: /TIP_EMAMBA_V1_SIM/i_platform/my_emamba_ip/eMamba/MAMBA_2nd/SSM/SSM_Preprocess/Linear_expand_delta/matMult_32/CLA_E File: /home/sanghun/RVX/rvx-tutorials/platform/tip_emamba_v1/user/rtl/src/matMult_32.sv Line: 119
# ** Warning: (vsim-3015) [PCDPC] - Port size (1) does not match connection size (32) for port 'carryIn'. The port definition is at: /home/sanghun/RVX/rvx-tutorials/platform/tip_emamba_v1/user/rtl/src/CLA_32.sv(26).
#    Time: 0 ps  Iteration: 0  Instance: /TIP_EMAMBA_V1_SIM/i_platform/my_emamba_ip/eMamba/MAMBA_2nd/SSM/SSM_Preprocess/Linear_expand_delta/matMult_32/CLA_E File: /home/sanghun/RVX/rvx-tutorials/platform/tip_emamba_v1/user/rtl/src/matMult_32.sv Line: 119
# ** Warning: (vsim-3722) /home/sanghun/RVX/rvx-tutorials/platform/tip_emamba_v1/user/rtl/src/matMult_32.sv(119): [TFMPC] - Missing connection for port 'carryOut'.
# ** Warning: (vsim-2685) [TFMPC] - Too few port connections for 'CLA_F'.  Expected 5, found 4.
#    Time: 0 ps  Iteration: 0  Instance: /TIP_EMAMBA_V1_SIM/i_platform/my_emamba_ip/eMamba/MAMBA_2nd/SSM/SSM_Preprocess/Linear_expand_delta/matMult_32/CLA_F File: /home/sanghun/RVX/rvx-tutorials/platform/tip_emamba_v1/user/rtl/src/matMult_32.sv Line: 128
# ** Warning: (vsim-3015) [PCDPC] - Port size (1) does not match connection size (32) for port 'carryIn'. The port definition is at: /home/sanghun/RVX/rvx-tutorials/platform/tip_emamba_v1/user/rtl/src/CLA_32.sv(26).
#    Time: 0 ps  Iteration: 0  Instance: /TIP_EMAMBA_V1_SIM/i_platform/my_emamba_ip/eMamba/MAMBA_2nd/SSM/SSM_Preprocess/Linear_expand_delta/matMult_32/CLA_F File: /home/sanghun/RVX/rvx-tutorials/platform/tip_emamba_v1/user/rtl/src/matMult_32.sv Line: 128
# ** Warning: (vsim-3722) /home/sanghun/RVX/rvx-tutorials/platform/tip_emamba_v1/user/rtl/src/matMult_32.sv(128): [TFMPC] - Missing connection for port 'carryOut'.
# ** Warning: (vsim-2685) [TFMPC] - Too few port connections for 'CLA_A'.  Expected 5, found 4.
#    Time: 0 ps  Iteration: 0  Instance: /TIP_EMAMBA_V1_SIM/i_platform/my_emamba_ip/eMamba/MAMBA_2nd/Linear_contract/matMult_40_LinCont/Stage_A[0]/CLA_A File: /home/sanghun/RVX/rvx-tutorials/platform/tip_emamba_v1/user/rtl/src/matMult_40_LinCont.sv Line: 110
# ** Warning: (vsim-3015) [PCDPC] - Port size (1) does not match connection size (32) for port 'carryIn'. The port definition is at: /home/sanghun/RVX/rvx-tutorials/platform/tip_emamba_v1/user/rtl/src/CLA_32.sv(26).
#    Time: 0 ps  Iteration: 0  Instance: /TIP_EMAMBA_V1_SIM/i_platform/my_emamba_ip/eMamba/MAMBA_2nd/Linear_contract/matMult_40_LinCont/Stage_A[0]/CLA_A File: /home/sanghun/RVX/rvx-tutorials/platform/tip_emamba_v1/user/rtl/src/matMult_40_LinCont.sv Line: 110
# ** Warning: (vsim-3722) /home/sanghun/RVX/rvx-tutorials/platform/tip_emamba_v1/user/rtl/src/matMult_40_LinCont.sv(110): [TFMPC] - Missing connection for port 'carryOut'.
# ** Warning: (vsim-2685) [TFMPC] - Too few port connections for 'CLA_A'.  Expected 5, found 4.
#    Time: 0 ps  Iteration: 0  Instance: /TIP_EMAMBA_V1_SIM/i_platform/my_emamba_ip/eMamba/MAMBA_2nd/Linear_contract/matMult_40_LinCont/Stage_A[1]/CLA_A File: /home/sanghun/RVX/rvx-tutorials/platform/tip_emamba_v1/user/rtl/src/matMult_40_LinCont.sv Line: 110
# ** Warning: (vsim-3015) [PCDPC] - Port size (1) does not match connection size (32) for port 'carryIn'. The port definition is at: /home/sanghun/RVX/rvx-tutorials/platform/tip_emamba_v1/user/rtl/src/CLA_32.sv(26).
#    Time: 0 ps  Iteration: 0  Instance: /TIP_EMAMBA_V1_SIM/i_platform/my_emamba_ip/eMamba/MAMBA_2nd/Linear_contract/matMult_40_LinCont/Stage_A[1]/CLA_A File: /home/sanghun/RVX/rvx-tutorials/platform/tip_emamba_v1/user/rtl/src/matMult_40_LinCont.sv Line: 110
# ** Warning: (vsim-3722) /home/sanghun/RVX/rvx-tutorials/platform/tip_emamba_v1/user/rtl/src/matMult_40_LinCont.sv(110): [TFMPC] - Missing connection for port 'carryOut'.
# ** Warning: (vsim-2685) [TFMPC] - Too few port connections for 'CLA_A'.  Expected 5, found 4.
#    Time: 0 ps  Iteration: 0  Instance: /TIP_EMAMBA_V1_SIM/i_platform/my_emamba_ip/eMamba/MAMBA_2nd/Linear_contract/matMult_40_LinCont/Stage_A[2]/CLA_A File: /home/sanghun/RVX/rvx-tutorials/platform/tip_emamba_v1/user/rtl/src/matMult_40_LinCont.sv Line: 110
# ** Warning: (vsim-3015) [PCDPC] - Port size (1) does not match connection size (32) for port 'carryIn'. The port definition is at: /home/sanghun/RVX/rvx-tutorials/platform/tip_emamba_v1/user/rtl/src/CLA_32.sv(26).
#    Time: 0 ps  Iteration: 0  Instance: /TIP_EMAMBA_V1_SIM/i_platform/my_emamba_ip/eMamba/MAMBA_2nd/Linear_contract/matMult_40_LinCont/Stage_A[2]/CLA_A File: /home/sanghun/RVX/rvx-tutorials/platform/tip_emamba_v1/user/rtl/src/matMult_40_LinCont.sv Line: 110
# ** Warning: (vsim-3722) /home/sanghun/RVX/rvx-tutorials/platform/tip_emamba_v1/user/rtl/src/matMult_40_LinCont.sv(110): [TFMPC] - Missing connection for port 'carryOut'.
# ** Warning: (vsim-2685) [TFMPC] - Too few port connections for 'CLA_A'.  Expected 5, found 4.
#    Time: 0 ps  Iteration: 0  Instance: /TIP_EMAMBA_V1_SIM/i_platform/my_emamba_ip/eMamba/MAMBA_2nd/Linear_contract/matMult_40_LinCont/Stage_A[3]/CLA_A File: /home/sanghun/RVX/rvx-tutorials/platform/tip_emamba_v1/user/rtl/src/matMult_40_LinCont.sv Line: 110
# ** Warning: (vsim-3015) [PCDPC] - Port size (1) does not match connection size (32) for port 'carryIn'. The port definition is at: /home/sanghun/RVX/rvx-tutorials/platform/tip_emamba_v1/user/rtl/src/CLA_32.sv(26).
#    Time: 0 ps  Iteration: 0  Instance: /TIP_EMAMBA_V1_SIM/i_platform/my_emamba_ip/eMamba/MAMBA_2nd/Linear_contract/matMult_40_LinCont/Stage_A[3]/CLA_A File: /home/sanghun/RVX/rvx-tutorials/platform/tip_emamba_v1/user/rtl/src/matMult_40_LinCont.sv Line: 110
# ** Warning: (vsim-3722) /home/sanghun/RVX/rvx-tutorials/platform/tip_emamba_v1/user/rtl/src/matMult_40_LinCont.sv(110): [TFMPC] - Missing connection for port 'carryOut'.
# ** Warning: (vsim-2685) [TFMPC] - Too few port connections for 'CLA_A'.  Expected 5, found 4.
#    Time: 0 ps  Iteration: 0  Instance: /TIP_EMAMBA_V1_SIM/i_platform/my_emamba_ip/eMamba/MAMBA_2nd/Linear_contract/matMult_40_LinCont/Stage_A[4]/CLA_A File: /home/sanghun/RVX/rvx-tutorials/platform/tip_emamba_v1/user/rtl/src/matMult_40_LinCont.sv Line: 110
# ** Warning: (vsim-3015) [PCDPC] - Port size (1) does not match connection size (32) for port 'carryIn'. The port definition is at: /home/sanghun/RVX/rvx-tutorials/platform/tip_emamba_v1/user/rtl/src/CLA_32.sv(26).
#    Time: 0 ps  Iteration: 0  Instance: /TIP_EMAMBA_V1_SIM/i_platform/my_emamba_ip/eMamba/MAMBA_2nd/Linear_contract/matMult_40_LinCont/Stage_A[4]/CLA_A File: /home/sanghun/RVX/rvx-tutorials/platform/tip_emamba_v1/user/rtl/src/matMult_40_LinCont.sv Line: 110
# ** Warning: (vsim-3722) /home/sanghun/RVX/rvx-tutorials/platform/tip_emamba_v1/user/rtl/src/matMult_40_LinCont.sv(110): [TFMPC] - Missing connection for port 'carryOut'.
# ** Warning: (vsim-2685) [TFMPC] - Too few port connections for 'CLA_A'.  Expected 5, found 4.
#    Time: 0 ps  Iteration: 0  Instance: /TIP_EMAMBA_V1_SIM/i_platform/my_emamba_ip/eMamba/MAMBA_2nd/Linear_contract/matMult_40_LinCont/Stage_A[5]/CLA_A File: /home/sanghun/RVX/rvx-tutorials/platform/tip_emamba_v1/user/rtl/src/matMult_40_LinCont.sv Line: 110
# ** Warning: (vsim-3015) [PCDPC] - Port size (1) does not match connection size (32) for port 'carryIn'. The port definition is at: /home/sanghun/RVX/rvx-tutorials/platform/tip_emamba_v1/user/rtl/src/CLA_32.sv(26).
#    Time: 0 ps  Iteration: 0  Instance: /TIP_EMAMBA_V1_SIM/i_platform/my_emamba_ip/eMamba/MAMBA_2nd/Linear_contract/matMult_40_LinCont/Stage_A[5]/CLA_A File: /home/sanghun/RVX/rvx-tutorials/platform/tip_emamba_v1/user/rtl/src/matMult_40_LinCont.sv Line: 110
# ** Warning: (vsim-3722) /home/sanghun/RVX/rvx-tutorials/platform/tip_emamba_v1/user/rtl/src/matMult_40_LinCont.sv(110): [TFMPC] - Missing connection for port 'carryOut'.
# ** Warning: (vsim-2685) [TFMPC] - Too few port connections for 'CLA_A'.  Expected 5, found 4.
#    Time: 0 ps  Iteration: 0  Instance: /TIP_EMAMBA_V1_SIM/i_platform/my_emamba_ip/eMamba/MAMBA_2nd/Linear_contract/matMult_40_LinCont/Stage_A[6]/CLA_A File: /home/sanghun/RVX/rvx-tutorials/platform/tip_emamba_v1/user/rtl/src/matMult_40_LinCont.sv Line: 110
# ** Warning: (vsim-3015) [PCDPC] - Port size (1) does not match connection size (32) for port 'carryIn'. The port definition is at: /home/sanghun/RVX/rvx-tutorials/platform/tip_emamba_v1/user/rtl/src/CLA_32.sv(26).
#    Time: 0 ps  Iteration: 0  Instance: /TIP_EMAMBA_V1_SIM/i_platform/my_emamba_ip/eMamba/MAMBA_2nd/Linear_contract/matMult_40_LinCont/Stage_A[6]/CLA_A File: /home/sanghun/RVX/rvx-tutorials/platform/tip_emamba_v1/user/rtl/src/matMult_40_LinCont.sv Line: 110
# ** Warning: (vsim-3722) /home/sanghun/RVX/rvx-tutorials/platform/tip_emamba_v1/user/rtl/src/matMult_40_LinCont.sv(110): [TFMPC] - Missing connection for port 'carryOut'.
# ** Warning: (vsim-2685) [TFMPC] - Too few port connections for 'CLA_A'.  Expected 5, found 4.
#    Time: 0 ps  Iteration: 0  Instance: /TIP_EMAMBA_V1_SIM/i_platform/my_emamba_ip/eMamba/MAMBA_2nd/Linear_contract/matMult_40_LinCont/Stage_A[7]/CLA_A File: /home/sanghun/RVX/rvx-tutorials/platform/tip_emamba_v1/user/rtl/src/matMult_40_LinCont.sv Line: 110
# ** Warning: (vsim-3015) [PCDPC] - Port size (1) does not match connection size (32) for port 'carryIn'. The port definition is at: /home/sanghun/RVX/rvx-tutorials/platform/tip_emamba_v1/user/rtl/src/CLA_32.sv(26).
#    Time: 0 ps  Iteration: 0  Instance: /TIP_EMAMBA_V1_SIM/i_platform/my_emamba_ip/eMamba/MAMBA_2nd/Linear_contract/matMult_40_LinCont/Stage_A[7]/CLA_A File: /home/sanghun/RVX/rvx-tutorials/platform/tip_emamba_v1/user/rtl/src/matMult_40_LinCont.sv Line: 110
# ** Warning: (vsim-3722) /home/sanghun/RVX/rvx-tutorials/platform/tip_emamba_v1/user/rtl/src/matMult_40_LinCont.sv(110): [TFMPC] - Missing connection for port 'carryOut'.
# ** Warning: (vsim-2685) [TFMPC] - Too few port connections for 'CLA_A'.  Expected 5, found 4.
#    Time: 0 ps  Iteration: 0  Instance: /TIP_EMAMBA_V1_SIM/i_platform/my_emamba_ip/eMamba/MAMBA_2nd/Linear_contract/matMult_40_LinCont/Stage_A[8]/CLA_A File: /home/sanghun/RVX/rvx-tutorials/platform/tip_emamba_v1/user/rtl/src/matMult_40_LinCont.sv Line: 110
# ** Warning: (vsim-3015) [PCDPC] - Port size (1) does not match connection size (32) for port 'carryIn'. The port definition is at: /home/sanghun/RVX/rvx-tutorials/platform/tip_emamba_v1/user/rtl/src/CLA_32.sv(26).
#    Time: 0 ps  Iteration: 0  Instance: /TIP_EMAMBA_V1_SIM/i_platform/my_emamba_ip/eMamba/MAMBA_2nd/Linear_contract/matMult_40_LinCont/Stage_A[8]/CLA_A File: /home/sanghun/RVX/rvx-tutorials/platform/tip_emamba_v1/user/rtl/src/matMult_40_LinCont.sv Line: 110
# ** Warning: (vsim-3722) /home/sanghun/RVX/rvx-tutorials/platform/tip_emamba_v1/user/rtl/src/matMult_40_LinCont.sv(110): [TFMPC] - Missing connection for port 'carryOut'.
# ** Warning: (vsim-2685) [TFMPC] - Too few port connections for 'CLA_A'.  Expected 5, found 4.
#    Time: 0 ps  Iteration: 0  Instance: /TIP_EMAMBA_V1_SIM/i_platform/my_emamba_ip/eMamba/MAMBA_2nd/Linear_contract/matMult_40_LinCont/Stage_A[9]/CLA_A File: /home/sanghun/RVX/rvx-tutorials/platform/tip_emamba_v1/user/rtl/src/matMult_40_LinCont.sv Line: 110
# ** Warning: (vsim-3015) [PCDPC] - Port size (1) does not match connection size (32) for port 'carryIn'. The port definition is at: /home/sanghun/RVX/rvx-tutorials/platform/tip_emamba_v1/user/rtl/src/CLA_32.sv(26).
#    Time: 0 ps  Iteration: 0  Instance: /TIP_EMAMBA_V1_SIM/i_platform/my_emamba_ip/eMamba/MAMBA_2nd/Linear_contract/matMult_40_LinCont/Stage_A[9]/CLA_A File: /home/sanghun/RVX/rvx-tutorials/platform/tip_emamba_v1/user/rtl/src/matMult_40_LinCont.sv Line: 110
# ** Warning: (vsim-3722) /home/sanghun/RVX/rvx-tutorials/platform/tip_emamba_v1/user/rtl/src/matMult_40_LinCont.sv(110): [TFMPC] - Missing connection for port 'carryOut'.
# ** Warning: (vsim-2685) [TFMPC] - Too few port connections for 'CLA_A'.  Expected 5, found 4.
#    Time: 0 ps  Iteration: 0  Instance: /TIP_EMAMBA_V1_SIM/i_platform/my_emamba_ip/eMamba/MAMBA_2nd/Linear_contract/matMult_40_LinCont/Stage_A[10]/CLA_A File: /home/sanghun/RVX/rvx-tutorials/platform/tip_emamba_v1/user/rtl/src/matMult_40_LinCont.sv Line: 110
# ** Warning: (vsim-3015) [PCDPC] - Port size (1) does not match connection size (32) for port 'carryIn'. The port definition is at: /home/sanghun/RVX/rvx-tutorials/platform/tip_emamba_v1/user/rtl/src/CLA_32.sv(26).
#    Time: 0 ps  Iteration: 0  Instance: /TIP_EMAMBA_V1_SIM/i_platform/my_emamba_ip/eMamba/MAMBA_2nd/Linear_contract/matMult_40_LinCont/Stage_A[10]/CLA_A File: /home/sanghun/RVX/rvx-tutorials/platform/tip_emamba_v1/user/rtl/src/matMult_40_LinCont.sv Line: 110
# ** Warning: (vsim-3722) /home/sanghun/RVX/rvx-tutorials/platform/tip_emamba_v1/user/rtl/src/matMult_40_LinCont.sv(110): [TFMPC] - Missing connection for port 'carryOut'.
# ** Warning: (vsim-2685) [TFMPC] - Too few port connections for 'CLA_A'.  Expected 5, found 4.
#    Time: 0 ps  Iteration: 0  Instance: /TIP_EMAMBA_V1_SIM/i_platform/my_emamba_ip/eMamba/MAMBA_2nd/Linear_contract/matMult_40_LinCont/Stage_A[11]/CLA_A File: /home/sanghun/RVX/rvx-tutorials/platform/tip_emamba_v1/user/rtl/src/matMult_40_LinCont.sv Line: 110
# ** Warning: (vsim-3015) [PCDPC] - Port size (1) does not match connection size (32) for port 'carryIn'. The port definition is at: /home/sanghun/RVX/rvx-tutorials/platform/tip_emamba_v1/user/rtl/src/CLA_32.sv(26).
#    Time: 0 ps  Iteration: 0  Instance: /TIP_EMAMBA_V1_SIM/i_platform/my_emamba_ip/eMamba/MAMBA_2nd/Linear_contract/matMult_40_LinCont/Stage_A[11]/CLA_A File: /home/sanghun/RVX/rvx-tutorials/platform/tip_emamba_v1/user/rtl/src/matMult_40_LinCont.sv Line: 110
# ** Warning: (vsim-3722) /home/sanghun/RVX/rvx-tutorials/platform/tip_emamba_v1/user/rtl/src/matMult_40_LinCont.sv(110): [TFMPC] - Missing connection for port 'carryOut'.
# ** Warning: (vsim-2685) [TFMPC] - Too few port connections for 'CLA_A'.  Expected 5, found 4.
#    Time: 0 ps  Iteration: 0  Instance: /TIP_EMAMBA_V1_SIM/i_platform/my_emamba_ip/eMamba/MAMBA_2nd/Linear_contract/matMult_40_LinCont/Stage_A[12]/CLA_A File: /home/sanghun/RVX/rvx-tutorials/platform/tip_emamba_v1/user/rtl/src/matMult_40_LinCont.sv Line: 110
# ** Warning: (vsim-3015) [PCDPC] - Port size (1) does not match connection size (32) for port 'carryIn'. The port definition is at: /home/sanghun/RVX/rvx-tutorials/platform/tip_emamba_v1/user/rtl/src/CLA_32.sv(26).
#    Time: 0 ps  Iteration: 0  Instance: /TIP_EMAMBA_V1_SIM/i_platform/my_emamba_ip/eMamba/MAMBA_2nd/Linear_contract/matMult_40_LinCont/Stage_A[12]/CLA_A File: /home/sanghun/RVX/rvx-tutorials/platform/tip_emamba_v1/user/rtl/src/matMult_40_LinCont.sv Line: 110
# ** Warning: (vsim-3722) /home/sanghun/RVX/rvx-tutorials/platform/tip_emamba_v1/user/rtl/src/matMult_40_LinCont.sv(110): [TFMPC] - Missing connection for port 'carryOut'.
# ** Warning: (vsim-2685) [TFMPC] - Too few port connections for 'CLA_A'.  Expected 5, found 4.
#    Time: 0 ps  Iteration: 0  Instance: /TIP_EMAMBA_V1_SIM/i_platform/my_emamba_ip/eMamba/MAMBA_2nd/Linear_contract/matMult_40_LinCont/Stage_A[13]/CLA_A File: /home/sanghun/RVX/rvx-tutorials/platform/tip_emamba_v1/user/rtl/src/matMult_40_LinCont.sv Line: 110
# ** Warning: (vsim-3015) [PCDPC] - Port size (1) does not match connection size (32) for port 'carryIn'. The port definition is at: /home/sanghun/RVX/rvx-tutorials/platform/tip_emamba_v1/user/rtl/src/CLA_32.sv(26).
#    Time: 0 ps  Iteration: 0  Instance: /TIP_EMAMBA_V1_SIM/i_platform/my_emamba_ip/eMamba/MAMBA_2nd/Linear_contract/matMult_40_LinCont/Stage_A[13]/CLA_A File: /home/sanghun/RVX/rvx-tutorials/platform/tip_emamba_v1/user/rtl/src/matMult_40_LinCont.sv Line: 110
# ** Warning: (vsim-3722) /home/sanghun/RVX/rvx-tutorials/platform/tip_emamba_v1/user/rtl/src/matMult_40_LinCont.sv(110): [TFMPC] - Missing connection for port 'carryOut'.
# ** Warning: (vsim-2685) [TFMPC] - Too few port connections for 'CLA_A'.  Expected 5, found 4.
#    Time: 0 ps  Iteration: 0  Instance: /TIP_EMAMBA_V1_SIM/i_platform/my_emamba_ip/eMamba/MAMBA_2nd/Linear_contract/matMult_40_LinCont/Stage_A[14]/CLA_A File: /home/sanghun/RVX/rvx-tutorials/platform/tip_emamba_v1/user/rtl/src/matMult_40_LinCont.sv Line: 110
# ** Warning: (vsim-3015) [PCDPC] - Port size (1) does not match connection size (32) for port 'carryIn'. The port definition is at: /home/sanghun/RVX/rvx-tutorials/platform/tip_emamba_v1/user/rtl/src/CLA_32.sv(26).
#    Time: 0 ps  Iteration: 0  Instance: /TIP_EMAMBA_V1_SIM/i_platform/my_emamba_ip/eMamba/MAMBA_2nd/Linear_contract/matMult_40_LinCont/Stage_A[14]/CLA_A File: /home/sanghun/RVX/rvx-tutorials/platform/tip_emamba_v1/user/rtl/src/matMult_40_LinCont.sv Line: 110
# ** Warning: (vsim-3722) /home/sanghun/RVX/rvx-tutorials/platform/tip_emamba_v1/user/rtl/src/matMult_40_LinCont.sv(110): [TFMPC] - Missing connection for port 'carryOut'.
# ** Warning: (vsim-2685) [TFMPC] - Too few port connections for 'CLA_A'.  Expected 5, found 4.
#    Time: 0 ps  Iteration: 0  Instance: /TIP_EMAMBA_V1_SIM/i_platform/my_emamba_ip/eMamba/MAMBA_2nd/Linear_contract/matMult_40_LinCont/Stage_A[15]/CLA_A File: /home/sanghun/RVX/rvx-tutorials/platform/tip_emamba_v1/user/rtl/src/matMult_40_LinCont.sv Line: 110
# ** Warning: (vsim-3015) [PCDPC] - Port size (1) does not match connection size (32) for port 'carryIn'. The port definition is at: /home/sanghun/RVX/rvx-tutorials/platform/tip_emamba_v1/user/rtl/src/CLA_32.sv(26).
#    Time: 0 ps  Iteration: 0  Instance: /TIP_EMAMBA_V1_SIM/i_platform/my_emamba_ip/eMamba/MAMBA_2nd/Linear_contract/matMult_40_LinCont/Stage_A[15]/CLA_A File: /home/sanghun/RVX/rvx-tutorials/platform/tip_emamba_v1/user/rtl/src/matMult_40_LinCont.sv Line: 110
# ** Warning: (vsim-3722) /home/sanghun/RVX/rvx-tutorials/platform/tip_emamba_v1/user/rtl/src/matMult_40_LinCont.sv(110): [TFMPC] - Missing connection for port 'carryOut'.
# ** Warning: (vsim-2685) [TFMPC] - Too few port connections for 'CLA_A'.  Expected 5, found 4.
#    Time: 0 ps  Iteration: 0  Instance: /TIP_EMAMBA_V1_SIM/i_platform/my_emamba_ip/eMamba/MAMBA_2nd/Linear_contract/matMult_40_LinCont/Stage_A[16]/CLA_A File: /home/sanghun/RVX/rvx-tutorials/platform/tip_emamba_v1/user/rtl/src/matMult_40_LinCont.sv Line: 110
# ** Warning: (vsim-3015) [PCDPC] - Port size (1) does not match connection size (32) for port 'carryIn'. The port definition is at: /home/sanghun/RVX/rvx-tutorials/platform/tip_emamba_v1/user/rtl/src/CLA_32.sv(26).
#    Time: 0 ps  Iteration: 0  Instance: /TIP_EMAMBA_V1_SIM/i_platform/my_emamba_ip/eMamba/MAMBA_2nd/Linear_contract/matMult_40_LinCont/Stage_A[16]/CLA_A File: /home/sanghun/RVX/rvx-tutorials/platform/tip_emamba_v1/user/rtl/src/matMult_40_LinCont.sv Line: 110
# ** Warning: (vsim-3722) /home/sanghun/RVX/rvx-tutorials/platform/tip_emamba_v1/user/rtl/src/matMult_40_LinCont.sv(110): [TFMPC] - Missing connection for port 'carryOut'.
# ** Warning: (vsim-2685) [TFMPC] - Too few port connections for 'CLA_A'.  Expected 5, found 4.
#    Time: 0 ps  Iteration: 0  Instance: /TIP_EMAMBA_V1_SIM/i_platform/my_emamba_ip/eMamba/MAMBA_2nd/Linear_contract/matMult_40_LinCont/Stage_A[17]/CLA_A File: /home/sanghun/RVX/rvx-tutorials/platform/tip_emamba_v1/user/rtl/src/matMult_40_LinCont.sv Line: 110
# ** Warning: (vsim-3015) [PCDPC] - Port size (1) does not match connection size (32) for port 'carryIn'. The port definition is at: /home/sanghun/RVX/rvx-tutorials/platform/tip_emamba_v1/user/rtl/src/CLA_32.sv(26).
#    Time: 0 ps  Iteration: 0  Instance: /TIP_EMAMBA_V1_SIM/i_platform/my_emamba_ip/eMamba/MAMBA_2nd/Linear_contract/matMult_40_LinCont/Stage_A[17]/CLA_A File: /home/sanghun/RVX/rvx-tutorials/platform/tip_emamba_v1/user/rtl/src/matMult_40_LinCont.sv Line: 110
# ** Warning: (vsim-3722) /home/sanghun/RVX/rvx-tutorials/platform/tip_emamba_v1/user/rtl/src/matMult_40_LinCont.sv(110): [TFMPC] - Missing connection for port 'carryOut'.
# ** Warning: (vsim-2685) [TFMPC] - Too few port connections for 'CLA_A'.  Expected 5, found 4.
#    Time: 0 ps  Iteration: 0  Instance: /TIP_EMAMBA_V1_SIM/i_platform/my_emamba_ip/eMamba/MAMBA_2nd/Linear_contract/matMult_40_LinCont/Stage_A[18]/CLA_A File: /home/sanghun/RVX/rvx-tutorials/platform/tip_emamba_v1/user/rtl/src/matMult_40_LinCont.sv Line: 110
# ** Warning: (vsim-3015) [PCDPC] - Port size (1) does not match connection size (32) for port 'carryIn'. The port definition is at: /home/sanghun/RVX/rvx-tutorials/platform/tip_emamba_v1/user/rtl/src/CLA_32.sv(26).
#    Time: 0 ps  Iteration: 0  Instance: /TIP_EMAMBA_V1_SIM/i_platform/my_emamba_ip/eMamba/MAMBA_2nd/Linear_contract/matMult_40_LinCont/Stage_A[18]/CLA_A File: /home/sanghun/RVX/rvx-tutorials/platform/tip_emamba_v1/user/rtl/src/matMult_40_LinCont.sv Line: 110
# ** Warning: (vsim-3722) /home/sanghun/RVX/rvx-tutorials/platform/tip_emamba_v1/user/rtl/src/matMult_40_LinCont.sv(110): [TFMPC] - Missing connection for port 'carryOut'.
# ** Warning: (vsim-2685) [TFMPC] - Too few port connections for 'CLA_A'.  Expected 5, found 4.
#    Time: 0 ps  Iteration: 0  Instance: /TIP_EMAMBA_V1_SIM/i_platform/my_emamba_ip/eMamba/MAMBA_2nd/Linear_contract/matMult_40_LinCont/Stage_A[19]/CLA_A File: /home/sanghun/RVX/rvx-tutorials/platform/tip_emamba_v1/user/rtl/src/matMult_40_LinCont.sv Line: 110
# ** Warning: (vsim-3015) [PCDPC] - Port size (1) does not match connection size (32) for port 'carryIn'. The port definition is at: /home/sanghun/RVX/rvx-tutorials/platform/tip_emamba_v1/user/rtl/src/CLA_32.sv(26).
#    Time: 0 ps  Iteration: 0  Instance: /TIP_EMAMBA_V1_SIM/i_platform/my_emamba_ip/eMamba/MAMBA_2nd/Linear_contract/matMult_40_LinCont/Stage_A[19]/CLA_A File: /home/sanghun/RVX/rvx-tutorials/platform/tip_emamba_v1/user/rtl/src/matMult_40_LinCont.sv Line: 110
# ** Warning: (vsim-3722) /home/sanghun/RVX/rvx-tutorials/platform/tip_emamba_v1/user/rtl/src/matMult_40_LinCont.sv(110): [TFMPC] - Missing connection for port 'carryOut'.
# ** Warning: (vsim-2685) [TFMPC] - Too few port connections for 'CLA_B'.  Expected 5, found 4.
#    Time: 0 ps  Iteration: 0  Instance: /TIP_EMAMBA_V1_SIM/i_platform/my_emamba_ip/eMamba/MAMBA_2nd/Linear_contract/matMult_40_LinCont/Stage_B[0]/CLA_B File: /home/sanghun/RVX/rvx-tutorials/platform/tip_emamba_v1/user/rtl/src/matMult_40_LinCont.sv Line: 120
# ** Warning: (vsim-3015) [PCDPC] - Port size (1) does not match connection size (32) for port 'carryIn'. The port definition is at: /home/sanghun/RVX/rvx-tutorials/platform/tip_emamba_v1/user/rtl/src/CLA_32.sv(26).
#    Time: 0 ps  Iteration: 0  Instance: /TIP_EMAMBA_V1_SIM/i_platform/my_emamba_ip/eMamba/MAMBA_2nd/Linear_contract/matMult_40_LinCont/Stage_B[0]/CLA_B File: /home/sanghun/RVX/rvx-tutorials/platform/tip_emamba_v1/user/rtl/src/matMult_40_LinCont.sv Line: 120
# ** Warning: (vsim-3722) /home/sanghun/RVX/rvx-tutorials/platform/tip_emamba_v1/user/rtl/src/matMult_40_LinCont.sv(120): [TFMPC] - Missing connection for port 'carryOut'.
# ** Warning: (vsim-2685) [TFMPC] - Too few port connections for 'CLA_B'.  Expected 5, found 4.
#    Time: 0 ps  Iteration: 0  Instance: /TIP_EMAMBA_V1_SIM/i_platform/my_emamba_ip/eMamba/MAMBA_2nd/Linear_contract/matMult_40_LinCont/Stage_B[1]/CLA_B File: /home/sanghun/RVX/rvx-tutorials/platform/tip_emamba_v1/user/rtl/src/matMult_40_LinCont.sv Line: 120
# ** Warning: (vsim-3015) [PCDPC] - Port size (1) does not match connection size (32) for port 'carryIn'. The port definition is at: /home/sanghun/RVX/rvx-tutorials/platform/tip_emamba_v1/user/rtl/src/CLA_32.sv(26).
#    Time: 0 ps  Iteration: 0  Instance: /TIP_EMAMBA_V1_SIM/i_platform/my_emamba_ip/eMamba/MAMBA_2nd/Linear_contract/matMult_40_LinCont/Stage_B[1]/CLA_B File: /home/sanghun/RVX/rvx-tutorials/platform/tip_emamba_v1/user/rtl/src/matMult_40_LinCont.sv Line: 120
# ** Warning: (vsim-3722) /home/sanghun/RVX/rvx-tutorials/platform/tip_emamba_v1/user/rtl/src/matMult_40_LinCont.sv(120): [TFMPC] - Missing connection for port 'carryOut'.
# ** Warning: (vsim-2685) [TFMPC] - Too few port connections for 'CLA_B'.  Expected 5, found 4.
#    Time: 0 ps  Iteration: 0  Instance: /TIP_EMAMBA_V1_SIM/i_platform/my_emamba_ip/eMamba/MAMBA_2nd/Linear_contract/matMult_40_LinCont/Stage_B[2]/CLA_B File: /home/sanghun/RVX/rvx-tutorials/platform/tip_emamba_v1/user/rtl/src/matMult_40_LinCont.sv Line: 120
# ** Warning: (vsim-3015) [PCDPC] - Port size (1) does not match connection size (32) for port 'carryIn'. The port definition is at: /home/sanghun/RVX/rvx-tutorials/platform/tip_emamba_v1/user/rtl/src/CLA_32.sv(26).
#    Time: 0 ps  Iteration: 0  Instance: /TIP_EMAMBA_V1_SIM/i_platform/my_emamba_ip/eMamba/MAMBA_2nd/Linear_contract/matMult_40_LinCont/Stage_B[2]/CLA_B File: /home/sanghun/RVX/rvx-tutorials/platform/tip_emamba_v1/user/rtl/src/matMult_40_LinCont.sv Line: 120
# ** Warning: (vsim-3722) /home/sanghun/RVX/rvx-tutorials/platform/tip_emamba_v1/user/rtl/src/matMult_40_LinCont.sv(120): [TFMPC] - Missing connection for port 'carryOut'.
# ** Warning: (vsim-2685) [TFMPC] - Too few port connections for 'CLA_B'.  Expected 5, found 4.
#    Time: 0 ps  Iteration: 0  Instance: /TIP_EMAMBA_V1_SIM/i_platform/my_emamba_ip/eMamba/MAMBA_2nd/Linear_contract/matMult_40_LinCont/Stage_B[3]/CLA_B File: /home/sanghun/RVX/rvx-tutorials/platform/tip_emamba_v1/user/rtl/src/matMult_40_LinCont.sv Line: 120
# ** Warning: (vsim-3015) [PCDPC] - Port size (1) does not match connection size (32) for port 'carryIn'. The port definition is at: /home/sanghun/RVX/rvx-tutorials/platform/tip_emamba_v1/user/rtl/src/CLA_32.sv(26).
#    Time: 0 ps  Iteration: 0  Instance: /TIP_EMAMBA_V1_SIM/i_platform/my_emamba_ip/eMamba/MAMBA_2nd/Linear_contract/matMult_40_LinCont/Stage_B[3]/CLA_B File: /home/sanghun/RVX/rvx-tutorials/platform/tip_emamba_v1/user/rtl/src/matMult_40_LinCont.sv Line: 120
# ** Warning: (vsim-3722) /home/sanghun/RVX/rvx-tutorials/platform/tip_emamba_v1/user/rtl/src/matMult_40_LinCont.sv(120): [TFMPC] - Missing connection for port 'carryOut'.
# ** Warning: (vsim-2685) [TFMPC] - Too few port connections for 'CLA_B'.  Expected 5, found 4.
#    Time: 0 ps  Iteration: 0  Instance: /TIP_EMAMBA_V1_SIM/i_platform/my_emamba_ip/eMamba/MAMBA_2nd/Linear_contract/matMult_40_LinCont/Stage_B[4]/CLA_B File: /home/sanghun/RVX/rvx-tutorials/platform/tip_emamba_v1/user/rtl/src/matMult_40_LinCont.sv Line: 120
# ** Warning: (vsim-3015) [PCDPC] - Port size (1) does not match connection size (32) for port 'carryIn'. The port definition is at: /home/sanghun/RVX/rvx-tutorials/platform/tip_emamba_v1/user/rtl/src/CLA_32.sv(26).
#    Time: 0 ps  Iteration: 0  Instance: /TIP_EMAMBA_V1_SIM/i_platform/my_emamba_ip/eMamba/MAMBA_2nd/Linear_contract/matMult_40_LinCont/Stage_B[4]/CLA_B File: /home/sanghun/RVX/rvx-tutorials/platform/tip_emamba_v1/user/rtl/src/matMult_40_LinCont.sv Line: 120
# ** Warning: (vsim-3722) /home/sanghun/RVX/rvx-tutorials/platform/tip_emamba_v1/user/rtl/src/matMult_40_LinCont.sv(120): [TFMPC] - Missing connection for port 'carryOut'.
# ** Warning: (vsim-2685) [TFMPC] - Too few port connections for 'CLA_B'.  Expected 5, found 4.
#    Time: 0 ps  Iteration: 0  Instance: /TIP_EMAMBA_V1_SIM/i_platform/my_emamba_ip/eMamba/MAMBA_2nd/Linear_contract/matMult_40_LinCont/Stage_B[5]/CLA_B File: /home/sanghun/RVX/rvx-tutorials/platform/tip_emamba_v1/user/rtl/src/matMult_40_LinCont.sv Line: 120
# ** Warning: (vsim-3015) [PCDPC] - Port size (1) does not match connection size (32) for port 'carryIn'. The port definition is at: /home/sanghun/RVX/rvx-tutorials/platform/tip_emamba_v1/user/rtl/src/CLA_32.sv(26).
#    Time: 0 ps  Iteration: 0  Instance: /TIP_EMAMBA_V1_SIM/i_platform/my_emamba_ip/eMamba/MAMBA_2nd/Linear_contract/matMult_40_LinCont/Stage_B[5]/CLA_B File: /home/sanghun/RVX/rvx-tutorials/platform/tip_emamba_v1/user/rtl/src/matMult_40_LinCont.sv Line: 120
# ** Warning: (vsim-3722) /home/sanghun/RVX/rvx-tutorials/platform/tip_emamba_v1/user/rtl/src/matMult_40_LinCont.sv(120): [TFMPC] - Missing connection for port 'carryOut'.
# ** Warning: (vsim-2685) [TFMPC] - Too few port connections for 'CLA_B'.  Expected 5, found 4.
#    Time: 0 ps  Iteration: 0  Instance: /TIP_EMAMBA_V1_SIM/i_platform/my_emamba_ip/eMamba/MAMBA_2nd/Linear_contract/matMult_40_LinCont/Stage_B[6]/CLA_B File: /home/sanghun/RVX/rvx-tutorials/platform/tip_emamba_v1/user/rtl/src/matMult_40_LinCont.sv Line: 120
# ** Warning: (vsim-3015) [PCDPC] - Port size (1) does not match connection size (32) for port 'carryIn'. The port definition is at: /home/sanghun/RVX/rvx-tutorials/platform/tip_emamba_v1/user/rtl/src/CLA_32.sv(26).
#    Time: 0 ps  Iteration: 0  Instance: /TIP_EMAMBA_V1_SIM/i_platform/my_emamba_ip/eMamba/MAMBA_2nd/Linear_contract/matMult_40_LinCont/Stage_B[6]/CLA_B File: /home/sanghun/RVX/rvx-tutorials/platform/tip_emamba_v1/user/rtl/src/matMult_40_LinCont.sv Line: 120
# ** Warning: (vsim-3722) /home/sanghun/RVX/rvx-tutorials/platform/tip_emamba_v1/user/rtl/src/matMult_40_LinCont.sv(120): [TFMPC] - Missing connection for port 'carryOut'.
# ** Warning: (vsim-2685) [TFMPC] - Too few port connections for 'CLA_B'.  Expected 5, found 4.
#    Time: 0 ps  Iteration: 0  Instance: /TIP_EMAMBA_V1_SIM/i_platform/my_emamba_ip/eMamba/MAMBA_2nd/Linear_contract/matMult_40_LinCont/Stage_B[7]/CLA_B File: /home/sanghun/RVX/rvx-tutorials/platform/tip_emamba_v1/user/rtl/src/matMult_40_LinCont.sv Line: 120
# ** Warning: (vsim-3015) [PCDPC] - Port size (1) does not match connection size (32) for port 'carryIn'. The port definition is at: /home/sanghun/RVX/rvx-tutorials/platform/tip_emamba_v1/user/rtl/src/CLA_32.sv(26).
#    Time: 0 ps  Iteration: 0  Instance: /TIP_EMAMBA_V1_SIM/i_platform/my_emamba_ip/eMamba/MAMBA_2nd/Linear_contract/matMult_40_LinCont/Stage_B[7]/CLA_B File: /home/sanghun/RVX/rvx-tutorials/platform/tip_emamba_v1/user/rtl/src/matMult_40_LinCont.sv Line: 120
# ** Warning: (vsim-3722) /home/sanghun/RVX/rvx-tutorials/platform/tip_emamba_v1/user/rtl/src/matMult_40_LinCont.sv(120): [TFMPC] - Missing connection for port 'carryOut'.
# ** Warning: (vsim-2685) [TFMPC] - Too few port connections for 'CLA_B'.  Expected 5, found 4.
#    Time: 0 ps  Iteration: 0  Instance: /TIP_EMAMBA_V1_SIM/i_platform/my_emamba_ip/eMamba/MAMBA_2nd/Linear_contract/matMult_40_LinCont/Stage_B[8]/CLA_B File: /home/sanghun/RVX/rvx-tutorials/platform/tip_emamba_v1/user/rtl/src/matMult_40_LinCont.sv Line: 120
# ** Warning: (vsim-3015) [PCDPC] - Port size (1) does not match connection size (32) for port 'carryIn'. The port definition is at: /home/sanghun/RVX/rvx-tutorials/platform/tip_emamba_v1/user/rtl/src/CLA_32.sv(26).
#    Time: 0 ps  Iteration: 0  Instance: /TIP_EMAMBA_V1_SIM/i_platform/my_emamba_ip/eMamba/MAMBA_2nd/Linear_contract/matMult_40_LinCont/Stage_B[8]/CLA_B File: /home/sanghun/RVX/rvx-tutorials/platform/tip_emamba_v1/user/rtl/src/matMult_40_LinCont.sv Line: 120
# ** Warning: (vsim-3722) /home/sanghun/RVX/rvx-tutorials/platform/tip_emamba_v1/user/rtl/src/matMult_40_LinCont.sv(120): [TFMPC] - Missing connection for port 'carryOut'.
# ** Warning: (vsim-2685) [TFMPC] - Too few port connections for 'CLA_B'.  Expected 5, found 4.
#    Time: 0 ps  Iteration: 0  Instance: /TIP_EMAMBA_V1_SIM/i_platform/my_emamba_ip/eMamba/MAMBA_2nd/Linear_contract/matMult_40_LinCont/Stage_B[9]/CLA_B File: /home/sanghun/RVX/rvx-tutorials/platform/tip_emamba_v1/user/rtl/src/matMult_40_LinCont.sv Line: 120
# ** Warning: (vsim-3015) [PCDPC] - Port size (1) does not match connection size (32) for port 'carryIn'. The port definition is at: /home/sanghun/RVX/rvx-tutorials/platform/tip_emamba_v1/user/rtl/src/CLA_32.sv(26).
#    Time: 0 ps  Iteration: 0  Instance: /TIP_EMAMBA_V1_SIM/i_platform/my_emamba_ip/eMamba/MAMBA_2nd/Linear_contract/matMult_40_LinCont/Stage_B[9]/CLA_B File: /home/sanghun/RVX/rvx-tutorials/platform/tip_emamba_v1/user/rtl/src/matMult_40_LinCont.sv Line: 120
# ** Warning: (vsim-3722) /home/sanghun/RVX/rvx-tutorials/platform/tip_emamba_v1/user/rtl/src/matMult_40_LinCont.sv(120): [TFMPC] - Missing connection for port 'carryOut'.
# ** Warning: (vsim-2685) [TFMPC] - Too few port connections for 'CLA_C'.  Expected 5, found 4.
#    Time: 0 ps  Iteration: 0  Instance: /TIP_EMAMBA_V1_SIM/i_platform/my_emamba_ip/eMamba/MAMBA_2nd/Linear_contract/matMult_40_LinCont/Stage_C[0]/CLA_C File: /home/sanghun/RVX/rvx-tutorials/platform/tip_emamba_v1/user/rtl/src/matMult_40_LinCont.sv Line: 130
# ** Warning: (vsim-3015) [PCDPC] - Port size (1) does not match connection size (32) for port 'carryIn'. The port definition is at: /home/sanghun/RVX/rvx-tutorials/platform/tip_emamba_v1/user/rtl/src/CLA_32.sv(26).
#    Time: 0 ps  Iteration: 0  Instance: /TIP_EMAMBA_V1_SIM/i_platform/my_emamba_ip/eMamba/MAMBA_2nd/Linear_contract/matMult_40_LinCont/Stage_C[0]/CLA_C File: /home/sanghun/RVX/rvx-tutorials/platform/tip_emamba_v1/user/rtl/src/matMult_40_LinCont.sv Line: 130
# ** Warning: (vsim-3722) /home/sanghun/RVX/rvx-tutorials/platform/tip_emamba_v1/user/rtl/src/matMult_40_LinCont.sv(130): [TFMPC] - Missing connection for port 'carryOut'.
# ** Warning: (vsim-2685) [TFMPC] - Too few port connections for 'CLA_C'.  Expected 5, found 4.
#    Time: 0 ps  Iteration: 0  Instance: /TIP_EMAMBA_V1_SIM/i_platform/my_emamba_ip/eMamba/MAMBA_2nd/Linear_contract/matMult_40_LinCont/Stage_C[1]/CLA_C File: /home/sanghun/RVX/rvx-tutorials/platform/tip_emamba_v1/user/rtl/src/matMult_40_LinCont.sv Line: 130
# ** Warning: (vsim-3015) [PCDPC] - Port size (1) does not match connection size (32) for port 'carryIn'. The port definition is at: /home/sanghun/RVX/rvx-tutorials/platform/tip_emamba_v1/user/rtl/src/CLA_32.sv(26).
#    Time: 0 ps  Iteration: 0  Instance: /TIP_EMAMBA_V1_SIM/i_platform/my_emamba_ip/eMamba/MAMBA_2nd/Linear_contract/matMult_40_LinCont/Stage_C[1]/CLA_C File: /home/sanghun/RVX/rvx-tutorials/platform/tip_emamba_v1/user/rtl/src/matMult_40_LinCont.sv Line: 130
# ** Warning: (vsim-3722) /home/sanghun/RVX/rvx-tutorials/platform/tip_emamba_v1/user/rtl/src/matMult_40_LinCont.sv(130): [TFMPC] - Missing connection for port 'carryOut'.
# ** Warning: (vsim-2685) [TFMPC] - Too few port connections for 'CLA_C'.  Expected 5, found 4.
#    Time: 0 ps  Iteration: 0  Instance: /TIP_EMAMBA_V1_SIM/i_platform/my_emamba_ip/eMamba/MAMBA_2nd/Linear_contract/matMult_40_LinCont/Stage_C[2]/CLA_C File: /home/sanghun/RVX/rvx-tutorials/platform/tip_emamba_v1/user/rtl/src/matMult_40_LinCont.sv Line: 130
# ** Warning: (vsim-3015) [PCDPC] - Port size (1) does not match connection size (32) for port 'carryIn'. The port definition is at: /home/sanghun/RVX/rvx-tutorials/platform/tip_emamba_v1/user/rtl/src/CLA_32.sv(26).
#    Time: 0 ps  Iteration: 0  Instance: /TIP_EMAMBA_V1_SIM/i_platform/my_emamba_ip/eMamba/MAMBA_2nd/Linear_contract/matMult_40_LinCont/Stage_C[2]/CLA_C File: /home/sanghun/RVX/rvx-tutorials/platform/tip_emamba_v1/user/rtl/src/matMult_40_LinCont.sv Line: 130
# ** Warning: (vsim-3722) /home/sanghun/RVX/rvx-tutorials/platform/tip_emamba_v1/user/rtl/src/matMult_40_LinCont.sv(130): [TFMPC] - Missing connection for port 'carryOut'.
# ** Warning: (vsim-2685) [TFMPC] - Too few port connections for 'CLA_C'.  Expected 5, found 4.
#    Time: 0 ps  Iteration: 0  Instance: /TIP_EMAMBA_V1_SIM/i_platform/my_emamba_ip/eMamba/MAMBA_2nd/Linear_contract/matMult_40_LinCont/Stage_C[3]/CLA_C File: /home/sanghun/RVX/rvx-tutorials/platform/tip_emamba_v1/user/rtl/src/matMult_40_LinCont.sv Line: 130
# ** Warning: (vsim-3015) [PCDPC] - Port size (1) does not match connection size (32) for port 'carryIn'. The port definition is at: /home/sanghun/RVX/rvx-tutorials/platform/tip_emamba_v1/user/rtl/src/CLA_32.sv(26).
#    Time: 0 ps  Iteration: 0  Instance: /TIP_EMAMBA_V1_SIM/i_platform/my_emamba_ip/eMamba/MAMBA_2nd/Linear_contract/matMult_40_LinCont/Stage_C[3]/CLA_C File: /home/sanghun/RVX/rvx-tutorials/platform/tip_emamba_v1/user/rtl/src/matMult_40_LinCont.sv Line: 130
# ** Warning: (vsim-3722) /home/sanghun/RVX/rvx-tutorials/platform/tip_emamba_v1/user/rtl/src/matMult_40_LinCont.sv(130): [TFMPC] - Missing connection for port 'carryOut'.
# ** Warning: (vsim-2685) [TFMPC] - Too few port connections for 'CLA_C'.  Expected 5, found 4.
#    Time: 0 ps  Iteration: 0  Instance: /TIP_EMAMBA_V1_SIM/i_platform/my_emamba_ip/eMamba/MAMBA_2nd/Linear_contract/matMult_40_LinCont/Stage_C[4]/CLA_C File: /home/sanghun/RVX/rvx-tutorials/platform/tip_emamba_v1/user/rtl/src/matMult_40_LinCont.sv Line: 130
# ** Warning: (vsim-3015) [PCDPC] - Port size (1) does not match connection size (32) for port 'carryIn'. The port definition is at: /home/sanghun/RVX/rvx-tutorials/platform/tip_emamba_v1/user/rtl/src/CLA_32.sv(26).
#    Time: 0 ps  Iteration: 0  Instance: /TIP_EMAMBA_V1_SIM/i_platform/my_emamba_ip/eMamba/MAMBA_2nd/Linear_contract/matMult_40_LinCont/Stage_C[4]/CLA_C File: /home/sanghun/RVX/rvx-tutorials/platform/tip_emamba_v1/user/rtl/src/matMult_40_LinCont.sv Line: 130
# ** Warning: (vsim-3722) /home/sanghun/RVX/rvx-tutorials/platform/tip_emamba_v1/user/rtl/src/matMult_40_LinCont.sv(130): [TFMPC] - Missing connection for port 'carryOut'.
# ** Warning: (vsim-2685) [TFMPC] - Too few port connections for 'CLA_D0'.  Expected 5, found 4.
#    Time: 0 ps  Iteration: 0  Instance: /TIP_EMAMBA_V1_SIM/i_platform/my_emamba_ip/eMamba/MAMBA_2nd/Linear_contract/matMult_40_LinCont/CLA_D0 File: /home/sanghun/RVX/rvx-tutorials/platform/tip_emamba_v1/user/rtl/src/matMult_40_LinCont.sv Line: 141
# ** Warning: (vsim-3015) [PCDPC] - Port size (1) does not match connection size (32) for port 'carryIn'. The port definition is at: /home/sanghun/RVX/rvx-tutorials/platform/tip_emamba_v1/user/rtl/src/CLA_32.sv(26).
#    Time: 0 ps  Iteration: 0  Instance: /TIP_EMAMBA_V1_SIM/i_platform/my_emamba_ip/eMamba/MAMBA_2nd/Linear_contract/matMult_40_LinCont/CLA_D0 File: /home/sanghun/RVX/rvx-tutorials/platform/tip_emamba_v1/user/rtl/src/matMult_40_LinCont.sv Line: 141
# ** Warning: (vsim-3722) /home/sanghun/RVX/rvx-tutorials/platform/tip_emamba_v1/user/rtl/src/matMult_40_LinCont.sv(141): [TFMPC] - Missing connection for port 'carryOut'.
# ** Warning: (vsim-2685) [TFMPC] - Too few port connections for 'CLA_D1'.  Expected 5, found 4.
#    Time: 0 ps  Iteration: 0  Instance: /TIP_EMAMBA_V1_SIM/i_platform/my_emamba_ip/eMamba/MAMBA_2nd/Linear_contract/matMult_40_LinCont/CLA_D1 File: /home/sanghun/RVX/rvx-tutorials/platform/tip_emamba_v1/user/rtl/src/matMult_40_LinCont.sv Line: 149
# ** Warning: (vsim-3015) [PCDPC] - Port size (1) does not match connection size (32) for port 'carryIn'. The port definition is at: /home/sanghun/RVX/rvx-tutorials/platform/tip_emamba_v1/user/rtl/src/CLA_32.sv(26).
#    Time: 0 ps  Iteration: 0  Instance: /TIP_EMAMBA_V1_SIM/i_platform/my_emamba_ip/eMamba/MAMBA_2nd/Linear_contract/matMult_40_LinCont/CLA_D1 File: /home/sanghun/RVX/rvx-tutorials/platform/tip_emamba_v1/user/rtl/src/matMult_40_LinCont.sv Line: 149
# ** Warning: (vsim-3722) /home/sanghun/RVX/rvx-tutorials/platform/tip_emamba_v1/user/rtl/src/matMult_40_LinCont.sv(149): [TFMPC] - Missing connection for port 'carryOut'.
# ** Warning: (vsim-2685) [TFMPC] - Too few port connections for 'CLA_D2'.  Expected 5, found 4.
#    Time: 0 ps  Iteration: 0  Instance: /TIP_EMAMBA_V1_SIM/i_platform/my_emamba_ip/eMamba/MAMBA_2nd/Linear_contract/matMult_40_LinCont/CLA_D2 File: /home/sanghun/RVX/rvx-tutorials/platform/tip_emamba_v1/user/rtl/src/matMult_40_LinCont.sv Line: 157
# ** Warning: (vsim-3015) [PCDPC] - Port size (1) does not match connection size (32) for port 'carryIn'. The port definition is at: /home/sanghun/RVX/rvx-tutorials/platform/tip_emamba_v1/user/rtl/src/CLA_32.sv(26).
#    Time: 0 ps  Iteration: 0  Instance: /TIP_EMAMBA_V1_SIM/i_platform/my_emamba_ip/eMamba/MAMBA_2nd/Linear_contract/matMult_40_LinCont/CLA_D2 File: /home/sanghun/RVX/rvx-tutorials/platform/tip_emamba_v1/user/rtl/src/matMult_40_LinCont.sv Line: 157
# ** Warning: (vsim-3722) /home/sanghun/RVX/rvx-tutorials/platform/tip_emamba_v1/user/rtl/src/matMult_40_LinCont.sv(157): [TFMPC] - Missing connection for port 'carryOut'.
# ** Warning: (vsim-2685) [TFMPC] - Too few port connections for 'CLA_E'.  Expected 5, found 4.
#    Time: 0 ps  Iteration: 0  Instance: /TIP_EMAMBA_V1_SIM/i_platform/my_emamba_ip/eMamba/MAMBA_2nd/Linear_contract/matMult_40_LinCont/CLA_E File: /home/sanghun/RVX/rvx-tutorials/platform/tip_emamba_v1/user/rtl/src/matMult_40_LinCont.sv Line: 166
# ** Warning: (vsim-3015) [PCDPC] - Port size (1) does not match connection size (32) for port 'carryIn'. The port definition is at: /home/sanghun/RVX/rvx-tutorials/platform/tip_emamba_v1/user/rtl/src/CLA_32.sv(26).
#    Time: 0 ps  Iteration: 0  Instance: /TIP_EMAMBA_V1_SIM/i_platform/my_emamba_ip/eMamba/MAMBA_2nd/Linear_contract/matMult_40_LinCont/CLA_E File: /home/sanghun/RVX/rvx-tutorials/platform/tip_emamba_v1/user/rtl/src/matMult_40_LinCont.sv Line: 166
# ** Warning: (vsim-3722) /home/sanghun/RVX/rvx-tutorials/platform/tip_emamba_v1/user/rtl/src/matMult_40_LinCont.sv(166): [TFMPC] - Missing connection for port 'carryOut'.
# ** Warning: (vsim-2685) [TFMPC] - Too few port connections for 'CLA_F'.  Expected 5, found 4.
#    Time: 0 ps  Iteration: 0  Instance: /TIP_EMAMBA_V1_SIM/i_platform/my_emamba_ip/eMamba/MAMBA_2nd/Linear_contract/matMult_40_LinCont/CLA_F File: /home/sanghun/RVX/rvx-tutorials/platform/tip_emamba_v1/user/rtl/src/matMult_40_LinCont.sv Line: 175
# ** Warning: (vsim-3015) [PCDPC] - Port size (1) does not match connection size (32) for port 'carryIn'. The port definition is at: /home/sanghun/RVX/rvx-tutorials/platform/tip_emamba_v1/user/rtl/src/CLA_32.sv(26).
#    Time: 0 ps  Iteration: 0  Instance: /TIP_EMAMBA_V1_SIM/i_platform/my_emamba_ip/eMamba/MAMBA_2nd/Linear_contract/matMult_40_LinCont/CLA_F File: /home/sanghun/RVX/rvx-tutorials/platform/tip_emamba_v1/user/rtl/src/matMult_40_LinCont.sv Line: 175
# ** Warning: (vsim-3722) /home/sanghun/RVX/rvx-tutorials/platform/tip_emamba_v1/user/rtl/src/matMult_40_LinCont.sv(175): [TFMPC] - Missing connection for port 'carryOut'.
# ** Warning: (vsim-2685) [TFMPC] - Too few port connections for 'CLA_A'.  Expected 5, found 4.
#    Time: 0 ps  Iteration: 0  Instance: /TIP_EMAMBA_V1_SIM/i_platform/my_emamba_ip/eMamba/Outputhead/OH_LightNorm/calculator_mean/Stage_A[0]/CLA_A File: /home/sanghun/RVX/rvx-tutorials/platform/tip_emamba_v1/user/rtl/src/calculator_mean.sv Line: 109
# ** Warning: (vsim-3015) [PCDPC] - Port size (1) does not match connection size (32) for port 'carryIn'. The port definition is at: /home/sanghun/RVX/rvx-tutorials/platform/tip_emamba_v1/user/rtl/src/CLA_32.sv(26).
#    Time: 0 ps  Iteration: 0  Instance: /TIP_EMAMBA_V1_SIM/i_platform/my_emamba_ip/eMamba/Outputhead/OH_LightNorm/calculator_mean/Stage_A[0]/CLA_A File: /home/sanghun/RVX/rvx-tutorials/platform/tip_emamba_v1/user/rtl/src/calculator_mean.sv Line: 109
# ** Warning: (vsim-3722) /home/sanghun/RVX/rvx-tutorials/platform/tip_emamba_v1/user/rtl/src/calculator_mean.sv(109): [TFMPC] - Missing connection for port 'carryOut'.
# ** Warning: (vsim-2685) [TFMPC] - Too few port connections for 'CLA_A'.  Expected 5, found 4.
#    Time: 0 ps  Iteration: 0  Instance: /TIP_EMAMBA_V1_SIM/i_platform/my_emamba_ip/eMamba/Outputhead/OH_LightNorm/calculator_mean/Stage_A[1]/CLA_A File: /home/sanghun/RVX/rvx-tutorials/platform/tip_emamba_v1/user/rtl/src/calculator_mean.sv Line: 109
# ** Warning: (vsim-3015) [PCDPC] - Port size (1) does not match connection size (32) for port 'carryIn'. The port definition is at: /home/sanghun/RVX/rvx-tutorials/platform/tip_emamba_v1/user/rtl/src/CLA_32.sv(26).
#    Time: 0 ps  Iteration: 0  Instance: /TIP_EMAMBA_V1_SIM/i_platform/my_emamba_ip/eMamba/Outputhead/OH_LightNorm/calculator_mean/Stage_A[1]/CLA_A File: /home/sanghun/RVX/rvx-tutorials/platform/tip_emamba_v1/user/rtl/src/calculator_mean.sv Line: 109
# ** Warning: (vsim-3722) /home/sanghun/RVX/rvx-tutorials/platform/tip_emamba_v1/user/rtl/src/calculator_mean.sv(109): [TFMPC] - Missing connection for port 'carryOut'.
# ** Warning: (vsim-2685) [TFMPC] - Too few port connections for 'CLA_A'.  Expected 5, found 4.
#    Time: 0 ps  Iteration: 0  Instance: /TIP_EMAMBA_V1_SIM/i_platform/my_emamba_ip/eMamba/Outputhead/OH_LightNorm/calculator_mean/Stage_A[2]/CLA_A File: /home/sanghun/RVX/rvx-tutorials/platform/tip_emamba_v1/user/rtl/src/calculator_mean.sv Line: 109
# ** Warning: (vsim-3015) [PCDPC] - Port size (1) does not match connection size (32) for port 'carryIn'. The port definition is at: /home/sanghun/RVX/rvx-tutorials/platform/tip_emamba_v1/user/rtl/src/CLA_32.sv(26).
#    Time: 0 ps  Iteration: 0  Instance: /TIP_EMAMBA_V1_SIM/i_platform/my_emamba_ip/eMamba/Outputhead/OH_LightNorm/calculator_mean/Stage_A[2]/CLA_A File: /home/sanghun/RVX/rvx-tutorials/platform/tip_emamba_v1/user/rtl/src/calculator_mean.sv Line: 109
# ** Warning: (vsim-3722) /home/sanghun/RVX/rvx-tutorials/platform/tip_emamba_v1/user/rtl/src/calculator_mean.sv(109): [TFMPC] - Missing connection for port 'carryOut'.
# ** Warning: (vsim-2685) [TFMPC] - Too few port connections for 'CLA_A'.  Expected 5, found 4.
#    Time: 0 ps  Iteration: 0  Instance: /TIP_EMAMBA_V1_SIM/i_platform/my_emamba_ip/eMamba/Outputhead/OH_LightNorm/calculator_mean/Stage_A[3]/CLA_A File: /home/sanghun/RVX/rvx-tutorials/platform/tip_emamba_v1/user/rtl/src/calculator_mean.sv Line: 109
# ** Warning: (vsim-3015) [PCDPC] - Port size (1) does not match connection size (32) for port 'carryIn'. The port definition is at: /home/sanghun/RVX/rvx-tutorials/platform/tip_emamba_v1/user/rtl/src/CLA_32.sv(26).
#    Time: 0 ps  Iteration: 0  Instance: /TIP_EMAMBA_V1_SIM/i_platform/my_emamba_ip/eMamba/Outputhead/OH_LightNorm/calculator_mean/Stage_A[3]/CLA_A File: /home/sanghun/RVX/rvx-tutorials/platform/tip_emamba_v1/user/rtl/src/calculator_mean.sv Line: 109
# ** Warning: (vsim-3722) /home/sanghun/RVX/rvx-tutorials/platform/tip_emamba_v1/user/rtl/src/calculator_mean.sv(109): [TFMPC] - Missing connection for port 'carryOut'.
# ** Warning: (vsim-2685) [TFMPC] - Too few port connections for 'CLA_A'.  Expected 5, found 4.
#    Time: 0 ps  Iteration: 0  Instance: /TIP_EMAMBA_V1_SIM/i_platform/my_emamba_ip/eMamba/Outputhead/OH_LightNorm/calculator_mean/Stage_A[4]/CLA_A File: /home/sanghun/RVX/rvx-tutorials/platform/tip_emamba_v1/user/rtl/src/calculator_mean.sv Line: 109
# ** Warning: (vsim-3015) [PCDPC] - Port size (1) does not match connection size (32) for port 'carryIn'. The port definition is at: /home/sanghun/RVX/rvx-tutorials/platform/tip_emamba_v1/user/rtl/src/CLA_32.sv(26).
#    Time: 0 ps  Iteration: 0  Instance: /TIP_EMAMBA_V1_SIM/i_platform/my_emamba_ip/eMamba/Outputhead/OH_LightNorm/calculator_mean/Stage_A[4]/CLA_A File: /home/sanghun/RVX/rvx-tutorials/platform/tip_emamba_v1/user/rtl/src/calculator_mean.sv Line: 109
# ** Warning: (vsim-3722) /home/sanghun/RVX/rvx-tutorials/platform/tip_emamba_v1/user/rtl/src/calculator_mean.sv(109): [TFMPC] - Missing connection for port 'carryOut'.
# ** Warning: (vsim-2685) [TFMPC] - Too few port connections for 'CLA_A'.  Expected 5, found 4.
#    Time: 0 ps  Iteration: 0  Instance: /TIP_EMAMBA_V1_SIM/i_platform/my_emamba_ip/eMamba/Outputhead/OH_LightNorm/calculator_mean/Stage_A[5]/CLA_A File: /home/sanghun/RVX/rvx-tutorials/platform/tip_emamba_v1/user/rtl/src/calculator_mean.sv Line: 109
# ** Warning: (vsim-3015) [PCDPC] - Port size (1) does not match connection size (32) for port 'carryIn'. The port definition is at: /home/sanghun/RVX/rvx-tutorials/platform/tip_emamba_v1/user/rtl/src/CLA_32.sv(26).
#    Time: 0 ps  Iteration: 0  Instance: /TIP_EMAMBA_V1_SIM/i_platform/my_emamba_ip/eMamba/Outputhead/OH_LightNorm/calculator_mean/Stage_A[5]/CLA_A File: /home/sanghun/RVX/rvx-tutorials/platform/tip_emamba_v1/user/rtl/src/calculator_mean.sv Line: 109
# ** Warning: (vsim-3722) /home/sanghun/RVX/rvx-tutorials/platform/tip_emamba_v1/user/rtl/src/calculator_mean.sv(109): [TFMPC] - Missing connection for port 'carryOut'.
# ** Warning: (vsim-2685) [TFMPC] - Too few port connections for 'CLA_A'.  Expected 5, found 4.
#    Time: 0 ps  Iteration: 0  Instance: /TIP_EMAMBA_V1_SIM/i_platform/my_emamba_ip/eMamba/Outputhead/OH_LightNorm/calculator_mean/Stage_A[6]/CLA_A File: /home/sanghun/RVX/rvx-tutorials/platform/tip_emamba_v1/user/rtl/src/calculator_mean.sv Line: 109
# ** Warning: (vsim-3015) [PCDPC] - Port size (1) does not match connection size (32) for port 'carryIn'. The port definition is at: /home/sanghun/RVX/rvx-tutorials/platform/tip_emamba_v1/user/rtl/src/CLA_32.sv(26).
#    Time: 0 ps  Iteration: 0  Instance: /TIP_EMAMBA_V1_SIM/i_platform/my_emamba_ip/eMamba/Outputhead/OH_LightNorm/calculator_mean/Stage_A[6]/CLA_A File: /home/sanghun/RVX/rvx-tutorials/platform/tip_emamba_v1/user/rtl/src/calculator_mean.sv Line: 109
# ** Warning: (vsim-3722) /home/sanghun/RVX/rvx-tutorials/platform/tip_emamba_v1/user/rtl/src/calculator_mean.sv(109): [TFMPC] - Missing connection for port 'carryOut'.
# ** Warning: (vsim-2685) [TFMPC] - Too few port connections for 'CLA_A'.  Expected 5, found 4.
#    Time: 0 ps  Iteration: 0  Instance: /TIP_EMAMBA_V1_SIM/i_platform/my_emamba_ip/eMamba/Outputhead/OH_LightNorm/calculator_mean/Stage_A[7]/CLA_A File: /home/sanghun/RVX/rvx-tutorials/platform/tip_emamba_v1/user/rtl/src/calculator_mean.sv Line: 109
# ** Warning: (vsim-3015) [PCDPC] - Port size (1) does not match connection size (32) for port 'carryIn'. The port definition is at: /home/sanghun/RVX/rvx-tutorials/platform/tip_emamba_v1/user/rtl/src/CLA_32.sv(26).
#    Time: 0 ps  Iteration: 0  Instance: /TIP_EMAMBA_V1_SIM/i_platform/my_emamba_ip/eMamba/Outputhead/OH_LightNorm/calculator_mean/Stage_A[7]/CLA_A File: /home/sanghun/RVX/rvx-tutorials/platform/tip_emamba_v1/user/rtl/src/calculator_mean.sv Line: 109
# ** Warning: (vsim-3722) /home/sanghun/RVX/rvx-tutorials/platform/tip_emamba_v1/user/rtl/src/calculator_mean.sv(109): [TFMPC] - Missing connection for port 'carryOut'.
# ** Warning: (vsim-2685) [TFMPC] - Too few port connections for 'CLA_A'.  Expected 5, found 4.
#    Time: 0 ps  Iteration: 0  Instance: /TIP_EMAMBA_V1_SIM/i_platform/my_emamba_ip/eMamba/Outputhead/OH_LightNorm/calculator_mean/Stage_A[8]/CLA_A File: /home/sanghun/RVX/rvx-tutorials/platform/tip_emamba_v1/user/rtl/src/calculator_mean.sv Line: 109
# ** Warning: (vsim-3015) [PCDPC] - Port size (1) does not match connection size (32) for port 'carryIn'. The port definition is at: /home/sanghun/RVX/rvx-tutorials/platform/tip_emamba_v1/user/rtl/src/CLA_32.sv(26).
#    Time: 0 ps  Iteration: 0  Instance: /TIP_EMAMBA_V1_SIM/i_platform/my_emamba_ip/eMamba/Outputhead/OH_LightNorm/calculator_mean/Stage_A[8]/CLA_A File: /home/sanghun/RVX/rvx-tutorials/platform/tip_emamba_v1/user/rtl/src/calculator_mean.sv Line: 109
# ** Warning: (vsim-3722) /home/sanghun/RVX/rvx-tutorials/platform/tip_emamba_v1/user/rtl/src/calculator_mean.sv(109): [TFMPC] - Missing connection for port 'carryOut'.
# ** Warning: (vsim-2685) [TFMPC] - Too few port connections for 'CLA_A'.  Expected 5, found 4.
#    Time: 0 ps  Iteration: 0  Instance: /TIP_EMAMBA_V1_SIM/i_platform/my_emamba_ip/eMamba/Outputhead/OH_LightNorm/calculator_mean/Stage_A[9]/CLA_A File: /home/sanghun/RVX/rvx-tutorials/platform/tip_emamba_v1/user/rtl/src/calculator_mean.sv Line: 109
# ** Warning: (vsim-3015) [PCDPC] - Port size (1) does not match connection size (32) for port 'carryIn'. The port definition is at: /home/sanghun/RVX/rvx-tutorials/platform/tip_emamba_v1/user/rtl/src/CLA_32.sv(26).
#    Time: 0 ps  Iteration: 0  Instance: /TIP_EMAMBA_V1_SIM/i_platform/my_emamba_ip/eMamba/Outputhead/OH_LightNorm/calculator_mean/Stage_A[9]/CLA_A File: /home/sanghun/RVX/rvx-tutorials/platform/tip_emamba_v1/user/rtl/src/calculator_mean.sv Line: 109
# ** Warning: (vsim-3722) /home/sanghun/RVX/rvx-tutorials/platform/tip_emamba_v1/user/rtl/src/calculator_mean.sv(109): [TFMPC] - Missing connection for port 'carryOut'.
# ** Warning: (vsim-2685) [TFMPC] - Too few port connections for 'CLA_B'.  Expected 5, found 4.
#    Time: 0 ps  Iteration: 0  Instance: /TIP_EMAMBA_V1_SIM/i_platform/my_emamba_ip/eMamba/Outputhead/OH_LightNorm/calculator_mean/Stage_B[0]/CLA_B File: /home/sanghun/RVX/rvx-tutorials/platform/tip_emamba_v1/user/rtl/src/calculator_mean.sv Line: 119
# ** Warning: (vsim-3015) [PCDPC] - Port size (1) does not match connection size (32) for port 'carryIn'. The port definition is at: /home/sanghun/RVX/rvx-tutorials/platform/tip_emamba_v1/user/rtl/src/CLA_32.sv(26).
#    Time: 0 ps  Iteration: 0  Instance: /TIP_EMAMBA_V1_SIM/i_platform/my_emamba_ip/eMamba/Outputhead/OH_LightNorm/calculator_mean/Stage_B[0]/CLA_B File: /home/sanghun/RVX/rvx-tutorials/platform/tip_emamba_v1/user/rtl/src/calculator_mean.sv Line: 119
# ** Warning: (vsim-3722) /home/sanghun/RVX/rvx-tutorials/platform/tip_emamba_v1/user/rtl/src/calculator_mean.sv(119): [TFMPC] - Missing connection for port 'carryOut'.
# ** Warning: (vsim-2685) [TFMPC] - Too few port connections for 'CLA_B'.  Expected 5, found 4.
#    Time: 0 ps  Iteration: 0  Instance: /TIP_EMAMBA_V1_SIM/i_platform/my_emamba_ip/eMamba/Outputhead/OH_LightNorm/calculator_mean/Stage_B[1]/CLA_B File: /home/sanghun/RVX/rvx-tutorials/platform/tip_emamba_v1/user/rtl/src/calculator_mean.sv Line: 119
# ** Warning: (vsim-3015) [PCDPC] - Port size (1) does not match connection size (32) for port 'carryIn'. The port definition is at: /home/sanghun/RVX/rvx-tutorials/platform/tip_emamba_v1/user/rtl/src/CLA_32.sv(26).
#    Time: 0 ps  Iteration: 0  Instance: /TIP_EMAMBA_V1_SIM/i_platform/my_emamba_ip/eMamba/Outputhead/OH_LightNorm/calculator_mean/Stage_B[1]/CLA_B File: /home/sanghun/RVX/rvx-tutorials/platform/tip_emamba_v1/user/rtl/src/calculator_mean.sv Line: 119
# ** Warning: (vsim-3722) /home/sanghun/RVX/rvx-tutorials/platform/tip_emamba_v1/user/rtl/src/calculator_mean.sv(119): [TFMPC] - Missing connection for port 'carryOut'.
# ** Warning: (vsim-2685) [TFMPC] - Too few port connections for 'CLA_B'.  Expected 5, found 4.
#    Time: 0 ps  Iteration: 0  Instance: /TIP_EMAMBA_V1_SIM/i_platform/my_emamba_ip/eMamba/Outputhead/OH_LightNorm/calculator_mean/Stage_B[2]/CLA_B File: /home/sanghun/RVX/rvx-tutorials/platform/tip_emamba_v1/user/rtl/src/calculator_mean.sv Line: 119
# ** Warning: (vsim-3015) [PCDPC] - Port size (1) does not match connection size (32) for port 'carryIn'. The port definition is at: /home/sanghun/RVX/rvx-tutorials/platform/tip_emamba_v1/user/rtl/src/CLA_32.sv(26).
#    Time: 0 ps  Iteration: 0  Instance: /TIP_EMAMBA_V1_SIM/i_platform/my_emamba_ip/eMamba/Outputhead/OH_LightNorm/calculator_mean/Stage_B[2]/CLA_B File: /home/sanghun/RVX/rvx-tutorials/platform/tip_emamba_v1/user/rtl/src/calculator_mean.sv Line: 119
# ** Warning: (vsim-3722) /home/sanghun/RVX/rvx-tutorials/platform/tip_emamba_v1/user/rtl/src/calculator_mean.sv(119): [TFMPC] - Missing connection for port 'carryOut'.
# ** Warning: (vsim-2685) [TFMPC] - Too few port connections for 'CLA_B'.  Expected 5, found 4.
#    Time: 0 ps  Iteration: 0  Instance: /TIP_EMAMBA_V1_SIM/i_platform/my_emamba_ip/eMamba/Outputhead/OH_LightNorm/calculator_mean/Stage_B[3]/CLA_B File: /home/sanghun/RVX/rvx-tutorials/platform/tip_emamba_v1/user/rtl/src/calculator_mean.sv Line: 119
# ** Warning: (vsim-3015) [PCDPC] - Port size (1) does not match connection size (32) for port 'carryIn'. The port definition is at: /home/sanghun/RVX/rvx-tutorials/platform/tip_emamba_v1/user/rtl/src/CLA_32.sv(26).
#    Time: 0 ps  Iteration: 0  Instance: /TIP_EMAMBA_V1_SIM/i_platform/my_emamba_ip/eMamba/Outputhead/OH_LightNorm/calculator_mean/Stage_B[3]/CLA_B File: /home/sanghun/RVX/rvx-tutorials/platform/tip_emamba_v1/user/rtl/src/calculator_mean.sv Line: 119
# ** Warning: (vsim-3722) /home/sanghun/RVX/rvx-tutorials/platform/tip_emamba_v1/user/rtl/src/calculator_mean.sv(119): [TFMPC] - Missing connection for port 'carryOut'.
# ** Warning: (vsim-2685) [TFMPC] - Too few port connections for 'CLA_B'.  Expected 5, found 4.
#    Time: 0 ps  Iteration: 0  Instance: /TIP_EMAMBA_V1_SIM/i_platform/my_emamba_ip/eMamba/Outputhead/OH_LightNorm/calculator_mean/Stage_B[4]/CLA_B File: /home/sanghun/RVX/rvx-tutorials/platform/tip_emamba_v1/user/rtl/src/calculator_mean.sv Line: 119
# ** Warning: (vsim-3015) [PCDPC] - Port size (1) does not match connection size (32) for port 'carryIn'. The port definition is at: /home/sanghun/RVX/rvx-tutorials/platform/tip_emamba_v1/user/rtl/src/CLA_32.sv(26).
#    Time: 0 ps  Iteration: 0  Instance: /TIP_EMAMBA_V1_SIM/i_platform/my_emamba_ip/eMamba/Outputhead/OH_LightNorm/calculator_mean/Stage_B[4]/CLA_B File: /home/sanghun/RVX/rvx-tutorials/platform/tip_emamba_v1/user/rtl/src/calculator_mean.sv Line: 119
# ** Warning: (vsim-3722) /home/sanghun/RVX/rvx-tutorials/platform/tip_emamba_v1/user/rtl/src/calculator_mean.sv(119): [TFMPC] - Missing connection for port 'carryOut'.
# ** Warning: (vsim-2685) [TFMPC] - Too few port connections for 'CLA_C'.  Expected 5, found 4.
#    Time: 0 ps  Iteration: 0  Instance: /TIP_EMAMBA_V1_SIM/i_platform/my_emamba_ip/eMamba/Outputhead/OH_LightNorm/calculator_mean/Stage_C[0]/CLA_C File: /home/sanghun/RVX/rvx-tutorials/platform/tip_emamba_v1/user/rtl/src/calculator_mean.sv Line: 129
# ** Warning: (vsim-3015) [PCDPC] - Port size (1) does not match connection size (32) for port 'carryIn'. The port definition is at: /home/sanghun/RVX/rvx-tutorials/platform/tip_emamba_v1/user/rtl/src/CLA_32.sv(26).
#    Time: 0 ps  Iteration: 0  Instance: /TIP_EMAMBA_V1_SIM/i_platform/my_emamba_ip/eMamba/Outputhead/OH_LightNorm/calculator_mean/Stage_C[0]/CLA_C File: /home/sanghun/RVX/rvx-tutorials/platform/tip_emamba_v1/user/rtl/src/calculator_mean.sv Line: 129
# ** Warning: (vsim-3722) /home/sanghun/RVX/rvx-tutorials/platform/tip_emamba_v1/user/rtl/src/calculator_mean.sv(129): [TFMPC] - Missing connection for port 'carryOut'.
# ** Warning: (vsim-2685) [TFMPC] - Too few port connections for 'CLA_C'.  Expected 5, found 4.
#    Time: 0 ps  Iteration: 0  Instance: /TIP_EMAMBA_V1_SIM/i_platform/my_emamba_ip/eMamba/Outputhead/OH_LightNorm/calculator_mean/Stage_C[1]/CLA_C File: /home/sanghun/RVX/rvx-tutorials/platform/tip_emamba_v1/user/rtl/src/calculator_mean.sv Line: 129
# ** Warning: (vsim-3015) [PCDPC] - Port size (1) does not match connection size (32) for port 'carryIn'. The port definition is at: /home/sanghun/RVX/rvx-tutorials/platform/tip_emamba_v1/user/rtl/src/CLA_32.sv(26).
#    Time: 0 ps  Iteration: 0  Instance: /TIP_EMAMBA_V1_SIM/i_platform/my_emamba_ip/eMamba/Outputhead/OH_LightNorm/calculator_mean/Stage_C[1]/CLA_C File: /home/sanghun/RVX/rvx-tutorials/platform/tip_emamba_v1/user/rtl/src/calculator_mean.sv Line: 129
# ** Warning: (vsim-3722) /home/sanghun/RVX/rvx-tutorials/platform/tip_emamba_v1/user/rtl/src/calculator_mean.sv(129): [TFMPC] - Missing connection for port 'carryOut'.
# ** Warning: (vsim-2685) [TFMPC] - Too few port connections for 'CLA_D'.  Expected 5, found 4.
#    Time: 0 ps  Iteration: 0  Instance: /TIP_EMAMBA_V1_SIM/i_platform/my_emamba_ip/eMamba/Outputhead/OH_LightNorm/calculator_mean/CLA_D File: /home/sanghun/RVX/rvx-tutorials/platform/tip_emamba_v1/user/rtl/src/calculator_mean.sv Line: 140
# ** Warning: (vsim-3015) [PCDPC] - Port size (1) does not match connection size (32) for port 'carryIn'. The port definition is at: /home/sanghun/RVX/rvx-tutorials/platform/tip_emamba_v1/user/rtl/src/CLA_32.sv(26).
#    Time: 0 ps  Iteration: 0  Instance: /TIP_EMAMBA_V1_SIM/i_platform/my_emamba_ip/eMamba/Outputhead/OH_LightNorm/calculator_mean/CLA_D File: /home/sanghun/RVX/rvx-tutorials/platform/tip_emamba_v1/user/rtl/src/calculator_mean.sv Line: 140
# ** Warning: (vsim-3722) /home/sanghun/RVX/rvx-tutorials/platform/tip_emamba_v1/user/rtl/src/calculator_mean.sv(140): [TFMPC] - Missing connection for port 'carryOut'.
# ** Warning: (vsim-2685) [TFMPC] - Too few port connections for 'CLA_E'.  Expected 5, found 4.
#    Time: 0 ps  Iteration: 0  Instance: /TIP_EMAMBA_V1_SIM/i_platform/my_emamba_ip/eMamba/Outputhead/OH_LightNorm/calculator_mean/CLA_E File: /home/sanghun/RVX/rvx-tutorials/platform/tip_emamba_v1/user/rtl/src/calculator_mean.sv Line: 149
# ** Warning: (vsim-3015) [PCDPC] - Port size (1) does not match connection size (32) for port 'carryIn'. The port definition is at: /home/sanghun/RVX/rvx-tutorials/platform/tip_emamba_v1/user/rtl/src/CLA_32.sv(26).
#    Time: 0 ps  Iteration: 0  Instance: /TIP_EMAMBA_V1_SIM/i_platform/my_emamba_ip/eMamba/Outputhead/OH_LightNorm/calculator_mean/CLA_E File: /home/sanghun/RVX/rvx-tutorials/platform/tip_emamba_v1/user/rtl/src/calculator_mean.sv Line: 149
# ** Warning: (vsim-3722) /home/sanghun/RVX/rvx-tutorials/platform/tip_emamba_v1/user/rtl/src/calculator_mean.sv(149): [TFMPC] - Missing connection for port 'carryOut'.
# ** Warning: (vsim-3015) [PCDPC] - Port size (1) does not match connection size (32) for port 'carryIn'. The port definition is at: /home/sanghun/RVX/rvx-tutorials/platform/tip_emamba_v1/user/rtl/src/CLA_16.sv(26).
#    Time: 0 ps  Iteration: 0  Instance: /TIP_EMAMBA_V1_SIM/i_platform/my_emamba_ip/eMamba/Outputhead/OH_LightNorm/LightNorm_compute[0]/LightNorm_compute/CLA_16 File: /home/sanghun/RVX/rvx-tutorials/platform/tip_emamba_v1/user/rtl/src/LightNorm_compute.sv Line: 115
# ** Warning: (vsim-3015) [PCDPC] - Port size (1) does not match connection size (32) for port 'carryIn'. The port definition is at: /home/sanghun/RVX/rvx-tutorials/platform/tip_emamba_v1/user/rtl/src/CLA_16.sv(26).
#    Time: 0 ps  Iteration: 0  Instance: /TIP_EMAMBA_V1_SIM/i_platform/my_emamba_ip/eMamba/Outputhead/OH_LightNorm/LightNorm_compute[1]/LightNorm_compute/CLA_16 File: /home/sanghun/RVX/rvx-tutorials/platform/tip_emamba_v1/user/rtl/src/LightNorm_compute.sv Line: 115
# ** Warning: (vsim-3015) [PCDPC] - Port size (1) does not match connection size (32) for port 'carryIn'. The port definition is at: /home/sanghun/RVX/rvx-tutorials/platform/tip_emamba_v1/user/rtl/src/CLA_16.sv(26).
#    Time: 0 ps  Iteration: 0  Instance: /TIP_EMAMBA_V1_SIM/i_platform/my_emamba_ip/eMamba/Outputhead/OH_LightNorm/LightNorm_compute[2]/LightNorm_compute/CLA_16 File: /home/sanghun/RVX/rvx-tutorials/platform/tip_emamba_v1/user/rtl/src/LightNorm_compute.sv Line: 115
# ** Warning: (vsim-3015) [PCDPC] - Port size (1) does not match connection size (32) for port 'carryIn'. The port definition is at: /home/sanghun/RVX/rvx-tutorials/platform/tip_emamba_v1/user/rtl/src/CLA_16.sv(26).
#    Time: 0 ps  Iteration: 0  Instance: /TIP_EMAMBA_V1_SIM/i_platform/my_emamba_ip/eMamba/Outputhead/OH_LightNorm/LightNorm_compute[3]/LightNorm_compute/CLA_16 File: /home/sanghun/RVX/rvx-tutorials/platform/tip_emamba_v1/user/rtl/src/LightNorm_compute.sv Line: 115
# ** Warning: (vsim-3015) [PCDPC] - Port size (1) does not match connection size (32) for port 'carryIn'. The port definition is at: /home/sanghun/RVX/rvx-tutorials/platform/tip_emamba_v1/user/rtl/src/CLA_16.sv(26).
#    Time: 0 ps  Iteration: 0  Instance: /TIP_EMAMBA_V1_SIM/i_platform/my_emamba_ip/eMamba/Outputhead/OH_LightNorm/LightNorm_compute[4]/LightNorm_compute/CLA_16 File: /home/sanghun/RVX/rvx-tutorials/platform/tip_emamba_v1/user/rtl/src/LightNorm_compute.sv Line: 115
# ** Warning: (vsim-3015) [PCDPC] - Port size (1) does not match connection size (32) for port 'carryIn'. The port definition is at: /home/sanghun/RVX/rvx-tutorials/platform/tip_emamba_v1/user/rtl/src/CLA_16.sv(26).
#    Time: 0 ps  Iteration: 0  Instance: /TIP_EMAMBA_V1_SIM/i_platform/my_emamba_ip/eMamba/Outputhead/OH_LightNorm/LightNorm_compute[5]/LightNorm_compute/CLA_16 File: /home/sanghun/RVX/rvx-tutorials/platform/tip_emamba_v1/user/rtl/src/LightNorm_compute.sv Line: 115
# ** Warning: (vsim-3015) [PCDPC] - Port size (1) does not match connection size (32) for port 'carryIn'. The port definition is at: /home/sanghun/RVX/rvx-tutorials/platform/tip_emamba_v1/user/rtl/src/CLA_16.sv(26).
#    Time: 0 ps  Iteration: 0  Instance: /TIP_EMAMBA_V1_SIM/i_platform/my_emamba_ip/eMamba/Outputhead/OH_LightNorm/LightNorm_compute[6]/LightNorm_compute/CLA_16 File: /home/sanghun/RVX/rvx-tutorials/platform/tip_emamba_v1/user/rtl/src/LightNorm_compute.sv Line: 115
# ** Warning: (vsim-3015) [PCDPC] - Port size (1) does not match connection size (32) for port 'carryIn'. The port definition is at: /home/sanghun/RVX/rvx-tutorials/platform/tip_emamba_v1/user/rtl/src/CLA_16.sv(26).
#    Time: 0 ps  Iteration: 0  Instance: /TIP_EMAMBA_V1_SIM/i_platform/my_emamba_ip/eMamba/Outputhead/OH_LightNorm/LightNorm_compute[7]/LightNorm_compute/CLA_16 File: /home/sanghun/RVX/rvx-tutorials/platform/tip_emamba_v1/user/rtl/src/LightNorm_compute.sv Line: 115
# ** Warning: (vsim-3015) [PCDPC] - Port size (1) does not match connection size (32) for port 'carryIn'. The port definition is at: /home/sanghun/RVX/rvx-tutorials/platform/tip_emamba_v1/user/rtl/src/CLA_16.sv(26).
#    Time: 0 ps  Iteration: 0  Instance: /TIP_EMAMBA_V1_SIM/i_platform/my_emamba_ip/eMamba/Outputhead/OH_LightNorm/LightNorm_compute[8]/LightNorm_compute/CLA_16 File: /home/sanghun/RVX/rvx-tutorials/platform/tip_emamba_v1/user/rtl/src/LightNorm_compute.sv Line: 115
# ** Warning: (vsim-3015) [PCDPC] - Port size (1) does not match connection size (32) for port 'carryIn'. The port definition is at: /home/sanghun/RVX/rvx-tutorials/platform/tip_emamba_v1/user/rtl/src/CLA_16.sv(26).
#    Time: 0 ps  Iteration: 0  Instance: /TIP_EMAMBA_V1_SIM/i_platform/my_emamba_ip/eMamba/Outputhead/OH_LightNorm/LightNorm_compute[9]/LightNorm_compute/CLA_16 File: /home/sanghun/RVX/rvx-tutorials/platform/tip_emamba_v1/user/rtl/src/LightNorm_compute.sv Line: 115
# ** Warning: (vsim-3015) [PCDPC] - Port size (1) does not match connection size (32) for port 'carryIn'. The port definition is at: /home/sanghun/RVX/rvx-tutorials/platform/tip_emamba_v1/user/rtl/src/CLA_16.sv(26).
#    Time: 0 ps  Iteration: 0  Instance: /TIP_EMAMBA_V1_SIM/i_platform/my_emamba_ip/eMamba/Outputhead/OH_LightNorm/LightNorm_compute[10]/LightNorm_compute/CLA_16 File: /home/sanghun/RVX/rvx-tutorials/platform/tip_emamba_v1/user/rtl/src/LightNorm_compute.sv Line: 115
# ** Warning: (vsim-3015) [PCDPC] - Port size (1) does not match connection size (32) for port 'carryIn'. The port definition is at: /home/sanghun/RVX/rvx-tutorials/platform/tip_emamba_v1/user/rtl/src/CLA_16.sv(26).
#    Time: 0 ps  Iteration: 0  Instance: /TIP_EMAMBA_V1_SIM/i_platform/my_emamba_ip/eMamba/Outputhead/OH_LightNorm/LightNorm_compute[11]/LightNorm_compute/CLA_16 File: /home/sanghun/RVX/rvx-tutorials/platform/tip_emamba_v1/user/rtl/src/LightNorm_compute.sv Line: 115
# ** Warning: (vsim-3015) [PCDPC] - Port size (1) does not match connection size (32) for port 'carryIn'. The port definition is at: /home/sanghun/RVX/rvx-tutorials/platform/tip_emamba_v1/user/rtl/src/CLA_16.sv(26).
#    Time: 0 ps  Iteration: 0  Instance: /TIP_EMAMBA_V1_SIM/i_platform/my_emamba_ip/eMamba/Outputhead/OH_LightNorm/LightNorm_compute[12]/LightNorm_compute/CLA_16 File: /home/sanghun/RVX/rvx-tutorials/platform/tip_emamba_v1/user/rtl/src/LightNorm_compute.sv Line: 115
# ** Warning: (vsim-3015) [PCDPC] - Port size (1) does not match connection size (32) for port 'carryIn'. The port definition is at: /home/sanghun/RVX/rvx-tutorials/platform/tip_emamba_v1/user/rtl/src/CLA_16.sv(26).
#    Time: 0 ps  Iteration: 0  Instance: /TIP_EMAMBA_V1_SIM/i_platform/my_emamba_ip/eMamba/Outputhead/OH_LightNorm/LightNorm_compute[13]/LightNorm_compute/CLA_16 File: /home/sanghun/RVX/rvx-tutorials/platform/tip_emamba_v1/user/rtl/src/LightNorm_compute.sv Line: 115
# ** Warning: (vsim-3015) [PCDPC] - Port size (1) does not match connection size (32) for port 'carryIn'. The port definition is at: /home/sanghun/RVX/rvx-tutorials/platform/tip_emamba_v1/user/rtl/src/CLA_16.sv(26).
#    Time: 0 ps  Iteration: 0  Instance: /TIP_EMAMBA_V1_SIM/i_platform/my_emamba_ip/eMamba/Outputhead/OH_LightNorm/LightNorm_compute[14]/LightNorm_compute/CLA_16 File: /home/sanghun/RVX/rvx-tutorials/platform/tip_emamba_v1/user/rtl/src/LightNorm_compute.sv Line: 115
# ** Warning: (vsim-3015) [PCDPC] - Port size (1) does not match connection size (32) for port 'carryIn'. The port definition is at: /home/sanghun/RVX/rvx-tutorials/platform/tip_emamba_v1/user/rtl/src/CLA_16.sv(26).
#    Time: 0 ps  Iteration: 0  Instance: /TIP_EMAMBA_V1_SIM/i_platform/my_emamba_ip/eMamba/Outputhead/OH_LightNorm/LightNorm_compute[15]/LightNorm_compute/CLA_16 File: /home/sanghun/RVX/rvx-tutorials/platform/tip_emamba_v1/user/rtl/src/LightNorm_compute.sv Line: 115
# ** Warning: (vsim-3015) [PCDPC] - Port size (1) does not match connection size (32) for port 'carryIn'. The port definition is at: /home/sanghun/RVX/rvx-tutorials/platform/tip_emamba_v1/user/rtl/src/CLA_16.sv(26).
#    Time: 0 ps  Iteration: 0  Instance: /TIP_EMAMBA_V1_SIM/i_platform/my_emamba_ip/eMamba/Outputhead/OH_LightNorm/LightNorm_compute[16]/LightNorm_compute/CLA_16 File: /home/sanghun/RVX/rvx-tutorials/platform/tip_emamba_v1/user/rtl/src/LightNorm_compute.sv Line: 115
# ** Warning: (vsim-3015) [PCDPC] - Port size (1) does not match connection size (32) for port 'carryIn'. The port definition is at: /home/sanghun/RVX/rvx-tutorials/platform/tip_emamba_v1/user/rtl/src/CLA_16.sv(26).
#    Time: 0 ps  Iteration: 0  Instance: /TIP_EMAMBA_V1_SIM/i_platform/my_emamba_ip/eMamba/Outputhead/OH_LightNorm/LightNorm_compute[17]/LightNorm_compute/CLA_16 File: /home/sanghun/RVX/rvx-tutorials/platform/tip_emamba_v1/user/rtl/src/LightNorm_compute.sv Line: 115
# ** Warning: (vsim-3015) [PCDPC] - Port size (1) does not match connection size (32) for port 'carryIn'. The port definition is at: /home/sanghun/RVX/rvx-tutorials/platform/tip_emamba_v1/user/rtl/src/CLA_16.sv(26).
#    Time: 0 ps  Iteration: 0  Instance: /TIP_EMAMBA_V1_SIM/i_platform/my_emamba_ip/eMamba/Outputhead/OH_LightNorm/LightNorm_compute[18]/LightNorm_compute/CLA_16 File: /home/sanghun/RVX/rvx-tutorials/platform/tip_emamba_v1/user/rtl/src/LightNorm_compute.sv Line: 115
# ** Warning: (vsim-3015) [PCDPC] - Port size (1) does not match connection size (32) for port 'carryIn'. The port definition is at: /home/sanghun/RVX/rvx-tutorials/platform/tip_emamba_v1/user/rtl/src/CLA_16.sv(26).
#    Time: 0 ps  Iteration: 0  Instance: /TIP_EMAMBA_V1_SIM/i_platform/my_emamba_ip/eMamba/Outputhead/OH_LightNorm/LightNorm_compute[19]/LightNorm_compute/CLA_16 File: /home/sanghun/RVX/rvx-tutorials/platform/tip_emamba_v1/user/rtl/src/LightNorm_compute.sv Line: 115
# ** Warning: (vsim-2685) [TFMPC] - Too few port connections for 'CLA_A'.  Expected 5, found 4.
#    Time: 0 ps  Iteration: 0  Instance: /TIP_EMAMBA_V1_SIM/i_platform/my_emamba_ip/eMamba/Outputhead/OH_Linear_expand/matMult_20/Stage_A[0]/CLA_A File: /home/sanghun/RVX/rvx-tutorials/platform/tip_emamba_v1/user/rtl/src/matMult_20.sv Line: 76
# ** Warning: (vsim-3015) [PCDPC] - Port size (1) does not match connection size (32) for port 'carryIn'. The port definition is at: /home/sanghun/RVX/rvx-tutorials/platform/tip_emamba_v1/user/rtl/src/CLA_32.sv(26).
#    Time: 0 ps  Iteration: 0  Instance: /TIP_EMAMBA_V1_SIM/i_platform/my_emamba_ip/eMamba/Outputhead/OH_Linear_expand/matMult_20/Stage_A[0]/CLA_A File: /home/sanghun/RVX/rvx-tutorials/platform/tip_emamba_v1/user/rtl/src/matMult_20.sv Line: 76
# ** Warning: (vsim-3722) /home/sanghun/RVX/rvx-tutorials/platform/tip_emamba_v1/user/rtl/src/matMult_20.sv(76): [TFMPC] - Missing connection for port 'carryOut'.
# ** Warning: (vsim-2685) [TFMPC] - Too few port connections for 'CLA_A'.  Expected 5, found 4.
#    Time: 0 ps  Iteration: 0  Instance: /TIP_EMAMBA_V1_SIM/i_platform/my_emamba_ip/eMamba/Outputhead/OH_Linear_expand/matMult_20/Stage_A[1]/CLA_A File: /home/sanghun/RVX/rvx-tutorials/platform/tip_emamba_v1/user/rtl/src/matMult_20.sv Line: 76
# ** Warning: (vsim-3015) [PCDPC] - Port size (1) does not match connection size (32) for port 'carryIn'. The port definition is at: /home/sanghun/RVX/rvx-tutorials/platform/tip_emamba_v1/user/rtl/src/CLA_32.sv(26).
#    Time: 0 ps  Iteration: 0  Instance: /TIP_EMAMBA_V1_SIM/i_platform/my_emamba_ip/eMamba/Outputhead/OH_Linear_expand/matMult_20/Stage_A[1]/CLA_A File: /home/sanghun/RVX/rvx-tutorials/platform/tip_emamba_v1/user/rtl/src/matMult_20.sv Line: 76
# ** Warning: (vsim-3722) /home/sanghun/RVX/rvx-tutorials/platform/tip_emamba_v1/user/rtl/src/matMult_20.sv(76): [TFMPC] - Missing connection for port 'carryOut'.
# ** Warning: (vsim-2685) [TFMPC] - Too few port connections for 'CLA_A'.  Expected 5, found 4.
#    Time: 0 ps  Iteration: 0  Instance: /TIP_EMAMBA_V1_SIM/i_platform/my_emamba_ip/eMamba/Outputhead/OH_Linear_expand/matMult_20/Stage_A[2]/CLA_A File: /home/sanghun/RVX/rvx-tutorials/platform/tip_emamba_v1/user/rtl/src/matMult_20.sv Line: 76
# ** Warning: (vsim-3015) [PCDPC] - Port size (1) does not match connection size (32) for port 'carryIn'. The port definition is at: /home/sanghun/RVX/rvx-tutorials/platform/tip_emamba_v1/user/rtl/src/CLA_32.sv(26).
#    Time: 0 ps  Iteration: 0  Instance: /TIP_EMAMBA_V1_SIM/i_platform/my_emamba_ip/eMamba/Outputhead/OH_Linear_expand/matMult_20/Stage_A[2]/CLA_A File: /home/sanghun/RVX/rvx-tutorials/platform/tip_emamba_v1/user/rtl/src/matMult_20.sv Line: 76
# ** Warning: (vsim-3722) /home/sanghun/RVX/rvx-tutorials/platform/tip_emamba_v1/user/rtl/src/matMult_20.sv(76): [TFMPC] - Missing connection for port 'carryOut'.
# ** Warning: (vsim-2685) [TFMPC] - Too few port connections for 'CLA_A'.  Expected 5, found 4.
#    Time: 0 ps  Iteration: 0  Instance: /TIP_EMAMBA_V1_SIM/i_platform/my_emamba_ip/eMamba/Outputhead/OH_Linear_expand/matMult_20/Stage_A[3]/CLA_A File: /home/sanghun/RVX/rvx-tutorials/platform/tip_emamba_v1/user/rtl/src/matMult_20.sv Line: 76
# ** Warning: (vsim-3015) [PCDPC] - Port size (1) does not match connection size (32) for port 'carryIn'. The port definition is at: /home/sanghun/RVX/rvx-tutorials/platform/tip_emamba_v1/user/rtl/src/CLA_32.sv(26).
#    Time: 0 ps  Iteration: 0  Instance: /TIP_EMAMBA_V1_SIM/i_platform/my_emamba_ip/eMamba/Outputhead/OH_Linear_expand/matMult_20/Stage_A[3]/CLA_A File: /home/sanghun/RVX/rvx-tutorials/platform/tip_emamba_v1/user/rtl/src/matMult_20.sv Line: 76
# ** Warning: (vsim-3722) /home/sanghun/RVX/rvx-tutorials/platform/tip_emamba_v1/user/rtl/src/matMult_20.sv(76): [TFMPC] - Missing connection for port 'carryOut'.
# ** Warning: (vsim-2685) [TFMPC] - Too few port connections for 'CLA_A'.  Expected 5, found 4.
#    Time: 0 ps  Iteration: 0  Instance: /TIP_EMAMBA_V1_SIM/i_platform/my_emamba_ip/eMamba/Outputhead/OH_Linear_expand/matMult_20/Stage_A[4]/CLA_A File: /home/sanghun/RVX/rvx-tutorials/platform/tip_emamba_v1/user/rtl/src/matMult_20.sv Line: 76
# ** Warning: (vsim-3015) [PCDPC] - Port size (1) does not match connection size (32) for port 'carryIn'. The port definition is at: /home/sanghun/RVX/rvx-tutorials/platform/tip_emamba_v1/user/rtl/src/CLA_32.sv(26).
#    Time: 0 ps  Iteration: 0  Instance: /TIP_EMAMBA_V1_SIM/i_platform/my_emamba_ip/eMamba/Outputhead/OH_Linear_expand/matMult_20/Stage_A[4]/CLA_A File: /home/sanghun/RVX/rvx-tutorials/platform/tip_emamba_v1/user/rtl/src/matMult_20.sv Line: 76
# ** Warning: (vsim-3722) /home/sanghun/RVX/rvx-tutorials/platform/tip_emamba_v1/user/rtl/src/matMult_20.sv(76): [TFMPC] - Missing connection for port 'carryOut'.
# ** Warning: (vsim-2685) [TFMPC] - Too few port connections for 'CLA_A'.  Expected 5, found 4.
#    Time: 0 ps  Iteration: 0  Instance: /TIP_EMAMBA_V1_SIM/i_platform/my_emamba_ip/eMamba/Outputhead/OH_Linear_expand/matMult_20/Stage_A[5]/CLA_A File: /home/sanghun/RVX/rvx-tutorials/platform/tip_emamba_v1/user/rtl/src/matMult_20.sv Line: 76
# ** Warning: (vsim-3015) [PCDPC] - Port size (1) does not match connection size (32) for port 'carryIn'. The port definition is at: /home/sanghun/RVX/rvx-tutorials/platform/tip_emamba_v1/user/rtl/src/CLA_32.sv(26).
#    Time: 0 ps  Iteration: 0  Instance: /TIP_EMAMBA_V1_SIM/i_platform/my_emamba_ip/eMamba/Outputhead/OH_Linear_expand/matMult_20/Stage_A[5]/CLA_A File: /home/sanghun/RVX/rvx-tutorials/platform/tip_emamba_v1/user/rtl/src/matMult_20.sv Line: 76
# ** Warning: (vsim-3722) /home/sanghun/RVX/rvx-tutorials/platform/tip_emamba_v1/user/rtl/src/matMult_20.sv(76): [TFMPC] - Missing connection for port 'carryOut'.
# ** Warning: (vsim-2685) [TFMPC] - Too few port connections for 'CLA_A'.  Expected 5, found 4.
#    Time: 0 ps  Iteration: 0  Instance: /TIP_EMAMBA_V1_SIM/i_platform/my_emamba_ip/eMamba/Outputhead/OH_Linear_expand/matMult_20/Stage_A[6]/CLA_A File: /home/sanghun/RVX/rvx-tutorials/platform/tip_emamba_v1/user/rtl/src/matMult_20.sv Line: 76
# ** Warning: (vsim-3015) [PCDPC] - Port size (1) does not match connection size (32) for port 'carryIn'. The port definition is at: /home/sanghun/RVX/rvx-tutorials/platform/tip_emamba_v1/user/rtl/src/CLA_32.sv(26).
#    Time: 0 ps  Iteration: 0  Instance: /TIP_EMAMBA_V1_SIM/i_platform/my_emamba_ip/eMamba/Outputhead/OH_Linear_expand/matMult_20/Stage_A[6]/CLA_A File: /home/sanghun/RVX/rvx-tutorials/platform/tip_emamba_v1/user/rtl/src/matMult_20.sv Line: 76
# ** Warning: (vsim-3722) /home/sanghun/RVX/rvx-tutorials/platform/tip_emamba_v1/user/rtl/src/matMult_20.sv(76): [TFMPC] - Missing connection for port 'carryOut'.
# ** Warning: (vsim-2685) [TFMPC] - Too few port connections for 'CLA_A'.  Expected 5, found 4.
#    Time: 0 ps  Iteration: 0  Instance: /TIP_EMAMBA_V1_SIM/i_platform/my_emamba_ip/eMamba/Outputhead/OH_Linear_expand/matMult_20/Stage_A[7]/CLA_A File: /home/sanghun/RVX/rvx-tutorials/platform/tip_emamba_v1/user/rtl/src/matMult_20.sv Line: 76
# ** Warning: (vsim-3015) [PCDPC] - Port size (1) does not match connection size (32) for port 'carryIn'. The port definition is at: /home/sanghun/RVX/rvx-tutorials/platform/tip_emamba_v1/user/rtl/src/CLA_32.sv(26).
#    Time: 0 ps  Iteration: 0  Instance: /TIP_EMAMBA_V1_SIM/i_platform/my_emamba_ip/eMamba/Outputhead/OH_Linear_expand/matMult_20/Stage_A[7]/CLA_A File: /home/sanghun/RVX/rvx-tutorials/platform/tip_emamba_v1/user/rtl/src/matMult_20.sv Line: 76
# ** Warning: (vsim-3722) /home/sanghun/RVX/rvx-tutorials/platform/tip_emamba_v1/user/rtl/src/matMult_20.sv(76): [TFMPC] - Missing connection for port 'carryOut'.
# ** Warning: (vsim-2685) [TFMPC] - Too few port connections for 'CLA_A'.  Expected 5, found 4.
#    Time: 0 ps  Iteration: 0  Instance: /TIP_EMAMBA_V1_SIM/i_platform/my_emamba_ip/eMamba/Outputhead/OH_Linear_expand/matMult_20/Stage_A[8]/CLA_A File: /home/sanghun/RVX/rvx-tutorials/platform/tip_emamba_v1/user/rtl/src/matMult_20.sv Line: 76
# ** Warning: (vsim-3015) [PCDPC] - Port size (1) does not match connection size (32) for port 'carryIn'. The port definition is at: /home/sanghun/RVX/rvx-tutorials/platform/tip_emamba_v1/user/rtl/src/CLA_32.sv(26).
#    Time: 0 ps  Iteration: 0  Instance: /TIP_EMAMBA_V1_SIM/i_platform/my_emamba_ip/eMamba/Outputhead/OH_Linear_expand/matMult_20/Stage_A[8]/CLA_A File: /home/sanghun/RVX/rvx-tutorials/platform/tip_emamba_v1/user/rtl/src/matMult_20.sv Line: 76
# ** Warning: (vsim-3722) /home/sanghun/RVX/rvx-tutorials/platform/tip_emamba_v1/user/rtl/src/matMult_20.sv(76): [TFMPC] - Missing connection for port 'carryOut'.
# ** Warning: (vsim-2685) [TFMPC] - Too few port connections for 'CLA_A'.  Expected 5, found 4.
#    Time: 0 ps  Iteration: 0  Instance: /TIP_EMAMBA_V1_SIM/i_platform/my_emamba_ip/eMamba/Outputhead/OH_Linear_expand/matMult_20/Stage_A[9]/CLA_A File: /home/sanghun/RVX/rvx-tutorials/platform/tip_emamba_v1/user/rtl/src/matMult_20.sv Line: 76
# ** Warning: (vsim-3015) [PCDPC] - Port size (1) does not match connection size (32) for port 'carryIn'. The port definition is at: /home/sanghun/RVX/rvx-tutorials/platform/tip_emamba_v1/user/rtl/src/CLA_32.sv(26).
#    Time: 0 ps  Iteration: 0  Instance: /TIP_EMAMBA_V1_SIM/i_platform/my_emamba_ip/eMamba/Outputhead/OH_Linear_expand/matMult_20/Stage_A[9]/CLA_A File: /home/sanghun/RVX/rvx-tutorials/platform/tip_emamba_v1/user/rtl/src/matMult_20.sv Line: 76
# ** Warning: (vsim-3722) /home/sanghun/RVX/rvx-tutorials/platform/tip_emamba_v1/user/rtl/src/matMult_20.sv(76): [TFMPC] - Missing connection for port 'carryOut'.
# ** Warning: (vsim-2685) [TFMPC] - Too few port connections for 'CLA_B'.  Expected 5, found 4.
#    Time: 0 ps  Iteration: 0  Instance: /TIP_EMAMBA_V1_SIM/i_platform/my_emamba_ip/eMamba/Outputhead/OH_Linear_expand/matMult_20/Stage_B[0]/CLA_B File: /home/sanghun/RVX/rvx-tutorials/platform/tip_emamba_v1/user/rtl/src/matMult_20.sv Line: 86
# ** Warning: (vsim-3015) [PCDPC] - Port size (1) does not match connection size (32) for port 'carryIn'. The port definition is at: /home/sanghun/RVX/rvx-tutorials/platform/tip_emamba_v1/user/rtl/src/CLA_32.sv(26).
#    Time: 0 ps  Iteration: 0  Instance: /TIP_EMAMBA_V1_SIM/i_platform/my_emamba_ip/eMamba/Outputhead/OH_Linear_expand/matMult_20/Stage_B[0]/CLA_B File: /home/sanghun/RVX/rvx-tutorials/platform/tip_emamba_v1/user/rtl/src/matMult_20.sv Line: 86
# ** Warning: (vsim-3722) /home/sanghun/RVX/rvx-tutorials/platform/tip_emamba_v1/user/rtl/src/matMult_20.sv(86): [TFMPC] - Missing connection for port 'carryOut'.
# ** Warning: (vsim-2685) [TFMPC] - Too few port connections for 'CLA_B'.  Expected 5, found 4.
#    Time: 0 ps  Iteration: 0  Instance: /TIP_EMAMBA_V1_SIM/i_platform/my_emamba_ip/eMamba/Outputhead/OH_Linear_expand/matMult_20/Stage_B[1]/CLA_B File: /home/sanghun/RVX/rvx-tutorials/platform/tip_emamba_v1/user/rtl/src/matMult_20.sv Line: 86
# ** Warning: (vsim-3015) [PCDPC] - Port size (1) does not match connection size (32) for port 'carryIn'. The port definition is at: /home/sanghun/RVX/rvx-tutorials/platform/tip_emamba_v1/user/rtl/src/CLA_32.sv(26).
#    Time: 0 ps  Iteration: 0  Instance: /TIP_EMAMBA_V1_SIM/i_platform/my_emamba_ip/eMamba/Outputhead/OH_Linear_expand/matMult_20/Stage_B[1]/CLA_B File: /home/sanghun/RVX/rvx-tutorials/platform/tip_emamba_v1/user/rtl/src/matMult_20.sv Line: 86
# ** Warning: (vsim-3722) /home/sanghun/RVX/rvx-tutorials/platform/tip_emamba_v1/user/rtl/src/matMult_20.sv(86): [TFMPC] - Missing connection for port 'carryOut'.
# ** Warning: (vsim-2685) [TFMPC] - Too few port connections for 'CLA_B'.  Expected 5, found 4.
#    Time: 0 ps  Iteration: 0  Instance: /TIP_EMAMBA_V1_SIM/i_platform/my_emamba_ip/eMamba/Outputhead/OH_Linear_expand/matMult_20/Stage_B[2]/CLA_B File: /home/sanghun/RVX/rvx-tutorials/platform/tip_emamba_v1/user/rtl/src/matMult_20.sv Line: 86
# ** Warning: (vsim-3015) [PCDPC] - Port size (1) does not match connection size (32) for port 'carryIn'. The port definition is at: /home/sanghun/RVX/rvx-tutorials/platform/tip_emamba_v1/user/rtl/src/CLA_32.sv(26).
#    Time: 0 ps  Iteration: 0  Instance: /TIP_EMAMBA_V1_SIM/i_platform/my_emamba_ip/eMamba/Outputhead/OH_Linear_expand/matMult_20/Stage_B[2]/CLA_B File: /home/sanghun/RVX/rvx-tutorials/platform/tip_emamba_v1/user/rtl/src/matMult_20.sv Line: 86
# ** Warning: (vsim-3722) /home/sanghun/RVX/rvx-tutorials/platform/tip_emamba_v1/user/rtl/src/matMult_20.sv(86): [TFMPC] - Missing connection for port 'carryOut'.
# ** Warning: (vsim-2685) [TFMPC] - Too few port connections for 'CLA_B'.  Expected 5, found 4.
#    Time: 0 ps  Iteration: 0  Instance: /TIP_EMAMBA_V1_SIM/i_platform/my_emamba_ip/eMamba/Outputhead/OH_Linear_expand/matMult_20/Stage_B[3]/CLA_B File: /home/sanghun/RVX/rvx-tutorials/platform/tip_emamba_v1/user/rtl/src/matMult_20.sv Line: 86
# ** Warning: (vsim-3015) [PCDPC] - Port size (1) does not match connection size (32) for port 'carryIn'. The port definition is at: /home/sanghun/RVX/rvx-tutorials/platform/tip_emamba_v1/user/rtl/src/CLA_32.sv(26).
#    Time: 0 ps  Iteration: 0  Instance: /TIP_EMAMBA_V1_SIM/i_platform/my_emamba_ip/eMamba/Outputhead/OH_Linear_expand/matMult_20/Stage_B[3]/CLA_B File: /home/sanghun/RVX/rvx-tutorials/platform/tip_emamba_v1/user/rtl/src/matMult_20.sv Line: 86
# ** Warning: (vsim-3722) /home/sanghun/RVX/rvx-tutorials/platform/tip_emamba_v1/user/rtl/src/matMult_20.sv(86): [TFMPC] - Missing connection for port 'carryOut'.
# ** Warning: (vsim-2685) [TFMPC] - Too few port connections for 'CLA_B'.  Expected 5, found 4.
#    Time: 0 ps  Iteration: 0  Instance: /TIP_EMAMBA_V1_SIM/i_platform/my_emamba_ip/eMamba/Outputhead/OH_Linear_expand/matMult_20/Stage_B[4]/CLA_B File: /home/sanghun/RVX/rvx-tutorials/platform/tip_emamba_v1/user/rtl/src/matMult_20.sv Line: 86
# ** Warning: (vsim-3015) [PCDPC] - Port size (1) does not match connection size (32) for port 'carryIn'. The port definition is at: /home/sanghun/RVX/rvx-tutorials/platform/tip_emamba_v1/user/rtl/src/CLA_32.sv(26).
#    Time: 0 ps  Iteration: 0  Instance: /TIP_EMAMBA_V1_SIM/i_platform/my_emamba_ip/eMamba/Outputhead/OH_Linear_expand/matMult_20/Stage_B[4]/CLA_B File: /home/sanghun/RVX/rvx-tutorials/platform/tip_emamba_v1/user/rtl/src/matMult_20.sv Line: 86
# ** Warning: (vsim-3722) /home/sanghun/RVX/rvx-tutorials/platform/tip_emamba_v1/user/rtl/src/matMult_20.sv(86): [TFMPC] - Missing connection for port 'carryOut'.
# ** Warning: (vsim-2685) [TFMPC] - Too few port connections for 'CLA_C0'.  Expected 5, found 4.
#    Time: 0 ps  Iteration: 0  Instance: /TIP_EMAMBA_V1_SIM/i_platform/my_emamba_ip/eMamba/Outputhead/OH_Linear_expand/matMult_20/CLA_C0 File: /home/sanghun/RVX/rvx-tutorials/platform/tip_emamba_v1/user/rtl/src/matMult_20.sv Line: 97
# ** Warning: (vsim-3015) [PCDPC] - Port size (1) does not match connection size (32) for port 'carryIn'. The port definition is at: /home/sanghun/RVX/rvx-tutorials/platform/tip_emamba_v1/user/rtl/src/CLA_32.sv(26).
#    Time: 0 ps  Iteration: 0  Instance: /TIP_EMAMBA_V1_SIM/i_platform/my_emamba_ip/eMamba/Outputhead/OH_Linear_expand/matMult_20/CLA_C0 File: /home/sanghun/RVX/rvx-tutorials/platform/tip_emamba_v1/user/rtl/src/matMult_20.sv Line: 97
# ** Warning: (vsim-3722) /home/sanghun/RVX/rvx-tutorials/platform/tip_emamba_v1/user/rtl/src/matMult_20.sv(97): [TFMPC] - Missing connection for port 'carryOut'.
# ** Warning: (vsim-2685) [TFMPC] - Too few port connections for 'CLA_C1'.  Expected 5, found 4.
#    Time: 0 ps  Iteration: 0  Instance: /TIP_EMAMBA_V1_SIM/i_platform/my_emamba_ip/eMamba/Outputhead/OH_Linear_expand/matMult_20/CLA_C1 File: /home/sanghun/RVX/rvx-tutorials/platform/tip_emamba_v1/user/rtl/src/matMult_20.sv Line: 105
# ** Warning: (vsim-3015) [PCDPC] - Port size (1) does not match connection size (32) for port 'carryIn'. The port definition is at: /home/sanghun/RVX/rvx-tutorials/platform/tip_emamba_v1/user/rtl/src/CLA_32.sv(26).
#    Time: 0 ps  Iteration: 0  Instance: /TIP_EMAMBA_V1_SIM/i_platform/my_emamba_ip/eMamba/Outputhead/OH_Linear_expand/matMult_20/CLA_C1 File: /home/sanghun/RVX/rvx-tutorials/platform/tip_emamba_v1/user/rtl/src/matMult_20.sv Line: 105
# ** Warning: (vsim-3722) /home/sanghun/RVX/rvx-tutorials/platform/tip_emamba_v1/user/rtl/src/matMult_20.sv(105): [TFMPC] - Missing connection for port 'carryOut'.
# ** Warning: (vsim-2685) [TFMPC] - Too few port connections for 'CLA_C2'.  Expected 5, found 4.
#    Time: 0 ps  Iteration: 0  Instance: /TIP_EMAMBA_V1_SIM/i_platform/my_emamba_ip/eMamba/Outputhead/OH_Linear_expand/matMult_20/CLA_C2 File: /home/sanghun/RVX/rvx-tutorials/platform/tip_emamba_v1/user/rtl/src/matMult_20.sv Line: 113
# ** Warning: (vsim-3015) [PCDPC] - Port size (1) does not match connection size (32) for port 'carryIn'. The port definition is at: /home/sanghun/RVX/rvx-tutorials/platform/tip_emamba_v1/user/rtl/src/CLA_32.sv(26).
#    Time: 0 ps  Iteration: 0  Instance: /TIP_EMAMBA_V1_SIM/i_platform/my_emamba_ip/eMamba/Outputhead/OH_Linear_expand/matMult_20/CLA_C2 File: /home/sanghun/RVX/rvx-tutorials/platform/tip_emamba_v1/user/rtl/src/matMult_20.sv Line: 113
# ** Warning: (vsim-3722) /home/sanghun/RVX/rvx-tutorials/platform/tip_emamba_v1/user/rtl/src/matMult_20.sv(113): [TFMPC] - Missing connection for port 'carryOut'.
# ** Warning: (vsim-2685) [TFMPC] - Too few port connections for 'CLA_D'.  Expected 5, found 4.
#    Time: 0 ps  Iteration: 0  Instance: /TIP_EMAMBA_V1_SIM/i_platform/my_emamba_ip/eMamba/Outputhead/OH_Linear_expand/matMult_20/CLA_D File: /home/sanghun/RVX/rvx-tutorials/platform/tip_emamba_v1/user/rtl/src/matMult_20.sv Line: 122
# ** Warning: (vsim-3015) [PCDPC] - Port size (1) does not match connection size (32) for port 'carryIn'. The port definition is at: /home/sanghun/RVX/rvx-tutorials/platform/tip_emamba_v1/user/rtl/src/CLA_32.sv(26).
#    Time: 0 ps  Iteration: 0  Instance: /TIP_EMAMBA_V1_SIM/i_platform/my_emamba_ip/eMamba/Outputhead/OH_Linear_expand/matMult_20/CLA_D File: /home/sanghun/RVX/rvx-tutorials/platform/tip_emamba_v1/user/rtl/src/matMult_20.sv Line: 122
# ** Warning: (vsim-3722) /home/sanghun/RVX/rvx-tutorials/platform/tip_emamba_v1/user/rtl/src/matMult_20.sv(122): [TFMPC] - Missing connection for port 'carryOut'.
# ** Warning: (vsim-2685) [TFMPC] - Too few port connections for 'CLA_E'.  Expected 5, found 4.
#    Time: 0 ps  Iteration: 0  Instance: /TIP_EMAMBA_V1_SIM/i_platform/my_emamba_ip/eMamba/Outputhead/OH_Linear_expand/matMult_20/CLA_E File: /home/sanghun/RVX/rvx-tutorials/platform/tip_emamba_v1/user/rtl/src/matMult_20.sv Line: 131
# ** Warning: (vsim-3015) [PCDPC] - Port size (1) does not match connection size (32) for port 'carryIn'. The port definition is at: /home/sanghun/RVX/rvx-tutorials/platform/tip_emamba_v1/user/rtl/src/CLA_32.sv(26).
#    Time: 0 ps  Iteration: 0  Instance: /TIP_EMAMBA_V1_SIM/i_platform/my_emamba_ip/eMamba/Outputhead/OH_Linear_expand/matMult_20/CLA_E File: /home/sanghun/RVX/rvx-tutorials/platform/tip_emamba_v1/user/rtl/src/matMult_20.sv Line: 131
# ** Warning: (vsim-3722) /home/sanghun/RVX/rvx-tutorials/platform/tip_emamba_v1/user/rtl/src/matMult_20.sv(131): [TFMPC] - Missing connection for port 'carryOut'.
# ** Warning: Design size of 69898 statements exceeds ModelSim-Intel FPGA Starter Edition recommended capacity.
# Expect performance to be adversely affected.
# ** Note: (vsim-8900) Creating design debug database vsim.dbg.
# It appears vopt was not run with -debugdb option on this design.
# Advanced Causality and Schematic debug features will not be available.
# do debug.do
# 1
# 
# 
# [NoC:INFO] micro NoC 4.5 is used 
# [NoC:INFO] NOT monitoring routing error
# [NoC:INFO] NOT monitoring undefined region access
# [NoC:INFO] NOT monitoring transaction timeout
# [NoC:INFO] NOT monitoring the bandwidth of IPs
# [NoC:INFO] NOT monitoring the correctness of AXI protocol
# 
# 
# [NCSIM:INFO] record start                    1
# [JTAG:INFO] initialized
# [RESET CONTROLLER] all resets are released
# [JTAG:INFO] release all reset
# [JTAG:INFO] SRAM fast load start
# [JTAG:INFO] SRAM load end
# [JTAG:INFO] set app addr
# [JTAG:INFO] set sim env
# [JTAG:INFO] DR: 00000001
# [JTAG:INFO] set ready-to-run
# [JTAG:INFO] finished
# 
# 
# [RVX/START] SIM@RTL
#  :: DONE
# 
# [PROC_STATUS]  1 cores have finished @          4277540000 ns
# record end              4424049
# [NCSIM:INFO] record end              4424049
# ** Note: $finish    : /home/sanghun/RVX/rvx-tutorials/rvx_hwlib/lib_sim/ncsim/src/ncsim_manager.v(68)
#    Time: 4424049880 ps  Iteration: 0  Instance: /TIP_EMAMBA_V1_SIM/i_ncsim_manager
# End time: 19:36:33 on Jul 04,2026, Elapsed time: 0:28:11
# Errors: 0, Warnings: 1979
