Copyright 1986-2022 Xilinx, Inc. All Rights Reserved. Copyright 2022-2024 Advanced Micro Devices, Inc. All Rights Reserved.
---------------------------------------------------------------------------------------------------------------------------------------------------------------------
| Tool Version : Vivado v.2024.1 (lin64) Build 5076996 Wed May 22 18:36:09 MDT 2024
| Date         : Tue May 19 16:51:52 2026
| Host         : Venus running 64-bit Ubuntu 22.04.5 LTS
| Command      : report_utilization -hierarchical -file /home/sanghun/RVX/rvx-tutorials/platform/tip_hello/imp_genesys2-eb_2026-05-19/imp_result/route_util_hier.rpt
| Design       : TIP_HELLO_FPGA
| Device       : xc7k325tffg900-2
| Speed File   : -2
| Design State : Routed
---------------------------------------------------------------------------------------------------------------------------------------------------------------------

Utilization Design Information

Table of Contents
-----------------
1. Utilization by Hierarchy

1. Utilization by Hierarchy
---------------------------

+---------------------------------------------------------------------+-----------------------------------------------------------+------------+------------+---------+------+-------+--------+--------+------------+
|                               Instance                              |                           Module                          | Total LUTs | Logic LUTs | LUTRAMs | SRLs |  FFs  | RAMB36 | RAMB18 | DSP Blocks |
+---------------------------------------------------------------------+-----------------------------------------------------------+------------+------------+---------+------+-------+--------+--------+------------+
| TIP_HELLO_FPGA                                                      |                                                     (top) |       9722 |       9674 |      48 |    0 | 14680 |     32 |      0 |          4 |
|   (TIP_HELLO_FPGA)                                                  |                                                     (top) |          0 |          0 |       0 |    0 |     0 |      0 |      0 |          0 |
|   i_platform                                                        |                                                 TIP_HELLO |       9722 |       9674 |      48 |    0 | 14680 |     32 |      0 |          4 |
|     i_pll0                                                          |                                  TIP_HELLO_CLOCK_PLL_0_00 |          0 |          0 |       0 |    0 |     0 |      0 |      0 |          0 |
|       i_xilinx_clock_pll_0                                          |                                        xilinx_clock_pll_0 |          0 |          0 |       0 |    0 |     0 |      0 |      0 |          0 |
|         inst                                                        |                                xilinx_clock_pll_0_clk_wiz |          0 |          0 |       0 |    0 |     0 |      0 |      0 |          0 |
|     i_rtl                                                           |                                             TIP_HELLO_RTL |       9551 |       9503 |      48 |    0 | 14369 |      0 |      0 |          4 |
|       (i_rtl)                                                       |                                             TIP_HELLO_RTL |         32 |          8 |      24 |    0 |     0 |      0 |      0 |          0 |
|       autoname_105                                                  |                                       ERVP_TICK_GENERATOR |         14 |         14 |       0 |    0 |    10 |      0 |      0 |          0 |
|         i_rvx_instance_1                                            |                                              ERVP_COUNTER |         14 |         14 |       0 |    0 |    10 |      0 |      0 |          0 |
|       autoname_107                                                  |                                           ERVP_REAL_CLOCK |         85 |         85 |       0 |    0 |    64 |      0 |      0 |          0 |
|         i_rvx_instance_0                                            |                              ERVP_COUNTER__parameterized1 |         85 |         85 |       0 |    0 |    64 |      0 |      0 |          0 |
|       common_peri_group                                             |                                    ERVP_COMMON_PERI_GROUP |        145 |        145 |       0 |    0 |    87 |      0 |      0 |          0 |
|         (common_peri_group)                                         |                                    ERVP_COMMON_PERI_GROUP |         32 |         32 |       0 |    0 |    65 |      0 |      0 |          0 |
|         i_rvx_instance_4                                            |                                             ERVP_IROM_APB |        112 |        112 |       0 |    0 |     0 |      0 |      0 |          0 |
|         i_rvx_instance_6                                            |                                            RVX_MODULE_082 |          1 |          1 |       0 |    0 |    22 |      0 |      0 |          0 |
|       default_slave                                                 |                                        MUNOC_DEFAULT_SNIM |        421 |        421 |       0 |    0 |   778 |      0 |      0 |          0 |
|         (default_slave)                                             |                                        MUNOC_DEFAULT_SNIM |          1 |          1 |       0 |    0 |     2 |      0 |      0 |          0 |
|         i_munoc_instance_0                                          |                                           MUNOC_MODULE_07 |          5 |          5 |       0 |    0 |     6 |      0 |      0 |          0 |
|         i_munoc_instance_1                                          |                                           MUNOC_MODULE_06 |        274 |        274 |       0 |    0 |   572 |      0 |      0 |          0 |
|           i_munoc_instance_1                                        |                                           MUNOC_MODULE_27 |         42 |         42 |       0 |    0 |    68 |      0 |      0 |          0 |
|             (i_munoc_instance_1)                                    |                                           MUNOC_MODULE_27 |          3 |          3 |       0 |    0 |     0 |      0 |      0 |          0 |
|             i_gen_rdata_buffer[0].i_munoc_instance_1                |                          ERVP_ASYNCH_FIFO__parameterized2 |         16 |         16 |       0 |    0 |    36 |      0 |      0 |          0 |
|               (i_gen_rdata_buffer[0].i_munoc_instance_1)            |                          ERVP_ASYNCH_FIFO__parameterized2 |         13 |         13 |       0 |    0 |    28 |      0 |      0 |          0 |
|               i_rvx_instance_0                                      |                     ERVP_SYNCHRONIZER__parameterized4_353 |          2 |          2 |       0 |    0 |     4 |      0 |      0 |          0 |
|               i_rvx_instance_1                                      |                     ERVP_SYNCHRONIZER__parameterized4_354 |          1 |          1 |       0 |    0 |     4 |      0 |      0 |          0 |
|             i_munoc_instance_0                                      |                          ERVP_ASYNCH_FIFO__parameterized3 |         23 |         23 |       0 |    0 |    32 |      0 |      0 |          0 |
|               (i_munoc_instance_0)                                  |                          ERVP_ASYNCH_FIFO__parameterized3 |         20 |         20 |       0 |    0 |    24 |      0 |      0 |          0 |
|               i_rvx_instance_0                                      |                     ERVP_SYNCHRONIZER__parameterized4_351 |          1 |          1 |       0 |    0 |     4 |      0 |      0 |          0 |
|               i_rvx_instance_1                                      |                     ERVP_SYNCHRONIZER__parameterized4_352 |          2 |          2 |       0 |    0 |     4 |      0 |      0 |          0 |
|           i_munoc_instance_2                                        |                                           MUNOC_MODULE_21 |        151 |        151 |       0 |    0 |   377 |      0 |      0 |          0 |
|             i_munoc_instance_0                                      |                                           MUNOC_MODULE_46 |        142 |        142 |       0 |    0 |   360 |      0 |      0 |          0 |
|               i_gen_buffer[0].i_munoc_instance_1                    |                                          ERVP_ASYNCH_FIFO |        142 |        142 |       0 |    0 |   360 |      0 |      0 |          0 |
|                 (i_gen_buffer[0].i_munoc_instance_1)                |                                          ERVP_ASYNCH_FIFO |        126 |        126 |       0 |    0 |   344 |      0 |      0 |          0 |
|                 i_rvx_instance_0                                    |                     ERVP_SYNCHRONIZER__parameterized3_349 |          2 |          2 |       0 |    0 |     8 |      0 |      0 |          0 |
|                 i_rvx_instance_1                                    |                     ERVP_SYNCHRONIZER__parameterized3_350 |         15 |         15 |       0 |    0 |     8 |      0 |      0 |          0 |
|             i_munoc_instance_1                                      |                                       MUNOC_MODULE_34_346 |          0 |          0 |       0 |    0 |     1 |      0 |      0 |          0 |
|             i_munoc_instance_2                                      |                           MUNOC_MODULE_46__parameterized0 |          9 |          9 |       0 |    0 |    16 |      0 |      0 |          0 |
|               i_gen_buffer[0].i_munoc_instance_1                    |                          ERVP_ASYNCH_FIFO__parameterized0 |          9 |          9 |       0 |    0 |    16 |      0 |      0 |          0 |
|                 (i_gen_buffer[0].i_munoc_instance_1)                |                          ERVP_ASYNCH_FIFO__parameterized0 |          6 |          6 |       0 |    0 |     8 |      0 |      0 |          0 |
|                 i_rvx_instance_0                                    |                     ERVP_SYNCHRONIZER__parameterized4_347 |          2 |          2 |       0 |    0 |     4 |      0 |      0 |          0 |
|                 i_rvx_instance_1                                    |                     ERVP_SYNCHRONIZER__parameterized4_348 |          1 |          1 |       0 |    0 |     4 |      0 |      0 |          0 |
|           i_munoc_instance_3                                        |                                       MUNOC_MODULE_00_336 |          4 |          4 |       0 |    0 |     2 |      0 |      0 |          0 |
|           i_munoc_instance_4                                        |                                       MUNOC_MODULE_16_337 |         13 |         13 |       0 |    0 |    13 |      0 |      0 |          0 |
|             (i_munoc_instance_4)                                    |                                       MUNOC_MODULE_16_337 |          9 |          9 |       0 |    0 |    11 |      0 |      0 |          0 |
|             i_munoc_instance_0                                      |                       ERVP_SMALL_FIFO__parameterized2_344 |          4 |          4 |       0 |    0 |     2 |      0 |      0 |          0 |
|               i_rvx_instance_1                                      |                   ERVP_SHIFT_REGISTER__parameterized0_345 |          4 |          4 |       0 |    0 |     2 |      0 |      0 |          0 |
|           i_munoc_instance_5                                        |                          ERVP_ASYNCH_FIFO__parameterized1 |         14 |         14 |       0 |    0 |    30 |      0 |      0 |          0 |
|             (i_munoc_instance_5)                                    |                          ERVP_ASYNCH_FIFO__parameterized1 |         12 |         12 |       0 |    0 |    22 |      0 |      0 |          0 |
|             i_rvx_instance_0                                        |                     ERVP_SYNCHRONIZER__parameterized4_342 |          1 |          1 |       0 |    0 |     4 |      0 |      0 |          0 |
|             i_rvx_instance_1                                        |                     ERVP_SYNCHRONIZER__parameterized4_343 |          1 |          1 |       0 |    0 |     4 |      0 |      0 |          0 |
|           i_munoc_instance_6                                        |                          ERVP_ASYNCH_FIFO__parameterized4 |          5 |          5 |       0 |    0 |    16 |      0 |      0 |          0 |
|             (i_munoc_instance_6)                                    |                          ERVP_ASYNCH_FIFO__parameterized4 |          3 |          3 |       0 |    0 |     8 |      0 |      0 |          0 |
|             i_rvx_instance_0                                        |                         ERVP_SYNCHRONIZER__parameterized4 |          1 |          1 |       0 |    0 |     4 |      0 |      0 |          0 |
|             i_rvx_instance_1                                        |                     ERVP_SYNCHRONIZER__parameterized4_341 |          1 |          1 |       0 |    0 |     4 |      0 |      0 |          0 |
|           i_munoc_instance_7                                        |                                       MUNOC_MODULE_35_338 |         45 |         45 |       0 |    0 |    66 |      0 |      0 |          0 |
|             (i_munoc_instance_7)                                    |                                       MUNOC_MODULE_35_338 |          0 |          0 |       0 |    0 |     3 |      0 |      0 |          0 |
|             i_munoc_instance_0                                      |                                       MUNOC_MODULE_29_339 |         12 |         12 |       0 |    0 |    10 |      0 |      0 |          0 |
|             i_munoc_instance_1                                      |                                       MUNOC_MODULE_40_340 |         33 |         33 |       0 |    0 |    53 |      0 |      0 |          0 |
|         i_munoc_instance_2                                          |                              MUNOC_AXI2APB_CONVERTER__313 |        141 |        141 |       0 |    0 |   198 |      0 |      0 |          0 |
|           i_munoc_instance_0                                        |                                        RVX_MODULE_007_314 |         43 |         43 |       0 |    0 |    82 |      0 |      0 |          0 |
|             i_rvx_instance_0                                        |                                        RVX_MODULE_017_325 |          7 |          7 |       0 |    0 |     3 |      0 |      0 |          0 |
|             i_rvx_instance_1                                        |                                        RVX_MODULE_022_326 |         36 |         36 |       0 |    0 |    79 |      0 |      0 |          0 |
|               i_rvx_instance_0                                      |                             ERVP_FIFO__parameterized0_327 |         16 |         16 |       0 |    0 |    31 |      0 |      0 |          0 |
|                 (i_rvx_instance_0)                                  |                             ERVP_FIFO__parameterized0_327 |          0 |          0 |       0 |    0 |    24 |      0 |      0 |          0 |
|                 i_rvx_instance_0                                    |                          ERVP_COUNTER__parameterized6_332 |          1 |          1 |       0 |    0 |     2 |      0 |      0 |          0 |
|                 i_rvx_instance_2                                    |                   ERVP_UPDOWN_COUNTER__parameterized2_333 |          6 |          6 |       0 |    0 |     3 |      0 |      0 |          0 |
|                 i_rvx_instance_3                                    |                          ERVP_COUNTER__parameterized6_334 |          3 |          3 |       0 |    0 |     2 |      0 |      0 |          0 |
|                 i_rvx_instance_4                                    |                              ERVP_MUX__parameterized5_335 |          6 |          6 |       0 |    0 |     0 |      0 |      0 |          0 |
|               i_rvx_instance_1                                      |                       ERVP_SMALL_FIFO__parameterized4_328 |         20 |         20 |       0 |    0 |    48 |      0 |      0 |          0 |
|                 (i_rvx_instance_1)                                  |                       ERVP_SMALL_FIFO__parameterized4_328 |          0 |          0 |       0 |    0 |    39 |      0 |      0 |          0 |
|                 i_rvx_instance_0                                    |     ERVP_COUNTER_WITH_ONEHOT_ENCODING__parameterized3_329 |         15 |         15 |       0 |    0 |     3 |      0 |      0 |          0 |
|                 i_rvx_instance_1                                    |                   ERVP_SHIFT_REGISTER__parameterized1_330 |          2 |          2 |       0 |    0 |     3 |      0 |      0 |          0 |
|                 i_rvx_instance_2                                    |     ERVP_COUNTER_WITH_ONEHOT_ENCODING__parameterized3_331 |          3 |          3 |       0 |    0 |     3 |      0 |      0 |          0 |
|           i_munoc_instance_1                                        |                                       MUNOC_AXI2LPIXS_315 |         98 |         98 |       0 |    0 |   116 |      0 |      0 |          0 |
|             i_rvx_instance_0                                        |                                        RVX_MODULE_095_316 |         27 |         27 |       0 |    0 |    65 |      0 |      0 |          0 |
|               i_rvx_instance_0                                      |                       ERVP_SMALL_FIFO__parameterized3_320 |         23 |         23 |       0 |    0 |    63 |      0 |      0 |          0 |
|                 (i_rvx_instance_0)                                  |                       ERVP_SMALL_FIFO__parameterized3_320 |          0 |          0 |       0 |    0 |    54 |      0 |      0 |          0 |
|                 i_rvx_instance_0                                    |     ERVP_COUNTER_WITH_ONEHOT_ENCODING__parameterized3_322 |         20 |         20 |       0 |    0 |     3 |      0 |      0 |          0 |
|                 i_rvx_instance_1                                    |                   ERVP_SHIFT_REGISTER__parameterized1_323 |          3 |          3 |       0 |    0 |     3 |      0 |      0 |          0 |
|                 i_rvx_instance_2                                    |     ERVP_COUNTER_WITH_ONEHOT_ENCODING__parameterized3_324 |          0 |          0 |       0 |    0 |     3 |      0 |      0 |          0 |
|               i_rvx_instance_1                                      |                                          ERVP_GRANTER_321 |          4 |          4 |       0 |    0 |     2 |      0 |      0 |          0 |
|             i_rvx_instance_1                                        |                                        RVX_MODULE_092_317 |         71 |         71 |       0 |    0 |    51 |      0 |      0 |          0 |
|               i_rvx_instance_0                                      |                                        RVX_MODULE_036_318 |         71 |         71 |       0 |    0 |    51 |      0 |      0 |          0 |
|                 (i_rvx_instance_0)                                  |                                        RVX_MODULE_036_318 |          0 |          0 |       0 |    0 |     7 |      0 |      0 |          0 |
|                 i_rvx_instance_0                                    |                                        RVX_MODULE_111_319 |         71 |         71 |       0 |    0 |    44 |      0 |      0 |          0 |
|       external_peri_group                                           |                                  ERVP_EXTERNAL_PERI_GROUP |       1221 |       1197 |      24 |    0 |  1063 |      0 |      0 |          0 |
|         i_gen_valid_uart[0].i_rvx_instance_05                       |                                            RVX_MODULE_120 |       1047 |       1023 |      24 |    0 |   636 |      0 |      0 |          0 |
|           i_rvx_instance_0                                          |                                            RVX_MODULE_090 |       1047 |       1023 |      24 |    0 |   636 |      0 |      0 |          0 |
|             (i_rvx_instance_0)                                      |                                            RVX_MODULE_090 |         56 |         56 |       0 |    0 |   123 |      0 |      0 |          0 |
|             i_rvx_instance_0                                        |                                            RVX_MODULE_073 |        903 |        903 |       0 |    0 |   469 |      0 |      0 |          0 |
|               (i_rvx_instance_0)                                    |                                            RVX_MODULE_073 |         63 |         63 |       0 |    0 |    62 |      0 |      0 |          0 |
|               i_rvx_instance_0                                      |                                            RVX_MODULE_027 |        840 |        840 |       0 |    0 |   407 |      0 |      0 |          0 |
|             i_rvx_instance_1                                        |                                            RVX_MODULE_106 |         89 |         65 |      24 |    0 |    44 |      0 |      0 |          0 |
|               (i_rvx_instance_1)                                    |                                            RVX_MODULE_106 |         18 |         18 |       0 |    0 |    22 |      0 |      0 |          0 |
|               i_rvx_instance_0                                      |                                            RVX_MODULE_097 |         71 |         47 |      24 |    0 |    22 |      0 |      0 |          0 |
|                 (i_rvx_instance_0)                                  |                                            RVX_MODULE_097 |         32 |         32 |       0 |    0 |    22 |      0 |      0 |          0 |
|                 i_rvx_instance_0                                    |                                            RVX_MODULE_098 |         39 |         15 |      24 |    0 |     0 |      0 |      0 |          0 |
|         i_rvx_instance_01                                           |                                            RVX_MODULE_030 |         28 |         28 |       0 |    0 |    15 |      0 |      0 |          0 |
|           i_rvx_instance_0                                          |                              ERVP_COUNTER__parameterized2 |         28 |         28 |       0 |    0 |    15 |      0 |      0 |          0 |
|         i_rvx_instance_07                                           |                                            RVX_MODULE_078 |         68 |         68 |       0 |    0 |   140 |      0 |      0 |          0 |
|           (i_rvx_instance_07)                                       |                                            RVX_MODULE_078 |          2 |          2 |       0 |    0 |    72 |      0 |      0 |          0 |
|           i_rvx_instance_0                                          |                                                 ERVP_GPIO |         11 |         11 |       0 |    0 |    17 |      0 |      0 |          0 |
|             (i_rvx_instance_0)                                      |                                                 ERVP_GPIO |          0 |          0 |       0 |    0 |    11 |      0 |      0 |          0 |
|             i_rvx_instance_0                                        |                                        ERVP_DEBOUNCER_310 |          5 |          5 |       0 |    0 |     3 |      0 |      0 |          0 |
|               i_generate[0].i_rvx_instance_0                        |                                   ERVP_UPDOWN_COUNTER_312 |          5 |          5 |       0 |    0 |     3 |      0 |      0 |          0 |
|             i_rvx_instance_1                                        |                                        RVX_MODULE_040_311 |          6 |          6 |       0 |    0 |     3 |      0 |      0 |          0 |
|           i_rvx_instance_1                                          |                                             ERVP_GPIO_301 |         11 |         11 |       0 |    0 |    17 |      0 |      0 |          0 |
|             (i_rvx_instance_1)                                      |                                             ERVP_GPIO_301 |          0 |          0 |       0 |    0 |    11 |      0 |      0 |          0 |
|             i_rvx_instance_0                                        |                                        ERVP_DEBOUNCER_307 |          5 |          5 |       0 |    0 |     3 |      0 |      0 |          0 |
|               i_generate[0].i_rvx_instance_0                        |                                   ERVP_UPDOWN_COUNTER_309 |          5 |          5 |       0 |    0 |     3 |      0 |      0 |          0 |
|             i_rvx_instance_1                                        |                                        RVX_MODULE_040_308 |          6 |          6 |       0 |    0 |     3 |      0 |      0 |          0 |
|           i_rvx_instance_2                                          |                                             ERVP_GPIO_302 |         22 |         22 |       0 |    0 |    17 |      0 |      0 |          0 |
|             (i_rvx_instance_2)                                      |                                             ERVP_GPIO_302 |         10 |         10 |       0 |    0 |    11 |      0 |      0 |          0 |
|             i_rvx_instance_0                                        |                                        ERVP_DEBOUNCER_304 |          6 |          6 |       0 |    0 |     3 |      0 |      0 |          0 |
|               i_generate[0].i_rvx_instance_0                        |                                   ERVP_UPDOWN_COUNTER_306 |          6 |          6 |       0 |    0 |     3 |      0 |      0 |          0 |
|             i_rvx_instance_1                                        |                                        RVX_MODULE_040_305 |          6 |          6 |       0 |    0 |     3 |      0 |      0 |          0 |
|           i_rvx_instance_3                                          |                                             ERVP_GPIO_303 |         22 |         22 |       0 |    0 |    17 |      0 |      0 |          0 |
|             (i_rvx_instance_3)                                      |                                             ERVP_GPIO_303 |         10 |         10 |       0 |    0 |    11 |      0 |      0 |          0 |
|             i_rvx_instance_0                                        |                                            ERVP_DEBOUNCER |          6 |          6 |       0 |    0 |     3 |      0 |      0 |          0 |
|               i_generate[0].i_rvx_instance_0                        |                                       ERVP_UPDOWN_COUNTER |          6 |          6 |       0 |    0 |     3 |      0 |      0 |          0 |
|             i_rvx_instance_1                                        |                                            RVX_MODULE_040 |          6 |          6 |       0 |    0 |     3 |      0 |      0 |          0 |
|         i_rvx_instance_08                                           |                                            RVX_MODULE_110 |         78 |         78 |       0 |    0 |   272 |      0 |      0 |          0 |
|       i_main_core                                                   |                                                  RVC_ORCA |       2222 |       2222 |       0 |    0 |  2184 |      0 |      0 |          4 |
|         i_orca                                                      |                                                      orca |       2222 |       2222 |       0 |    0 |  2184 |      0 |      0 |          4 |
|           (i_orca)                                                  |                                                      orca |          8 |          8 |       0 |    0 |     0 |      0 |      0 |          0 |
|           core                                                      |                                                 orca_core |       2080 |       2080 |       0 |    0 |  2006 |      0 |      0 |          4 |
|             D__0                                                    |                                                    decode |       1109 |       1109 |       0 |    0 |  1316 |      0 |      0 |          0 |
|               (D__0)                                                |                                                    decode |        481 |        481 |       0 |    0 |   194 |      0 |      0 |          0 |
|               the_register_file                                     |                                             register_file |        629 |        629 |       0 |    0 |  1122 |      0 |      0 |          0 |
|             I                                                       |                                         instruction_fetch |         65 |         65 |       0 |    0 |   100 |      0 |      0 |          0 |
|             X                                                       |                                                   execute |        912 |        912 |       0 |    0 |   590 |      0 |      0 |          4 |
|               (X)                                                   |                                                   execute |          8 |          8 |       0 |    0 |    74 |      0 |      0 |          0 |
|               alu                                                   |                                           arithmetic_unit |        584 |        584 |       0 |    0 |   275 |      0 |      0 |          4 |
|                 (alu)                                               |                                           arithmetic_unit |        167 |        167 |       0 |    0 |   136 |      0 |      0 |          4 |
|                 divide_gen.div                                      |                                                   divider |        417 |        417 |       0 |    0 |   139 |      0 |      0 |          0 |
|               branch                                                |                                               branch_unit |         37 |         37 |       0 |    0 |    66 |      0 |      0 |          0 |
|               ls_unit                                               |                                           load_store_unit |        111 |        111 |       0 |    0 |     6 |      0 |      0 |          0 |
|               syscall                                               |                                                  sys_call |        174 |        174 |       0 |    0 |   169 |      0 |      0 |          0 |
|           the_memory_interface                                      |                                          memory_interface |        134 |        134 |       0 |    0 |   178 |      0 |      0 |          0 |
|             dcache_gen.data_cache                                   |                          cache_controller__parameterized1 |         18 |         18 |       0 |    0 |    16 |      0 |      0 |          0 |
|               (dcache_gen.data_cache)                               |                          cache_controller__parameterized1 |         10 |         10 |       0 |    0 |    15 |      0 |      0 |          0 |
|               the_cache                                             |                                                 cache_300 |          8 |          8 |       0 |    0 |     1 |      0 |      0 |          0 |
|             dcache_mux                                              |                                 cache_mux__parameterized1 |         60 |         60 |       0 |    0 |    69 |      0 |      0 |          0 |
|               (dcache_mux)                                          |                                 cache_mux__parameterized1 |          0 |          0 |       0 |    0 |     0 |      0 |      0 |          0 |
|               internal_oimm_register                                |                             oimm_register__parameterized2 |         60 |         60 |       0 |    0 |    69 |      0 |      0 |          0 |
|             instruction_cache_gen.instruction_cache                 |                                          cache_controller |         14 |         14 |       0 |    0 |    15 |      0 |      0 |          0 |
|               (instruction_cache_gen.instruction_cache)             |                                          cache_controller |         11 |         11 |       0 |    0 |    14 |      0 |      0 |          0 |
|               the_cache                                             |                                                     cache |          3 |          3 |       0 |    0 |     1 |      0 |      0 |          0 |
|             instruction_cache_mux                                   |                                                 cache_mux |          0 |          0 |       0 |    0 |     0 |      0 |      0 |          0 |
|             uc_masters_gen.duc_master                               |                                                a4l_master |         42 |         42 |       0 |    0 |    78 |      0 |      0 |          0 |
|               ervp_master                                           |            ERVP_ORCA_CACHE_AXI_MASTER_OLD__parameterized2 |         42 |         42 |       0 |    0 |    78 |      0 |      0 |          0 |
|                 i_write_buffer                                      |                           ERVP_SMALL_FIFO__parameterized0 |         42 |         42 |       0 |    0 |    78 |      0 |      0 |          0 |
|                   (i_write_buffer)                                  |                           ERVP_SMALL_FIFO__parameterized0 |          0 |          0 |       0 |    0 |    72 |      0 |      0 |          0 |
|                   i_rvx_instance_0                                  |     ERVP_COUNTER_WITH_ONEHOT_ENCODING__parameterized0_297 |          2 |          2 |       0 |    0 |     2 |      0 |      0 |          0 |
|                   i_rvx_instance_1                                  |                   ERVP_SHIFT_REGISTER__parameterized0_298 |          2 |          2 |       0 |    0 |     2 |      0 |      0 |          0 |
|                   i_rvx_instance_2                                  |     ERVP_COUNTER_WITH_ONEHOT_ENCODING__parameterized0_299 |          2 |          2 |       0 |    0 |     2 |      0 |      0 |          0 |
|                   i_rvx_instance_3                                  |       ERVP_MUX_WITH_ONEHOT_ENCODED_SELECT__parameterized0 |         36 |         36 |       0 |    0 |     0 |      0 |      0 |          0 |
|       i_mnim_i_main_core_data                                       | MUNOC_AXI_MASTER_NETWORK_INTERFACE_MODULE__parameterized0 |        457 |        457 |       0 |    0 |   677 |      0 |      0 |          0 |
|         i_munoc_instance_00                                         |                                       MUNOC_MODULE_33_250 |         25 |         25 |       0 |    0 |    39 |      0 |      0 |          0 |
|           (i_munoc_instance_00)                                     |                                       MUNOC_MODULE_33_250 |          0 |          0 |       0 |    0 |     3 |      0 |      0 |          0 |
|           i_munoc_instance_0                                        |                   ERVP_UPDOWN_COUNTER__parameterized4_293 |          8 |          8 |       0 |    0 |     4 |      0 |      0 |          0 |
|           i_munoc_instance_1                                        |                      ERVP_ASYNCH_FIFO__parameterized5_294 |         17 |         17 |       0 |    0 |    32 |      0 |      0 |          0 |
|             (i_munoc_instance_1)                                    |                      ERVP_ASYNCH_FIFO__parameterized5_294 |         13 |         13 |       0 |    0 |    16 |      0 |      0 |          0 |
|             i_rvx_instance_0                                        |                     ERVP_SYNCHRONIZER__parameterized3_295 |          2 |          2 |       0 |    0 |     8 |      0 |      0 |          0 |
|             i_rvx_instance_1                                        |                     ERVP_SYNCHRONIZER__parameterized3_296 |          2 |          2 |       0 |    0 |     8 |      0 |      0 |          0 |
|         i_munoc_instance_01                                         |                           MUNOC_MODULE_01__parameterized0 |         52 |         52 |       0 |    0 |    68 |      0 |      0 |          0 |
|           i_munoc_instance_0                                        |                       ERVP_SMALL_FIFO__parameterized6_289 |         52 |         52 |       0 |    0 |    68 |      0 |      0 |          0 |
|             (i_munoc_instance_0)                                    |                       ERVP_SMALL_FIFO__parameterized6_289 |          0 |          0 |       0 |    0 |    62 |      0 |      0 |          0 |
|             i_rvx_instance_0                                        |     ERVP_COUNTER_WITH_ONEHOT_ENCODING__parameterized0_290 |         49 |         49 |       0 |    0 |     2 |      0 |      0 |          0 |
|             i_rvx_instance_1                                        |                   ERVP_SHIFT_REGISTER__parameterized0_291 |          1 |          1 |       0 |    0 |     2 |      0 |      0 |          0 |
|             i_rvx_instance_2                                        |     ERVP_COUNTER_WITH_ONEHOT_ENCODING__parameterized0_292 |          2 |          2 |       0 |    0 |     2 |      0 |      0 |          0 |
|         i_munoc_instance_02                                         |                                       MUNOC_MODULE_33_251 |         23 |         23 |       0 |    0 |    39 |      0 |      0 |          0 |
|           (i_munoc_instance_02)                                     |                                       MUNOC_MODULE_33_251 |          0 |          0 |       0 |    0 |     3 |      0 |      0 |          0 |
|           i_munoc_instance_0                                        |                   ERVP_UPDOWN_COUNTER__parameterized4_285 |          8 |          8 |       0 |    0 |     4 |      0 |      0 |          0 |
|           i_munoc_instance_1                                        |                      ERVP_ASYNCH_FIFO__parameterized5_286 |         15 |         15 |       0 |    0 |    32 |      0 |      0 |          0 |
|             (i_munoc_instance_1)                                    |                      ERVP_ASYNCH_FIFO__parameterized5_286 |         11 |         11 |       0 |    0 |    16 |      0 |      0 |          0 |
|             i_rvx_instance_0                                        |                     ERVP_SYNCHRONIZER__parameterized3_287 |          2 |          2 |       0 |    0 |     8 |      0 |      0 |          0 |
|             i_rvx_instance_1                                        |                     ERVP_SYNCHRONIZER__parameterized3_288 |          2 |          2 |       0 |    0 |     8 |      0 |      0 |          0 |
|         i_munoc_instance_03                                         |                           MUNOC_MODULE_20__parameterized0 |         55 |         55 |       0 |    0 |    47 |      0 |      0 |          0 |
|           (i_munoc_instance_03)                                     |                           MUNOC_MODULE_20__parameterized0 |          2 |          2 |       0 |    0 |     8 |      0 |      0 |          0 |
|           i_munoc_instance_0                                        |                           ERVP_SMALL_FIFO__parameterized5 |         21 |         21 |       0 |    0 |    16 |      0 |      0 |          0 |
|             (i_munoc_instance_0)                                    |                           ERVP_SMALL_FIFO__parameterized5 |          6 |          6 |       0 |    0 |     4 |      0 |      0 |          0 |
|             i_rvx_instance_0                                        |     ERVP_COUNTER_WITH_ONEHOT_ENCODING__parameterized4_282 |          3 |          3 |       0 |    0 |     4 |      0 |      0 |          0 |
|             i_rvx_instance_1                                        |                   ERVP_SHIFT_REGISTER__parameterized2_283 |         11 |         11 |       0 |    0 |     4 |      0 |      0 |          0 |
|             i_rvx_instance_2                                        |     ERVP_COUNTER_WITH_ONEHOT_ENCODING__parameterized4_284 |          1 |          1 |       0 |    0 |     4 |      0 |      0 |          0 |
|           i_munoc_instance_1                                        |                       ERVP_SMALL_FIFO__parameterized5_273 |         15 |         15 |       0 |    0 |    16 |      0 |      0 |          0 |
|             (i_munoc_instance_1)                                    |                       ERVP_SMALL_FIFO__parameterized5_273 |          2 |          2 |       0 |    0 |     4 |      0 |      0 |          0 |
|             i_rvx_instance_0                                        |     ERVP_COUNTER_WITH_ONEHOT_ENCODING__parameterized4_279 |          3 |          3 |       0 |    0 |     4 |      0 |      0 |          0 |
|             i_rvx_instance_1                                        |                   ERVP_SHIFT_REGISTER__parameterized2_280 |          6 |          6 |       0 |    0 |     4 |      0 |      0 |          0 |
|             i_rvx_instance_2                                        |     ERVP_COUNTER_WITH_ONEHOT_ENCODING__parameterized4_281 |          4 |          4 |       0 |    0 |     4 |      0 |      0 |          0 |
|           i_munoc_instance_2                                        |                                      MUNOC_AXI2APB_BRIDGE |         18 |         18 |       0 |    0 |     7 |      0 |      0 |          0 |
|             i_munoc_instance_0                                      |                           ERVP_SMALL_FIFO__parameterized6 |          8 |          8 |       0 |    0 |     2 |      0 |      0 |          0 |
|               i_rvx_instance_1                                      |                   ERVP_SHIFT_REGISTER__parameterized0_278 |          8 |          8 |       0 |    0 |     2 |      0 |      0 |          0 |
|             i_munoc_instance_1                                      |                  MUNOC_AXI2APB_CONVERTER___parameterized0 |          7 |          7 |       0 |    0 |     3 |      0 |      0 |          0 |
|               i_munoc_instance_1                                    |                           MUNOC_AXI2LPIXS__parameterized0 |          7 |          7 |       0 |    0 |     3 |      0 |      0 |          0 |
|                 i_rvx_instance_0                                    |                            RVX_MODULE_095__parameterized0 |          6 |          6 |       0 |    0 |     2 |      0 |      0 |          0 |
|                   i_rvx_instance_1                                  |                                          ERVP_GRANTER_277 |          6 |          6 |       0 |    0 |     2 |      0 |      0 |          0 |
|                 i_rvx_instance_1                                    |                            RVX_MODULE_092__parameterized0 |          2 |          2 |       0 |    0 |     1 |      0 |      0 |          0 |
|                   i_rvx_instance_0                                  |                            RVX_MODULE_036__parameterized0 |          2 |          2 |       0 |    0 |     1 |      0 |      0 |          0 |
|                     i_rvx_instance_0                                |                                        RVX_MODULE_111_276 |          2 |          2 |       0 |    0 |     1 |      0 |      0 |          0 |
|             i_munoc_instance_3                                      |                       ERVP_SMALL_FIFO__parameterized6_274 |          3 |          3 |       0 |    0 |     2 |      0 |      0 |          0 |
|               i_rvx_instance_1                                      |                   ERVP_SHIFT_REGISTER__parameterized0_275 |          3 |          3 |       0 |    0 |     2 |      0 |      0 |          0 |
|         i_munoc_instance_04                                         |                                       MUNOC_MODULE_01_252 |         74 |         74 |       0 |    0 |   136 |      0 |      0 |          0 |
|           i_munoc_instance_0                                        |                       ERVP_SMALL_FIFO__parameterized9_269 |         74 |         74 |       0 |    0 |   136 |      0 |      0 |          0 |
|             (i_munoc_instance_0)                                    |                       ERVP_SMALL_FIFO__parameterized9_269 |          0 |          0 |       0 |    0 |   124 |      0 |      0 |          0 |
|             i_rvx_instance_0                                        |     ERVP_COUNTER_WITH_ONEHOT_ENCODING__parameterized4_270 |         66 |         66 |       0 |    0 |     4 |      0 |      0 |          0 |
|             i_rvx_instance_1                                        |                   ERVP_SHIFT_REGISTER__parameterized2_271 |          6 |          6 |       0 |    0 |     4 |      0 |      0 |          0 |
|             i_rvx_instance_2                                        |     ERVP_COUNTER_WITH_ONEHOT_ENCODING__parameterized4_272 |          2 |          2 |       0 |    0 |     4 |      0 |      0 |          0 |
|         i_munoc_instance_09                                         |                           MUNOC_MODULE_02__parameterized0 |         45 |         45 |       0 |    0 |     6 |      0 |      0 |          0 |
|         i_munoc_instance_10                                         |                                       MUNOC_MODULE_22_253 |        106 |        106 |       0 |    0 |   179 |      0 |      0 |          0 |
|           (i_munoc_instance_10)                                     |                                       MUNOC_MODULE_22_253 |          0 |          0 |       0 |    0 |     2 |      0 |      0 |          0 |
|           i_munoc_instance_0                                        |                       MUNOC_MODULE_31__parameterized0_258 |         81 |         81 |       0 |    0 |   144 |      0 |      0 |          0 |
|             i_gen_buffer[0].i_munoc_instance_0                      |                      ERVP_SMALL_FIFO__parameterized12_265 |         81 |         81 |       0 |    0 |   144 |      0 |      0 |          0 |
|               (i_gen_buffer[0].i_munoc_instance_0)                  |                      ERVP_SMALL_FIFO__parameterized12_265 |          0 |          0 |       0 |    0 |   132 |      0 |      0 |          0 |
|               i_rvx_instance_0                                      |     ERVP_COUNTER_WITH_ONEHOT_ENCODING__parameterized4_266 |         76 |         76 |       0 |    0 |     4 |      0 |      0 |          0 |
|               i_rvx_instance_1                                      |                   ERVP_SHIFT_REGISTER__parameterized2_267 |          3 |          3 |       0 |    0 |     4 |      0 |      0 |          0 |
|               i_rvx_instance_2                                      |     ERVP_COUNTER_WITH_ONEHOT_ENCODING__parameterized4_268 |          2 |          2 |       0 |    0 |     4 |      0 |      0 |          0 |
|           i_munoc_instance_1                                        |                                       MUNOC_MODULE_12_259 |          1 |          1 |       0 |    0 |     1 |      0 |      0 |          0 |
|           i_munoc_instance_2                                        |                                       MUNOC_MODULE_31_260 |         24 |         24 |       0 |    0 |    32 |      0 |      0 |          0 |
|             i_gen_buffer[0].i_munoc_instance_0                      |                      ERVP_SMALL_FIFO__parameterized11_261 |         24 |         24 |       0 |    0 |    32 |      0 |      0 |          0 |
|               (i_gen_buffer[0].i_munoc_instance_0)                  |                      ERVP_SMALL_FIFO__parameterized11_261 |          8 |          8 |       0 |    0 |     8 |      0 |      0 |          0 |
|               i_rvx_instance_0                                      |                     ERVP_COUNTER_WITH_ONEHOT_ENCODING_262 |          4 |          4 |       0 |    0 |     8 |      0 |      0 |          0 |
|               i_rvx_instance_1                                      |                                   ERVP_SHIFT_REGISTER_263 |         12 |         12 |       0 |    0 |     8 |      0 |      0 |          0 |
|               i_rvx_instance_2                                      |                     ERVP_COUNTER_WITH_ONEHOT_ENCODING_264 |          0 |          0 |       0 |    0 |     8 |      0 |      0 |          0 |
|         i_munoc_instance_11                                         |                           MUNOC_MODULE_01__parameterized1 |         76 |         76 |       0 |    0 |   160 |      0 |      0 |          0 |
|           i_munoc_instance_0                                        |                          ERVP_SMALL_FIFO__parameterized10 |         76 |         76 |       0 |    0 |   160 |      0 |      0 |          0 |
|             (i_munoc_instance_0)                                    |                          ERVP_SMALL_FIFO__parameterized10 |          0 |          0 |       0 |    0 |   148 |      0 |      0 |          0 |
|             i_rvx_instance_0                                        |     ERVP_COUNTER_WITH_ONEHOT_ENCODING__parameterized4_255 |         73 |         73 |       0 |    0 |     4 |      0 |      0 |          0 |
|             i_rvx_instance_1                                        |                   ERVP_SHIFT_REGISTER__parameterized2_256 |          3 |          3 |       0 |    0 |     4 |      0 |      0 |          0 |
|             i_rvx_instance_2                                        |     ERVP_COUNTER_WITH_ONEHOT_ENCODING__parameterized4_257 |          0 |          0 |       0 |    0 |     4 |      0 |      0 |          0 |
|         i_munoc_instance_12                                         |                                       MUNOC_MODULE_43_254 |          2 |          2 |       0 |    0 |     3 |      0 |      0 |          0 |
|       i_mnim_i_main_core_inst                                       |                 MUNOC_AXI_MASTER_NETWORK_INTERFACE_MODULE |        220 |        220 |       0 |    0 |   369 |      0 |      0 |          0 |
|         i_munoc_instance_00                                         |                                           MUNOC_MODULE_33 |         21 |         21 |       0 |    0 |    39 |      0 |      0 |          0 |
|           (i_munoc_instance_00)                                     |                                           MUNOC_MODULE_33 |          0 |          0 |       0 |    0 |     3 |      0 |      0 |          0 |
|           i_munoc_instance_0                                        |                   ERVP_UPDOWN_COUNTER__parameterized4_246 |          5 |          5 |       0 |    0 |     4 |      0 |      0 |          0 |
|           i_munoc_instance_1                                        |                      ERVP_ASYNCH_FIFO__parameterized5_247 |         16 |         16 |       0 |    0 |    32 |      0 |      0 |          0 |
|             (i_munoc_instance_1)                                    |                      ERVP_ASYNCH_FIFO__parameterized5_247 |         12 |         12 |       0 |    0 |    16 |      0 |      0 |          0 |
|             i_rvx_instance_0                                        |                     ERVP_SYNCHRONIZER__parameterized3_248 |          2 |          2 |       0 |    0 |     8 |      0 |      0 |          0 |
|             i_rvx_instance_1                                        |                     ERVP_SYNCHRONIZER__parameterized3_249 |          2 |          2 |       0 |    0 |     8 |      0 |      0 |          0 |
|         i_munoc_instance_04                                         |                                           MUNOC_MODULE_01 |         85 |         85 |       0 |    0 |   144 |      0 |      0 |          0 |
|           i_munoc_instance_0                                        |                           ERVP_SMALL_FIFO__parameterized9 |         85 |         85 |       0 |    0 |   144 |      0 |      0 |          0 |
|             (i_munoc_instance_0)                                    |                           ERVP_SMALL_FIFO__parameterized9 |          0 |          0 |       0 |    0 |   132 |      0 |      0 |          0 |
|             i_rvx_instance_0                                        |     ERVP_COUNTER_WITH_ONEHOT_ENCODING__parameterized4_243 |         80 |         80 |       0 |    0 |     4 |      0 |      0 |          0 |
|             i_rvx_instance_1                                        |                   ERVP_SHIFT_REGISTER__parameterized2_244 |          3 |          3 |       0 |    0 |     4 |      0 |      0 |          0 |
|             i_rvx_instance_2                                        |     ERVP_COUNTER_WITH_ONEHOT_ENCODING__parameterized4_245 |          2 |          2 |       0 |    0 |     4 |      0 |      0 |          0 |
|         i_munoc_instance_09                                         |                                           MUNOC_MODULE_02 |         23 |         23 |       0 |    0 |     6 |      0 |      0 |          0 |
|         i_munoc_instance_10                                         |                                           MUNOC_MODULE_22 |         91 |         91 |       0 |    0 |   178 |      0 |      0 |          0 |
|           (i_munoc_instance_10)                                     |                                           MUNOC_MODULE_22 |          0 |          0 |       0 |    0 |     1 |      0 |      0 |          0 |
|           i_munoc_instance_0                                        |                       MUNOC_MODULE_31__parameterized0_234 |         77 |         77 |       0 |    0 |   144 |      0 |      0 |          0 |
|             i_gen_buffer[0].i_munoc_instance_0                      |                      ERVP_SMALL_FIFO__parameterized12_239 |         77 |         77 |       0 |    0 |   144 |      0 |      0 |          0 |
|               (i_gen_buffer[0].i_munoc_instance_0)                  |                      ERVP_SMALL_FIFO__parameterized12_239 |          0 |          0 |       0 |    0 |   132 |      0 |      0 |          0 |
|               i_rvx_instance_0                                      |     ERVP_COUNTER_WITH_ONEHOT_ENCODING__parameterized4_240 |         68 |         68 |       0 |    0 |     4 |      0 |      0 |          0 |
|               i_rvx_instance_1                                      |                   ERVP_SHIFT_REGISTER__parameterized2_241 |          9 |          9 |       0 |    0 |     4 |      0 |      0 |          0 |
|               i_rvx_instance_2                                      |     ERVP_COUNTER_WITH_ONEHOT_ENCODING__parameterized4_242 |          0 |          0 |       0 |    0 |     4 |      0 |      0 |          0 |
|           i_munoc_instance_1                                        |                                       MUNOC_MODULE_12_235 |          0 |          0 |       0 |    0 |     1 |      0 |      0 |          0 |
|           i_munoc_instance_2                                        |                                           MUNOC_MODULE_31 |         15 |         15 |       0 |    0 |    32 |      0 |      0 |          0 |
|             i_gen_buffer[0].i_munoc_instance_0                      |                          ERVP_SMALL_FIFO__parameterized11 |         15 |         15 |       0 |    0 |    32 |      0 |      0 |          0 |
|               (i_gen_buffer[0].i_munoc_instance_0)                  |                          ERVP_SMALL_FIFO__parameterized11 |          0 |          0 |       0 |    0 |     8 |      0 |      0 |          0 |
|               i_rvx_instance_0                                      |                     ERVP_COUNTER_WITH_ONEHOT_ENCODING_236 |          4 |          4 |       0 |    0 |     8 |      0 |      0 |          0 |
|               i_rvx_instance_1                                      |                                   ERVP_SHIFT_REGISTER_237 |         11 |         11 |       0 |    0 |     8 |      0 |      0 |          0 |
|               i_rvx_instance_2                                      |                     ERVP_COUNTER_WITH_ONEHOT_ENCODING_238 |          0 |          0 |       0 |    0 |     8 |      0 |      0 |          0 |
|         i_munoc_instance_12                                         |                                           MUNOC_MODULE_43 |          0 |          0 |       0 |    0 |     2 |      0 |      0 |          0 |
|       i_mnim_platform_controller_master                             |                 MUNOC_AHB_MASTER_NETWORK_INTERFACE_MODULE |        456 |        456 |       0 |    0 |   791 |      0 |      0 |          0 |
|         i_munoc_instance_02                                         |                           MUNOC_MODULE_02__parameterized1 |         32 |         32 |       0 |    0 |     6 |      0 |      0 |          0 |
|         i_munoc_instance_03                                         |                           MUNOC_MODULE_33__parameterized0 |         20 |         20 |       0 |    0 |    39 |      0 |      0 |          0 |
|           (i_munoc_instance_03)                                     |                           MUNOC_MODULE_33__parameterized0 |          0 |          0 |       0 |    0 |     3 |      0 |      0 |          0 |
|           i_munoc_instance_0                                        |                   ERVP_UPDOWN_COUNTER__parameterized4_230 |          6 |          6 |       0 |    0 |     4 |      0 |      0 |          0 |
|           i_munoc_instance_1                                        |                      ERVP_ASYNCH_FIFO__parameterized5_231 |         14 |         14 |       0 |    0 |    32 |      0 |      0 |          0 |
|             (i_munoc_instance_1)                                    |                      ERVP_ASYNCH_FIFO__parameterized5_231 |         10 |         10 |       0 |    0 |    16 |      0 |      0 |          0 |
|             i_rvx_instance_0                                        |                     ERVP_SYNCHRONIZER__parameterized3_232 |          2 |          2 |       0 |    0 |     8 |      0 |      0 |          0 |
|             i_rvx_instance_1                                        |                     ERVP_SYNCHRONIZER__parameterized3_233 |          2 |          2 |       0 |    0 |     8 |      0 |      0 |          0 |
|         i_munoc_instance_05                                         |                           MUNOC_MODULE_22__parameterized0 |         87 |         87 |       0 |    0 |   155 |      0 |      0 |          0 |
|           (i_munoc_instance_05)                                     |                           MUNOC_MODULE_22__parameterized0 |          1 |          1 |       0 |    0 |     2 |      0 |      0 |          0 |
|           i_munoc_instance_0                                        |                           MUNOC_MODULE_31__parameterized0 |         75 |         75 |       0 |    0 |   144 |      0 |      0 |          0 |
|             i_gen_buffer[0].i_munoc_instance_0                      |                          ERVP_SMALL_FIFO__parameterized12 |         75 |         75 |       0 |    0 |   144 |      0 |      0 |          0 |
|               (i_gen_buffer[0].i_munoc_instance_0)                  |                          ERVP_SMALL_FIFO__parameterized12 |          0 |          0 |       0 |    0 |   132 |      0 |      0 |          0 |
|               i_rvx_instance_0                                      |     ERVP_COUNTER_WITH_ONEHOT_ENCODING__parameterized4_227 |         68 |         68 |       0 |    0 |     4 |      0 |      0 |          0 |
|               i_rvx_instance_1                                      |                   ERVP_SHIFT_REGISTER__parameterized2_228 |          5 |          5 |       0 |    0 |     4 |      0 |      0 |          0 |
|               i_rvx_instance_2                                      |     ERVP_COUNTER_WITH_ONEHOT_ENCODING__parameterized4_229 |          2 |          2 |       0 |    0 |     4 |      0 |      0 |          0 |
|           i_munoc_instance_1                                        |                                           MUNOC_MODULE_12 |          1 |          1 |       0 |    0 |     1 |      0 |      0 |          0 |
|           i_munoc_instance_2                                        |                           MUNOC_MODULE_31__parameterized1 |         10 |         10 |       0 |    0 |     8 |      0 |      0 |          0 |
|             i_gen_buffer[0].i_munoc_instance_0                      |                          ERVP_SMALL_FIFO__parameterized17 |         10 |         10 |       0 |    0 |     8 |      0 |      0 |          0 |
|               (i_gen_buffer[0].i_munoc_instance_0)                  |                          ERVP_SMALL_FIFO__parameterized17 |          2 |          2 |       0 |    0 |     2 |      0 |      0 |          0 |
|               i_rvx_instance_0                                      |     ERVP_COUNTER_WITH_ONEHOT_ENCODING__parameterized0_224 |          3 |          3 |       0 |    0 |     2 |      0 |      0 |          0 |
|               i_rvx_instance_1                                      |                   ERVP_SHIFT_REGISTER__parameterized0_225 |          3 |          3 |       0 |    0 |     2 |      0 |      0 |          0 |
|               i_rvx_instance_2                                      |     ERVP_COUNTER_WITH_ONEHOT_ENCODING__parameterized0_226 |          2 |          2 |       0 |    0 |     2 |      0 |      0 |          0 |
|         i_munoc_instance_06                                         |                          ERVP_SMALL_FIFO__parameterized16 |        144 |        144 |       0 |    0 |   288 |      0 |      0 |          0 |
|           (i_munoc_instance_06)                                     |                          ERVP_SMALL_FIFO__parameterized16 |          0 |          0 |       0 |    0 |   270 |      0 |      0 |          0 |
|           i_rvx_instance_0                                          |         ERVP_COUNTER_WITH_ONEHOT_ENCODING__parameterized6 |        135 |        135 |       0 |    0 |     6 |      0 |      0 |          0 |
|           i_rvx_instance_1                                          |                       ERVP_SHIFT_REGISTER__parameterized3 |          6 |          6 |       0 |    0 |     6 |      0 |      0 |          0 |
|           i_rvx_instance_2                                          |     ERVP_COUNTER_WITH_ONEHOT_ENCODING__parameterized6_223 |          3 |          3 |       0 |    0 |     6 |      0 |      0 |          0 |
|         i_munoc_instance_07                                         |                                           MUNOC_MODULE_39 |        151 |        151 |       0 |    0 |   261 |      0 |      0 |          0 |
|           (i_munoc_instance_07)                                     |                                           MUNOC_MODULE_39 |          0 |          0 |       0 |    0 |     4 |      0 |      0 |          0 |
|           i_munoc_instance_0                                        |                           MUNOC_MODULE_01__parameterized2 |         57 |         57 |       0 |    0 |    74 |      0 |      0 |          0 |
|             i_munoc_instance_0                                      |                          ERVP_SMALL_FIFO__parameterized13 |         57 |         57 |       0 |    0 |    74 |      0 |      0 |          0 |
|               (i_munoc_instance_0)                                  |                          ERVP_SMALL_FIFO__parameterized13 |          0 |          0 |       0 |    0 |    68 |      0 |      0 |          0 |
|               i_rvx_instance_0                                      |     ERVP_COUNTER_WITH_ONEHOT_ENCODING__parameterized0_220 |         50 |         50 |       0 |    0 |     2 |      0 |      0 |          0 |
|               i_rvx_instance_1                                      |                   ERVP_SHIFT_REGISTER__parameterized0_221 |          5 |          5 |       0 |    0 |     2 |      0 |      0 |          0 |
|               i_rvx_instance_2                                      |     ERVP_COUNTER_WITH_ONEHOT_ENCODING__parameterized0_222 |          2 |          2 |       0 |    0 |     2 |      0 |      0 |          0 |
|           i_munoc_instance_1                                        |                           MUNOC_MODULE_01__parameterized4 |         38 |         38 |       0 |    0 |    70 |      0 |      0 |          0 |
|             i_munoc_instance_0                                      |                          ERVP_SMALL_FIFO__parameterized15 |         38 |         38 |       0 |    0 |    70 |      0 |      0 |          0 |
|               (i_munoc_instance_0)                                  |                          ERVP_SMALL_FIFO__parameterized15 |          0 |          0 |       0 |    0 |    64 |      0 |      0 |          0 |
|               i_rvx_instance_0                                      |     ERVP_COUNTER_WITH_ONEHOT_ENCODING__parameterized0_217 |         34 |         34 |       0 |    0 |     2 |      0 |      0 |          0 |
|               i_rvx_instance_1                                      |                   ERVP_SHIFT_REGISTER__parameterized0_218 |          2 |          2 |       0 |    0 |     2 |      0 |      0 |          0 |
|               i_rvx_instance_2                                      |     ERVP_COUNTER_WITH_ONEHOT_ENCODING__parameterized0_219 |          2 |          2 |       0 |    0 |     2 |      0 |      0 |          0 |
|           i_munoc_instance_2                                        |                              ERVP_COUNTER__parameterized7 |         14 |         14 |       0 |    0 |     8 |      0 |      0 |          0 |
|           i_munoc_instance_3                                        |                           MUNOC_MODULE_01__parameterized3 |         42 |         42 |       0 |    0 |   105 |      0 |      0 |          0 |
|             i_munoc_instance_0                                      |                          ERVP_SMALL_FIFO__parameterized14 |         42 |         42 |       0 |    0 |   105 |      0 |      0 |          0 |
|               (i_munoc_instance_0)                                  |                          ERVP_SMALL_FIFO__parameterized14 |          0 |          0 |       0 |    0 |    96 |      0 |      0 |          0 |
|               i_rvx_instance_0                                      |     ERVP_COUNTER_WITH_ONEHOT_ENCODING__parameterized3_214 |         35 |         35 |       0 |    0 |     3 |      0 |      0 |          0 |
|               i_rvx_instance_1                                      |                   ERVP_SHIFT_REGISTER__parameterized1_215 |          2 |          2 |       0 |    0 |     3 |      0 |      0 |          0 |
|               i_rvx_instance_2                                      |     ERVP_COUNTER_WITH_ONEHOT_ENCODING__parameterized3_216 |          5 |          5 |       0 |    0 |     3 |      0 |      0 |          0 |
|         i_munoc_instance_08                                         |                       MUNOC_MODULE_33__parameterized0_212 |         22 |         22 |       0 |    0 |    39 |      0 |      0 |          0 |
|           (i_munoc_instance_08)                                     |                       MUNOC_MODULE_33__parameterized0_212 |          1 |          1 |       0 |    0 |     3 |      0 |      0 |          0 |
|           i_munoc_instance_0                                        |                       ERVP_UPDOWN_COUNTER__parameterized4 |          7 |          7 |       0 |    0 |     4 |      0 |      0 |          0 |
|           i_munoc_instance_1                                        |                          ERVP_ASYNCH_FIFO__parameterized5 |         14 |         14 |       0 |    0 |    32 |      0 |      0 |          0 |
|             (i_munoc_instance_1)                                    |                          ERVP_ASYNCH_FIFO__parameterized5 |         10 |         10 |       0 |    0 |    16 |      0 |      0 |          0 |
|             i_rvx_instance_0                                        |                         ERVP_SYNCHRONIZER__parameterized3 |          2 |          2 |       0 |    0 |     8 |      0 |      0 |          0 |
|             i_rvx_instance_1                                        |                     ERVP_SYNCHRONIZER__parameterized3_213 |          2 |          2 |       0 |    0 |     8 |      0 |      0 |          0 |
|         i_munoc_instance_09                                         |                           MUNOC_MODULE_43__parameterized1 |          1 |          1 |       0 |    0 |     3 |      0 |      0 |          0 |
|       i_snim_common_peri_group_no_name                              |                  MUNOC_APB_SLAVE_NETWORK_INTERFACE_MODULE |        479 |        479 |       0 |    0 |   736 |      0 |      0 |          0 |
|         i_munoc_instance_0                                          |                       MUNOC_MODULE_36__parameterized0_152 |        275 |        275 |       0 |    0 |   423 |      0 |      0 |          0 |
|           i_munoc_instance_0                                        |                                       MUNOC_MODULE_35_177 |         46 |         46 |       0 |    0 |    49 |      0 |      0 |          0 |
|             (i_munoc_instance_0)                                    |                                       MUNOC_MODULE_35_177 |          0 |          0 |       0 |    0 |     3 |      0 |      0 |          0 |
|             i_munoc_instance_0                                      |                                       MUNOC_MODULE_29_210 |         12 |         12 |       0 |    0 |    10 |      0 |      0 |          0 |
|             i_munoc_instance_1                                      |                                       MUNOC_MODULE_40_211 |         34 |         34 |       0 |    0 |    36 |      0 |      0 |          0 |
|           i_munoc_instance_1                                        |                       MUNOC_MODULE_25__parameterized0_178 |         55 |         55 |       0 |    0 |    92 |      0 |      0 |          0 |
|             i_gen_rdata_buffer[0].i_munoc_instance_1                |                      ERVP_SMALL_FIFO__parameterized26_202 |         39 |         39 |       0 |    0 |    70 |      0 |      0 |          0 |
|               (i_gen_rdata_buffer[0].i_munoc_instance_1)            |                      ERVP_SMALL_FIFO__parameterized26_202 |          4 |          4 |       0 |    0 |    64 |      0 |      0 |          0 |
|               i_rvx_instance_0                                      |     ERVP_COUNTER_WITH_ONEHOT_ENCODING__parameterized0_207 |         27 |         27 |       0 |    0 |     2 |      0 |      0 |          0 |
|               i_rvx_instance_1                                      |                   ERVP_SHIFT_REGISTER__parameterized0_208 |          7 |          7 |       0 |    0 |     2 |      0 |      0 |          0 |
|               i_rvx_instance_2                                      |     ERVP_COUNTER_WITH_ONEHOT_ENCODING__parameterized0_209 |          1 |          1 |       0 |    0 |     2 |      0 |      0 |          0 |
|             i_munoc_instance_0                                      |                      ERVP_SMALL_FIFO__parameterized27_203 |         17 |         17 |       0 |    0 |    22 |      0 |      0 |          0 |
|               (i_munoc_instance_0)                                  |                      ERVP_SMALL_FIFO__parameterized27_203 |          0 |          0 |       0 |    0 |    16 |      0 |      0 |          0 |
|               i_rvx_instance_0                                      |     ERVP_COUNTER_WITH_ONEHOT_ENCODING__parameterized0_204 |         12 |         12 |       0 |    0 |     2 |      0 |      0 |          0 |
|               i_rvx_instance_1                                      |                   ERVP_SHIFT_REGISTER__parameterized0_205 |          4 |          4 |       0 |    0 |     2 |      0 |      0 |          0 |
|               i_rvx_instance_2                                      |     ERVP_COUNTER_WITH_ONEHOT_ENCODING__parameterized0_206 |          1 |          1 |       0 |    0 |     2 |      0 |      0 |          0 |
|           i_munoc_instance_2                                        |                       MUNOC_MODULE_47__parameterized0_179 |        140 |        140 |       0 |    0 |   245 |      0 |      0 |          0 |
|             i_munoc_instance_0                                      |                       MUNOC_MODULE_31__parameterized2_190 |        123 |        123 |       0 |    0 |   216 |      0 |      0 |          0 |
|               i_gen_buffer[0].i_munoc_instance_0                    |                      ERVP_SMALL_FIFO__parameterized18_198 |        123 |        123 |       0 |    0 |   216 |      0 |      0 |          0 |
|                 (i_gen_buffer[0].i_munoc_instance_0)                |                      ERVP_SMALL_FIFO__parameterized18_198 |          0 |          0 |       0 |    0 |   192 |      0 |      0 |          0 |
|                 i_rvx_instance_0                                    |                     ERVP_COUNTER_WITH_ONEHOT_ENCODING_199 |         76 |         76 |       0 |    0 |     8 |      0 |      0 |          0 |
|                 i_rvx_instance_1                                    |                                   ERVP_SHIFT_REGISTER_200 |         43 |         43 |       0 |    0 |     8 |      0 |      0 |          0 |
|                 i_rvx_instance_2                                    |                     ERVP_COUNTER_WITH_ONEHOT_ENCODING_201 |          4 |          4 |       0 |    0 |     8 |      0 |      0 |          0 |
|             i_munoc_instance_1                                      |                                       MUNOC_MODULE_34_191 |          1 |          1 |       0 |    0 |     1 |      0 |      0 |          0 |
|             i_munoc_instance_2                                      |                       MUNOC_MODULE_31__parameterized4_192 |         17 |         17 |       0 |    0 |    28 |      0 |      0 |          0 |
|               i_gen_buffer[0].i_munoc_instance_0                    |                      ERVP_SMALL_FIFO__parameterized25_193 |         17 |         17 |       0 |    0 |    28 |      0 |      0 |          0 |
|                 (i_gen_buffer[0].i_munoc_instance_0)                |                      ERVP_SMALL_FIFO__parameterized25_193 |          0 |          0 |       0 |    0 |    22 |      0 |      0 |          0 |
|                 i_rvx_instance_0                                    |     ERVP_COUNTER_WITH_ONEHOT_ENCODING__parameterized0_194 |          2 |          2 |       0 |    0 |     2 |      0 |      0 |          0 |
|                 i_rvx_instance_1                                    |                   ERVP_SHIFT_REGISTER__parameterized0_195 |          2 |          2 |       0 |    0 |     2 |      0 |      0 |          0 |
|                 i_rvx_instance_2                                    |     ERVP_COUNTER_WITH_ONEHOT_ENCODING__parameterized0_196 |          2 |          2 |       0 |    0 |     2 |      0 |      0 |          0 |
|                 i_rvx_instance_3                                    |  ERVP_MUX_WITH_ONEHOT_ENCODED_SELECT__parameterized34_197 |         11 |         11 |       0 |    0 |     0 |      0 |      0 |          0 |
|           i_munoc_instance_3                                        |                                       MUNOC_MODULE_16_180 |         15 |         15 |       0 |    0 |    13 |      0 |      0 |          0 |
|             (i_munoc_instance_3)                                    |                                       MUNOC_MODULE_16_180 |          9 |          9 |       0 |    0 |    11 |      0 |      0 |          0 |
|             i_munoc_instance_0                                      |                       ERVP_SMALL_FIFO__parameterized2_188 |          6 |          6 |       0 |    0 |     2 |      0 |      0 |          0 |
|               i_rvx_instance_1                                      |                   ERVP_SHIFT_REGISTER__parameterized0_189 |          6 |          6 |       0 |    0 |     2 |      0 |      0 |          0 |
|           i_munoc_instance_4                                        |                      ERVP_SMALL_FIFO__parameterized28_181 |          1 |          1 |       0 |    0 |     2 |      0 |      0 |          0 |
|             i_rvx_instance_1                                        |                   ERVP_SHIFT_REGISTER__parameterized0_187 |          1 |          1 |       0 |    0 |     2 |      0 |      0 |          0 |
|           i_munoc_instance_5                                        |                                       MUNOC_MODULE_00_182 |          6 |          6 |       0 |    0 |     2 |      0 |      0 |          0 |
|           i_munoc_instance_6                                        |                      ERVP_SMALL_FIFO__parameterized20_183 |         12 |         12 |       0 |    0 |    20 |      0 |      0 |          0 |
|             (i_munoc_instance_6)                                    |                      ERVP_SMALL_FIFO__parameterized20_183 |          0 |          0 |       0 |    0 |    14 |      0 |      0 |          0 |
|             i_rvx_instance_0                                        |     ERVP_COUNTER_WITH_ONEHOT_ENCODING__parameterized0_184 |          8 |          8 |       0 |    0 |     2 |      0 |      0 |          0 |
|             i_rvx_instance_1                                        |                   ERVP_SHIFT_REGISTER__parameterized0_185 |          2 |          2 |       0 |    0 |     2 |      0 |      0 |          0 |
|             i_rvx_instance_2                                        |     ERVP_COUNTER_WITH_ONEHOT_ENCODING__parameterized0_186 |          2 |          2 |       0 |    0 |     2 |      0 |      0 |          0 |
|         i_munoc_instance_1                                          |                                       MUNOC_MODULE_08_153 |        205 |        205 |       0 |    0 |   313 |      0 |      0 |          0 |
|           (i_munoc_instance_1)                                      |                                       MUNOC_MODULE_08_153 |          1 |          1 |       0 |    0 |     0 |      0 |      0 |          0 |
|           i_munoc_instance_3                                        |                              MUNOC_AXI2APB_CONVERTER__154 |        204 |        204 |       0 |    0 |   313 |      0 |      0 |          0 |
|             i_munoc_instance_0                                      |                                        RVX_MODULE_007_155 |         60 |         60 |       0 |    0 |   148 |      0 |      0 |          0 |
|               i_rvx_instance_0                                      |                                        RVX_MODULE_017_166 |          3 |          3 |       0 |    0 |     3 |      0 |      0 |          0 |
|               i_rvx_instance_1                                      |                                        RVX_MODULE_022_167 |         57 |         57 |       0 |    0 |   145 |      0 |      0 |          0 |
|                 i_rvx_instance_0                                    |                             ERVP_FIFO__parameterized0_168 |         15 |         15 |       0 |    0 |    31 |      0 |      0 |          0 |
|                   (i_rvx_instance_0)                                |                             ERVP_FIFO__parameterized0_168 |          0 |          0 |       0 |    0 |    24 |      0 |      0 |          0 |
|                   i_rvx_instance_0                                  |                          ERVP_COUNTER__parameterized6_173 |          1 |          1 |       0 |    0 |     2 |      0 |      0 |          0 |
|                   i_rvx_instance_2                                  |                   ERVP_UPDOWN_COUNTER__parameterized2_174 |          5 |          5 |       0 |    0 |     3 |      0 |      0 |          0 |
|                   i_rvx_instance_3                                  |                          ERVP_COUNTER__parameterized6_175 |          3 |          3 |       0 |    0 |     2 |      0 |      0 |          0 |
|                   i_rvx_instance_4                                  |                              ERVP_MUX__parameterized5_176 |          6 |          6 |       0 |    0 |     0 |      0 |      0 |          0 |
|                 i_rvx_instance_1                                    |                       ERVP_SMALL_FIFO__parameterized4_169 |         42 |         42 |       0 |    0 |   114 |      0 |      0 |          0 |
|                   (i_rvx_instance_1)                                |                       ERVP_SMALL_FIFO__parameterized4_169 |          0 |          0 |       0 |    0 |   105 |      0 |      0 |          0 |
|                   i_rvx_instance_0                                  |     ERVP_COUNTER_WITH_ONEHOT_ENCODING__parameterized3_170 |         37 |         37 |       0 |    0 |     3 |      0 |      0 |          0 |
|                   i_rvx_instance_1                                  |                   ERVP_SHIFT_REGISTER__parameterized1_171 |          2 |          2 |       0 |    0 |     3 |      0 |      0 |          0 |
|                   i_rvx_instance_2                                  |     ERVP_COUNTER_WITH_ONEHOT_ENCODING__parameterized3_172 |          3 |          3 |       0 |    0 |     3 |      0 |      0 |          0 |
|             i_munoc_instance_1                                      |                                       MUNOC_AXI2LPIXS_156 |        144 |        144 |       0 |    0 |   165 |      0 |      0 |          0 |
|               i_rvx_instance_0                                      |                                        RVX_MODULE_095_157 |         50 |         50 |       0 |    0 |   131 |      0 |      0 |          0 |
|                 i_rvx_instance_0                                    |                       ERVP_SMALL_FIFO__parameterized3_161 |         46 |         46 |       0 |    0 |   129 |      0 |      0 |          0 |
|                   (i_rvx_instance_0)                                |                       ERVP_SMALL_FIFO__parameterized3_161 |          0 |          0 |       0 |    0 |   120 |      0 |      0 |          0 |
|                   i_rvx_instance_0                                  |     ERVP_COUNTER_WITH_ONEHOT_ENCODING__parameterized3_163 |         42 |         42 |       0 |    0 |     3 |      0 |      0 |          0 |
|                   i_rvx_instance_1                                  |                   ERVP_SHIFT_REGISTER__parameterized1_164 |          4 |          4 |       0 |    0 |     3 |      0 |      0 |          0 |
|                   i_rvx_instance_2                                  |     ERVP_COUNTER_WITH_ONEHOT_ENCODING__parameterized3_165 |          0 |          0 |       0 |    0 |     3 |      0 |      0 |          0 |
|                 i_rvx_instance_1                                    |                                          ERVP_GRANTER_162 |          4 |          4 |       0 |    0 |     2 |      0 |      0 |          0 |
|               i_rvx_instance_1                                      |                                        RVX_MODULE_092_158 |         94 |         94 |       0 |    0 |    34 |      0 |      0 |          0 |
|                 i_rvx_instance_0                                    |                                        RVX_MODULE_036_159 |         94 |         94 |       0 |    0 |    34 |      0 |      0 |          0 |
|                   (i_rvx_instance_0)                                |                                        RVX_MODULE_036_159 |          0 |          0 |       0 |    0 |     7 |      0 |      0 |          0 |
|                   i_rvx_instance_0                                  |                                        RVX_MODULE_111_160 |         94 |         94 |       0 |    0 |    27 |      0 |      0 |          0 |
|       i_snim_external_peri_group_no_name                            |                MUNOC_APB_SLAVE_NETWORK_INTERFACE_MODULE_5 |        587 |        587 |       0 |    0 |   748 |      0 |      0 |          0 |
|         i_munoc_instance_0                                          |                        MUNOC_MODULE_36__parameterized0_92 |        300 |        300 |       0 |    0 |   438 |      0 |      0 |          0 |
|           i_munoc_instance_0                                        |                                       MUNOC_MODULE_35_117 |         44 |         44 |       0 |    0 |    46 |      0 |      0 |          0 |
|             (i_munoc_instance_0)                                    |                                       MUNOC_MODULE_35_117 |          0 |          0 |       0 |    0 |     3 |      0 |      0 |          0 |
|             i_munoc_instance_0                                      |                                       MUNOC_MODULE_29_150 |         11 |         11 |       0 |    0 |    10 |      0 |      0 |          0 |
|             i_munoc_instance_1                                      |                                       MUNOC_MODULE_40_151 |         33 |         33 |       0 |    0 |    33 |      0 |      0 |          0 |
|           i_munoc_instance_1                                        |                       MUNOC_MODULE_25__parameterized0_118 |         55 |         55 |       0 |    0 |    92 |      0 |      0 |          0 |
|             i_gen_rdata_buffer[0].i_munoc_instance_1                |                      ERVP_SMALL_FIFO__parameterized26_142 |         39 |         39 |       0 |    0 |    70 |      0 |      0 |          0 |
|               (i_gen_rdata_buffer[0].i_munoc_instance_1)            |                      ERVP_SMALL_FIFO__parameterized26_142 |          4 |          4 |       0 |    0 |    64 |      0 |      0 |          0 |
|               i_rvx_instance_0                                      |     ERVP_COUNTER_WITH_ONEHOT_ENCODING__parameterized0_147 |         27 |         27 |       0 |    0 |     2 |      0 |      0 |          0 |
|               i_rvx_instance_1                                      |                   ERVP_SHIFT_REGISTER__parameterized0_148 |          7 |          7 |       0 |    0 |     2 |      0 |      0 |          0 |
|               i_rvx_instance_2                                      |     ERVP_COUNTER_WITH_ONEHOT_ENCODING__parameterized0_149 |          1 |          1 |       0 |    0 |     2 |      0 |      0 |          0 |
|             i_munoc_instance_0                                      |                      ERVP_SMALL_FIFO__parameterized27_143 |         17 |         17 |       0 |    0 |    22 |      0 |      0 |          0 |
|               (i_munoc_instance_0)                                  |                      ERVP_SMALL_FIFO__parameterized27_143 |          0 |          0 |       0 |    0 |    16 |      0 |      0 |          0 |
|               i_rvx_instance_0                                      |     ERVP_COUNTER_WITH_ONEHOT_ENCODING__parameterized0_144 |         12 |         12 |       0 |    0 |     2 |      0 |      0 |          0 |
|               i_rvx_instance_1                                      |                   ERVP_SHIFT_REGISTER__parameterized0_145 |          4 |          4 |       0 |    0 |     2 |      0 |      0 |          0 |
|               i_rvx_instance_2                                      |     ERVP_COUNTER_WITH_ONEHOT_ENCODING__parameterized0_146 |          1 |          1 |       0 |    0 |     2 |      0 |      0 |          0 |
|           i_munoc_instance_2                                        |                       MUNOC_MODULE_47__parameterized0_119 |        168 |        168 |       0 |    0 |   263 |      0 |      0 |          0 |
|             i_munoc_instance_0                                      |                       MUNOC_MODULE_31__parameterized2_130 |        111 |        111 |       0 |    0 |   192 |      0 |      0 |          0 |
|               i_gen_buffer[0].i_munoc_instance_0                    |                      ERVP_SMALL_FIFO__parameterized18_138 |        111 |        111 |       0 |    0 |   192 |      0 |      0 |          0 |
|                 (i_gen_buffer[0].i_munoc_instance_0)                |                      ERVP_SMALL_FIFO__parameterized18_138 |          0 |          0 |       0 |    0 |   168 |      0 |      0 |          0 |
|                 i_rvx_instance_0                                    |                     ERVP_COUNTER_WITH_ONEHOT_ENCODING_139 |         70 |         70 |       0 |    0 |     8 |      0 |      0 |          0 |
|                 i_rvx_instance_1                                    |                                   ERVP_SHIFT_REGISTER_140 |         37 |         37 |       0 |    0 |     8 |      0 |      0 |          0 |
|                 i_rvx_instance_2                                    |                     ERVP_COUNTER_WITH_ONEHOT_ENCODING_141 |          4 |          4 |       0 |    0 |     8 |      0 |      0 |          0 |
|             i_munoc_instance_1                                      |                                       MUNOC_MODULE_34_131 |          1 |          1 |       0 |    0 |     1 |      0 |      0 |          0 |
|             i_munoc_instance_2                                      |                       MUNOC_MODULE_31__parameterized4_132 |         56 |         56 |       0 |    0 |    70 |      0 |      0 |          0 |
|               i_gen_buffer[0].i_munoc_instance_0                    |                      ERVP_SMALL_FIFO__parameterized25_133 |         56 |         56 |       0 |    0 |    70 |      0 |      0 |          0 |
|                 (i_gen_buffer[0].i_munoc_instance_0)                |                      ERVP_SMALL_FIFO__parameterized25_133 |          0 |          0 |       0 |    0 |    64 |      0 |      0 |          0 |
|                 i_rvx_instance_0                                    |     ERVP_COUNTER_WITH_ONEHOT_ENCODING__parameterized0_134 |         19 |         19 |       0 |    0 |     2 |      0 |      0 |          0 |
|                 i_rvx_instance_1                                    |                   ERVP_SHIFT_REGISTER__parameterized0_135 |          4 |          4 |       0 |    0 |     2 |      0 |      0 |          0 |
|                 i_rvx_instance_2                                    |     ERVP_COUNTER_WITH_ONEHOT_ENCODING__parameterized0_136 |          3 |          3 |       0 |    0 |     2 |      0 |      0 |          0 |
|                 i_rvx_instance_3                                    |  ERVP_MUX_WITH_ONEHOT_ENCODED_SELECT__parameterized34_137 |         33 |         33 |       0 |    0 |     0 |      0 |      0 |          0 |
|           i_munoc_instance_3                                        |                                       MUNOC_MODULE_16_120 |         15 |         15 |       0 |    0 |    13 |      0 |      0 |          0 |
|             (i_munoc_instance_3)                                    |                                       MUNOC_MODULE_16_120 |          9 |          9 |       0 |    0 |    11 |      0 |      0 |          0 |
|             i_munoc_instance_0                                      |                       ERVP_SMALL_FIFO__parameterized2_128 |          6 |          6 |       0 |    0 |     2 |      0 |      0 |          0 |
|               i_rvx_instance_1                                      |                   ERVP_SHIFT_REGISTER__parameterized0_129 |          6 |          6 |       0 |    0 |     2 |      0 |      0 |          0 |
|           i_munoc_instance_4                                        |                      ERVP_SMALL_FIFO__parameterized28_121 |          1 |          1 |       0 |    0 |     2 |      0 |      0 |          0 |
|             i_rvx_instance_1                                        |                   ERVP_SHIFT_REGISTER__parameterized0_127 |          1 |          1 |       0 |    0 |     2 |      0 |      0 |          0 |
|           i_munoc_instance_5                                        |                                       MUNOC_MODULE_00_122 |          6 |          6 |       0 |    0 |     2 |      0 |      0 |          0 |
|           i_munoc_instance_6                                        |                      ERVP_SMALL_FIFO__parameterized20_123 |         12 |         12 |       0 |    0 |    20 |      0 |      0 |          0 |
|             (i_munoc_instance_6)                                    |                      ERVP_SMALL_FIFO__parameterized20_123 |          0 |          0 |       0 |    0 |    14 |      0 |      0 |          0 |
|             i_rvx_instance_0                                        |     ERVP_COUNTER_WITH_ONEHOT_ENCODING__parameterized0_124 |          8 |          8 |       0 |    0 |     2 |      0 |      0 |          0 |
|             i_rvx_instance_1                                        |                   ERVP_SHIFT_REGISTER__parameterized0_125 |          2 |          2 |       0 |    0 |     2 |      0 |      0 |          0 |
|             i_rvx_instance_2                                        |     ERVP_COUNTER_WITH_ONEHOT_ENCODING__parameterized0_126 |          2 |          2 |       0 |    0 |     2 |      0 |      0 |          0 |
|         i_munoc_instance_1                                          |                                        MUNOC_MODULE_08_93 |        287 |        287 |       0 |    0 |   310 |      0 |      0 |          0 |
|           (i_munoc_instance_1)                                      |                                        MUNOC_MODULE_08_93 |          1 |          1 |       0 |    0 |     0 |      0 |      0 |          0 |
|           i_munoc_instance_3                                        |                               MUNOC_AXI2APB_CONVERTER__94 |        286 |        286 |       0 |    0 |   310 |      0 |      0 |          0 |
|             i_munoc_instance_0                                      |                                         RVX_MODULE_007_95 |         60 |         60 |       0 |    0 |   148 |      0 |      0 |          0 |
|               i_rvx_instance_0                                      |                                        RVX_MODULE_017_106 |          3 |          3 |       0 |    0 |     3 |      0 |      0 |          0 |
|               i_rvx_instance_1                                      |                                        RVX_MODULE_022_107 |         57 |         57 |       0 |    0 |   145 |      0 |      0 |          0 |
|                 i_rvx_instance_0                                    |                             ERVP_FIFO__parameterized0_108 |         15 |         15 |       0 |    0 |    31 |      0 |      0 |          0 |
|                   (i_rvx_instance_0)                                |                             ERVP_FIFO__parameterized0_108 |          0 |          0 |       0 |    0 |    24 |      0 |      0 |          0 |
|                   i_rvx_instance_0                                  |                          ERVP_COUNTER__parameterized6_113 |          1 |          1 |       0 |    0 |     2 |      0 |      0 |          0 |
|                   i_rvx_instance_2                                  |                   ERVP_UPDOWN_COUNTER__parameterized2_114 |          5 |          5 |       0 |    0 |     3 |      0 |      0 |          0 |
|                   i_rvx_instance_3                                  |                          ERVP_COUNTER__parameterized6_115 |          3 |          3 |       0 |    0 |     2 |      0 |      0 |          0 |
|                   i_rvx_instance_4                                  |                              ERVP_MUX__parameterized5_116 |          6 |          6 |       0 |    0 |     0 |      0 |      0 |          0 |
|                 i_rvx_instance_1                                    |                       ERVP_SMALL_FIFO__parameterized4_109 |         42 |         42 |       0 |    0 |   114 |      0 |      0 |          0 |
|                   (i_rvx_instance_1)                                |                       ERVP_SMALL_FIFO__parameterized4_109 |          0 |          0 |       0 |    0 |   105 |      0 |      0 |          0 |
|                   i_rvx_instance_0                                  |     ERVP_COUNTER_WITH_ONEHOT_ENCODING__parameterized3_110 |         37 |         37 |       0 |    0 |     3 |      0 |      0 |          0 |
|                   i_rvx_instance_1                                  |                   ERVP_SHIFT_REGISTER__parameterized1_111 |          2 |          2 |       0 |    0 |     3 |      0 |      0 |          0 |
|                   i_rvx_instance_2                                  |     ERVP_COUNTER_WITH_ONEHOT_ENCODING__parameterized3_112 |          3 |          3 |       0 |    0 |     3 |      0 |      0 |          0 |
|             i_munoc_instance_1                                      |                                        MUNOC_AXI2LPIXS_96 |        226 |        226 |       0 |    0 |   162 |      0 |      0 |          0 |
|               i_rvx_instance_0                                      |                                         RVX_MODULE_095_97 |         50 |         50 |       0 |    0 |   131 |      0 |      0 |          0 |
|                 i_rvx_instance_0                                    |                       ERVP_SMALL_FIFO__parameterized3_101 |         46 |         46 |       0 |    0 |   129 |      0 |      0 |          0 |
|                   (i_rvx_instance_0)                                |                       ERVP_SMALL_FIFO__parameterized3_101 |          0 |          0 |       0 |    0 |   120 |      0 |      0 |          0 |
|                   i_rvx_instance_0                                  |     ERVP_COUNTER_WITH_ONEHOT_ENCODING__parameterized3_103 |         42 |         42 |       0 |    0 |     3 |      0 |      0 |          0 |
|                   i_rvx_instance_1                                  |                   ERVP_SHIFT_REGISTER__parameterized1_104 |          4 |          4 |       0 |    0 |     3 |      0 |      0 |          0 |
|                   i_rvx_instance_2                                  |     ERVP_COUNTER_WITH_ONEHOT_ENCODING__parameterized3_105 |          0 |          0 |       0 |    0 |     3 |      0 |      0 |          0 |
|                 i_rvx_instance_1                                    |                                          ERVP_GRANTER_102 |          4 |          4 |       0 |    0 |     2 |      0 |      0 |          0 |
|               i_rvx_instance_1                                      |                                         RVX_MODULE_092_98 |        176 |        176 |       0 |    0 |    31 |      0 |      0 |          0 |
|                 i_rvx_instance_0                                    |                                         RVX_MODULE_036_99 |        176 |        176 |       0 |    0 |    31 |      0 |      0 |          0 |
|                   (i_rvx_instance_0)                                |                                         RVX_MODULE_036_99 |          0 |          0 |       0 |    0 |     7 |      0 |      0 |          0 |
|                   i_rvx_instance_0                                  |                                        RVX_MODULE_111_100 |        176 |        176 |       0 |    0 |    24 |      0 |      0 |          0 |
|       i_snim_i_system_sram_no_name                                  |                  MUNOC_AXI_SLAVE_NETWORK_INTERFACE_MODULE |        403 |        403 |       0 |    0 |   664 |      0 |      0 |          0 |
|         (i_snim_i_system_sram_no_name)                              |                  MUNOC_AXI_SLAVE_NETWORK_INTERFACE_MODULE |          3 |          3 |       0 |    0 |     0 |      0 |      0 |          0 |
|         i_munoc_instance_0                                          |                                           MUNOC_MODULE_36 |        400 |        400 |       0 |    0 |   664 |      0 |      0 |          0 |
|           i_munoc_instance_0                                        |                                        MUNOC_MODULE_35_69 |         42 |         42 |       0 |    0 |    56 |      0 |      0 |          0 |
|             (i_munoc_instance_0)                                    |                                        MUNOC_MODULE_35_69 |          1 |          1 |       0 |    0 |     3 |      0 |      0 |          0 |
|             i_munoc_instance_0                                      |                                        MUNOC_MODULE_29_90 |         16 |         16 |       0 |    0 |    15 |      0 |      0 |          0 |
|             i_munoc_instance_1                                      |                                        MUNOC_MODULE_40_91 |         26 |         26 |       0 |    0 |    38 |      0 |      0 |          0 |
|           i_munoc_instance_1                                        |                                           MUNOC_MODULE_25 |         97 |         97 |       0 |    0 |   180 |      0 |      0 |          0 |
|             i_gen_rdata_buffer[0].i_munoc_instance_1                |                          ERVP_SMALL_FIFO__parameterized22 |         76 |         76 |       0 |    0 |   140 |      0 |      0 |          0 |
|               (i_gen_rdata_buffer[0].i_munoc_instance_1)            |                          ERVP_SMALL_FIFO__parameterized22 |          0 |          0 |       0 |    0 |   128 |      0 |      0 |          0 |
|               i_rvx_instance_0                                      |      ERVP_COUNTER_WITH_ONEHOT_ENCODING__parameterized4_87 |         68 |         68 |       0 |    0 |     4 |      0 |      0 |          0 |
|               i_rvx_instance_1                                      |                    ERVP_SHIFT_REGISTER__parameterized2_88 |          6 |          6 |       0 |    0 |     4 |      0 |      0 |          0 |
|               i_rvx_instance_2                                      |      ERVP_COUNTER_WITH_ONEHOT_ENCODING__parameterized4_89 |          2 |          2 |       0 |    0 |     4 |      0 |      0 |          0 |
|             i_munoc_instance_0                                      |                          ERVP_SMALL_FIFO__parameterized23 |         21 |         21 |       0 |    0 |    40 |      0 |      0 |          0 |
|               (i_munoc_instance_0)                                  |                          ERVP_SMALL_FIFO__parameterized23 |          2 |          2 |       0 |    0 |    28 |      0 |      0 |          0 |
|               i_rvx_instance_0                                      |      ERVP_COUNTER_WITH_ONEHOT_ENCODING__parameterized4_84 |         14 |         14 |       0 |    0 |     4 |      0 |      0 |          0 |
|               i_rvx_instance_1                                      |                    ERVP_SHIFT_REGISTER__parameterized2_85 |          3 |          3 |       0 |    0 |     4 |      0 |      0 |          0 |
|               i_rvx_instance_2                                      |      ERVP_COUNTER_WITH_ONEHOT_ENCODING__parameterized4_86 |          2 |          2 |       0 |    0 |     4 |      0 |      0 |          0 |
|           i_munoc_instance_2                                        |                                           MUNOC_MODULE_47 |        221 |        221 |       0 |    0 |   389 |      0 |      0 |          0 |
|             i_munoc_instance_0                                      |                        MUNOC_MODULE_31__parameterized2_76 |        140 |        140 |       0 |    0 |   232 |      0 |      0 |          0 |
|               i_gen_buffer[0].i_munoc_instance_0                    |                       ERVP_SMALL_FIFO__parameterized18_80 |        140 |        140 |       0 |    0 |   232 |      0 |      0 |          0 |
|                 (i_gen_buffer[0].i_munoc_instance_0)                |                       ERVP_SMALL_FIFO__parameterized18_80 |          0 |          0 |       0 |    0 |   208 |      0 |      0 |          0 |
|                 i_rvx_instance_0                                    |                      ERVP_COUNTER_WITH_ONEHOT_ENCODING_81 |        126 |        126 |       0 |    0 |     8 |      0 |      0 |          0 |
|                 i_rvx_instance_1                                    |                                    ERVP_SHIFT_REGISTER_82 |         10 |         10 |       0 |    0 |     8 |      0 |      0 |          0 |
|                 i_rvx_instance_2                                    |                      ERVP_COUNTER_WITH_ONEHOT_ENCODING_83 |          4 |          4 |       0 |    0 |     8 |      0 |      0 |          0 |
|             i_munoc_instance_1                                      |                                        MUNOC_MODULE_34_77 |          0 |          0 |       0 |    0 |     1 |      0 |      0 |          0 |
|             i_munoc_instance_2                                      |                           MUNOC_MODULE_31__parameterized3 |         82 |         82 |       0 |    0 |   156 |      0 |      0 |          0 |
|               i_gen_buffer[0].i_munoc_instance_0                    |                          ERVP_SMALL_FIFO__parameterized19 |         82 |         82 |       0 |    0 |   156 |      0 |      0 |          0 |
|                 (i_gen_buffer[0].i_munoc_instance_0)                |                          ERVP_SMALL_FIFO__parameterized19 |          0 |          0 |       0 |    0 |   144 |      0 |      0 |          0 |
|                 i_rvx_instance_0                                    |         ERVP_COUNTER_WITH_ONEHOT_ENCODING__parameterized4 |         72 |         72 |       0 |    0 |     4 |      0 |      0 |          0 |
|                 i_rvx_instance_1                                    |                    ERVP_SHIFT_REGISTER__parameterized2_78 |         10 |         10 |       0 |    0 |     4 |      0 |      0 |          0 |
|                 i_rvx_instance_2                                    |      ERVP_COUNTER_WITH_ONEHOT_ENCODING__parameterized4_79 |          0 |          0 |       0 |    0 |     4 |      0 |      0 |          0 |
|           i_munoc_instance_3                                        |                           MUNOC_MODULE_16__parameterized0 |         17 |         17 |       0 |    0 |    15 |      0 |      0 |          0 |
|             (i_munoc_instance_3)                                    |                           MUNOC_MODULE_16__parameterized0 |          9 |          9 |       0 |    0 |    11 |      0 |      0 |          0 |
|             i_munoc_instance_0                                      |                          ERVP_SMALL_FIFO__parameterized21 |          8 |          8 |       0 |    0 |     4 |      0 |      0 |          0 |
|               i_rvx_instance_1                                      |                    ERVP_SHIFT_REGISTER__parameterized2_75 |          8 |          8 |       0 |    0 |     4 |      0 |      0 |          0 |
|           i_munoc_instance_4                                        |                          ERVP_SMALL_FIFO__parameterized24 |          5 |          5 |       0 |    0 |     4 |      0 |      0 |          0 |
|             i_rvx_instance_1                                        |                       ERVP_SHIFT_REGISTER__parameterized2 |          5 |          5 |       0 |    0 |     4 |      0 |      0 |          0 |
|           i_munoc_instance_5                                        |                                        MUNOC_MODULE_00_70 |          8 |          8 |       0 |    0 |     2 |      0 |      0 |          0 |
|           i_munoc_instance_6                                        |                       ERVP_SMALL_FIFO__parameterized20_71 |         11 |         11 |       0 |    0 |    18 |      0 |      0 |          0 |
|             (i_munoc_instance_6)                                    |                       ERVP_SMALL_FIFO__parameterized20_71 |          0 |          0 |       0 |    0 |    12 |      0 |      0 |          0 |
|             i_rvx_instance_0                                        |      ERVP_COUNTER_WITH_ONEHOT_ENCODING__parameterized0_72 |          8 |          8 |       0 |    0 |     2 |      0 |      0 |          0 |
|             i_rvx_instance_1                                        |                    ERVP_SHIFT_REGISTER__parameterized0_73 |          1 |          1 |       0 |    0 |     2 |      0 |      0 |          0 |
|             i_rvx_instance_2                                        |      ERVP_COUNTER_WITH_ONEHOT_ENCODING__parameterized0_74 |          2 |          2 |       0 |    0 |     2 |      0 |      0 |          0 |
|       i_snim_platform_controller_no_name                            |                MUNOC_APB_SLAVE_NETWORK_INTERFACE_MODULE_6 |        461 |        461 |       0 |    0 |   808 |      0 |      0 |          0 |
|         (i_snim_platform_controller_no_name)                        |                MUNOC_APB_SLAVE_NETWORK_INTERFACE_MODULE_6 |          2 |          2 |       0 |    0 |     0 |      0 |      0 |          0 |
|         i_munoc_instance_0                                          |                           MUNOC_MODULE_36__parameterized0 |        309 |        309 |       0 |    0 |   492 |      0 |      0 |          0 |
|           i_munoc_instance_0                                        |                                           MUNOC_MODULE_35 |         42 |         42 |       0 |    0 |    52 |      0 |      0 |          0 |
|             (i_munoc_instance_0)                                    |                                           MUNOC_MODULE_35 |          0 |          0 |       0 |    0 |     3 |      0 |      0 |          0 |
|             i_munoc_instance_0                                      |                                           MUNOC_MODULE_29 |         17 |         17 |       0 |    0 |    10 |      0 |      0 |          0 |
|             i_munoc_instance_1                                      |                                           MUNOC_MODULE_40 |         27 |         27 |       0 |    0 |    39 |      0 |      0 |          0 |
|           i_munoc_instance_1                                        |                           MUNOC_MODULE_25__parameterized0 |         55 |         55 |       0 |    0 |    92 |      0 |      0 |          0 |
|             i_gen_rdata_buffer[0].i_munoc_instance_1                |                          ERVP_SMALL_FIFO__parameterized26 |         40 |         40 |       0 |    0 |    70 |      0 |      0 |          0 |
|               (i_gen_rdata_buffer[0].i_munoc_instance_1)            |                          ERVP_SMALL_FIFO__parameterized26 |          0 |          0 |       0 |    0 |    64 |      0 |      0 |          0 |
|               i_rvx_instance_0                                      |      ERVP_COUNTER_WITH_ONEHOT_ENCODING__parameterized0_66 |         32 |         32 |       0 |    0 |     2 |      0 |      0 |          0 |
|               i_rvx_instance_1                                      |                    ERVP_SHIFT_REGISTER__parameterized0_67 |          7 |          7 |       0 |    0 |     2 |      0 |      0 |          0 |
|               i_rvx_instance_2                                      |      ERVP_COUNTER_WITH_ONEHOT_ENCODING__parameterized0_68 |          1 |          1 |       0 |    0 |     2 |      0 |      0 |          0 |
|             i_munoc_instance_0                                      |                          ERVP_SMALL_FIFO__parameterized27 |         15 |         15 |       0 |    0 |    22 |      0 |      0 |          0 |
|               (i_munoc_instance_0)                                  |                          ERVP_SMALL_FIFO__parameterized27 |          2 |          2 |       0 |    0 |    16 |      0 |      0 |          0 |
|               i_rvx_instance_0                                      |      ERVP_COUNTER_WITH_ONEHOT_ENCODING__parameterized0_63 |          9 |          9 |       0 |    0 |     2 |      0 |      0 |          0 |
|               i_rvx_instance_1                                      |                    ERVP_SHIFT_REGISTER__parameterized0_64 |          3 |          3 |       0 |    0 |     2 |      0 |      0 |          0 |
|               i_rvx_instance_2                                      |      ERVP_COUNTER_WITH_ONEHOT_ENCODING__parameterized0_65 |          1 |          1 |       0 |    0 |     2 |      0 |      0 |          0 |
|           i_munoc_instance_2                                        |                           MUNOC_MODULE_47__parameterized0 |        179 |        179 |       0 |    0 |   311 |      0 |      0 |          0 |
|             i_munoc_instance_0                                      |                           MUNOC_MODULE_31__parameterized2 |        139 |        139 |       0 |    0 |   240 |      0 |      0 |          0 |
|               i_gen_buffer[0].i_munoc_instance_0                    |                          ERVP_SMALL_FIFO__parameterized18 |        139 |        139 |       0 |    0 |   240 |      0 |      0 |          0 |
|                 (i_gen_buffer[0].i_munoc_instance_0)                |                          ERVP_SMALL_FIFO__parameterized18 |          0 |          0 |       0 |    0 |   216 |      0 |      0 |          0 |
|                 i_rvx_instance_0                                    |                         ERVP_COUNTER_WITH_ONEHOT_ENCODING |        124 |        124 |       0 |    0 |     8 |      0 |      0 |          0 |
|                 i_rvx_instance_1                                    |                                       ERVP_SHIFT_REGISTER |         11 |         11 |       0 |    0 |     8 |      0 |      0 |          0 |
|                 i_rvx_instance_2                                    |                      ERVP_COUNTER_WITH_ONEHOT_ENCODING_62 |          4 |          4 |       0 |    0 |     8 |      0 |      0 |          0 |
|             i_munoc_instance_1                                      |                                           MUNOC_MODULE_34 |          0 |          0 |       0 |    0 |     1 |      0 |      0 |          0 |
|             i_munoc_instance_2                                      |                           MUNOC_MODULE_31__parameterized4 |         40 |         40 |       0 |    0 |    70 |      0 |      0 |          0 |
|               i_gen_buffer[0].i_munoc_instance_0                    |                          ERVP_SMALL_FIFO__parameterized25 |         40 |         40 |       0 |    0 |    70 |      0 |      0 |          0 |
|                 (i_gen_buffer[0].i_munoc_instance_0)                |                          ERVP_SMALL_FIFO__parameterized25 |          0 |          0 |       0 |    0 |    64 |      0 |      0 |          0 |
|                 i_rvx_instance_0                                    |      ERVP_COUNTER_WITH_ONEHOT_ENCODING__parameterized0_59 |          2 |          2 |       0 |    0 |     2 |      0 |      0 |          0 |
|                 i_rvx_instance_1                                    |                    ERVP_SHIFT_REGISTER__parameterized0_60 |          4 |          4 |       0 |    0 |     2 |      0 |      0 |          0 |
|                 i_rvx_instance_2                                    |      ERVP_COUNTER_WITH_ONEHOT_ENCODING__parameterized0_61 |          2 |          2 |       0 |    0 |     2 |      0 |      0 |          0 |
|                 i_rvx_instance_3                                    |      ERVP_MUX_WITH_ONEHOT_ENCODED_SELECT__parameterized34 |         32 |         32 |       0 |    0 |     0 |      0 |      0 |          0 |
|           i_munoc_instance_3                                        |                                           MUNOC_MODULE_16 |         15 |         15 |       0 |    0 |    13 |      0 |      0 |          0 |
|             (i_munoc_instance_3)                                    |                                           MUNOC_MODULE_16 |          9 |          9 |       0 |    0 |    11 |      0 |      0 |          0 |
|             i_munoc_instance_0                                      |                           ERVP_SMALL_FIFO__parameterized2 |          6 |          6 |       0 |    0 |     2 |      0 |      0 |          0 |
|               i_rvx_instance_1                                      |                    ERVP_SHIFT_REGISTER__parameterized0_58 |          6 |          6 |       0 |    0 |     2 |      0 |      0 |          0 |
|           i_munoc_instance_4                                        |                          ERVP_SMALL_FIFO__parameterized28 |          2 |          2 |       0 |    0 |     2 |      0 |      0 |          0 |
|             i_rvx_instance_1                                        |                    ERVP_SHIFT_REGISTER__parameterized0_57 |          2 |          2 |       0 |    0 |     2 |      0 |      0 |          0 |
|           i_munoc_instance_5                                        |                                           MUNOC_MODULE_00 |          4 |          4 |       0 |    0 |     2 |      0 |      0 |          0 |
|           i_munoc_instance_6                                        |                          ERVP_SMALL_FIFO__parameterized20 |         13 |         13 |       0 |    0 |    20 |      0 |      0 |          0 |
|             (i_munoc_instance_6)                                    |                          ERVP_SMALL_FIFO__parameterized20 |          0 |          0 |       0 |    0 |    14 |      0 |      0 |          0 |
|             i_rvx_instance_0                                        |         ERVP_COUNTER_WITH_ONEHOT_ENCODING__parameterized0 |          9 |          9 |       0 |    0 |     2 |      0 |      0 |          0 |
|             i_rvx_instance_1                                        |                       ERVP_SHIFT_REGISTER__parameterized0 |          2 |          2 |       0 |    0 |     2 |      0 |      0 |          0 |
|             i_rvx_instance_2                                        |      ERVP_COUNTER_WITH_ONEHOT_ENCODING__parameterized0_56 |          2 |          2 |       0 |    0 |     2 |      0 |      0 |          0 |
|         i_munoc_instance_1                                          |                                           MUNOC_MODULE_08 |        150 |        150 |       0 |    0 |   316 |      0 |      0 |          0 |
|           i_munoc_instance_3                                        |                                  MUNOC_AXI2APB_CONVERTER_ |        150 |        150 |       0 |    0 |   316 |      0 |      0 |          0 |
|             i_munoc_instance_0                                      |                                            RVX_MODULE_007 |         64 |         64 |       0 |    0 |   148 |      0 |      0 |          0 |
|               i_rvx_instance_0                                      |                                            RVX_MODULE_017 |          6 |          6 |       0 |    0 |     3 |      0 |      0 |          0 |
|               i_rvx_instance_1                                      |                                         RVX_MODULE_022_46 |         58 |         58 |       0 |    0 |   145 |      0 |      0 |          0 |
|                 i_rvx_instance_0                                    |                              ERVP_FIFO__parameterized0_47 |         16 |         16 |       0 |    0 |    31 |      0 |      0 |          0 |
|                   (i_rvx_instance_0)                                |                              ERVP_FIFO__parameterized0_47 |          0 |          0 |       0 |    0 |    24 |      0 |      0 |          0 |
|                   i_rvx_instance_0                                  |                           ERVP_COUNTER__parameterized6_52 |          1 |          1 |       0 |    0 |     2 |      0 |      0 |          0 |
|                   i_rvx_instance_2                                  |                    ERVP_UPDOWN_COUNTER__parameterized2_53 |          6 |          6 |       0 |    0 |     3 |      0 |      0 |          0 |
|                   i_rvx_instance_3                                  |                           ERVP_COUNTER__parameterized6_54 |          3 |          3 |       0 |    0 |     2 |      0 |      0 |          0 |
|                   i_rvx_instance_4                                  |                               ERVP_MUX__parameterized5_55 |          6 |          6 |       0 |    0 |     0 |      0 |      0 |          0 |
|                 i_rvx_instance_1                                    |                        ERVP_SMALL_FIFO__parameterized4_48 |         42 |         42 |       0 |    0 |   114 |      0 |      0 |          0 |
|                   (i_rvx_instance_1)                                |                        ERVP_SMALL_FIFO__parameterized4_48 |          0 |          0 |       0 |    0 |   105 |      0 |      0 |          0 |
|                   i_rvx_instance_0                                  |      ERVP_COUNTER_WITH_ONEHOT_ENCODING__parameterized3_49 |         37 |         37 |       0 |    0 |     3 |      0 |      0 |          0 |
|                   i_rvx_instance_1                                  |                    ERVP_SHIFT_REGISTER__parameterized1_50 |          2 |          2 |       0 |    0 |     3 |      0 |      0 |          0 |
|                   i_rvx_instance_2                                  |      ERVP_COUNTER_WITH_ONEHOT_ENCODING__parameterized3_51 |          3 |          3 |       0 |    0 |     3 |      0 |      0 |          0 |
|             i_munoc_instance_1                                      |                                           MUNOC_AXI2LPIXS |         87 |         87 |       0 |    0 |   168 |      0 |      0 |          0 |
|               i_rvx_instance_0                                      |                                         RVX_MODULE_095_37 |         50 |         50 |       0 |    0 |   131 |      0 |      0 |          0 |
|                 i_rvx_instance_0                                    |                        ERVP_SMALL_FIFO__parameterized3_41 |         45 |         45 |       0 |    0 |   129 |      0 |      0 |          0 |
|                   (i_rvx_instance_0)                                |                        ERVP_SMALL_FIFO__parameterized3_41 |          0 |          0 |       0 |    0 |   120 |      0 |      0 |          0 |
|                   i_rvx_instance_0                                  |      ERVP_COUNTER_WITH_ONEHOT_ENCODING__parameterized3_43 |         43 |         43 |       0 |    0 |     3 |      0 |      0 |          0 |
|                   i_rvx_instance_1                                  |                    ERVP_SHIFT_REGISTER__parameterized1_44 |          2 |          2 |       0 |    0 |     3 |      0 |      0 |          0 |
|                   i_rvx_instance_2                                  |      ERVP_COUNTER_WITH_ONEHOT_ENCODING__parameterized3_45 |          0 |          0 |       0 |    0 |     3 |      0 |      0 |          0 |
|                 i_rvx_instance_1                                    |                                           ERVP_GRANTER_42 |          5 |          5 |       0 |    0 |     2 |      0 |      0 |          0 |
|               i_rvx_instance_1                                      |                                         RVX_MODULE_092_38 |         37 |         37 |       0 |    0 |    37 |      0 |      0 |          0 |
|                 i_rvx_instance_0                                    |                                         RVX_MODULE_036_39 |         37 |         37 |       0 |    0 |    37 |      0 |      0 |          0 |
|                   (i_rvx_instance_0)                                |                                         RVX_MODULE_036_39 |          0 |          0 |       0 |    0 |     7 |      0 |      0 |          0 |
|                   i_rvx_instance_0                                  |                                         RVX_MODULE_111_40 |         37 |         37 |       0 |    0 |    30 |      0 |      0 |          0 |
|       i_system_router                                               |                                 MUNOC_NETWORK_DUAL_ROUTER |        602 |        602 |       0 |    0 |   390 |      0 |      0 |          0 |
|         i_munoc_instance_0                                          |                                      MUNOC_NETWORK_ROUTER |        296 |        296 |       0 |    0 |   175 |      0 |      0 |          0 |
|           i_arbiter_gen[0].i_munoc_instance_2                       |                                           MUNOC_MODULE_38 |         57 |         57 |       0 |    0 |     7 |      0 |      0 |          0 |
|           i_arbiter_gen[1].i_munoc_instance_2                       |                                        MUNOC_MODULE_38_29 |         42 |         42 |       0 |    0 |     7 |      0 |      0 |          0 |
|           i_arbiter_gen[2].i_munoc_instance_2                       |                                        MUNOC_MODULE_38_30 |         53 |         53 |       0 |    0 |     7 |      0 |      0 |          0 |
|           i_arbiter_gen[3].i_munoc_instance_2                       |                                        MUNOC_MODULE_38_31 |         54 |         54 |       0 |    0 |     7 |      0 |      0 |          0 |
|           i_arbiter_gen[4].i_munoc_instance_2                       |                                        MUNOC_MODULE_38_32 |         55 |         55 |       0 |    0 |     7 |      0 |      0 |          0 |
|           i_input_port_with_routinhg_info[0].i_munoc_instance_1     |                                           MUNOC_MODULE_04 |          9 |          9 |       0 |    0 |    44 |      0 |      0 |          0 |
|             (i_input_port_with_routinhg_info[0].i_munoc_instance_1) |                                           MUNOC_MODULE_04 |          0 |          0 |       0 |    0 |     4 |      0 |      0 |          0 |
|             i_munoc_instance_1                                      |                                         RVX_MODULE_076_36 |          9 |          9 |       0 |    0 |    40 |      0 |      0 |          0 |
|           i_input_port_with_routinhg_info[1].i_munoc_instance_1     |                                        MUNOC_MODULE_04_33 |         12 |         12 |       0 |    0 |    47 |      0 |      0 |          0 |
|             (i_input_port_with_routinhg_info[1].i_munoc_instance_1) |                                        MUNOC_MODULE_04_33 |          0 |          0 |       0 |    0 |     4 |      0 |      0 |          0 |
|             i_munoc_instance_1                                      |                                         RVX_MODULE_076_35 |         12 |         12 |       0 |    0 |    43 |      0 |      0 |          0 |
|           i_input_port_with_routinhg_info[2].i_munoc_instance_1     |                                        MUNOC_MODULE_04_34 |         14 |         14 |       0 |    0 |    49 |      0 |      0 |          0 |
|             (i_input_port_with_routinhg_info[2].i_munoc_instance_1) |                                        MUNOC_MODULE_04_34 |          0 |          0 |       0 |    0 |     4 |      0 |      0 |          0 |
|             i_munoc_instance_1                                      |                                            RVX_MODULE_076 |         14 |         14 |       0 |    0 |    45 |      0 |      0 |          0 |
|         i_munoc_instance_1                                          |                      MUNOC_NETWORK_ROUTER__parameterized0 |        306 |        306 |       0 |    0 |   215 |      0 |      0 |          0 |
|           (i_munoc_instance_1)                                      |                      MUNOC_NETWORK_ROUTER__parameterized0 |          3 |          3 |       0 |    0 |     0 |      0 |      0 |          0 |
|           i_arbiter_gen[0].i_munoc_instance_2                       |                           MUNOC_MODULE_38__parameterized0 |         82 |         82 |       0 |    0 |    11 |      0 |      0 |          0 |
|           i_arbiter_gen[1].i_munoc_instance_2                       |                        MUNOC_MODULE_38__parameterized0_19 |         82 |         82 |       0 |    0 |    11 |      0 |      0 |          0 |
|           i_arbiter_gen[2].i_munoc_instance_2                       |                        MUNOC_MODULE_38__parameterized0_20 |         78 |         78 |       0 |    0 |    11 |      0 |      0 |          0 |
|           i_input_port_with_routinhg_info[0].i_munoc_instance_1     |                           MUNOC_MODULE_04__parameterized0 |         16 |         16 |       0 |    0 |    40 |      0 |      0 |          0 |
|             (i_input_port_with_routinhg_info[0].i_munoc_instance_1) |                           MUNOC_MODULE_04__parameterized0 |          2 |          2 |       0 |    0 |     3 |      0 |      0 |          0 |
|             i_munoc_instance_1                                      |                         RVX_MODULE_076__parameterized0_28 |         14 |         14 |       0 |    0 |    37 |      0 |      0 |          0 |
|           i_input_port_with_routinhg_info[1].i_munoc_instance_1     |                        MUNOC_MODULE_04__parameterized0_21 |         14 |         14 |       0 |    0 |    40 |      0 |      0 |          0 |
|             (i_input_port_with_routinhg_info[1].i_munoc_instance_1) |                        MUNOC_MODULE_04__parameterized0_21 |          2 |          2 |       0 |    0 |     3 |      0 |      0 |          0 |
|             i_munoc_instance_1                                      |                         RVX_MODULE_076__parameterized0_27 |         12 |         12 |       0 |    0 |    37 |      0 |      0 |          0 |
|           i_input_port_with_routinhg_info[2].i_munoc_instance_1     |                        MUNOC_MODULE_04__parameterized0_22 |         12 |         12 |       0 |    0 |    40 |      0 |      0 |          0 |
|             (i_input_port_with_routinhg_info[2].i_munoc_instance_1) |                        MUNOC_MODULE_04__parameterized0_22 |          2 |          2 |       0 |    0 |     3 |      0 |      0 |          0 |
|             i_munoc_instance_1                                      |                         RVX_MODULE_076__parameterized0_26 |         10 |         10 |       0 |    0 |    37 |      0 |      0 |          0 |
|           i_input_port_with_routinhg_info[3].i_munoc_instance_1     |                        MUNOC_MODULE_04__parameterized0_23 |         12 |         12 |       0 |    0 |    40 |      0 |      0 |          0 |
|             (i_input_port_with_routinhg_info[3].i_munoc_instance_1) |                        MUNOC_MODULE_04__parameterized0_23 |          2 |          2 |       0 |    0 |     3 |      0 |      0 |          0 |
|             i_munoc_instance_1                                      |                         RVX_MODULE_076__parameterized0_25 |         10 |         10 |       0 |    0 |    37 |      0 |      0 |          0 |
|           i_input_port_with_routinhg_info[4].i_munoc_instance_1     |                        MUNOC_MODULE_04__parameterized0_24 |          8 |          8 |       0 |    0 |    22 |      0 |      0 |          0 |
|             (i_input_port_with_routinhg_info[4].i_munoc_instance_1) |                        MUNOC_MODULE_04__parameterized0_24 |          2 |          2 |       0 |    0 |     3 |      0 |      0 |          0 |
|             i_munoc_instance_1                                      |                            RVX_MODULE_076__parameterized0 |          6 |          6 |       0 |    0 |    19 |      0 |      0 |          0 |
|       platform_controller                                           |                                  ERVP_PLATFORM_CONTROLLER |       1747 |       1747 |       0 |    0 |  5000 |      0 |      0 |          0 |
|         i_rvx_instance_1                                            |                                            RVX_MODULE_118 |         60 |         60 |       0 |    0 |    75 |      0 |      0 |          0 |
|           i_rvx_instance_5                                          |                                         RVX_MODULE_101_17 |         60 |         60 |       0 |    0 |    75 |      0 |      0 |          0 |
|             (i_rvx_instance_5)                                      |                                         RVX_MODULE_101_17 |          0 |          0 |       0 |    0 |     3 |      0 |      0 |          0 |
|             i_rvx_instance_0                                        |                                         RVX_MODULE_026_18 |         60 |         60 |       0 |    0 |    72 |      0 |      0 |          0 |
|         i_rvx_instance_2                                            |                              ERVP_APB_BUS__parameterized2 |         10 |         10 |       0 |    0 |     0 |      0 |      0 |          0 |
|           i_rvx_instance_0                                          |                            RVX_MODULE_051__parameterized2 |         10 |         10 |       0 |    0 |     0 |      0 |      0 |          0 |
|         i_rvx_instance_3                                            |                                            RVX_MODULE_123 |         34 |         34 |       0 |    0 |    23 |      0 |      0 |          0 |
|           (i_rvx_instance_3)                                        |                                            RVX_MODULE_123 |         22 |         22 |       0 |    0 |    17 |      0 |      0 |          0 |
|           i_rvx_instance_1                                          |                              ERVP_COUNTER__parameterized5 |         12 |         12 |       0 |    0 |     6 |      0 |      0 |          0 |
|         i_rvx_instance_4                                            |                                            RVX_MODULE_009 |       1499 |       1499 |       0 |    0 |  4606 |      0 |      0 |          0 |
|           (i_rvx_instance_4)                                        |                                            RVX_MODULE_009 |          1 |          1 |       0 |    0 |     0 |      0 |      0 |          0 |
|           i_rvx_instance_0                                          |                                            RVX_MODULE_103 |         96 |         96 |       0 |    0 |   127 |      0 |      0 |          0 |
|             (i_rvx_instance_0)                                      |                                            RVX_MODULE_103 |         10 |         10 |       0 |    0 |    47 |      0 |      0 |          0 |
|             i_rvx_instance_0                                        |                            RVX_MODULE_013__parameterized0 |          1 |          1 |       0 |    0 |    64 |      0 |      0 |          0 |
|             i_rvx_instance_1                                        |                                            RVX_MODULE_013 |         86 |         86 |       0 |    0 |    16 |      0 |      0 |          0 |
|           i_rvx_instance_1                                          |                                            RVX_MODULE_029 |       1266 |       1266 |       0 |    0 |  4234 |      0 |      0 |          0 |
|             (i_rvx_instance_1)                                      |                                            RVX_MODULE_029 |          0 |          0 |       0 |    0 |     5 |      0 |      0 |          0 |
|             i_rvx_instance_0                                        |                                       ERVP_SYNCHRONIZER_9 |          1 |          1 |       0 |    0 |     2 |      0 |      0 |          0 |
|             i_rvx_instance_1                                        |                      ERVP_SYNCHRONIZER__parameterized0_10 |          1 |          1 |       0 |    0 |    66 |      0 |      0 |          0 |
|             i_rvx_instance_2                                        |                                                 ERVP_FIFO |        635 |        635 |       0 |    0 |  2084 |      0 |      0 |          0 |
|               (i_rvx_instance_2)                                    |                                                 ERVP_FIFO |          0 |          0 |       0 |    0 |  2048 |      0 |      0 |          0 |
|               i_rvx_instance_0                                      |                           ERVP_COUNTER__parameterized3_13 |          4 |          4 |       0 |    0 |    18 |      0 |      0 |          0 |
|               i_rvx_instance_1                                      |                       ERVP_UPDOWN_COUNTER__parameterized1 |          8 |          8 |       0 |    0 |     6 |      0 |      0 |          0 |
|               i_rvx_instance_2                                      |                    ERVP_UPDOWN_COUNTER__parameterized0_14 |         10 |         10 |       0 |    0 |     6 |      0 |      0 |          0 |
|               i_rvx_instance_3                                      |                           ERVP_COUNTER__parameterized3_15 |         69 |         69 |       0 |    0 |     6 |      0 |      0 |          0 |
|               i_rvx_instance_4                                      |                                               ERVP_MUX_16 |        544 |        544 |       0 |    0 |     0 |      0 |      0 |          0 |
|             i_rvx_instance_3                                        |                                              ERVP_FIFO_11 |        630 |        630 |       0 |    0 |  2077 |      0 |      0 |          0 |
|               (i_rvx_instance_3)                                    |                                              ERVP_FIFO_11 |          0 |          0 |       0 |    0 |  2048 |      0 |      0 |          0 |
|               i_rvx_instance_0                                      |                              ERVP_COUNTER__parameterized3 |          4 |          4 |       0 |    0 |    17 |      0 |      0 |          0 |
|               i_rvx_instance_2                                      |                       ERVP_UPDOWN_COUNTER__parameterized0 |         12 |         12 |       0 |    0 |     6 |      0 |      0 |          0 |
|               i_rvx_instance_3                                      |                           ERVP_COUNTER__parameterized3_12 |         70 |         70 |       0 |    0 |     6 |      0 |      0 |          0 |
|               i_rvx_instance_4                                      |                                                  ERVP_MUX |        544 |        544 |       0 |    0 |     0 |      0 |      0 |          0 |
|           i_rvx_instance_2                                          |                                            RVX_MODULE_065 |        129 |        129 |       0 |    0 |   119 |      0 |      0 |          0 |
|             (i_rvx_instance_2)                                      |                                            RVX_MODULE_065 |        108 |        108 |       0 |    0 |   103 |      0 |      0 |          0 |
|             i_rvx_instance_0                                        |                              ERVP_COUNTER__parameterized4 |         22 |         22 |       0 |    0 |    16 |      0 |      0 |          0 |
|           i_rvx_instance_3                                          |                                            RVX_MODULE_108 |          7 |          7 |       0 |    0 |   126 |      0 |      0 |          0 |
|             (i_rvx_instance_3)                                      |                                            RVX_MODULE_108 |          0 |          0 |       0 |    0 |    34 |      0 |      0 |          0 |
|             i_rvx_instance_0                                        |                         ERVP_SYNCHRONIZER__parameterized1 |          5 |          5 |       0 |    0 |    78 |      0 |      0 |          0 |
|             i_rvx_instance_1                                        |                         ERVP_SYNCHRONIZER__parameterized0 |          2 |          2 |       0 |    0 |    14 |      0 |      0 |          0 |
|         i_rvx_instance_5                                            |                                            RVX_MODULE_058 |        145 |        145 |       0 |    0 |   296 |      0 |      0 |          0 |
|           (i_rvx_instance_5)                                        |                                            RVX_MODULE_058 |          1 |          1 |       0 |    0 |     7 |      0 |      0 |          0 |
|           i_rvx_instance_0                                          |                                         ERVP_SYNCHRONIZER |          3 |          3 |       0 |    0 |     0 |      0 |      0 |          0 |
|           i_rvx_instance_1                                          |                         ERVP_SYNCHRONIZER__parameterized2 |          0 |          0 |       0 |    0 |    64 |      0 |      0 |          0 |
|           i_rvx_instance_2                                          |                                            RVX_MODULE_101 |        141 |        141 |       0 |    0 |   127 |      0 |      0 |          0 |
|             (i_rvx_instance_2)                                      |                                            RVX_MODULE_101 |          0 |          0 |       0 |    0 |     3 |      0 |      0 |          0 |
|             i_rvx_instance_0                                        |                                            RVX_MODULE_026 |        141 |        141 |       0 |    0 |   124 |      0 |      0 |          0 |
|           i_rvx_instance_3                                          |                       ERVP_SYNCHRONIZER__parameterized2_7 |          0 |          0 |       0 |    0 |    64 |      0 |      0 |          0 |
|           i_rvx_instance_4                                          |                                       ERVP_SYNCHRONIZER_8 |          0 |          0 |       0 |    0 |     2 |      0 |      0 |          0 |
|           i_rvx_instance_6                                          |                                            RVX_MODULE_031 |          0 |          0 |       0 |    0 |    32 |      0 |      0 |          0 |
|     i_system_sram                                                   |                                     TIP_HELLO_SRAM_AXI_01 |        171 |        171 |       0 |    0 |   311 |     32 |      0 |          0 |
|       generate_cell[0].i_cell                                       |                                     ERVP_MEMORY_CELL_1R1W |          0 |          0 |       0 |    0 |     0 |     32 |      0 |          0 |
|       i_controller                                                  |                                ERVP_SPSRAM_CONTROLLER_AXI |        171 |        171 |       0 |    0 |   311 |      0 |      0 |          0 |
|         i_rvx_instance_0                                            |                                            RVX_MODULE_088 |        171 |        171 |       0 |    0 |   311 |      0 |      0 |          0 |
|           i_rvx_instance_0                                          |                                         MUNOC_LPIXM2SCELL |        123 |        123 |       0 |    0 |   183 |      0 |      0 |          0 |
|             i_rvx_instance_0                                        |                                            RVX_MODULE_016 |         83 |         83 |       0 |    0 |   145 |      0 |      0 |          0 |
|               i_rvx_instance_0                                      |                                            RVX_MODULE_072 |         16 |         16 |       0 |    0 |     3 |      0 |      0 |          0 |
|               i_rvx_instance_1                                      |                                            RVX_MODULE_022 |         67 |         67 |       0 |    0 |   142 |      0 |      0 |          0 |
|                 i_rvx_instance_0                                    |                                 ERVP_FIFO__parameterized0 |         24 |         24 |       0 |    0 |    31 |      0 |      0 |          0 |
|                   (i_rvx_instance_0)                                |                                 ERVP_FIFO__parameterized0 |          0 |          0 |       0 |    0 |    24 |      0 |      0 |          0 |
|                   i_rvx_instance_0                                  |                              ERVP_COUNTER__parameterized6 |          1 |          1 |       0 |    0 |     2 |      0 |      0 |          0 |
|                   i_rvx_instance_2                                  |                       ERVP_UPDOWN_COUNTER__parameterized2 |         14 |         14 |       0 |    0 |     3 |      0 |      0 |          0 |
|                   i_rvx_instance_3                                  |                            ERVP_COUNTER__parameterized6_4 |          3 |          3 |       0 |    0 |     2 |      0 |      0 |          0 |
|                   i_rvx_instance_4                                  |                                  ERVP_MUX__parameterized5 |          6 |          6 |       0 |    0 |     0 |      0 |      0 |          0 |
|                 i_rvx_instance_1                                    |                           ERVP_SMALL_FIFO__parameterized4 |         44 |         44 |       0 |    0 |   111 |      0 |      0 |          0 |
|                   (i_rvx_instance_1)                                |                           ERVP_SMALL_FIFO__parameterized4 |          0 |          0 |       0 |    0 |   102 |      0 |      0 |          0 |
|                   i_rvx_instance_0                                  |       ERVP_COUNTER_WITH_ONEHOT_ENCODING__parameterized3_1 |         36 |         36 |       0 |    0 |     3 |      0 |      0 |          0 |
|                   i_rvx_instance_1                                  |                     ERVP_SHIFT_REGISTER__parameterized1_2 |          6 |          6 |       0 |    0 |     3 |      0 |      0 |          0 |
|                   i_rvx_instance_2                                  |       ERVP_COUNTER_WITH_ONEHOT_ENCODING__parameterized3_3 |          2 |          2 |       0 |    0 |     3 |      0 |      0 |          0 |
|             i_rvx_instance_1                                        |                                            RVX_MODULE_092 |         41 |         41 |       0 |    0 |    38 |      0 |      0 |          0 |
|               i_rvx_instance_0                                      |                                            RVX_MODULE_036 |         41 |         41 |       0 |    0 |    38 |      0 |      0 |          0 |
|                 (i_rvx_instance_0)                                  |                                            RVX_MODULE_036 |          0 |          0 |       0 |    0 |     7 |      0 |      0 |          0 |
|                 i_rvx_instance_0                                    |                                            RVX_MODULE_111 |         41 |         41 |       0 |    0 |    31 |      0 |      0 |          0 |
|           i_rvx_instance_1                                          |                                            RVX_MODULE_095 |         48 |         48 |       0 |    0 |   128 |      0 |      0 |          0 |
|             i_rvx_instance_0                                        |                           ERVP_SMALL_FIFO__parameterized3 |         46 |         46 |       0 |    0 |   126 |      0 |      0 |          0 |
|               (i_rvx_instance_0)                                    |                           ERVP_SMALL_FIFO__parameterized3 |          0 |          0 |       0 |    0 |   117 |      0 |      0 |          0 |
|               i_rvx_instance_0                                      |         ERVP_COUNTER_WITH_ONEHOT_ENCODING__parameterized3 |         42 |         42 |       0 |    0 |     3 |      0 |      0 |          0 |
|               i_rvx_instance_1                                      |                       ERVP_SHIFT_REGISTER__parameterized1 |          2 |          2 |       0 |    0 |     3 |      0 |      0 |          0 |
|               i_rvx_instance_2                                      |       ERVP_COUNTER_WITH_ONEHOT_ENCODING__parameterized3_0 |          2 |          2 |       0 |    0 |     3 |      0 |      0 |          0 |
|             i_rvx_instance_1                                        |                                              ERVP_GRANTER |          2 |          2 |       0 |    0 |     2 |      0 |      0 |          0 |
+---------------------------------------------------------------------+-----------------------------------------------------------+------------+------------+---------+------+-------+--------+--------+------------+
* Note: The sum of lower-level cells may be larger than their parent cells total, due to cross-hierarchy LUT combining


