97910100
9381013a
b70201e1
93820203
03a50200
b7220000
b382a202
17210100
1301c13c
33015140
ef40c032
63120504
17950100
130505ec
97050200
93850580
ef40c033
17250100
1305453a
97250100
9385c539
ef408032
ef40404b
17750000
1305852d
ef70c02b
ef708032
ef40002f
ef40004c
ef400033
13050000
93050000
ef60d020
ef40404d
6f000000
00000000
130101ff
23261100
23248100
23229100
23202101
379501e0
130405f4
130505f4
ef308016
b72701e0
9387873e
2320f400
b7470000
938717f7
2322f400
2324f400
b79401e0
138984f0
138584f0
ef300018
93071000
2324f900
b78701e0
93870774
2320f900
23228900
138584f0
ef308023
8320c100
03248100
83244100
03290100
13010101
67800000
130101fd
23261102
23248102
23229102
23202103
232e3101
232c4101
232a5101
23286101
23267101
93090500
13890500
63020620
13040600
6344c00a
330ac040
930720fc
6342f61a
93070afe
63cc071a
93061000
b39af600
130a0000
13060a00
93860a00
13850900
93050900
ef708074
130b0500
938b0500
13040500
93840500
13060a00
93860a00
13850900
93050900
ef70503a
13070500
93870500
63cc0516
93d6fa01
33864601
b336d600
b3865601
9395f601
13561600
33e6c500
93d61640
63ced716
6394f600
636ac716
93071400
33b78700
13840700
b3049700
6f000016
9307e003
63c2c708
130704fe
634c0708
b7070080
93c7f7ff
b3d7e740
13070000
634a2703
6306e90a
930704fe
63c6070a
93061000
b396f600
13060000
13050000
b7050080
ef700069
6346b900
63942503
63f2a902
13070400
13860900
93060900
37b500e0
13054538
ef50d060
13051000
ef408035
930404fe
63c80406
b3949900
13040000
6f00800d
93050600
37b500e0
13050536
ef50105e
13051000
ef40c032
6ff09ff6
1307f001
b3078740
1307e0ff
3317f700
9307f0ff
b3d78700
b367f700
37070080
1347f7ff
33578740
6ff05ff5
e3fc37f5
6ff01ff8
93060000
13061000
33168600
6ff09ff5
93d71900
1307f001
33078740
b3d7e700
b3148900
b3e49700
33948900
6f008005
93050600
37b500e0
1305453b
ef501056
13051000
ef40c02a
6ff09fe4
930a0000
13061000
331a4601
6ff0dfe4
93341b00
1304fbff
b3849b40
3307aa00
3335a700
b385ba00
b307b500
6ff01fe7
13040500
93840500
13050400
93850400
8320c102
03248102
83244102
03290102
8329c101
032a8101
832a4101
032b0101
832bc100
13010103
67800000
130101ff
23261100
23248100
13860500
9355f541
eff0dfd7
13040500
b7070080
b307f500
b3b7a700
b387b700
639c0700
13050400
8320c100
03248100
13010101
67800000
37b500e0
1305853d
ef509049
13051000
ef40401e
6ff09ffd
130101ff
23261100
eff0dfd2
8320c100
13010101
67800000
930e8500
138ef500
930f0000
130f8000
93028004
3303f501
93085e00
1308beff
93056eff
13060e00
930716ff
13070300
83060700
2380d700
13070704
93871700
e398b7fe
13071300
93870500
83060700
2380d700
13070704
93871700
e39807ff
13078300
93070800
83060700
2380d700
13070704
93871700
e398c7fe
13079300
93070600
83060700
2380d700
13070704
93871700
e39817ff
13032300
13064601
93884801
13084801
93854501
e31ed3f7
938e0e01
130f0f01
938f0f01
130e0e05
e31a5ff4
67800000
130101fb
23261104
23248104
23229104
23202105
232e3103
232c4103
232a5103
23286103
23267103
23248103
23229103
2320a103
232eb101
2322a100
2324e100
2326f100
83270105
b387f800
832c4105
b38c9741
032d8105
330dfd40
6356a00e
938a0500
930d0600
b30bc800
138c0600
b384b600
23200100
130bf0ff
6f00800b
1307f007
1306f007
637aa606
6f00c000
13178501
13578741
2300e900
13091900
130a1a00
b3895901
63067907
93860900
93070c00
13040000
63505003
03870700
03860600
3307c702
3304e400
93871700
93861600
e39497fe
93850c00
03050a00
eff05fde
93050d00
33058500
eff09fdd
93060500
9357f541
e35405f8
63c86701
e39867f9
930700f8
e3f4f6f8
130700f8
6ff09ff8
83270100
93871700
2320f100
b38bbb01
330c5c01
b3845401
03274100
630cf700
e350b0ff
3389bb41
032ac100
83298100
6ff09ff6
8320c104
03248104
83244104
03290104
8329c103
032a8103
832a4103
032b0103
832bc102
032c8102
832c4102
032d0102
832dc101
13010105
67800000
130101fa
232e1104
232c8104
232a9104
23282105
23263105
23244105
23225105
23206105
232e7103
232c8103
232a9103
2328a103
2326b103
2328a100
938d0500
2324c100
232ae100
232cf100
6396c502
138a0800
635aa002
23220101
338cb600
23260100
b306b040
232ed100
330dc700
930cf0ff
6f004016
03268100
37b500e0
1305453f
ef50101a
8320c105
03248105
83244105
03290105
8329c104
032a8104
832a4104
032b0104
832bc103
032c8103
832c4103
032d0103
832dc102
13010106
67800000
13041400
630c8417
93050a00
03050400
eff0dfc6
33059540
6354a900
13090500
e35035ff
93090500
6ff09ffd
33048040
33443403
33048040
83254106
03050b00
eff0dfc3
83258106
33058500
eff01fc3
93060500
9357f541
635a0506
63c49709
638e9707
13178501
13578741
2380ea00
13091900
938b1b00
938a1a00
130b1b00
63062d07
83250106
03050900
eff01fbf
13040500
93050a00
03850b00
eff01fbe
33059540
33058502
13141500
3304a400
13143400
3304a400
13545440
e38e09f6
e35680f6
33443403
6ff01ff7
1307f007
1306f007
e374a6f8
6ff05ff9
930700f8
e3f2f6f8
130700f8
6ff05ff8
8327c100
93871700
2326f100
03274100
83268100
3307d700
2322e100
330cbc01
03270101
e30af7ea
3304bc41
13090400
93040000
6350b005
93050a00
03050900
eff01fb5
b384a400
13091900
e31689ff
b3c4b403
8327c101
b307fc00
93050a00
03850700
eff0dfb2
33099540
93090900
6ff0dfea
b307bc41
93050a00
03850700
eff01fb1
13090500
93090500
93040000
b3093941
83278100
e354f0f6
93d95940
03294101
b30bbc41
032b8101
832a4100
6ff09fee
130101fa
232e1104
232c8104
232a9104
23282105
23263105
23244105
23225105
23206105
232e7103
232c8103
232a9103
2328a103
2326b103
232aa100
2328c100
232ce100
232ef100
032b0106
635aa010
138c0500
938a0800
b307c800
2324f100
338ab600
23260100
930df0ff
6f00800d
1307f007
1306f007
6376a608
6f00c000
13178501
13578741
2380eb00
938b1b00
130d1d00
b38c8c01
83278100
6380fb08
b3048a41
13890c00
93090000
635a8003
93850a00
03850400
eff05fa2
13040500
93050b00
03050900
eff05fa1
3304a402
b3898900
93841400
13091900
e39a44fd
83254106
03050d00
eff05f9f
83258106
33053501
eff09f9e
93060500
9357f541
e35805f6
63c8b701
e39cb7f7
930700f8
e3f8f6f6
130700f8
6ff01ff7
8327c100
93871700
2326f100
03278100
83260101
3307d700
2324e100
330a8a01
03274101
6300f702
83270101
e35af0fc
03278100
b30bf740
032dc101
832c8101
6ff05ff4
8320c105
03248105
83244105
03290105
8329c104
032a8104
832a4104
032b0104
832bc103
032c8103
832c4103
032d0103
832dc102
13010106
67800000
130101fe
232e1100
232c8100
232a9100
23282101
23263101
23244101
23225101
93090500
13890500
efa0c005
13040500
93840500
930a0500
138a0500
efa00012
13060500
93860500
13850900
93050900
ef805077
63580500
133a1400
930af4ff
338a4441
13850a00
93050a00
efa0000f
93040500
13840500
13060500
93860500
13850900
93050900
ef90c05e
93090500
13890500
b79701e0
03a607ba
83a647ba
ef805072
63400504
b79701e0
03a607ba
83a647ba
13850900
93050900
ef805062
6350a00a
b79701e0
03a687ba
83a6c7ba
13850400
93050400
ef70106c
93040500
13840500
b79701e0
03a607bb
83a647bb
13850400
93050400
ef80905e
6340a002
b79701e0
03a687bb
83a6c7bb
13850400
93050400
ef80106b
635c0500
37b500e0
13058542
ef500050
13051000
ef30d024
13850400
93050400
ef909052
8320c101
03248101
83244101
03290101
8329c100
032a8100
832a4100
13010102
67800000
13850400
93050400
ef90d071
13751500
e30a05f6
b79701e0
03a687ba
83a6c7ba
13850400
93050400
ef701061
93040500
13840500
6ff01ff5
130101f8
232e1106
232c8106
232a9106
23282107
23263107
23244107
23225107
23206107
232e7105
232c8105
232a9105
2328a105
2326b105
232ca102
138d0700
232e0103
130c1000
331c0c01
b3170c01
2328f100
6352a078
938d0500
930c0700
b30bb600
2322d100
232a0100
b79701e0
03aa07bc
83aa47bc
b79701e0
03a8c7bc
83a787bc
2324f100
23260101
b79701e0
03a847be
83a707be
232cf100
232e0101
b79701e0
03a8c7bf
83a787bf
2324f102
23260103
b79701e0
03a847c1
83a707c1
2328f102
232a0103
6f00c06e
03268101
8326c101
13850900
93050900
ef805063
eff09fd8
6358a410
b79701e0
03a687be
83a6c7be
13850900
93050900
ef805061
eff09fd6
33048502
03250101
ef90904b
b79701e0
03a607bf
83a647bf
ef80505f
eff09fd4
3305a440
93050d00
eff0cfe7
93060500
1357f541
635c0562
63120764
93178501
93d78741
2300fb00
93841400
130b1b00
638e7463
93850c00
03850400
eff08fe4
13040500
13050c00
ef909045
93090500
13890500
13060a00
93860a00
ef801059
eff05fce
93070500
13050000
e34cf4f8
03268100
8326c100
13850900
93050900
ef80d056
eff01fcc
e350a4f2
b79701e0
03a607bd
83a647bd
13850900
93050900
ef80d054
eff01fca
33048502
03250101
ef90103f
b79701e0
03a687bd
83a6c7bd
ef80d052
eff01fc8
3305a440
6ff09ff3
03268102
8326c102
13850900
93050900
ef80d050
eff01fc6
6354a404
b79701e0
03a607c0
83a647c0
13850900
93050900
ef80d04e
eff01fc4
33048502
03250101
ef901039
b79701e0
03a687c0
83a6c7c0
ef80d04c
eff01fc2
3305a440
6ff09fed
03260103
83264103
13850900
93050900
ef80d04a
eff01fc0
6354a404
b79701e0
03a687c1
83a6c7c1
13850900
93050900
ef80d048
eff01fbe
33048502
03250101
ef901033
b79701e0
03a607c2
83a647c2
ef80d046
eff01fbc
3305a440
6ff09fe7
03260102
83264102
13850900
93050900
ef80d044
eff01fba
6354a404
b79701e0
03a607c3
83a647c3
13850900
93050900
ef80d042
eff01fb8
33048502
03250101
ef90102d
b79701e0
03a687c3
83a6c7c3
ef80d040
eff01fb6
3305a440
6ff09fe1
b79701e0
03a607c4
83a647c4
13850900
93050900
ef80903e
eff0dfb3
6354a404
b79701e0
03a687c4
83a6c7c4
13850900
93050900
ef80903c
eff0dfb1
33048502
03250101
ef90d026
b79701e0
03a607c5
83a647c5
ef80903a
eff0dfaf
3305a440
6ff05fdb
b79701e0
03a687c5
83a6c7c5
13850900
93050900
ef805038
eff09fad
6354a404
b79701e0
03a607c6
83a647c6
13850900
93050900
ef805036
eff09fab
33048502
03250101
ef909020
b79701e0
03a687c6
83a6c7c6
ef805034
eff09fa9
3305a440
6ff01fd5
b79701e0
03a607c7
83a647c7
13850900
93050900
ef801032
eff05fa7
6354a404
b79701e0
03a687c7
83a6c7c7
13850900
93050900
ef801030
eff05fa5
33048502
03250101
ef90501a
b79701e0
03a607c8
83a647c8
ef80102e
eff05fa3
3305a440
6ff0dfce
b79701e0
03a687c8
83a6c7c8
13850900
93050900
ef80d02b
eff01fa1
6354a404
b79701e0
03a607c9
83a647c9
13850900
93050900
ef80d029
eff01f9f
33048502
03250101
ef901014
b79701e0
03a687c9
83a6c7c9
ef80d027
eff01f9d
3305a440
6ff09fc8
b79701e0
03a607ca
83a647ca
13850900
93050900
ef809025
eff0df9a
6354a404
b79701e0
03a687ca
83a6c7ca
13850900
93050900
ef809023
eff0df98
33048502
03250101
ef90d00d
b79701e0
03a607cb
83a647cb
ef809021
eff0df96
3305a440
6ff05fc2
b79701e0
03a687cb
83a6c7cb
13850900
93050900
ef80501f
eff09f94
6354a404
b79701e0
03a607cc
83a647cc
13850900
93050900
ef80501d
eff09f92
33048502
03250101
ef909007
b79701e0
03a687cc
83a6c7cc
ef80501b
eff09f90
3305a440
6ff01fbc
b79701e0
03a607cd
83a647cd
13850900
93050900
ef801019
eff05f8e
6354a402
b79701e0
03a687cd
83a6c7cd
13850900
93050900
ef801017
eff05f8c
33058502
6ff0dfb7
b79701e0
03a607ce
83a647ce
13850900
93050900
ef80d014
eff01f8a
6354a402
b79701e0
03a607ba
83a647ba
13850900
93050900
ef80d012
eff01f88
33058502
6ff09fb3
b79701e0
03a687ce
83a6c7ce
13850900
93050900
ef809010
eff0df85
6354a402
b79701e0
03a607cf
83a647cf
13850900
93050900
ef80900e
eff0df83
33058502
6ff05faf
b79701e0
03a687cf
83a6c7cf
13850900
93050900
ef80500c
eff09f81
6354a404
b79701e0
03a607d0
83a647d0
13850900
93050900
ef80500a
eff08fff
33048502
03250101
ef908074
b79701e0
03a687d0
83a6c7d0
ef805008
eff08ffd
3305a440
6ff01fa9
b79701e0
03a607d1
83a647d1
13850900
93050900
ef801006
eff04ffb
6354a404
b79701e0
03a687d1
83a6c7d1
13850900
93050900
ef801004
eff04ff9
33048502
03250101
ef90406e
b79701e0
03a607d2
83a647d2
ef801002
eff04ff7
3305a440
6ff0dfa2
b79701e0
03a687d2
83a6c7d2
13850900
93050900
ef80c07f
eff00ff5
93070500
0327c103
3315e400
e350f4a0
b79701e0
03a607d3
83a647d3
13850900
93050900
ef80007d
eff04ff2
33048502
03250101
ef904067
b79701e0
03a687d3
83a6c7d3
ef80007b
eff04ff0
3305a440
6ff0df9b
1306f007
9307f007
e372a69c
6ff0df9c
930700f8
e3fef69a
930700f8
6ff0df9b
83274101
93871700
232af100
b38bbb01
03274100
3307b701
2322e100
03278103
6304f702
b384bb41
032b4100
e35ab0fd
b79701e0
03a8c7c2
83a787c2
2320f102
23220103
6ff05f98
8320c107
03248107
83244107
03290107
8329c106
032a8106
832a4106
032b0106
832bc105
032c8105
832c4105
032d0105
832dc104
13010108
67800000
6356b004
93080600
13830600
3388a600
3306b600
6f008002
83060700
2380d700
3307b700
93871700
e39807ff
93881800
3303a300
3308a800
638ac800
93070300
13870800
e34aa0fc
6ff05ffe
67800000
130101fb
23261104
23248104
23229104
23202105
232e3103
232c4103
232a5103
23286103
23267103
23248103
23229103
2320a103
232eb101
2326d100
832b0105
635ca010
138d0500
930a0600
130a0700
138b0800
3307c800
2320e100
2322f100
330aba00
b387a700
2324f100
930df0ff
6f00400d
1307f007
1306f007
6376a608
6f00c000
13178501
13578741
2300ec00
130c1c00
938c1c00
83270100
6302fc08
b304aa41
13890c00
93090000
635aa003
93050b00
03050900
efe0dfe8
13040500
93850b00
03850400
efe0dfe7
3304a402
b3898900
33095901
93841400
e39a44fd
83254105
83274100
03850700
efe09fe5
83258105
33053501
efe0dfe4
93060500
9357f541
e35805f6
63c8b701
e39cb7f7
930700f8
e3f8f6f6
130700f8
6ff01ff7
83270100
b3875701
2320f100
83274100
93871700
2322f100
330aaa01
03278100
638ce700
e35e50fd
83270100
338c5741
832cc100
6ff0dff4
8320c104
03248104
83244104
03290104
8329c103
032a8103
832a4103
032b0103
832bc102
032c8102
832c4102
032d0102
832dc101
13010105
67800000
130101fa
232e1104
232c8104
232a9104
23282105
23263105
23244105
23225105
23206105
232e7103
232c8103
232a9103
2328a103
2326b103
232eb100
138b0700
930a0800
23201101
2324e100
130a8502
2326d100
2328c100
93070708
232cf100
930cf0ff
6f000017
1307f007
1306f007
6372a608
6f00c000
13178501
13578741
b3877d01
a38fe7fe
938b1b00
130c8c02
93048afd
13090c00
93090000
93050b00
03850400
efe0dfd0
13040500
93850a00
03050900
efe0dfcf
3304a402
b3898900
93841400
13091900
e39a44fd
83250100
13850900
efe0dfcd
9387fbff
6348fd02
83250106
efe0dfcc
93060500
9357f541
e35c05f6
63c89701
e39097f9
930700f8
e3fcf6f6
130700f8
6ff09ff7
13077002
634cf704
83254106
efe09fc9
93060500
9357f541
63520502
63cc9703
63869703
13178501
13578741
83274100
b3877701
a38fe7fc
6ff05ff4
1307f007
1306f007
e37ca6fc
6ff05ffe
930700f8
e3faf6fc
130700f8
6ff05ffd
83258106
efe05fc4
93070500
93060500
1356f541
635e0506
63489609
63029609
13978701
13578741
83274101
b3877701
a38be7fc
9307f002
e3d477ef
83278100
93878700
2324f100
130a8a02
0327c100
13078700
2326e100
03270101
13070702
2328e100
03278101
6384e704
83278100
232af100
8327c100
2322f100
832d0101
032cc101
930b1000
130df001
6ff0dfe9
1307f007
9305f007
e3f0a5f8
6ff0dff8
130700f8
e3fee6f6
130700f8
6ff0dff7
8320c105
03248105
83244105
03290105
8329c104
032a8104
832a4104
032b0104
832bc103
032c8103
832c4103
032d0103
832dc102
13010106
67800000
130101fa
232e1104
232c8104
232a9104
23282105
23263105
23244105
23225105
23206105
232e7103
232c8103
232a9103
2328a103
2326b103
232cb100
232ec100
130b0700
938a0700
23260101
23281101
938d0600
130a0502
93070522
232af100
130df0ff
6f00400b
1307f007
1306f007
6372a608
6f00c000
13178501
13578741
2380eb00
938b1b00
938c1c00
130c0c02
638ebb07
93040afe
13090c00
93090000
93050b00
03850400
efe05fab
13040500
93850a00
03050900
efe05faa
3304a402
b3898900
93841400
13091900
e39a44fd
8325c100
03850c00
efe05fa8
83250101
33053501
efe09fa7
93060500
9357f541
e35c05f6
63c8a701
e390a7f9
930700f8
e3fcf6f6
130700f8
6ff09ff7
130a0a02
83274101
630cfa00
832cc101
032c8101
938b0d00
938d8d02
6ff0dff6
8320c105
03248105
83244105
03290105
8329c104
032a8104
832a4104
032b0104
832bc103
032c8103
832c4103
032d0103
832dc102
13010106
67800000
6350a006
13830600
93080600
130e0000
6f00c003
3307f800
23000700
93871700
638ef500
3307f600
03070700
e34407fe
b306f800
2380e600
6ff05ffe
130e1e00
3303b300
b388b800
630cc501
13860800
13080300
93070000
e346b0fc
6ff01ffe
67800000
130101f7
23261108
23248108
23229108
23202109
232e3107
232c4107
232a5107
23286107
23267107
23248107
23229107
2320a107
232eb105
2324b104
938c0600
130c0700
13890700
b3071801
2326f104
930b1000
b39bfb00
b397fb00
232af100
232ec102
2320a104
b7170000
93870740
b307f600
2322f104
b79701e0
03ad07d4
83ad47d4
b79701e0
03a8c7d4
83a787d4
2324f100
23260101
b79701e0
03a847d6
83a707d6
232cf100
232e0101
b79701e0
03a8c7d7
83a787d7
2320f102
23220103
b79701e0
03a847d9
83a707d9
2324f102
23260103
b79701e0
03a8c7da
83a787da
2328f102
232a0103
93090900
6f008053
03268101
8326c101
03254100
93850a00
ef70907f
efe0dff4
63408512
b79701e0
03a687d6
83a6c7d6
03254100
93850a00
ef70907d
efe0dff2
33048502
03254101
ef80d067
b79701e0
03a607d7
83a647d7
ef70907b
efe0dff0
3305a400
93050a00
efe01f84
93060500
1357f541
635e0544
63140746
93178501
93d78741
2300f900
93841400
13091900
63806447
93850c00
03850900
efe0df80
13040500
93050c00
03850400
efe0cfff
3304a402
13850b00
ef80d060
2322a100
938a0500
13060d00
93860d00
ef705074
efe09fe9
93070500
13050000
e344f4f8
03268100
8326c100
03254100
93850a00
ef701072
efe05fe7
e34885f0
b79701e0
03a607d5
83a647d5
03254100
93850a00
ef701070
efe05fe5
33048502
03254101
ef80505a
b79701e0
03a687d5
83a6c7d5
ef70106e
efe05fe3
3305a400
6ff09ff2
03260102
83264102
03254100
93850a00
ef70106c
efe05fe1
63448504
b79701e0
03a607d8
83a647d8
03254100
93850a00
ef70106a
efe05fdf
33048502
03254101
ef805054
b79701e0
03a687d8
83a6c7d8
ef701068
efe05fdd
3305a400
6ff09fec
03268102
8326c102
03254100
93850a00
ef701066
efe05fdb
63448504
b79701e0
03a687d9
83a6c7d9
03254100
93850a00
ef701064
efe05fd9
33048502
03254101
ef80504e
b79701e0
03a607da
83a647da
ef701062
efe05fd7
3305a400
6ff09fe6
03260103
83264103
03254100
93850a00
ef701060
efe05fd5
63448504
b79701e0
03a607db
83a647db
03254100
93850a00
ef70105e
efe05fd3
33048502
03254101
ef805048
b79701e0
03a687db
83a6c7db
ef70105c
efe05fd1
3305a400
6ff09fe0
b79701e0
03a607dc
83a647dc
03254100
93850a00
ef70d059
efe01fcf
63448504
b79701e0
03a687dc
83a6c7dc
03254100
93850a00
ef70d057
efe01fcd
33048502
03254101
ef801042
b79701e0
03a607dd
83a647dd
ef70d055
efe01fcb
3305a400
6ff05fda
b79701e0
03a687dd
83a6c7dd
03254100
93850a00
ef709053
efe0dfc8
63448504
b79701e0
03a607de
83a647de
03254100
93850a00
ef709051
efe0dfc6
33048502
03254101
ef80d03b
b79701e0
03a687de
83a6c7de
ef70904f
efe0dfc4
3305a400
6ff01fd4
b79701e0
03a607df
83a647df
03254100
93850a00
ef70504d
efe09fc2
63448504
b79701e0
03a687df
83a6c7df
03254100
93850a00
ef70504b
efe09fc0
33048502
03254101
ef809035
b79701e0
03a607e0
83a647e0
ef705049
efe09fbe
3305a400
6ff0dfcd
b79701e0
03a687e0
83a6c7e0
03254100
93850a00
ef701047
efe05fbc
63448504
b79701e0
03a607e1
83a647e1
03254100
93850a00
ef701045
efe05fba
33048502
03254101
ef80502f
b79701e0
03a687e1
83a6c7e1
ef701043
efe05fb8
3305a400
6ff09fc7
b79701e0
03a607e2
83a647e2
03254100
93850a00
ef70d040
efe01fb6
63448504
b79701e0
03a687e2
83a6c7e2
03254100
93850a00
ef70d03e
efe01fb4
33048502
03254101
ef801029
b79701e0
03a607e3
83a647e3
ef70d03c
efe01fb2
3305a400
6ff05fc1
03254100
93850a00
efe0dfb0
63448504
b79701e0
03a687e3
83a6c7e3
03254100
93850a00
ef709039
efe0dfae
33048502
03254101
ef80d023
b79701e0
03a607e4
83a647e4
ef709037
efe0dfac
3305a400
6ff01fbc
b79701e0
03a687e4
83a6c7e4
03254100
93850a00
ef705035
efe09faa
8327c104
3315f500
6ff09fb9
1306f007
9307f007
e370a6ba
6ff09fba
930700f8
e3fcf6b8
930700f8
6ff09fb9
130b8b00
83270101
93878700
2328f100
93891900
83278103
6308fb00
93048bff
03290101
6ff01fb8
93090a00
8327c103
93870714
232ef102
03270104
13078702
2320e104
03274104
6386e702
83278104
138b8700
93878714
232cf102
03290104
8327c103
2328f100
138a0900
93090900
6ff0dffa
8320c108
03248108
83244108
03290108
8329c107
032a8107
832a4107
032b0107
832bc106
032c8106
832c4106
032d0106
832dc105
13010109
67800000
130101fb
23261104
23248104
23229104
23202105
232e3103
232c4103
232a5103
23286103
23267103
23248103
23229103
2320a103
232eb101
938a0600
130c8502
938c0500
138a8500
930d0600
93878508
2326f100
1309f0ff
130d00f8
930bf007
6f00c008
13870b00
63f0ab04
6f00c000
13178501
13578741
2380e400
13041400
93841400
630c4403
03850900
83070400
93850a00
3305f502
efe00fa7
93060500
9357f541
e35005fc
63c62701
e39227fd
e3f0a6fd
13070d00
6ff01ffc
130b8b00
93891900
63888901
93040b00
13840c00
6ff09ffb
130c8c02
130a8a00
938c8c00
938d0d14
8327c100
6308fa00
93098cfd
138b0d00
6ff05ffd
8320c104
03248104
83244104
03290104
8329c103
032a8103
832a4103
032b0103
832bc102
032c8102
832c4102
032d0102
832dc101
13010105
67800000
13010181
2326117e
2324817e
2322917e
2320217f
232e317d
232c417d
232a517d
2328617d
2326717d
2324817d
2322917d
2320a17d
232eb17b
130101d6
130e0500
13850500
13030600
938e0600
2326e104
138f0700
13060800
138d0800
b7160000
938706a4
13070105
b387e700
83a50700
b3850501
b7f7ffff
138706a0
13080105
33070701
b307f700
13870764
2324e104
938706a4
b306f800
6f00c000
13070704
6302d702
930707fc
13080000
93080000
23a00701
23a21701
93878700
e396e7fe
6ff0dffd
93078f02
2324f102
2326d103
232ec103
23206104
2322a104
23240100
b307a041
2326f100
b7160000
938746a4
13070105
b387e700
83a70700
b387a701
3387b700
2328e102
938786a4
93060105
b387d700
83a70700
b307f600
232af102
b306f740
2322d102
b387e740
232cf102
6f00402b
93040000
130a0000
6f00000b
13060d00
93050900
efe08f8e
93090500
13890500
33853401
b3349500
b3052a01
b385b400
03870b00
9357f741
b387a702
b386e502
b387d700
b306a702
3337a702
b387e700
3307db00
b3366701
3304f400
130b0700
33848600
0326c100
efe04f89
23a0aa00
23a2ba00
938b1b00
938a8a00
130c1c00
938c1c00
6384ba09
83278100
e38a07f6
03850c00
9357f541
83a40a00
b387f402
03a74a00
3307a702
b387e700
33baa402
b384a402
338a4701
03090c00
9357f941
03274100
83050700
13d7f541
b387b702
33072703
b387e700
3305b902
3339b902
93090500
33892701
e342a0f3
e35a0df2
13060d00
13850400
93050a00
efe00f80
93040500
138a0500
6ff09ff1
83270101
83840700
93d7f441
03270102
83050700
13d7f541
b387b702
33079702
b387e700
3385b402
b3b4b402
13090500
b3849700
83290103
03264102
6342c00c
83274102
63c8070c
33052b01
b3356501
33049400
b7170000
9387c7a4
13070105
b387e700
83a70700
33863741
b3858500
efd01ff8
6344b00c
638e050a
9307f0ff
63c6f50c
6380f50c
13158501
13558541
8327c101
2380a700
93871700
232ef100
03270101
13071700
2328e100
03274100
13071700
2322e100
938d0d04
03274101
13078700
232ae100
03278101
13078700
232ce100
03278102
638ee706
938a0dfc
832c8101
032c4101
832bc102
130b0000
13040000
83274100
2320f102
6ff01fe8
93850400
efd0dfee
13090500
93840500
6ff09ff3
03268103
13050b00
93050400
efd01fed
130b0500
13840500
83294103
6ff09ff1
9307f007
e3f2a7f4
1305f007
6ff01ff5
930700f8
e370f5f4
130500f8
6ff01ff4
83278100
13871700
2324e100
83278102
93878702
2324f102
8327c102
93878700
2326f102
8327c103
93878702
232ef102
83270104
93870714
2320f104
83274104
93870714
2322f104
93070001
630cf702
83278102
938787fd
232ef100
8327c104
2328f100
83274104
232cf100
83270104
232af100
832d8104
8327c103
2322f100
6ff09ff0
1301012a
8320c17e
0324817e
8324417e
0329017e
8329c17d
032a817d
832a417d
032b017d
832bc17c
032c817c
832c417c
032d017c
832dc17b
1301017f
67800000
130101fb
23261104
23248104
23229104
23202105
232e3103
232c4103
232a5103
23286103
23267103
23248103
23229103
2320a103
232eb101
2326a100
635aa00e
138a0500
138c0700
930c0800
138d0800
2320e100
2322c100
2324d100
930d0000
9309f0ff
6f00400b
1307f007
1306f007
6370a606
6f00c000
13178501
13578741
b3849a00
2380e400
13041400
630e8a04
93040400
b3878b00
93050c00
03850700
efd0dfcd
13090500
b3078b00
93850c00
03850700
efd09fcc
93050d00
3305a902
efd0dfcb
93060500
9357f541
e35e05f8
63c83701
e39237fb
930700f8
e3fef6f8
130700f8
6ff0dff9
938d1d00
83270100
b3874701
2320f100
83274100
b3874701
2322f100
83278100
b3874701
2324f100
8327c100
638eb701
e35840fd
832b4100
032b8100
832a0100
13040000
6ff05ff6
8320c104
03248104
83244104
03290104
8329c103
032a8103
832a4103
032b0103
832bc102
032c8102
832c4102
032d0102
832dc101
13010105
67800000
130101fa
232e1104
232c8104
232a9104
23282105
23263105
23244105
23225105
23206105
232e7103
232c8103
232a9103
2328a103
2326b103
232aa100
2328c100
232ce100
232ef100
032b0106
635aa010
138c0500
938a0800
b307c800
2324f100
338ab600
23260100
930df0ff
6f00800d
1307f007
1306f007
6376a608
6f00c000
13178501
13578741
2380eb00
938b1b00
130d1d00
b38c8c01
83278100
6380fb08
b3048a41
13890c00
93090000
635a8003
93850a00
03850400
efd09fb5
13040500
93050b00
03050900
efd09fb4
3304a402
b3898900
93841400
13091900
e39a44fd
83254106
03050d00
efd09fb2
83258106
33053501
efd0dfb1
93060500
9357f541
e35805f6
63c8b701
e39cb7f7
930700f8
e3f8f6f6
130700f8
6ff01ff7
8327c100
93871700
2326f100
03278100
83260101
3307d700
2324e100
330a8a01
03274101
6300f702
83270101
e35af0fc
03278100
b30bf740
032dc101
832c8101
6ff05ff4
8320c105
03248105
83244105
03290105
8329c104
032a8104
832a4104
032b0104
832bc103
032c8103
832c4103
032d0103
832dc102
13010106
67800000
130101fb
23261104
23248104
23229104
23202105
232e3103
232c4103
232a5103
23286103
23267103
23248103
23229103
2320a103
232eb101
2326a100
635aa00e
138a0500
138c0700
930c0800
138d0800
2320e100
2322c100
2324d100
930d0000
9309f0ff
6f00400b
1307f007
1306f007
6370a606
6f00c000
13178501
13578741
b3849a00
2380e400
13041400
630e8a04
93040400
b3878b00
93050c00
03850700
efd05f9d
13090500
b3078b00
93850c00
03850700
efd01f9c
93050d00
3305a900
efd05f9b
93060500
9357f541
e35e05f8
63c83701
e39237fb
930700f8
e3fef6f8
130700f8
6ff0dff9
938d1d00
83270100
b3874701
2320f100
83274100
b3874701
2322f100
83278100
b3874701
2324f100
8327c100
638eb701
e35840fd
832b4100
032b8100
832a0100
13040000
6ff05ff6
8320c104
03248104
83244104
03290104
8329c103
032a8103
832a4103
032b0103
832bc102
032c8102
832c4102
032d0102
832dc101
13010105
67800000
130101fc
232e1102
232c8102
232a9102
23282103
23263103
23244103
23225103
23206103
232e7101
232c8101
232a9101
2328a101
2326b101
930d0500
938b0500
93040600
138c0600
930c0700
330db602
6358b00a
138f0600
930e0700
130e0000
130b0000
930a0000
1304f0ff
93090000
13090000
130a0000
13031000
93082000
6f008006
6354e304
63d4e804
6358e400
138b0600
930a0800
13040700
93861600
638cd402
b307d500
83870700
3387d500
03070700
b387e740
13d6f741
3347f600
3307c740
e39007fc
13091900
130a1a00
93891900
6ff09ffb
130e1e00
330f9f00
b38e9e00
638acb03
13050f00
93850e00
93060000
13080e00
e34690fa
6ff0dffd
130b0000
930a0000
1304f0ff
93090000
13090000
130a0000
37b500e0
13054544
ef30c04c
93850d00
37b500e0
13054548
ef30c04b
13860400
93850b00
37b500e0
13054549
ef30804a
93050d00
37b500e0
1305854a
ef308049
13060d00
93050900
37b500e0
1305c54b
ef304048
b3052d41
b3c5a503
37b500e0
1305454d
ef300047
13060d00
93050a00
37b500e0
1305854e
ef30c045
13060d00
93850900
37b500e0
13050550
ef308044
93060b00
13860a00
93050400
37b500e0
13058551
ef300043
b3849a02
b3879c00
b3876701
b3049c00
338b6401
03860700
83050b00
37b500e0
1305c553
ef308040
37b500e0
13058555
ef30c03f
8320c103
03248103
83244103
03290103
8329c102
032a8102
832a4102
032b0102
832bc101
032c8101
832c4101
032d0101
832dc100
13010104
67800000
130101f8
23221100
23242100
23263100
23284100
232a5100
232c6100
232e7100
23208102
23229102
2324a102
2326b102
2328c102
232ad102
232ce102
232ef102
23200105
23221105
23242105
23263105
23284105
232a5105
232c6105
232e7105
23208107
23229107
2324a107
2326b107
2328c107
232ad107
232ce107
232ef107
73252034
f3254034
73261034
93060100
ef10c036
73101534
b7220000
93820280
73a00230
83204100
03218100
8321c100
03220101
83224101
03238101
8323c101
03240102
83244102
03258102
8325c102
03260103
83264103
03278103
8327c103
03280104
83284104
03298104
8329c104
032a0105
832a4105
032b8105
832bc105
032c0106
832c4106
032d8106
832dc106
032e0107
832e4107
032f8107
832fc107
13010108
73002030
6f000000
130101fc
23261102
23248102
23229102
23202103
232e3101
93840500
13090600
93890600
2328e102
232af102
232c0103
232e1103
13040500
13041400
8347f4ff
e39c07fe
63048502
1307f002
1308c005
83470400
638ae700
63860707
1304f4ff
e31885fe
6f008000
13041400
37b500e0
13058559
ef30c021
93050103
2326b100
13850900
ef304027
93060900
13860400
93050400
37b500e0
1305c55a
ef30401f
13051000
ef100074
8320c102
03248102
83244102
03290102
8329c101
13010104
67800000
13041400
6ff05ffa
13153500
b70701e2
3305f500
2320b500
67800000
67800000
93070500
03270501
630c0702
83260700
83254501
13861500
232ac500
b386b600
03c50600
83268700
6304d600
67800000
0327c700
23a8e700
23aa0700
67800000
1305f0ff
6ff09ffe
130101ff
23261100
23248100
23229100
23202101
13090500
93840500
ef00503a
13040500
b7b500e0
9385c55b
13850400
ef400064
6318050a
630e0402
8327c400
639e0706
93071000
2326f400
83274400
2328f400
232a0400
13050400
8320c100
03248100
83244100
03290100
13010101
67800000
13070900
b7b600e0
9386065c
379601e0
130606e5
9305d001
37b500e0
1305455d
eff01fe4
b7b600e0
93860662
37b600e0
1306066d
93057003
37b500e0
13050563
eff01fe2
6ff05ff8
03270400
b7b600e0
93864668
37b600e0
1306066d
93058003
37b500e0
13050563
eff09fdf
6ff05ff6
b7b500e0
93858568
13850400
ef400058
63120508
630a0400
13050400
ef000027
13050400
ef005015
13058003
ef10000e
13040500
630e0502
13050400
ef004023
13050900
ef404077
13051500
ef10000c
2320a400
93050900
ef40006b
13050400
ef00802e
93072000
2326f400
6ff09ff0
b7b600e0
9386c668
379601e0
130606e5
93058002
37b500e0
1305455d
eff05fd6
6ff09ffa
b7b500e0
93850569
13850400
ef40c04e
63120508
630a0402
23240400
83274400
2328f400
638c0700
83a7c700
63880700
2328f400
83a7c700
e39c07fe
93072000
2326f400
6ff0dfe9
13058003
ef10c002
13040500
630e0500
13050400
ef000018
23202401
13050400
ef00c024
6ff01ffd
b7b600e0
9386c668
379601e0
130606e5
93054003
37b500e0
1305455d
eff01fcd
6ff09ffc
b7b600e0
93864669
379601e0
130606e5
9305b004
37b500e0
1305455d
eff0dfca
6ff0dfe2
130101ff
23261100
23248100
13040500
8327c500
63820702
23260400
23280400
232a0400
13050000
8320c100
03248100
13010101
67800000
b7b600e0
93868669
379601e0
130686e5
93051005
37b500e0
1305455d
eff01fc5
6ff01ffc
130101ff
23261100
23248100
13040500
63040502
0327c400
93071000
6310f704
13050400
eff09fd0
8320c100
03248100
13010101
67800000
b7b600e0
93860662
37b600e0
1306466b
9305b002
37b500e0
13050563
eff05fbf
6ff0dffb
03270400
b7b600e0
93864668
37b600e0
1306466b
9305c002
37b500e0
13050563
eff0dfbc
6ff01ffa
23200500
23220500
23240500
23260500
67800000
130101ff
23261100
23248100
13040500
03250500
ef005076
13050400
ef00d075
8320c100
03248100
13010101
67800000
23200500
23220500
23240500
23260500
23280500
232a0500
67800000
03278500
93071000
6314f700
67800000
130101ff
23261100
23248100
13040500
03250500
ef009070
03244400
630a0400
13050400
0324c400
eff0dff7
e31a04fe
8320c100
03248100
13010101
67800000
130101ff
23261100
23248100
13040500
63080502
83274400
63860704
13050000
03a78700
3305e500
83a7c700
e39a07fe
8320c100
03248100
13010101
67800000
b7b600e0
93860662
37c600e0
13060680
93059004
37b500e0
1305056f
eff09fab
6ff05ffb
13050000
6ff09ffc
130101ff
23261100
23248100
23229100
23202101
13040500
83240500
13850400
ef400045
9307b000
63f4a716
13860400
93050500
3787379e
1303979b
93080300
b7c7edfe
138ef7ee
1308b000
03475600
13178700
83466600
93960601
3307d700
83474600
3307f700
83467600
93968601
3307d700
33076700
83479600
93978700
8346a600
93960601
b387d700
83468600
b387d700
8346b600
93968601
b387d700
b387c701
83461600
93968600
03432600
13130301
b3866600
03430600
b3866600
03433600
13138301
b3866600
b386e640
b386f640
b3861601
93d8d700
b3c6d800
3307f740
b308d740
13978600
33471701
b387d740
b387e740
9358d700
b3c7f800
b386e640
b388f640
93d6c700
b3c61601
3307f740
b308d740
13970601
33471701
b387d740
b388e740
93575700
b3c71701
b386e640
b386f640
93d83700
b3c8d800
3307f740
33071741
1393a800
3343e300
b3871741
b3876740
1357f300
334ef700
1306c600
938545ff
e362b8ee
b307c501
1307b000
636cb70a
93952500
37b700e0
13070775
b385e500
03a70500
67000700
13860400
93050500
3787379e
1303979b
93080300
b7c7edfe
138ef7ee
6ff01ffc
0347a600
13178701
b387e700
03479600
13170701
b387e700
03478600
13178700
b387e700
03477600
13178701
3303e300
03476600
13170701
3303e300
03475600
13178700
3303e300
03474600
3303e300
03473600
13178701
b388e800
03472600
13170701
b388e800
03471600
13178700
b388e800
03470600
b388e800
b3866700
b386d840
93d8d700
b3c6d800
3307f340
3307d740
13938600
3343e300
b387d740
33876740
9357d300
b3c7e700
b3866640
b388f640
93d6c700
b3c61601
3307f340
3303d740
13970601
33476700
b387d740
3386e740
93575700
b3c7c700
b386e640
b386f640
13d63700
b346d600
3307f740
3307d740
1399a600
3347e900
b387d740
b387e740
1357f700
3349f700
232a2403
23269402
13850400
ef40801a
2328a402
b79701e0
83a707ef
6384070e
03a78701
232ce400
23200402
83a68701
03a70601
83a64601
3307d740
232ee400
03a78701
03270701
23248700
83a78701
13078401
23a8e700
b79701e0
03a707ef
83268701
83a7c600
93871700
23a6f600
03278701
83274700
9387f7ff
b3f72701
13991700
b307f900
13992700
83270700
b3872701
03a74700
13071700
23a2e700
03a70700
2324e402
23220402
03a70700
63060700
93068401
2326d700
13078401
23a0e700
03a78700
93061700
13972600
3307d700
13171700
83a74700
63e8e700
83278401
03a94702
630a090c
8320c100
03248100
83244100
03290100
13010101
67800000
23200402
232e0400
1305c002
ef00901f
232ca400
63020508
1306c002
93050000
ef309058
83278401
13078401
23a8e700
83278401
13070002
23a2e700
83278401
13075000
23a4e700
83278401
13078001
23aae700
83248401
13050018
ef00901a
23a0a400
03278401
b72711a0
938717fe
2324f702
83278401
03a50700
63040502
13060018
93050000
ef301052
b79701e0
23a887ee
6ff01fec
1305f0ff
ef001063
6ff0dffe
1305f0ff
ef005062
03258401
ef001020
6ff09ffd
83a74700
13951700
3305f500
13153500
ef00d013
93040500
63080506
83278401
83a74700
13961700
3306f600
13163600
93050000
ef30d04b
03278401
8326c700
83274700
93971700
9387f7ff
b3f7d700
b337f000
03268700
13061600
b3d6c600
b387d700
232cf700
83278401
23ae0700
83278401
03a74700
630c070c
93080900
13080900
6f00800b
1305f0ff
ef009058
6ff01fea
23a60600
03a70700
23a8e600
63040700
2326d700
23a0d700
630e0606
93060600
03260601
83278401
83a74700
93971700
9387f7ff
03a7c601
33f7e700
93171700
b387e700
93972700
b387f400
03a74700
13071700
23a2e700
83258401
03a58501
e370e5fa
03a7c501
13071700
23aee500
83a58700
03278401
03278701
3387e502
03a54700
e37ea7f6
93851500
23a4b700
6ff01ff7
13081800
83278401
9388c800
03a74700
637ce800
83a70700
b3871701
03a60700
e31406f6
6ff0dffd
03a50700
ef00500a
03278401
83274700
93971700
2322f700
03278401
83278700
93871700
2324f700
83278401
23a09700
83278401
03a7c700
13571700
83a6c701
6376d700
03a90702
13091900
23a02703
83278401
83a60702
13071000
e372d7d8
23a2e702
6ff0dfd7
93068501
8327c501
6384070c
379701e0
032707ef
03268701
83250601
6382b612
03260502
03278701
03274701
b387e700
23a4c700
83270502
63800702
0327c501
379601e0
032606ef
03268601
03264601
b387c700
23a2e700
b79701e0
03a607ef
83258601
83a74500
9387f7ff
03274503
b3f7e700
13971700
b307f700
13972700
83a70500
b387e700
03a74700
1307f7ff
23a2e700
03a70700
6300d70c
83274502
63860700
03278502
23a8e700
83278502
63860700
03274502
23a6e700
03278601
8327c700
9387f7ff
2326f700
67800000
03270502
63040702
379701e0
032707ef
03268701
83250601
638cb604
03270502
b79701e0
23a8e7ee
6ff0dff3
130101ff
23261100
23248100
379401e0
130404ef
83270400
83a78701
03a50700
ef004072
83270400
03a58701
ef008071
23200400
8320c100
03248100
13010101
67800000
83254601
b387b700
2328f600
8327c501
e39807ec
6ff09ff9
03278502
23a0e700
6ff0dff3
130101fe
232e1100
232c8100
232a9100
23282101
23263101
23244101
13090500
ef30d04b
b79701e0
03a407ef
630a0430
93040500
9307b000
63f4a716
93060900
93050500
3786379e
1306969b
93080600
b7c7edfe
1387f7ee
1305b000
03c85600
13188800
83c76600
93970701
3308f800
83c74600
3308f800
83c77600
93978701
3308f800
3306c800
83c79600
93978700
03c8a600
13180801
b3870701
03c88600
b3870701
03c8b600
13188801
b3870701
b387e700
03c71600
13178700
03c82600
13180801
33070701
03c80600
33070701
03c83600
13188801
33070701
3307c740
3307f740
33071701
13d8d700
3347e800
3306f640
3308e640
13168700
33460601
b387e740
3388c740
9357d600
b3c70701
3307c740
3308f740
13d7c700
33470701
3306f640
3308e640
13160701
33460601
b387e740
3388c740
93575600
b3c70701
3307c740
3307f740
93d83700
b3c8e800
3306f640
33061641
1398a800
3346c800
b3871741
b387c740
1357f600
3347f700
9386c600
938545ff
e362b5ee
b387e400
1307b000
636cb70a
93952500
37b700e0
13070778
b385e500
03a70500
67000700
93060900
93050500
3786379e
1306969b
93080600
b7c7edfe
1387f7ee
6ff01ffc
03c7a600
13178701
b387e700
03c79600
13170701
b387e700
03c78600
13178700
b387e700
03c77600
13178701
3306e600
03c76600
13170701
3306e600
03c75600
13178700
3306e600
03c74600
3306e600
03c73600
13178701
b388e800
03c72600
13170701
b388e800
03c71600
13178700
b388e800
03c70600
b388e800
3387c700
3387e840
93d8d700
b3c8e800
3306f640
33061641
93958800
33c6c500
b3871741
3387c740
9357d600
b3c7e700
b388c840
b388f840
93d6c700
b3c61601
3306f640
3306d640
13970601
3347c700
b387d740
b389e740
93575700
b3c73701
b386e640
b386f640
93d93700
b3c6d900
3307f740
3307d740
9399a600
33c7e900
b387d740
b387e740
1357f700
b349f700
03268401
83274600
9387f7ff
b3f73701
83260600
13971700
b307f700
93972700
b387f600
03a40700
63060404
83274601
330af040
3304f440
631c0400
6f008003
03248402
63080402
33044401
63040402
83274403
e39637ff
83270403
e39297fe
13860400
93050900
0325c402
ef304062
e31805fc
13050400
8320c101
03248101
83244101
03290101
8329c100
032a8100
13010102
67800000
130101fc
232e1102
232c8102
232a9102
23282103
23263103
23244103
23225103
23206103
232e7101
232c8101
232a9101
2328a101
2326b101
b79701e0
03a907ef
630a091e
03240902
93040000
13070000
93091000
130a4000
6f000001
630a041c
13090400
03240402
83278900
e39807fe
03250900
ef305010
93845400
b384a400
13050900
eff08fc1
b384a400
93f73400
13870900
e38407fc
93d7f441
13d7e701
b387e400
93f73700
b387e740
b307fa40
b384f400
13870900
6ff05ffa
13850400
ef00c020
130a0500
63020504
b79701e0
03a907ef
13040a00
630c0910
83290902
930a1000
130b4000
b7bc00e0
37bc00e0
b7bb00e0
83278900
638c0702
638a090e
13890900
83a90902
6ff0dffe
b7b600e0
9386067b
37b600e0
1306867e
93056008
37b500e0
1305056f
efe09fe8
6ff01ffa
13050900
eff08fb6
130d0500
2320a400
13044400
83250900
13050400
ef30c077
832d0900
13850d00
ef301002
13051500
3304a400
8327c900
63920706
23265901
83274900
2328f900
232a0900
6356a007
330da401
13050900
eff00f9e
13041400
a30fa4fe
e3188dfe
13050900
eff00f97
13040d00
93773d00
e38a07f4
1354fd41
9357e401
3304fd00
13743400
3304f440
33048b40
33048d00
6ff05ff3
13870d00
93064c68
13860c7d
93058003
13850b63
efe01fdd
6ff09ff8
130d0400
6ff0dffa
33044441
631c9400
13860400
93050a00
13051000
ef00801e
6f00c002
b7b600e0
9386867b
37b600e0
1306867e
93058009
37b500e0
1305056f
efe09fd8
6ff0dffc
e31607e8
8320c103
03248103
83244103
03290103
8329c102
032a8102
832a4102
032b0102
832bc101
032c8101
832c4101
032d0101
832dc100
13010104
67800000
b73700e0
938707cb
73905730
67800000
130101ff
23261100
23248100
23229100
93840500
13040600
93050500
37c500e0
13054581
ef10d079
93850400
37c500e0
13058582
ef10d078
93050400
37c500e0
13054583
ef10d077
6f000000
6302050a
93070500
13777500
63000702
9357f541
93d7d701
3307f500
13777700
b387e740
93878700
b307f500
13078000
636ef702
379701e0
032787ef
b79601e0
83a646ef
3307d740
13050000
63fee704
379701e0
130747ef
03250700
83260700
b387d700
2320f700
67800000
379701e0
032787ef
b79601e0
83a646ef
3307d740
13050000
63f2e702
379701e0
130747ef
03250700
83260700
b387d700
2320f700
67800000
13050000
67800000
63040500
67800000
130101ff
23261100
b7c600e0
9386468a
37c600e0
1306868a
9305a009
37c500e0
13058585
efe0dfc0
8320c100
13010101
67800000
130101ff
23261100
93050000
13050000
efe09fcb
93050000
13051000
efe0dfca
93050000
13052000
efe01fca
8320c100
13010101
67800000
130101fe
232e1100
232c8100
232a9100
23282101
23263101
13040500
93890500
93040600
b79701e0
83a7c7ef
63960706
93f73400
63940708
b79701e0
23ae87ee
93050400
13050000
efe09fc4
93850900
13051000
efe0dfc3
93850400
13052000
efe01fc3
93071000
630cf406
93072000
630ef406
b7b600e0
93864669
37c600e0
13064698
93054002
37c500e0
1305058f
efe05fb3
6f000006
b7c600e0
9386868c
37c600e0
13064698
93055001
37c500e0
1305058f
efe01fb1
6ff09ff7
b7c600e0
93860694
37c600e0
13064698
93056001
37c500e0
1305058f
efe0dfae
6ff0dff5
37c900e0
1309498b
6f00c000
37c900e0
1309098c
b70701e1
83a70701
63800702
8320c101
03248101
83244101
03290101
8329c100
13010102
67800000
93050900
37c500e0
13050595
ef10d052
37c500e0
13050597
ef101052
6ff09ffc
13050000
67800000
130101ff
23261100
93051000
13050000
efe0dfb3
8320c100
13010101
67800000
b70701e1
83a70708
9387f7ff
13072000
636af700
6358b500
23200500
13054500
e34cb5fe
67800000
130101ff
23261100
ef105069
b79701e0
13071000
23a0e7f0
eff05fe2
b70701e1
83a70708
13072000
638ae70e
6366f702
6388070a
b70701e1
83a70701
639a070c
b7c500e0
9385c599
37c500e0
1305c59c
ef109047
6f00c002
13073000
6392e702
b70701e1
83a70701
63960706
b7c500e0
9385c599
37c500e0
1305059a
ef10d044
b70701e0
9387473e
83a50700
93851500
23a0b700
93071000
63cab70a
37c500e0
1305c5cc
ef105042
ef10d052
ef109053
efe09fa6
b70701e1
83a70701
6380070a
b70701e1
83a70701
8320c100
13010101
67800000
b7c500e0
93858599
6ff09ff9
b70701e1
83a70701
639e0700
b7c500e0
9385c599
37c500e0
1305459b
ef10d03c
6ff01ff8
b7c500e0
93858599
6ff09ffe
b7c500e0
93858599
6ff01ff3
b70701e1
83a70701
639e0700
b7c500e0
9385c599
37c500e0
1305459e
ef101039
6ff05ff4
b7c500e0
93858599
6ff09ffe
37c500e0
1305c59f
ef105037
6ff05ff4
13054006
ef101041
6ff0dff5
b70702e0
93878783
379701e0
232af7ee
379701e0
b70702e0
9387f7ff
232cf7ee
67800000
130101ff
23261100
73504030
eff01fb6
8320c100
13010101
67800000
b75700f0
83a70700
67800000
130101ff
23261100
b70701e1
03a70703
93071000
630af700
eff0dffd
8320c100
13010101
67800000
b70701e1
83a70701
63840702
eff01f8a
b70701e1
83a70701
e38c07fc
93054000
37c500e0
130505a2
ef10502c
6ff05ffc
37c500e0
130505a1
ef10502b
6ff01ffd
130101ff
23261100
631c0500
eff01f86
b70701e1
83a70701
639e0700
6f000000
93050500
37c500e0
130545a2
ef101028
6ff0dffd
93054000
37c500e0
130505a2
ef10d026
6ff09ffd
67800000
67800000
67800000
130101fd
23261102
23248102
23229102
23202103
232e3101
232c4101
232a5101
23286101
23267101
23248101
23229101
2320a101
13090500
93890500
930a0600
138a0600
130d0700
938c0700
930b0800
138c0800
93f73800
93040600
63980702
b3049841
b384c400
13040600
63fe0c0b
13060400
13041400
93060a00
93850900
13050002
e7000900
e31494fe
330b9d01
13040b00
330b9b00
63820c02
93060a00
33068b40
93850900
0345f4ff
e7000900
1304f4ff
e314a4ff
b3849401
137c2c00
63060c02
b38a5441
63f27a03
13860400
93060a00
93841400
93850900
13050002
e7000900
938a1a00
e3e27aff
13850400
8320c102
03248102
83244102
03290102
8329c101
032a8101
832a4101
032b0101
832bc100
032c8100
832c4100
032d0100
13010103
67800000
93040600
6ff01ff6
130101ff
23261100
93020800
938f0800
032e0101
03284101
83288101
13f32800
631c0308
63060802
13f31800
630c0318
63960200
13f3c800
63040300
1308f8ff
63f0c705
1303f001
637af300
6f004003
63f4c703
1303f001
6360f302
930e0003
130f0002
93871700
3303f700
a30fd3ff
63f4c701
e398e7ff
13f31800
630e0302
63fc0703
1303f001
930e0003
130f0002
636cf300
93871700
3303f700
a30fd3ff
638a0701
e398e7ff
13f30801
631a0300
6f008006
93070800
13f30801
63000304
13f30840
63180300
63860700
630efe04
638c0705
13030001
638a6f06
13032000
63886f08
1303f001
6368f302
3303f700
130e0003
2300c301
93871700
1303f001
636cf300
63840208
3303f700
130ed002
2300c301
93871700
eff09fdb
8320c100
13010101
67800000
1383f7ff
630c0300
130e0001
9387e7ff
638acf01
93070300
6ff0dff9
93070300
6ff0dff8
13f30802
63120308
1303f001
e366f3f8
3303f700
130e8007
2300c301
93871700
6ff09ff7
1303f001
e362f3fa
3303f700
130e2006
2300c301
93871700
6ff0dff5
13f34800
630c0300
3303f700
130eb002
2300c301
93871700
6ff05ff7
13f38800
e30603f6
3303f700
130e0002
2300c301
93871700
6ff09ff5
e3fac7ef
1303f001
e378f3e8
6ff09fee
1303f001
e360f3f4
3303f700
130e8005
2300c301
93871700
6ff09fef
130101fc
232e1102
93830700
83224104
631a0700
93f7f2fe
93f20240
63980206
93820700
93f70202
930f1006
63840700
930f1004
93ffff0f
93070000
930e9000
938f6fff
130f0002
6f00c002
13030303
1373f30f
93871700
130e0101
330efe00
a30f6efe
33530703
63660703
6384e703
13070300
33730703
1373f30f
e3f86efc
3303f301
1373f30f
6ff0dffc
93820700
93070700
23245100
03270104
2322e100
23201101
93080800
13880300
13070101
eff01fd6
8320c103
13010104
67800000
130101f7
232e1106
232c8106
232a9106
23282107
23263107
23244107
23225107
23206107
232e7105
232c8105
232a9105
2328a105
2326b105
232ca100
938c0500
130d0600
938d0600
93090700
13840700
232e0101
23261109
138a0800
03290109
032cc109
b367f700
639a0700
9377fcfe
137c0c40
63100c0a
138c0700
93770c02
930b1006
63840700
930b1004
93fbfb0f
93040000
930a9000
938b6bff
130b0002
6f004004
13050503
1375f50f
93841400
93070102
b3879700
a38fa7fe
13060a00
93060900
13850900
93050400
ef30006e
63662405
630c8902
63826405
93090500
13840500
13060a00
93060900
13850900
93050400
ef30d02e
1375f50f
e3f4aafa
33057501
1375f50f
6ff05ffa
e3f649fd
6f00c000
138c0700
93040000
23248101
83278109
2322f100
83274109
2320f100
93080a00
0328c101
93870400
13070102
93860d00
13060d00
93850c00
03258101
eff01fc0
8320c107
03248107
83244107
03290107
8329c106
032a8106
832a4106
032b0106
832bc105
032c8105
832c4105
032d0105
832dc104
13010109
67800000
130101f8
232e1106
232c8106
232a9106
23282107
23263107
23244107
23225107
23206107
232e7105
232c8105
232a9105
2328a105
2326b105
93090500
138a0500
13090600
938a0600
93040700
13840700
930b0800
138b0800
032c0108
13860400
93060400
13850400
93050400
ef40d04a
63100532
b79701e0
03a607e6
83a647e6
13850400
93050400
ef40d051
6342a030
b79701e0
03a687e6
83a6c7e6
13850400
93050400
ef40505e
6344052e
13060000
93060000
13850400
93050400
ef40d05c
634e0532
232e9100
130d0400
93770c40
232ef102
63940700
930b6000
13554d01
1375f57f
130515c0
ef509053
b79701e0
03a607e7
83a647e7
ef405067
b79701e0
03a687e7
83a6c7e7
ef305055
930c0500
938d0500
1317cd00
1357c700
b79701e0
03a607e8
83a647e8
0328c101
b707f03f
b3e7e700
13050800
93850700
ef50c03f
b79701e0
03a687e8
83a6c7e8
ef401062
13060500
93860500
13850c00
93850d00
ef30d04f
ef50103c
930d0500
ef50504b
2324a102
2320b102
b79701e0
03a607e9
83a647e9
ef40905e
b79701e0
03a607ba
83a647ba
ef30904c
ef50d038
930c0500
b79701e0
03a687e9
83a6c7e9
03258102
83250102
ef40905b
2324a102
2320b102
13850c00
ef50d045
b79701e0
03a607ea
83a647ea
ef409059
13060500
93860500
03258102
83250102
ef500035
2324a102
13060500
2320b102
93860500
ef401057
2326a102
2328b102
83288102
13860800
83270102
93860700
13850800
93850700
ef30d043
232aa102
232cb102
b79701e0
03a687ea
83a6c7ea
0325c102
83250103
ef40403f
b79701e0
03a607eb
83a647eb
ef30d040
13060500
93860500
0325c102
83250103
ef40003d
b79701e0
03a687eb
83a6c7eb
ef30903e
13060500
93860500
0325c102
83250103
ef40c03a
2326a102
2328b102
03268102
83260102
b79701e0
03a507ec
83a547ec
ef500029
13060500
93860500
0325c102
83250103
ef30103a
13060500
93860500
03254103
83258103
ef404036
b79701e0
03a687ba
83a6c7ba
ef30d037
938cfc3f
13070000
93974c01
13060700
93860700
ef405047
930c0500
2324b102
0327c101
13060700
93060d00
ef405029
634ca00e
23209103
83278102
2322f102
938c3d06
9307600c
b3bc9701
938c4c00
9357bc00
93f71700
638e0710
b79701e0
03a687ec
83a6c7ec
0327c101
13050700
93050d00
ef40d024
6346050e
b79701e0
03a607ed
83a647ed
0327c101
13050700
93050d00
ef401031
6356050c
63da7d0b
b38bbb41
938bfbff
6f00c00a
23208101
93080b00
13880b00
13870400
93070400
93860a00
13060900
93050a00
13850900
ef00401f
13040500
13050400
8320c107
03248107
83244107
03290107
8329c106
032a8106
832a4106
032b0106
832bc105
032c8105
832c4105
032d0105
832dc104
13010108
67800000
232e9100
370d0080
334d8d00
6ff05fcc
938dfdff
b79701e0
03a607eb
83a647eb
13850c00
83258102
ef400021
2320a102
2322b102
6ff05fef
930b0000
136c0c40
930c0000
930d0000
6f004001
63880b00
8327c103
b337f000
b38bfb40
23240102
63f66c01
b3079b41
2324f102
93772c00
2326f102
638c0700
93b71c00
b307f040
03278102
b377f700
2324f102
63820d02
03260102
83264102
0327c101
13050700
93050d00
ef404019
232ea100
138d0500
13060000
93060000
13850400
93050400
ef40d01c
634e050c
b7f7ffff
9387f77f
b377fc00
2320f100
83288102
13880b00
0326c101
13070600
93070d00
93860a00
13060900
93050a00
13850900
ef00000b
13040500
e38e0cea
1315ac01
1355f541
137505fe
93041400
93860a00
13060400
93050a00
13055506
e7800900
13d7fd41
b346b701
93075000
2322f100
938cfcff
23209101
93080000
1308a000
93d7fd01
3387e640
93860a00
13860400
93050a00
13850900
eff01f85
13040500
8327c102
e38807e4
33092541
e37469e5
13060400
93860a00
13041400
93050a00
13050002
e7800900
13091900
e36269ff
6ff05fe2
b7070080
33cda701
6ff01ff2
130101f7
23261108
23248108
23229108
23202109
232e3107
232c4107
232a5107
23286107
23267107
23248107
23229107
2320a107
232eb105
930b0500
138c0500
930c0600
138d0600
13090700
93890700
93040800
138b0800
832d0109
13060700
93860700
13050700
93850700
ef404070
6316051e
b79701e0
03a687e6
83a6c7e6
13050900
93850900
ef409005
634e051e
b79701e0
03a607e6
83a647e6
13050900
93850900
ef408075
6346a020
b79701e0
03a687ed
83a6c7ed
13050900
93850900
ef40c073
634aa022
b79701e0
03a607ee
83a647ee
13050900
93850900
ef405000
634c0520
13060000
93060000
13050900
93850900
ef40c07e
63460522
23260102
13f40d40
130a6000
63060404
93079000
138a0400
13040000
63fe9702
93070003
2308f102
138af4ff
138874ff
13041000
93060003
13070002
630e8800
13041400
93070103
b3878700
a38fd7fe
130afaff
e314e4fe
13050900
93850900
ef500062
93040500
93173a00
37c700e0
130707c3
b307f700
03a84700
83a70700
232cf100
232e0101
ef50406f
13060500
93860500
13050900
93850900
ef40905f
03268101
8326c101
ef401002
2322a102
2324b102
ef50c064
930a0500
ef508076
13060500
93860500
03254102
83258102
ef40505c
2322a102
2324b102
b79701e0
03a607ba
83a647ba
ef408061
6352a016
938a1a00
13850a00
ef50c072
13060500
93860500
03258101
8325c101
ef40806d
6346a000
93841400
930a0000
63020a16
9305f001
1307a000
13059000
63e8851a
9306faff
13041400
93070103
33868700
b3f7ea02
93870703
a30ff6fe
b3d7ea02
6376551f
138a0600
938a0700
6ff01ffd
93880d00
13080b00
93073000
37c700e0
130747a4
93060d00
13860c00
93050c00
13850b00
eff08fa6
6f008028
93880d00
13080b00
93074000
37c700e0
130787a4
93060d00
13860c00
93050c00
13850b00
eff0cfa3
6f00c025
93f74d00
63980702
37c700e0
130707a4
93073000
93880d00
13080b00
93060d00
13860c00
93050c00
13850b00
eff08fa0
6f008022
37c700e0
130787a3
93074000
6ff05ffd
2320b101
93080b00
13880400
13070900
93870900
93060d00
13860c00
93050c00
13850b00
eff0cff3
6f00c01e
13060900
93860900
13050000
93050000
ef40d045
13090500
93890500
93071000
2326f102
6ff09fdb
b79701e0
03a607ba
83a647ba
03254102
83258102
ef400058
e34a05ea
63860a00
93f71a00
e38407ea
938a1a00
6ff01fea
13850400
ef50804f
13060500
93860500
13050900
93850900
ef40d03f
93090500
13890500
b79701e0
03a607ba
83a647ba
ef404053
63500502
b79701e0
03a607ba
83a647ba
13850900
93050900
ef404043
6356a000
93f71400
b384f400
1306f001
1307a000
636e860e
13041400
93070103
b3868700
b3e7e402
93870703
a38ff6fe
b3c4e402
e39004fe
13f73d00
93071000
6300f708
9307f001
63ea870c
8327c102
63800708
93070105
b3878700
1307d002
2380e7fe
13041400
6f00400b
9307f001
e3ee87f8
13070400
93050003
13060002
63840602
13071700
93070103
b387e700
a38fb7fe
6304c70e
9347f7ff
b3878700
b3874701
e39007fe
13041700
93070105
3387e700
9307e002
2300f7fe
6ff01ff5
e3020bf8
6f00400c
13040b00
6ff09ff7
93f74d00
638e0700
93070105
b3878700
1307b002
2380e7fe
13041400
6f000003
93f78d00
63840702
93070105
b3878700
13070002
2380e7fe
13041400
6f000001
13f73d00
93071000
6306f706
93880d00
13080b00
93070400
13070103
93060d00
13860c00
93050c00
13850b00
efe01ffe
8320c108
03248108
83244108
03290108
8329c107
032a8107
832a4107
032b0107
832bc106
032c8106
832c4106
032d0106
832dc105
13010109
67800000
13040700
6ff0dfe8
e30c0bf8
8327c102
63960700
93f7cd00
63840700
130bfbff
e37464eb
9307f001
13070003
93060002
e3e887f6
13041400
93070103
b3878700
a38fe7fe
e30464f1
e316d4fe
6ff05ff5
130101ff
23261100
93050500
b79701e0
03a587b9
ef00d038
8320c100
13010101
67800000
63140500
67800000
130101ff
23261100
eff0dffc
8320c100
13010101
67800000
130101f9
23261106
23248106
23229106
23202107
232e3105
232c4105
232a5105
23286105
23267105
23248105
23229105
2320a105
232eb103
930a0500
138a0500
93090600
13840600
130d0700
638c0502
03450400
93040000
630c057e
930c5002
b7cb00e0
938bcba9
b7c700e0
938707ae
2320f102
b7c700e0
938707a5
232ef100
6f000002
b74a00e0
938a0a61
6ff05ffc
13041400
93040900
03450400
630c057a
63089503
13891400
93860900
13860400
93050a00
e7800a00
03470400
9307a000
e318f7fc
1305d000
eff05fef
6ff05ffc
93062400
13060000
13050001
6f000006
930707fd
93f7f70f
93069000
63faf608
9307a002
13090000
630ef70a
03470400
9307e002
130b0000
630af70c
83470400
938787f9
93f6f70f
13072001
6366d718
93972600
0327c101
b387e700
83a70700
67800700
13661600
93861600
1384f6ff
03c7f6ff
930707fe
93f5f70f
e36ab5f8
93972500
b3877701
83a70700
67800700
13662600
6ff05ffd
13664600
6ff0dffc
13668600
6ff05ffc
13660601
6ff0dffb
13090000
93069000
13041400
93172900
33892701
13191900
3307e900
130907fd
03470400
930707fd
93f7f70f
e3fef6fc
6ff0dff4
13074d00
83270d00
13890700
63c80700
13041400
130d0700
6ff01ff3
13662600
3309f040
6ff0dffe
13660640
93061400
03471400
930707fd
93f7f70f
93059000
63fcf500
9307a002
6300f704
13840600
130b0000
6ff05ff0
93861600
93172b00
338b6701
131b1b00
330beb00
130b0bfd
03c70600
930707fd
93f7f70f
e3fef5fc
13840600
6ff05fed
032b0d00
9347fbff
93d7f741
337bfb00
13042400
130d4d00
6ff09feb
03471400
9307c006
6308f700
13660610
13041400
6f00c003
13660630
13042400
6f000003
03471400
93078006
6308f700
13660608
13041400
6f008001
1366060c
13042400
6f00c000
13660610
13041400
03450400
9307b5fd
93f6f70f
13073005
636cd756
93972600
03270102
b387e700
83a70700
67800700
13660620
13041400
6ff01ffd
13660610
13041400
6ff05ffc
93078007
6300f566
93078005
630ef55a
9307f006
630cf564
93072006
630cf564
9376f6fe
93079006
6316f506
93770640
1308a000
63920762
93f70620
63920708
93f70610
6390070e
93f70604
638e0710
83470d00
130d4d00
13d7f741
3346f700
2322d100
23202101
93080b00
93d7f701
3307e640
93860900
13860400
93050a00
13850a00
efe01fec
93040500
13041400
6ff01fd2
93074006
631ef500
93770640
1308a000
e38a07f8
9376e6fe
1308a000
6ff09ff8
13860600
1308a000
6f004051
13077d00
137787ff
130d8700
83270700
03254700
1356f541
b347f600
b345a600
3387c740
b3b7e700
3386c540
2326d100
23242101
23226101
23200100
93080800
1358f501
b307f640
93860900
13860400
93050a00
13850a00
efe0dfee
93040500
6ff0dff6
130c4d00
83270d00
13d7f741
3346f700
2322d100
23202101
93080b00
93d7f701
3307e640
93860900
13860400
93050a00
13850a00
efe0dfde
93040500
130d0c00
6ff09ff2
93f70608
63880700
83170d00
130d4d00
6ff01fee
83270d00
130d4d00
6ff05fed
93077d00
93f787ff
138d8700
03a70700
83a74700
2326d100
23242101
23226101
23200100
93080800
13080000
93860900
13860400
93050a00
13850a00
efe01fe4
93040500
6ff01fec
130c4d00
03270d00
2322d100
23202101
93080b00
93070000
93860900
13860400
93050a00
13850a00
efe0dfd4
93040500
130d0c00
6ff09fe8
93f70608
63880700
03570d00
130d4d00
6f00803f
03270d00
130d4d00
6f00c03e
93076004
6302f504
93077d00
93f787ff
138d8700
03a70700
83a74700
2320c100
93080900
13080b00
93860900
13860400
93050a00
13850a00
eff0cfcd
93040500
13041400
6ff05fb4
13660602
6ff0dffb
9377f50d
13077004
6388e700
93075004
6312f502
6f00c001
b7170000
93870780
3366f600
1375d50f
93075004
6314f500
13660602
93077d00
93f787ff
138d8700
03a70700
83a74700
2320c100
93080900
13080b00
93860900
13860400
93050a00
13850a00
efe09feb
93040500
13041400
6ff09fac
13762600
630a0604
930d4d00
138b1400
93860900
13860400
93050a00
03450d00
e7800a00
93071000
330c9900
63f22733
13060b00
130b1b00
93860900
93050a00
13050002
e7800a00
e3146cff
b3842401
138d0d00
6f000005
93071000
63f02731
9387f4ff
33892701
13860400
93841400
93860900
93050a00
13050002
e7800a00
e39424ff
130b4d00
93041900
93860900
13060900
93050a00
03450d00
e7800a00
130d0b00
13041400
6ff0dfa1
93074d00
2324f102
032d0d00
93060b00
63140b00
9306f0ff
03450d00
93070d00
630e0500
93871700
03c70700
63080700
3307fd40
3307d700
e31607fe
b387a741
2322f102
937d0640
63860d00
6374fb00
23226103
93772600
2326f102
63880700
6306050a
13860400
6f008007
03274102
93071700
63722725
330c9900
330cec40
13860400
93841400
93860900
93050a00
13050002
e7800a00
e39484ff
93071900
2322f102
93040c00
03450d00
138c0400
e31a05fa
6f004004
138b0700
130c1600
93860900
93050a00
e7800a00
b3079c40
b307fd00
03c50700
630c0500
13060c00
e38e0dfc
9307fbff
e3180bfc
130c0600
8327c102
639a0700
13041400
032d8102
93040c00
6ff05f91
93040c00
83274102
63f62703
33099900
330cf940
13860400
93841400
93860900
93050a00
13050002
e7800a00
e3149cfe
6ff01ffc
138c0400
6ff09ffb
13094d00
03270d00
13661602
2322c100
93078000
2320f100
93080b00
13080001
93070000
93860900
13860400
93050a00
13850a00
efe05fa3
93040500
13041400
130d0900
6ff01f89
13891400
93860900
13860400
93050a00
13850c00
e7800a00
13041400
93040900
6ff0df86
13891400
93860900
13860400
93050a00
e7800a00
13041400
93040900
6ff0df84
93040000
13860400
63e43401
1386f9ff
93860900
93050a00
13050000
e7800a00
13850400
8320c106
03248106
83244106
03290106
8329c105
032a8105
832a4105
032b0105
832bc104
032c8104
832c4104
032d0104
832dc103
13010107
67800000
13660602
13080001
937636ff
93770640
638c0700
937626ff
93079006
e30af5a4
93074006
e306f5a4
93f70620
e39a07b8
93f70610
e39a07bc
93f70604
e38207c0
03470d00
130d4d00
2322d100
23202101
93080b00
93070000
93860900
13860400
93050a00
13850a00
efe05f91
93040500
6ff05fa5
138d0d00
93040b00
6ff0dfd4
13890400
6ff05fd2
2322f102
6ff0dfde
9376e6fe
1308a000
6ff09f9d
13080001
6ff09ff6
13088000
6ff01ff6
13082000
6ff09ff5
130101fc
232e1100
13030500
2322b102
2324c102
2326d102
2328e102
232af102
232c0103
232e1103
93074102
2326f100
b79701e0
03a507f0
63180500
8320c101
13010104
67800000
0327c100
93060300
1306f0ff
93058100
375500e0
1305856e
eff0cfe3
6ff09ffd
93060500
b79701e0
03a507f0
63140500
67800000
130101fe
232e1100
13870500
1306f0ff
9305c100
375500e0
1305856e
eff04fe0
8320c101
13010102
67800000
b74700e2
03a80700
83a84700
9306803e
b387a602
33b7a602
b307f800
b3b60701
3387e800
93850700
b386e600
63eed800
63941601
636af800
374600e2
03270600
83274600
e39c07fe
374600e2
03270600
83274600
e3ecd7fe
6394f600
e368b7fe
67800000
b73700e2
13075006
23a4e700
67800000
b73700e2
13075006
23a8e700
67800000
130101ff
23261100
23248100
3704e200
13041410
33048500
13148400
930770fc
2308f400
23040400
93073000
230cf400
13954500
ef405071
93050500
b79701e0
03a587ee
ef40d03c
ef40d07d
b79701e0
03a607ba
83a647ba
ef20007f
ef404073
83478401
93e707f8
93f7f70f
230cf400
9377f50f
2300f400
13558500
1375f50f
2304a400
83478401
93f7f707
230cf400
93071000
2300f404
8320c100
03248100
13010101
67800000
130101ff
23261100
b7c50100
93850520
13050000
eff05ff4
8320c100
13010101
67800000
b707e200
93871710
3305f500
13158500
13078502
83478502
93f70702
e38a07fe
2300b500
93060006
83470700
93f70706
e39cd7fe
13051000
67800000
93070002
630af500
130575ff
1375f50f
13355500
67800000
13051000
67800000
03c80500
630c0804
83470500
63900702
13050000
67800000
83470700
63800704
13051500
83470500
638c0702
83470500
13870500
93060500
13060800
e38207fe
e310f6fe
93861600
13071700
83c70600
e38407fc
03460700
e31406fe
67800000
13050000
6ff09fff
130101fe
232e1100
232c8100
232a9100
23282101
23263101
23244101
23225101
23206101
130b0500
b7b500e0
9385c55b
efc01fbb
13090500
63040504
93040000
9309f0ff
b72a0000
379a01e0
130a0af5
13050900
efc09fe1
63003507
1374f50f
13050400
eff05ff1
e31405fe
93841400
63825403
b3874401
a38f87fe
6ff05ffd
93050b00
37c500e0
130505c8
eff09fcb
6f00c004
37260000
93050b00
37c500e0
130545ca
eff01fca
13050900
efc05fd6
13090000
6f008002
b79701e0
938707f5
b3879700
23800700
13050900
efc05fd4
379901e0
130909f5
63880402
13050900
8320c101
03248101
83244101
03290101
8329c100
032a8100
832a4100
032b0100
13010102
67800000
93050b00
37c500e0
130505cd
eff01fc3
13090000
6ff01ffc
130101ff
23261100
23248100
23229100
93040500
03240500
03450400
63000502
13041400
eff05fe3
630a0500
23a08400
13041400
0345f4ff
e31605fe
8320c100
03248100
83244100
13010101
67800000
130101ff
23261100
23248100
23229100
13040500
93840500
eff09ff9
83270400
03c70700
63129702
93871700
2320f400
13050000
8320c100
03248100
83244100
13010101
67800000
1305f0ff
6ff09ffe
130101ff
23261100
23248100
23229100
93040500
13840500
eff09ff4
83a70400
03c70700
9306d002
6306d704
9306b002
13051000
6308d704
03a80400
83480800
938708fd
93f7f70f
13079000
636ef70e
13081800
93070000
13060000
13031000
930ef0ff
370f0080
934fffff
130e9000
6f000004
93871700
23a0f400
1305f0ff
6ff09ffb
93871700
23a0f400
6ff0dffa
6342c008
630e0606
23a00401
83480800
13081800
138708fd
1377f70f
6362ee0a
13d7e701
93152600
b365b700
93962700
b387f600
33b7d700
b385c500
3307b700
93d6f701
13171700
33e7e600
93971700
138608fd
9356f641
b307f600
33b6c700
3387e600
3306e600
e30c65f8
e31ed5f9
6340c006
e31a06f8
e378fff8
6f004005
e3f4fff8
1305f0ff
6f008004
37070080
638ae700
b307f040
2320f400
13050000
6f000003
e31806fe
b7070080
2320f400
13050000
6f00c001
1305f0ff
6f004001
1307f0ff
e304e5fc
2320f400
13050000
8320c100
03248100
83244100
13010101
67800000
130101fd
23261102
23248102
23229102
23202103
232e3101
232c4101
232a5101
23286101
93890500
eff05fca
630e0518
b7c500e0
938505d0
eff0dfc2
630a0518
b7c700e0
138707d0
938707d0
93061000
b386e640
3386f600
93871700
03c70700
e31a07fe
3305c500
2326a100
9305a003
1305c100
eff09fdc
63100516
9305b005
1305c100
eff09fdb
631c0514
130b1000
13096000
930a7000
9305b005
1305c100
eff0dfd9
63120514
93840900
130a1000
6f008007
13041400
93058100
1305c100
eff0dfdc
631e0506
b3878400
03278100
a38fe7fe
9307f4ff
634ef900
9305c002
1305c100
eff09fd5
e30605fc
130580ff
6f004005
e3d08afc
9305d005
1305c100
eff0dfd3
631a050e
9307faff
6340f906
9305c002
1305c100
eff05fd2
6312050e
130a1a00
93848400
9305b005
1305c100
eff0dfd0
631e050a
13041000
6ff0dff7
130590ff
8320c102
03248102
83244102
03290102
8329c101
032a8101
832a4101
032b0101
13010103
67800000
e3da4afb
9305d005
1305c100
eff05fcc
63160508
9307fbff
13073000
6340f702
9305c002
1305c100
eff09fca
631c0506
130b1b00
93890904
6ff05fef
93074000
e3d867ff
9305d005
1305c100
eff05fc8
e30405f8
130530ff
6ff01ff8
1305f0ff
6ff09ff7
1305e0ff
6ff01ff7
1305d0ff
6ff09ff6
1305c0ff
6ff01ff6
1305b0ff
6ff09ff5
1305a0ff
6ff01ff5
130570ff
6ff09ff4
130560ff
6ff01ff4
130550ff
6ff09ff3
130540ff
6ff01ff3
130101fc
232e1102
232c8102
232a9102
23282103
23263103
23244103
23225103
23206103
232e7101
138a0500
93040600
938a0600
9309f6ff
eff0dfa7
63040516
b7c500e0
938505d0
eff05fa0
63000516
b7c700e0
138707d0
938707d0
13061000
3306e640
b305f600
93871700
03c70700
e31a07fe
3305b500
2326a100
9305a003
1305c100
eff01fba
63160512
9305b005
1305c100
eff01fb9
63120512
9305b005
1305c100
eff01fb8
130b0500
631c0510
63524005
930bfaff
9305b005
1305c100
eff05fb6
13040500
63120510
13890a00
634a9004
9305d005
1305c100
eff09fb4
631a050e
63447b0b
130b1b00
b38a9a00
e3146afd
9305d005
1305c100
eff09fb2
631e050c
9305d005
1305c100
eff09fb1
63080504
130540ff
6f008004
13041400
e38a84fa
93058100
1305c100
eff09fb4
63160502
b3078900
03278100
2380e700
e35e34fd
9305c002
1305c100
eff09fad
e30605fc
130580ff
6f008000
130590ff
8320c103
03248103
83244103
03290103
8329c102
032a8102
832a4102
032b0102
832bc101
13010104
67800000
9305c002
1305c100
eff01fa9
e30805f4
130560ff
6ff01ffc
1305f0ff
6ff09ffb
1305e0ff
6ff01ffb
1305d0ff
6ff09ffa
1305c0ff
6ff01ffa
1305b0ff
6ff09ff9
1305a0ff
6ff01ff9
130570ff
6ff09ff8
130550ff
6ff01ff8
13864501
93854515
9307c6fe
13070500
83860700
2300d700
93871700
13071700
e398c7fe
13054501
13064601
e31eb6fc
67800000
130101fb
23261104
23248104
23229104
23202105
232e3103
232c4103
232a5103
23286103
23267103
23248103
23229103
2320a103
232eb101
37c500e0
1305c5d0
eff00fda
b7e501e0
9385057b
37c500e0
130545d3
eff0dfb7
631a0576
37c500e0
130585d9
eff0cfd7
37c401e0
9305048b
37e501e0
1305057b
ef909f8f
b7b401e0
130c5000
23248101
93078000
2322f100
93077000
2320f100
93083000
13880477
b70701e0
938747bb
370701e0
130787bc
9306048b
13064001
93054001
13050001
ef909f97
93850477
b7f701e0
1385078f
eff0dfef
37f401e0
1307c0ff
2324e100
930b3000
23227101
23200100
93085000
130804cb
b7c700e0
9387c7ee
37c700e0
130707f0
93860477
13064001
93054001
13050001
ef909faa
b7f401e0
930980ff
23243101
930a6000
23225101
23200100
93080000
138804df
b7d700e0
9387c738
37e700e0
130707a3
930604cb
13068002
93054001
13050001
ef909fcc
37fa01e0
130970ff
23242101
23225101
23200100
93080000
13080a57
b7d700e0
9387473b
37d700e0
1307c73d
930604cb
13068002
93054001
13050001
ef909fc8
13085000
9307b0ff
13070000
93060a57
13060a57
93058002
13050001
ef90dff9
b7fd01e0
93860d07
138604df
93058002
13050001
efa08ff9
37c500e0
130585dc
eff04fc0
37fd01e0
23242101
23228101
23200100
93080000
13080d2f
b7d700e0
938747d2
37d700e0
1307c7d4
93860d07
13060001
93058002
13058002
efa00ffa
938604df
13060d2f
93050001
13058002
efa0cff3
b7cc01e0
23243101
23223101
23203101
93080000
13080000
93070000
37bb01e0
13070bfd
37b601e0
930606f5
13860c9f
b7c500e0
9385c507
138504df
efa01f8e
37e901e0
930870ff
13085000
93070000
13070000
9306093f
37c600e0
1306c67f
b7d500e0
93854582
13850c9f
efa05fb0
9306093f
1306093f
93058002
13050001
efa09fc5
37c500e0
130585dd
eff04fb2
93083000
13084000
930790ff
13070000
93060000
37c501e0
130605bf
b7c500e0
938545f1
1305093f
efa05fc8
9306a0ff
37d801e0
130608ff
b7b501e0
938505f5
1305093f
efb00faf
93081000
23261101
23245101
23228101
23207101
93087000
13085000
37f301e0
930703a3
37c700e0
13074705
93060bfd
37d601e0
130606ff
37c501e0
930505bf
138504df
efb0cfbd
9308c0ff
13080000
93070000
138704df
93060a57
37f301e0
130603a3
93058002
13050001
efb0df80
130e90ff
2324c101
93081000
23221101
23200100
93080000
130804cb
b7d700e0
9387c76f
37d700e0
13070771
938604df
13064001
93058002
13050001
efb09f93
37eb01e0
9308e0ff
13080000
93072000
13070b67
b7f601e0
9386068f
130604cb
93054001
13050001
efb09faa
37c500e0
130545df
eff04f9f
93050b67
b7f601e0
1385068f
eff01fbd
93050b67
130504cb
eff05fbc
1308c0ff
23240101
23227101
23200100
93085000
130804cb
b7e700e0
938707d5
37e700e0
130747d6
930604cb
13064001
93054001
13050001
ef908ff7
23243101
23225101
23200100
93080000
138804df
b7f700e0
9387071f
370701e0
13074789
930604cb
13068002
93054001
13050001
ef905f9a
23243101
23228101
23200100
93080000
13080a57
b7f700e0
93878721
37f700e0
13070724
930604cb
13068002
93054001
13050001
ef90df96
13085000
9307b0ff
13070000
93060a57
13060a57
93058002
13050001
ef901fc8
93860d07
138604df
93058002
13050001
efa00fc8
23243101
23228101
23200100
93080000
13080d2f
b7f700e0
938787b8
37f700e0
130707bb
93860d07
13060001
93058002
13058002
efa08fc9
938604df
13060d2f
93050001
13058002
efa04fc3
130770ff
2324e100
2322e100
130e90ff
2320c101
93080000
13080000
93070000
37bc01e0
13070cfd
37bd01e0
93060df5
13860c9f
b7e500e0
938505ee
138504df
efa04fdd
930870ff
13085000
93070000
13070000
9306093f
37e600e0
13060666
b7e500e0
93858568
13850c9f
efa0cfff
9306093f
1306093f
93058002
13050001
efa01f95
93082000
13084000
9307b0ff
13070000
93060000
b7cc01e0
13860cbf
b7e500e0
938585d7
1305093f
efa09f98
9306a0ff
b7dd01e0
13860dff
93050df5
1305093f
efa09fff
9307d0ff
2326f100
23245101
23227101
93081000
23201101
93087000
13085000
37f901e0
930709a3
37e700e0
130787eb
93060cfd
13860dff
93850cbf
138504df
efb08f8e
9308a0ff
13080000
93070000
138704df
93060a57
130609a3
93058002
13050001
efb0cfd1
930740ff
2324f100
23220100
23200100
93086000
130804cb
b7f700e0
93870756
37f700e0
13074757
938604df
13064001
93058002
13050001
efb0cfe4
9308a0ff
13080000
93076000
13070b67
b7f601e0
9386068f
130604cb
93054001
13050001
efb00ffc
1308c0ff
23240101
23227101
23200100
93085000
130804cb
b70701e0
938787d5
370701e0
1307c7d6
93060b67
13064001
93054001
13050001
ef908fcb
23243101
23225101
23200100
93080000
37b801e0
1308083e
b70701e0
938707d8
370701e0
1307c7db
930604cb
13069003
93054001
13050001
ef900fee
b7b601e0
93860605
13069003
93050001
37c500e0
1305c5e0
eff0cfe8
13040500
63140508
37b701e0
1307073e
b7b601e0
93860605
13069003
93050001
37c500e0
1305c5e9
efb0df86
13050400
8320c104
03248104
83244104
03290104
8329c103
032a8103
832a4103
032b0103
832bc102
032c8102
832c4102
032d0102
832dc101
13010105
67800000
13060500
b7c500e0
938585d4
37c500e0
130505d8
efe01fe0
13041000
6ff05ffa
13060500
b7c500e0
938545e2
37c500e0
130505d8
efe01fde
13041000
6ff05ff8
130101ff
23261100
23248100
23229100
23202101
370502e0
13048582
13058582
efb01ff6
b76701e0
93870736
2320f400
b7270000
9387973d
2322f400
2324f400
b7f401e0
1389047f
1385047f
efb09ff7
93071000
2324f900
b78701e0
93878775
2320f900
23228900
1385047f
efc00f83
8320c100
03248100
83244100
03290100
13010101
67800000
93050500
93060000
13060000
13050000
6f000050
130101ff
23248100
97470000
93874702
17440000
1304c401
b3878740
23229100
23261100
93d42740
63800402
9387c7ff
33848700
83270400
9384f4ff
1304c4ff
e7800700
e39804fe
8320c100
03248100
83244100
13010101
67800000
130101ff
23248100
23202101
17440000
1304c4fb
17490000
130949fb
33098940
23261100
23229100
13592940
630e0900
93040000
83270400
93841400
13044400
e7800700
e31899fe
17440000
130404f8
17490000
130909f8
33098940
13592940
630e0900
93040000
83270400
93841400
13044400
e7800700
e31899fe
8320c100
03248100
83244100
03290100
13010101
67800000
93073000
63f8c702
b367b500
93f73700
93063000
639e0704
03270500
83a70500
6318f704
1306c6ff
13054500
93854500
e3e4c6fe
9306f6ff
63080602
93861600
b306d500
6f008000
6300d502
83470500
03c70500
13051500
93851500
e386e7fe
3385e740
67800000
13050000
67800000
9306f6ff
6ff09ffc
1303f000
13070500
637ec302
9377f700
6390070a
63920508
937606ff
1376f600
b386e600
2320b700
2322b700
2324b700
2326b700
13070701
e366d7fe
63140600
67800000
b306c340
93962600
97020000
b3865600
6780c600
2307b700
a306b700
2306b700
a305b700
2305b700
a304b700
2304b700
a303b700
2303b700
a302b700
2302b700
a301b700
2301b700
a300b700
2300b700
67800000
93f5f50f
93968500
b3e5d500
93960501
b3e5d500
6ff0dff6
93962700
97020000
b3865600
93820000
e78006fa
93800200
938707ff
3307f740
3306f600
e378c3f6
6ff0dff3
3367b500
9303f0ff
13773700
63100710
b7877f7f
9387f7f7
03260500
83a60500
b372f600
3363f600
b382f200
b3e26200
63927210
6316d608
03264500
83a64500
b372f600
3363f600
b382f200
b3e26200
639e720c
6316d606
03268500
83a68500
b372f600
3363f600
b382f200
b3e26200
6398720c
6316d604
0326c500
83a6c500
b372f600
3363f600
b382f200
b3e26200
6392720c
6316d602
03260501
83a60501
b372f600
3363f600
b382f200
b3e26200
639c720a
13054501
93854501
e30ed6f4
13170601
93970601
631ef700
13570601
93d70601
3305f740
9375f50f
63900502
67800000
13570701
93d70701
3305f740
9375f50f
63940500
67800000
1377f70f
93f7f70f
3305f740
67800000
03460500
83c60500
13051500
93851500
6314d600
e31606fe
3305d640
67800000
13054500
93854500
e31cd6fc
13050000
67800000
13058500
93858500
e312d6fc
13050000
67800000
1305c500
9385c500
e318d6fa
13050000
67800000
13050501
93850501
e31ed6f8
13050000
67800000
b367b500
93f73700
63920708
03a70500
b7867f7f
9386f6f7
b377d700
b387d700
b3e7e700
b3e7d700
1306f0ff
639ec706
13060500
1308f0ff
2320e600
03a74500
93854500
13064600
b377d700
b387d700
b3e7e700
b3e7d700
e38007ff
83c70500
03c71500
83c62500
2300f600
638a0700
a300e600
63060700
2301d600
63940600
67800000
a3010600
67800000
93070500
03c70500
93871700
93851500
a38fe7fe
e31807fe
67800000
13060500
6ff01ffb
93773500
13070500
639c0704
b7867f7f
9386f6f7
9305f0ff
03260700
13074700
b377d600
b387d700
b3e7c700
b3e7d700
e384b7fe
8346c7ff
0346d7ff
8347e7ff
3307a740
63800604
630a0602
3335f000
3305e500
1305e5ff
67800000
e38806fa
83470700
13071700
93763700
e39807fe
3307a740
1305f7ff
67800000
1305d7ff
67800000
1305c7ff
67800000
17170100
0327c76b
83278714
638c0704
03a74700
1308f001
634ee806
13182700
63060502
33830701
2324c308
83a88718
13061000
3316e600
b3e8c800
23a41719
2324d310
93062000
6304d502
13071700
23a2e700
b3870701
23a4b700
13050000
67800000
9307c714
2324f714
6ff05ffa
83a6c718
13071700
23a2e700
33e6c600
23a6c718
b3870701
23a4b700
13050000
67800000
1305f0ff
67800000
930e0500
13080000
63dc0500
b337a000
b305b040
b385f540
b30ea040
1308f0ff
63dc0600
b337c000
b306d040
1348f8ff
b386f640
3306c040
93080600
13870600
138e0e00
13850500
6390062a
97960000
9386c69c
63f6c50e
b7070100
6378f60c
9307f00f
b3b7c700
93973700
3357f600
b386e600
83c60600
b387f600
93060002
3387f640
638cf600
b395e500
b3d7fe00
b318e600
33e5b700
339eee00
13d30801
b3566502
93950801
93d50501
93570e01
33776502
13860600
3385d502
13170701
b367f700
63fea700
b3871701
1386f6ff
63e81701
63f6a700
1386e6ff
b3871701
b387a740
33f76702
131e0e01
135e0e01
b3d76702
13170701
336ec701
b386f502
13870700
637cde00
338ec801
1387f7ff
63661e01
6374de00
1387e7ff
13150601
3365e500
13030000
6f00400e
37070001
93070001
e36ce6f2
93078001
6ff01ff3
63160600
93081000
b3d8e802
b7070100
63fcf80c
9307f00f
63f41701
13078000
b3d7e800
b386f600
83c70600
93060002
b387e700
3387f640
6392f60c
b3851541
13031000
13d50801
13960801
13560601
13570e01
b3d7a502
b3f6a502
b305f602
93960601
33e7e600
93860700
637eb700
33071701
9386f7ff
63681701
6376b700
9386e7ff
33071701
3307b740
b377a702
131e0e01
135e0e01
3357a702
93970701
33eec701
3306e602
93070700
637cce00
338ec801
9307f7ff
63661e01
6374ce00
9307e7ff
13950601
3365f500
93050300
630a0800
b337a000
b3056040
b385f540
3305a040
67800000
b7070001
13070001
e3e8f8f2
13078001
6ff09ff2
b398e800
33d5f500
339eee00
b395e500
b3d7fe00
93de0801
33e6b700
b357d503
93950801
93d50501
3377d503
13550601
13830700
b386f502
13170701
3367a700
637ed700
33071701
1383f7ff
63681701
6376d700
1383e7ff
33071701
b306d740
33f7d603
13160601
13560601
b3d6d603
13170701
b387d502
b365c700
13870600
63fef500
b3851501
1387f6ff
63e81501
63f6f500
1387e6ff
b3851501
13130301
b385f540
3363e300
6ff01fea
63e6d518
b7070100
63f4f604
1307f00f
b337d700
93973700
33d5f600
17870000
13074771
3307a700
03470700
3307f700
93070002
3383e740
6396e702
13051000
e3e2b6ee
33b5ce00
13451500
6ff09fed
37070001
93070001
e3e0e6fc
93078001
6ff09ffb
b357e600
b3966600
b3e6d700
33d5e500
b3976500
33d7ee00
13df0601
b365f700
3377e503
93980601
93d80801
93d70501
33166600
3355e503
13170701
b367f700
b38fa802
130e0500
63fef701
b387d700
130ef5ff
63e8d700
63f6f701
130ee5ff
b387d700
b387f741
33f7e703
93950501
93d50501
b3d7e703
13170701
3367b700
b388f802
93850700
637e1701
3307d700
9385f7ff
6368d700
63761701
9385e7ff
3307d700
13150e01
370f0100
3365b500
9306ffff
93550501
33071741
b378d500
b376d600
13560601
338ed802
b386d502
93570e01
b388c802
b388d800
b3871701
b385c502
63f4d700
b385e501
93d60701
b385b600
6366b702
e310b7ce
37070100
1307f7ff
b3f7e700
93970701
337eee00
b39e6e00
b387c701
13030000
e3f2feda
1305f5ff
6ff05fcb
13030000
13050000
6ff01fd9
130f0500
13080000
63dc0500
b337a000
b305b040
b385f540
330fa040
1308f0ff
63da0600
b337c000
b306d040
b386f640
3306c040
93080600
93870600
13050f00
13870500
63960624
97860000
93860655
63f6c50e
37030100
6378660c
1303f00f
6374c300
93078000
3353f600
b3866600
83c60600
b386f600
93070002
3383d740
638cd700
b3956500
b356df00
b3186600
33e7b600
33156f00
13de0801
b355c703
13960801
13560601
93570501
b376c703
b305b602
93960601
b3e7f600
63fab700
b3871701
63e61701
63f4b700
b3871701
b387b740
33f7c703
13150501
13550501
b3d7c703
13170701
3365a700
b307f602
637af500
33051501
63661501
6374f500
33051501
3305f540
33556500
93050000
630a0800
b337a000
b305b040
b385f540
3305a040
67800000
37030001
93070001
e36c66f2
93078001
6ff01ff3
63160600
93081000
b3d8f802
37070100
63f2e80a
1307f00f
63741701
93078000
33d7f800
b386e600
83c60600
b386f600
93070002
3383d740
6398d708
b3851541
93d60801
13970801
13570701
13560501
b3f7d502
b3d5d502
93970701
b3e7c700
b305b702
63fab700
b3871701
63e61701
63f4b700
b3871701
b385b740
b3f7d502
13150501
13550501
b3d5d502
93970701
33e5a700
b305b702
637ab500
33051501
63661501
6374b500
33051501
3305b540
6ff0dff1
37070001
93070001
e3e2e8f6
93078001
6ff0dff5
b3986800
33d7d500
13d60801
b377c702
b3956500
b356df00
b3e6b600
93950801
93d50501
13de0601
33156f00
3357c702
93970701
b3e7c701
3387e502
63fae700
b3871701
63e61701
63f4e700
b3871701
3387e740
b377c702
93960601
93d60601
3357c702
93970701
3387e502
b3e5d700
63fae500
b3851501
63e61501
63f4e500
b3851501
b385e540
6ff01fef
e3e0d5e8
b7070100
63faf604
1303f00f
b337d300
93973700
33d3f600
97880000
9388c82e
b3886800
03c30800
3303f300
93070002
b3886740
639c6702
63e4b600
636acf00
3305cf40
b385d540
3337af00
3387e540
93050700
6ff09fe2
b7080001
93070001
e3ea16fb
93078001
6ff0dffa
b3576600
b3961601
b3e6d700
33de6500
b3576f00
33151f01
13df0601
b31e1601
3376ee03
b3951501
b3e7b700
93950601
93d50501
13d70701
335eee03
13160601
3367e600
b38fc503
13060e00
637ef701
3307d700
1306feff
6368d700
6376f701
1306eeff
3307d700
3307f741
337ee703
93970701
93d70701
3357e703
131e0e01
336efe00
b385e502
93070700
637ebe00
330ede00
9307f7ff
6368de00
6376be00
9307e7ff
330ede00
13160601
b70f0100
3366f600
b305be40
138effff
337fc601
13d70e01
13560601
33fece01
b307cf03
330ec603
330fef02
3306e602
330fcf01
13d70701
3307e701
6374c701
3306f601
135e0701
3306ce00
370e0100
130efeff
3377c701
13170701
b3f7c701
b307f700
63e6c500
639ec500
637cf500
b38ed741
b3b7d701
b387d700
3306f640
93870e00
b307f540
3335f500
b385c540
b385a540
33936500
33d51701
3365a300
b3d51501
6ff01fcc
93080500
93870500
13080600
13850600
13830800
63940628
97860000
9386c612
63f6c50e
37070100
6378e60c
1307f00f
3337c700
13173700
3355e600
b386a600
83c60600
13050002
3387e600
b306e540
630ce500
b395d700
33d7e800
3318d600
b365b700
3393d800
93580801
b3d61503
13160801
13560601
93570301
33f71503
13850600
b305d602
13170701
b367f700
63feb700
b3870701
1385f6ff
63e80701
63f6b700
1385e6ff
b3870701
b387b740
33f71703
13130301
13530301
b3d71703
13170701
33636700
b306f602
13860700
637cd300
33036800
1386f7ff
63660301
6374d300
1386e7ff
13150501
3365c500
93050000
6f00400e
37050001
13070001
e36ca6f2
13078001
6ff01ff3
63160600
13071000
3358c702
37070100
6370e80c
1307f00f
63740701
13058000
3357a800
b386e600
03c70600
13060002
3307a700
b306e640
6316e60a
b3870741
93051000
93580801
13160801
13560601
13570301
b3f61703
b3d71703
93960601
33e7e600
330ef602
13850700
637ec701
33070701
1385f7ff
63680701
6376c701
1385e7ff
33070701
3307c741
b3771703
13130301
13530301
33571703
93970701
33e36700
b306e602
13060700
637cd300
33036800
1306f7ff
63660301
6374d300
1306e7ff
13150501
3365c500
67800000
37070001
13050001
e364e8f4
13058001
6ff01ff4
3318d800
33d5e700
3393d800
b397d700
33d7e800
93580801
3366f700
33771503
93170801
93d70701
93550601
33551503
13170701
3367b700
b386a702
93050500
637ed700
33070701
9305f5ff
63680701
6376d700
9305e5ff
33070701
b306d740
33f71603
13160601
13560601
b3d61603
13170701
3385d702
b367c700
13870600
63fea700
b3870701
1387f6ff
63e80701
63f6a700
1387e6ff
b3870701
93950501
b387a740
b3e5e500
6ff09feb
63e6d518
37070100
63f4e604
1307f00f
b335d700
93953500
33d5b600
17870000
1307c7e8
3307a700
03470700
13050002
3307b700
b305e540
6316e502
13051000
e3eef6ee
33b5c800
13451500
6ff01fef
37070001
93050001
e3e0e6fc
93058001
6ff09ffb
3358e600
b396b600
3368d800
33d3e700
935e0801
b376d303
b397b700
33d7e800
331eb600
3366f700
93170801
93d70701
13570601
3353d303
93960601
33e7e600
338f6702
13050300
637ee701
33070701
1305f3ff
63680701
6376e701
1305e3ff
33070701
3307e741
b376d703
3357d703
93960601
3383e702
93170601
93d70701
b3e7f600
13060700
63fe6700
b3870701
1306f7ff
63e80701
63f66700
1306e7ff
b3870701
13150501
b70e0100
3365c500
9386feff
13560e01
13580501
b3876740
3373d500
b376de00
330ed302
b306d802
13570e01
3303c302
3303d300
33076700
3308c802
6374d700
3308d801
93560701
33880601
63e60703
e39c07cf
b7070100
9387f7ff
3377f700
13170701
337efe00
b398b800
3307c701
93050000
e3fee8da
1305f5ff
6ff0dfcc
93050000
13050000
6ff09fda
13030500
13080600
93870600
13870500
639c0622
97860000
9386c6cf
63fcc50c
b7080100
637e160b
9308f00f
63f4c800
93078000
b358f600
b3861601
83c60600
b387f600
93060002
b388f640
638cf600
b3951501
b357f300
33181601
33e7b700
33151301
93550801
b377b702
13160801
13560601
93560501
3357b702
93970701
b3e6d700
3307e602
63fae600
b3860601
63e60601
63f4e600
b3860601
b386e640
b3f7b602
13150501
13550501
b3d6b602
93970701
33e5a700
b306d602
637ad500
33050501
63660501
6374d500
33050501
3305d540
33551501
93050000
67800000
b7080001
93070001
e36616f5
93078001
6ff05ff4
63160600
13071000
3358c702
37070100
6372e80a
1307f00f
63740701
93078000
3357f800
b386e600
03c60600
3306f600
93070002
b388c740
6398c708
b3850541
93560801
93170801
93d70701
13560501
33f7d502
b3d5d502
13170701
3367c700
b385b702
637ab700
33070701
63660701
6374b700
33070701
b305b740
33f7d502
13150501
13550501
b3d5d502
b385b702
93170701
33e5a700
637ab500
33050501
63660501
6374b500
33050501
3305b540
6ff01ff3
37070001
93070001
e362e8f6
93078001
6ff0dff5
33181801
b3d6c500
93570801
33f7f602
b3951501
3356c300
3366b600
93150801
93d50501
33151301
13530601
b3d6f602
13170701
33676700
b386d502
637ad700
33070701
63660701
6374d700
33070701
b306d740
33f7f602
13160601
13560601
b3d6f602
13170701
b386d502
b365c700
63fad500
b3850501
63e60501
63f4d500
b3850501
b385d540
6ff01fef
e3ead5e8
b7070100
63faf604
9308f00f
b3b7d800
93973700
b3d8f600
17880000
1308c8aa
33081801
83480800
b388f800
93070002
33881741
639c1703
63e4b600
636ac300
3305c340
b385d540
3337a300
3387e540
93050700
6ff0dfe3
37080001
93070001
e3ea06fb
93078001
6ff0dffa
b3571601
b3960601
33eed700
33d71501
135f0e01
b31e0601
3376e703
b3950501
b3571301
b3e7b700
93150e01
93d50501
33150301
93d60701
3357e703
13160601
b366d600
3383e502
13060700
63fe6600
b386c601
1306f7ff
63e8c601
63f66600
1306e7ff
b386c601
b3866640
33f3e603
b3d6e603
13130301
3387d502
93950701
93d50501
b365b300
93870600
63fee500
b385c501
9387f6ff
63e8c501
63f6e500
9387e6ff
b385c501
13160601
370f0100
3366f600
9306ffff
3373d600
b385e540
13560601
13d70e01
b3f6de00
b307d302
b306d602
3303e302
3306e602
3303d300
13d70701
33076700
6374d700
3306e601
93560701
b386c600
37060100
1306f6ff
3377c700
13170701
b3f7c700
b307f700
63e6d500
639ed500
637cf500
3386d741
b3b7c700
b387c701
b386f640
93070600
b307f540
3335f500
b385d540
b385a540
b3981501
33d50701
33e5a800
b3d50501
6ff05fcd
37081000
1308f8ff
130101fe
b377b800
13d74501
3378d800
13d34601
232c8100
93973700
1374f77f
1357d501
13183800
232a9100
b367f700
93d4f501
1357d601
1373f37f
232e1100
23282101
23263101
93d6f601
33670701
93153500
13163600
33086440
6398d42c
63500013
63100304
b366c700
638c0670
1305f8ff
63100502
3386c500
3335b600
b387e700
b387a700
93050600
13041000
6f000007
9306f07f
6310d802
1304f07f
6f004021
9306f07f
6306d420
b7068000
3367d700
13050800
93068003
63cca60a
9306f001
63cea606
13080002
3308a840
b3160701
b358a600
33160601
b3e61601
3336c000
33e6c600
3357a700
3306b600
3335b600
3307f700
b307a700
93050600
37078000
33f7e700
6306071a
13041400
1307f07f
630ae45c
370780ff
1307f7ff
b3f7e700
13f51500
13d71500
3365a700
9395f701
b3e5a500
93d71700
6f008017
930605fe
93080002
b356d700
13080000
63081501
13080004
3305a840
3318a700
3366c800
3336c000
33e6c600
13070000
6ff0dff7
3366c700
3336c000
6ff01fff
6302080e
33058340
631e0402
b3e6b700
638c0652
9306f5ff
639c0600
b385c500
b387e700
33b6c500
b387c700
6ff01fee
1308f07f
63120503
93070700
93050600
6ff0dfed
9306f07f
e308d3fe
b7068000
b3e7d700
93060500
13058003
634ed506
1305f001
6340d504
13080002
3308d840
33950701
b3d8d500
b3950501
33651501
b335b000
3365b500
b3d7d700
b305c500
b387e700
33b6c500
b387c700
13040300
6ff01fee
138506fe
93080002
33d8a700
13050000
63881601
13050004
3305d540
3395a700
3365b500
3335a000
3365a800
93070000
6ff09ffb
33e5b700
3335a000
6ff01fff
93061400
13f5e67f
63180508
b3e6b700
63140406
63800646
b366c700
638a0602
3386c500
b387e700
3335b600
b387a700
37078000
33f7e700
93050600
630a0700
370780ff
1307f7ff
b3f7e700
13041000
13f77500
630c0742
13f7f500
93064000
6306d742
13874500
3335b700
b387a700
93050700
6f008041
e38e06ec
3366c700
e30c06da
93040000
b7074000
93050000
1304f07f
6f00803f
1305f07f
6382a63e
3386c500
3335b600
b387e700
b387a700
1395f701
13561600
b365c500
93d71700
13840600
6ff0dff8
635c000f
631e0308
b366c700
63860644
1305f8ff
63100502
3386c540
33b5c500
b387e740
b387a740
93050600
13041000
6f004005
9306f07f
e30cd8d2
93068003
63c6a60a
9306f001
63c8a606
13080002
3308a840
b3160701
b358a600
33160601
b3e61601
3336c000
33e6c600
3357a700
3386c540
33b5c500
3387e740
b307a740
93050600
37098000
33f72701
e30e07ee
1309f9ff
33f92701
93890500
6f004021
9306f07f
e302d4ee
b7068000
3367d700
13050800
6ff09ff8
930605fe
93080002
b356d700
13080000
63081501
13080004
3305a840
3318a700
3366c800
3336c000
33e6c600
13070000
6ff09ff8
3366c700
3336c000
6ff01fff
6308080e
33058340
63120404
33e8b700
630c0834
1308f5ff
631e0800
b305b640
b307f740
3336b600
b387c740
93840600
6ff05ff0
9308f07f
63141503
93070700
93050600
1304f07f
6f00000d
1308f07f
e30603ff
37088000
b3e70701
13080500
13058003
63400509
1305f001
63420505
93080002
b3880841
33951701
33de0501
b3951501
3365c501
b335b000
3365b500
b3d70701
b305a640
b307f740
3336b600
b387c740
13040300
93840600
6ff01fee
130508fe
130e0002
b3d8a700
13050000
6308c801
13050004
33050541
3395a700
3365b500
3335a000
33e5a800
93070000
6ff05ffb
33e5b700
3335a000
6ff01fff
13051400
1375e57f
63180508
33e8b700
3365c700
63120406
631c0800
63060526
93070700
93050600
93840600
6ff05fd7
e30805d6
3388c540
b3b80501
3385e740
33051541
b7088000
b3781501
638c0800
b305b640
b307f740
3336b600
b387c740
6ff09ffc
b365a800
63880522
93070500
93050800
6ff0dfd2
631c0800
63020522
93070700
93050600
93840600
6ff0dfaf
e30c05ae
6ff01fd4
b389c540
33b53501
3389e740
3309a940
37058000
3375a900
63040508
b309b640
b307f740
33363601
3389c740
93840600
63020908
13050900
ef20c033
130785ff
9307f001
63c0e708
93070002
b387e740
3319e900
b3d7f900
b3e72701
b395e900
6344870a
33078740
93061700
1306f001
6342d606
13070002
3307d740
3396e700
33d5d500
b395e500
3366a600
b335b000
b365b600
b3d7d700
13040000
6ff0dfc6
b3e52901
e39605f8
93070000
13040000
6f008014
13850900
ef20c02b
13050502
6ff0dff7
930785fd
b397f900
93050000
6ff01ff9
130717fe
13060002
33d7e700
13050000
6388c600
13050004
3305d540
3395a700
33e5a500
3335a000
b365a700
93070000
6ff05ff9
3304e440
370780ff
1307f7ff
b3f7e700
6ff01fbf
93070700
93050600
13040500
6ff01fbe
93070700
93050600
6ff05fbd
1304f07f
93070000
93050000
37078000
33f7e700
630e0700
13041400
1307f07f
6300e40c
370780ff
1307f7ff
b3f7e700
1397d701
13d53500
3365a700
1307f07f
93d73700
631ee400
3365f500
93070000
63080500
b7070800
13050000
93040000
13174401
b706f07f
9397c700
8320c101
03248101
3377d700
93d7c700
9394f401
b367f700
33e79700
03290101
83244101
8329c100
93050700
13010102
67800000
13040800
6ff0dfb2
93070700
93050600
13040500
6ff05fda
93070000
93050000
93040000
6ff09ff4
93070000
6ff05fff
93050000
93040000
b7074000
6ff05fb3
93070000
93050000
6ff09ff4
130101fd
23202103
13d94501
23229102
232e3101
232c4101
23286101
23248101
9394c500
23261102
23248102
232a5101
23267101
1379f97f
130a0500
130b0600
138c0600
93d4c400
93d9f501
6302090a
9307f07f
6300f910
935ad501
93943400
b3e49a00
b70a8000
b3ea5401
13143500
130919c0
930b0000
1315cc00
9354c500
13554c01
9375f57f
135cfc01
63820510
9307f07f
6384f516
13953400
9357db01
33e5a700
b7048000
b3649500
931f3b00
138515c0
93070000
13972b00
3367f700
1307f7ff
1306e000
b3c68901
b305a940
6362e616
17760000
130646fa
13172700
3307c700
03270700
3307c700
67000700
b3eaa400
638e0a06
63800404
13850400
ef200005
930755ff
1307c001
634cf702
930ad001
130485ff
b38afa40
b3948400
b35a5a01
b3ea9a00
33148a00
9305d0c0
3389a540
6ff01ff4
ef208001
13050502
6ff05ffc
930485fd
b31a9a00
13040000
6ff0dffd
b3eaa400
63840a02
13040500
938a0400
1309f07f
930b3000
6ff0dff0
13040000
13090000
930b1000
6ff0dfef
13040000
1309f07f
930b2000
6ff0dfee
b3ef6401
63800f08
63820404
13850400
ef10107b
93050500
938755ff
1307c001
634ef702
9306d001
938f85ff
b386f640
3395f401
b356db00
b3e4a600
b31ffb01
9306d0c0
3385b640
6ff0dfed
13050b00
ef101077
93050502
6ff01ffc
138585fd
b314ab00
930f0000
6ff09ffd
b3ef6401
63820f02
930f0b00
1305f07f
93073000
6ff09fea
93040000
13050000
93071000
6ff09fe9
93040000
1305f07f
93072000
6ff09fe8
63e65401
639e9a34
636cf435
1396fa01
13571400
9317f401
93da1a00
3364e600
13958400
93d88f01
b3e8a800
13550501
33deaa02
939e0801
93de0e01
13570401
13938f00
b3faaa02
13060e00
3388ce03
939a0a01
33675701
637e0701
33071701
1306feff
63681701
63760701
1306eeff
33071701
33070741
335ea702
13140401
13540401
3377a702
93020e00
3388ce03
13170701
3367e400
637e0701
33071701
9302feff
63681701
63760701
9302eeff
33071701
33040741
13160601
37080100
b3625600
130ef8ff
13d60201
33f7c201
135f0301
337ec301
b303ee02
b304c603
3307ef02
b30fe603
33069700
13d70301
3307c700
63749700
b38f0f01
13560701
3306f601
b70f0100
938fffff
3378f701
13180801
b3f3f301
33087800
6368c400
93840200
6314c404
63f20705
b3876700
33b76700
33071701
3304e400
9384f2ff
63e68800
63948802
63e26702
6366c400
631e8600
63fc0701
b3876700
33b76700
33071701
9384e2ff
3304e400
33880741
3304c440
b3b70701
3304f440
930ff0ff
63848812
b35fa402
13570801
3374a402
13860f00
b387fe03
13140401
33648700
637ef400
33041401
1386ffff
63681401
6376f400
1386efff
33041401
3304f440
3357a402
13180801
13580801
3374a402
93070700
b38eee02
13140401
33648800
637ed401
33041401
9307f7ff
63681401
6376d401
9307e7ff
33041401
13160601
3366f600
93170601
93d70701
13570601
3308ef02
3304d441
330fff02
b38ec703
330ec703
93d70e01
330fcf01
b387e701
63f6c701
37070100
3308e800
13d70701
33070701
37080100
1308f8ff
33f50701
13150501
b3fe0e01
3305d501
6368e400
6314e424
930f0600
63000504
33848800
930ff6ff
63641403
6366e400
6314e422
6370a302
93171300
33b36700
b3081301
930fe6ff
33041401
13830700
6314e400
63046500
93ef1f00
9387f53f
635af010
13f77f00
63000702
13f7ff00
13064000
630ac700
13864f00
b33ff601
b384f401
930f0600
37070001
33f7e400
630a0700
b70700ff
9387f7ff
b3f4f400
93870540
1307e07f
6340f70a
93df3f00
1397d401
3367f701
13d53400
93974701
3706f07f
1315c500
8320c102
03248102
b3f7c700
1355c500
33e5a700
9396f601
b367d500
83244102
03290102
8329c101
032a8101
832a4101
032b0101
832bc100
032c8100
13050700
93850700
13010103
67800000
9385f5ff
93070000
6ff09fcb
93860900
93840a00
930f0400
93870b00
13073000
638ae70e
13071000
6380e710
13072000
e39ce7f0
13050000
13070000
9307f07f
6ff09ff6
93060c00
6ff05ffd
b7040800
930f0000
93060000
93073000
6ff01ffc
13051000
3305f540
13078003
634ea70a
1307f001
6346a706
9385e541
b397b400
33d7af00
b395bf00
b3e7e700
b335b000
b3e7b700
33d5a400
13f77700
63000702
13f7f700
13064000
630ac700
13874700
b337f700
3305f500
93070700
37078000
3377e500
63180706
1317d501
93d73700
3367f700
13553500
93070000
6ff0dfec
130710fe
b307f740
13060002
b3d7f400
13070000
6306c500
1387e543
3397e400
3367f701
3337e000
b3e7e700
13050000
6ff09ff8
37050800
13070000
9307f07f
93060000
6ff05fe8
13050000
13070000
6ff09ffa
13050000
13070000
93071000
6ff09fe6
13860f00
930f0600
6ff09fdf
13d74501
b7071000
9387f7ff
13d84601
13030500
930e0500
1377f77f
1305f07f
b3f8b700
130f0600
b3f7d700
93d5f501
1378f87f
93d6f601
631ca700
33ee6800
13051000
63140e00
6306e800
67800000
6318a800
33e6c700
13051000
e31806fe
13051000
e31407ff
e392f8fe
e390eeff
638ad500
e31c07fc
33e56800
3335a000
67800000
13050000
67800000
37071000
1307f7ff
13d84501
b378b700
93070500
13030500
1378f87f
13d5f501
930ef07f
93d54601
3377d700
130e0600
93f5f57f
93d6f601
631ad801
b3eef800
638a0e08
1305e0ff
67800000
6396d501
b36ec700
e3980efe
63100808
b3e7f800
93b71700
63960500
3366c700
630c0604
639c0700
6314d500
63d00503
63000504
1305f0ff
67800000
1305f0ff
638a0600
13850600
67800000
6356b800
e30205fe
67800000
e36c17fd
6392e802
e3686efc
e366c3ff
13050000
67800000
13051000
67800000
e39807fe
6ff05ffb
e3e8e8fc
6ff05ffe
e38e05f7
e39e05f8
93070000
6ff09ff8
37071000
1307f7ff
13d84501
b378b700
93070500
13030500
1378f87f
13d5f501
930ef07f
93d54601
3377d700
130e0600
93f5f57f
93d6f601
631ad801
b3eef800
638a0e08
13052000
67800000
6396d501
b36ec700
e3980efe
63100808
b3e7f800
93b71700
63960500
3366c700
630c0604
639c0700
6314d500
63d00503
63000504
1305f0ff
67800000
1305f0ff
638a0600
13850600
67800000
6356b800
e30205fe
67800000
e36c17fd
6392e802
e3686efc
e366c3ff
13050000
67800000
13051000
67800000
e39807fe
6ff05ffb
e3e8e8fc
6ff05ffe
e38e05f7
e39e05f8
93070000
6ff09ff8
130101fd
232e3101
93d94501
23248102
23229102
232c4101
232a5101
23267101
9394c500
23261102
23202103
23286101
93f9f97f
13040500
930b0600
938a0600
93d4c400
13daf501
6384090a
9307f07f
6382f910
9357d501
93943400
b3e49700
b7078000
b3e4f400
13193500
938919c0
130b0000
13d54a01
1394ca00
1375f57f
1354c400
93dafa01
63020510
9307f07f
6302f516
93d7db01
13143400
33e48700
b7078000
3364f400
130515c0
93973b00
13070000
93162b00
b3e6e600
3385a900
9386f6ff
1308e000
33465a01
93051500
636ed814
17650000
1305856a
93962600
b386a600
83a60600
b386a600
67800600
33e9a400
630c0906
63800404
13850400
ef108071
130755ff
9307c001
63cce702
9307d001
130985ff
b387e740
b3942401
b357f400
b3e49700
33192401
9309d0c0
b389a940
6ff0dff3
ef10006e
13050502
6ff05ffc
930485fd
b3149400
13090000
6ff0dffd
33e9a400
63020902
13090500
9309f07f
130b3000
6ff0dff0
93040000
93090000
130b1000
6ff0dfef
93040000
9309f07f
130b2000
6ff0dfee
b3677401
638e0706
63000404
13050400
ef10c067
930655ff
9307c001
63ced702
1307d001
930785ff
3307d740
3314f400
33d7eb00
33648700
b397fb00
1307d0c0
3305a740
6ff01fee
13850b00
ef100064
13050502
6ff01ffc
130485fd
33948b00
93070000
6ff09ffd
b3677401
63820702
93870b00
1305f07f
13073000
6ff0dfea
13040000
13050000
13071000
6ff0dfe9
13040000
1305f07f
13072000
6ff0dfe8
370f0100
930effff
13570901
93d80701
3379d901
b3f7d701
33882803
b306f902
b30ff702
3303f801
13d80601
33086800
330e1703
6374f801
330eee01
93530801
3378d801
b3f6d601
135f0401
b372d401
13180801
3308d800
b30e5702
b3065902
33092f03
3303d901
13d90601
33096900
3307e703
6376d901
37030100
33076700
935e0901
b7090100
b38eee00
1387f9ff
3379e900
b3f6e600
13d40401
13190901
b3f4e400
33879702
3309d900
b3832301
3303f402
b3869802
b3878802
b3886600
93560701
b3861601
63f46600
b3873701
93d80601
b7090100
b38ff800
9387f9ff
b3889202
b3f6f600
3377f700
93960601
b386e600
b3075402
b3049f02
33038f02
b384f400
13d40801
b3049400
63f4f400
33033301
b7070100
9387f7ff
33f7f400
b3f8f800
13170701
330e7e00
33071701
33392e01
3307d701
33042701
330ede00
b336de00
b308f401
338fd800
3337d701
33342401
33648700
93d40401
b3b8f801
b336df00
33049400
b3e6d800
3304d400
33046400
93577f01
13149400
3364f400
93179e00
b3e70701
b337f000
135e7e01
13179f00
b3e7c701
b3e7e700
37070001
3377e400
63060710
13d71700
93f71700
b367f700
1317f401
b3e7e700
13541400
9386f53f
635ad00e
13f77700
63000702
13f7f700
13054000
630aa700
13874700
b337f700
3304f400
93070700
37070001
3377e400
630a0700
370700ff
1307f7ff
3374e400
93860540
1307e07f
634ad716
13d73700
9317d401
b3e7e700
13543400
13974601
1314c400
b706f07f
3377d700
1354c400
33648700
1316f601
8320c102
3367c400
03248102
83244102
03290102
8329c101
032a8101
832a4101
032b0101
832bc100
13850700
93050700
13010103
67800000
13060a00
13840400
93070900
13070b00
93062000
630cd70e
93063000
630ed70c
93061000
e314d7f2
13040000
93070000
6f00c008
13860a00
6ff09ffd
93050500
6ff0dff0
13051000
3305d540
13078003
e34ca7fc
1307f001
6346a706
9385e541
3317b400
b3d6a700
b397b700
3367d700
b337f000
b367f700
3354a400
13f77700
63000702
13f7f700
93064000
630ad700
13874700
b337f700
3304f400
93070700
37078000
3377e400
631a0706
1317d401
93d73700
b367f700
13543400
93060000
6ff0dfee
130710fe
3307d740
13080002
3357e400
93060000
63060501
9385e543
b316b400
b3e7f600
b337f000
b367f700
13040000
6ff09ff8
37040800
93070000
9306f07f
13060000
6ff05fea
13040000
93070000
9306f07f
6ff05fe9
13040000
93070000
93061000
6ff05fe8
37081000
1308f8ff
130101fe
b377b800
13d74501
3378d800
13d34601
232c8100
93973700
1374f77f
1357d501
232a9100
b367f700
93d4f501
1357d601
93153500
13183800
232e1100
23282101
23263101
1373f37f
1305f07f
93d6f601
33670701
13163600
6316a300
3365c700
63140500
93c61600
33086440
6398962c
63500013
63100304
b366c700
638c0670
1305f8ff
63100502
3386c500
3335b600
b387e700
b387a700
93050600
13041000
6f000007
9306f07f
6310d802
1304f07f
6f004021
9306f07f
6306d420
b7068000
3367d700
13050800
93068003
63cca60a
9306f001
63cea606
13080002
3308a840
b3160701
b358a600
33160601
b3e61601
3336c000
33e6c600
3357a700
3306b600
3335b600
3307f700
b307a700
93050600
37078000
33f7e700
6306071a
13041400
1307f07f
630ae45c
370780ff
1307f7ff
b3f7e700
13f51500
13d71500
3365a700
9395f701
b3e5a500
93d71700
6f008017
930605fe
93080002
b356d700
13080000
63081501
13080004
3305a840
3318a700
3366c800
3336c000
33e6c600
13070000
6ff0dff7
3366c700
3336c000
6ff01fff
6302080e
33058340
631e0402
b3e6b700
638c0652
9306f5ff
639c0600
b385c500
b387e700
33b6c500
b387c700
6ff01fee
1308f07f
63120503
93070700
93050600
6ff0dfed
9306f07f
e308d3fe
b7068000
b3e7d700
93060500
13058003
634ed506
1305f001
6340d504
13080002
3308d840
33950701
b3d8d500
b3950501
33651501
b335b000
3365b500
b3d7d700
b305c500
b387e700
33b6c500
b387c700
13040300
6ff01fee
138506fe
93080002
33d8a700
13050000
63881601
13050004
3305d540
3395a700
3365b500
3335a000
3365a800
93070000
6ff09ffb
33e5b700
3335a000
6ff01fff
93061400
13f5e67f
63180508
b3e6b700
63140406
63800646
b366c700
638a0602
3386c500
b387e700
3335b600
b387a700
37078000
33f7e700
93050600
630a0700
370780ff
1307f7ff
b3f7e700
13041000
13f77500
630c0742
13f7f500
93064000
6306d742
13874500
3335b700
b387a700
93050700
6f008041
e38e06ec
3366c700
e30c06da
93040000
b7074000
93050000
1304f07f
6f00803f
1305f07f
6382a63e
3386c500
3335b600
b387e700
b387a700
1395f701
13561600
b365c500
93d71700
13840600
6ff0dff8
635c000f
631e0308
b366c700
63860644
1305f8ff
63100502
3386c540
33b5c500
b387e740
b387a740
93050600
13041000
6f004005
9306f07f
e30cd8d2
93068003
63c6a60a
9306f001
63c8a606
13080002
3308a840
b3160701
b358a600
33160601
b3e61601
3336c000
33e6c600
3357a700
3386c540
33b5c500
3387e740
b307a740
93050600
37098000
33f72701
e30e07ee
1309f9ff
33f92701
93890500
6f004021
9306f07f
e302d4ee
b7068000
3367d700
13050800
6ff09ff8
930605fe
93080002
b356d700
13080000
63081501
13080004
3305a840
3318a700
3366c800
3336c000
33e6c600
13070000
6ff09ff8
3366c700
3336c000
6ff01fff
6308080e
33058340
63120404
33e8b700
630c0834
1308f5ff
631e0800
b305b640
b307f740
3336b600
b387c740
93840600
6ff05ff0
9308f07f
63141503
93070700
93050600
1304f07f
6f00000d
1308f07f
e30603ff
37088000
b3e70701
13080500
13058003
63400509
1305f001
63420505
93080002
b3880841
33951701
33de0501
b3951501
3365c501
b335b000
3365b500
b3d70701
b305a640
b307f740
3336b600
b387c740
13040300
93840600
6ff01fee
130508fe
130e0002
b3d8a700
13050000
6308c801
13050004
33050541
3395a700
3365b500
3335a000
33e5a800
93070000
6ff05ffb
33e5b700
3335a000
6ff01fff
13051400
1375e57f
63180508
33e8b700
3365c700
63120406
631c0800
63060526
93070700
93050600
93840600
6ff05fd7
e30805d6
3388c540
b3b80501
3385e740
33051541
b7088000
b3781501
638c0800
b305b640
b307f740
3336b600
b387c740
6ff09ffc
b365a800
63880522
93070500
93050800
6ff0dfd2
631c0800
63020522
93070700
93050600
93840600
6ff0dfaf
e30c05ae
6ff01fd4
b389c540
33b53501
3389e740
3309a940
37058000
3375a900
63040508
b309b640
b307f740
33363601
3389c740
93840600
63020908
13050900
ef00d044
130785ff
9307f001
63c0e708
93070002
b387e740
3319e900
b3d7f900
b3e72701
b395e900
6344870a
33078740
93061700
1306f001
6342d606
13070002
3307d740
3396e700
33d5d500
b395e500
3366a600
b335b000
b365b600
b3d7d700
13040000
6ff0dfc6
b3e52901
e39605f8
93070000
13040000
6f008014
13850900
ef00d03c
13050502
6ff0dff7
930785fd
b397f900
93050000
6ff01ff9
130717fe
13060002
33d7e700
13050000
6388c600
13050004
3305d540
3395a700
33e5a500
3335a000
b365a700
93070000
6ff05ff9
3304e440
370780ff
1307f7ff
b3f7e700
6ff01fbf
93070700
93050600
13040500
6ff01fbe
93070700
93050600
6ff05fbd
1304f07f
93070000
93050000
37078000
33f7e700
630e0700
13041400
1307f07f
6300e40c
370780ff
1307f7ff
b3f7e700
1397d701
13d53500
3365a700
1307f07f
93d73700
631ee400
3365f500
93070000
63080500
b7070800
13050000
93040000
13174401
b706f07f
9397c700
8320c101
03248101
3377d700
93d7c700
9394f401
b367f700
33e79700
03290101
83244101
8329c100
93050700
13010102
67800000
13040800
6ff0dfb2
93070700
93050600
13040500
6ff05fda
93070000
93050000
93040000
6ff09ff4
93070000
6ff05fff
93050000
93040000
b7074000
6ff05fb3
93070000
93050000
6ff09ff4
13d74501
b7061000
9387f6ff
1377f77f
1306e03f
b3f7b700
93d5f501
635ee604
1306d041
635ae600
37050080
1345f5ff
3385a500
67800000
b3e7d700
93063043
b386e640
1306f001
6340d602
1307d7be
b397e700
3355d500
33e5a700
63800502
3305a040
67800000
13053041
3305e540
33d5a700
6ff09ffe
13050000
67800000
13d74501
37081000
9307f8ff
1377f77f
1306e03f
b3f7b700
93060500
93d5f501
635ae604
1306f041
3306b640
1385f5ff
6354c704
13050000
63900504
13053043
3305e540
1306f001
b3e70701
634ca600
1307d7be
b397e700
33d5a600
33e5a700
67800000
13053041
3305e540
33d5a700
67800000
13050000
67800000
130101ff
23261100
23248100
23229100
63060508
9357f541
33c4a700
3304f440
9354f501
13050400
ef00d013
1307e041
9307a000
3307a740
63c8a704
9307b000
b387a740
13055501
b357f400
3314a400
13850400
9397c700
13174701
93d7c700
1315f501
b367f700
8320c100
33e7a700
13050400
03248100
83244100
93050700
13010101
67800000
130555ff
b317a400
13850400
13040000
6ff0dffb
13070000
93070000
6ff01fff
130101ff
23248100
23261100
13040500
63020506
ef00900a
1307e041
9307a000
3307a740
63c0a704
9307b000
b387a740
13055501
b357f400
3314a400
8320c100
13050400
9397c700
03248100
13174701
93d7c700
b366f700
93850600
13010101
67800000
930755ff
b317f400
13040000
6ff0dffc
93070000
13070000
6ff01ffc
37071000
13d64501
9307f7ff
1376f67f
9306e03f
b3f7b700
63dac60a
130101ff
23248100
23261100
9306d043
13d4f501
63dac602
13051000
33058540
1357f541
b7050080
b337a000
b385e540
3305a040
b385f540
8320c100
03248100
13010101
67800000
b3e5e700
93072043
63d2c702
1306d6bc
ef000079
e30e04fc
b337a000
b305b040
b385f540
3305a040
6ff09ffc
93073043
b387c740
1307f001
634ef700
1306d6be
3396c500
3355f500
3365a600
b3d5f500
6ff05ffc
13053041
3305c540
33d5a500
93050000
6ff01ffb
13050000
93050000
67800000
130101fe
232e1100
232c8100
232a9100
23282101
23263101
23244101
23225101
23206101
3367b500
6304071c
93840500
13040500
93d9f501
63da0500
b337a000
b304b040
b384f440
3304a040
13890400
638c0408
13850400
ef00c070
930a0500
130ae043
330a5a41
93073043
63ce4709
1307b000
93070400
63545703
1307a002
634c5707
1309b002
13875aff
33095941
33592401
b394e400
33699900
b317e400
9314c900
8320c101
03248101
131a4a01
93d4c400
b3649a00
9399f901
33e73401
03290101
83244101
8329c100
032a8100
832a4100
032b0100
13850700
93050700
13010102
67800000
13050400
ef008067
930a0502
6ff0dff6
93845afd
33199400
93070000
6ff0dff9
93076043
63d04705
13068000
33065641
13050400
93850400
ef00405d
130b0500
13890500
13050400
93850400
13868a03
ef00405f
b367b500
b337f000
33e46701
93040900
13078000
93070400
63545703
13077002
63425709
93058002
13878aff
b3855541
b394e400
b355b400
b3e49500
b317e400
370780ff
1307f7ff
b3f4e400
13f77700
63000702
13f7f700
93064000
630ad700
13874700
b337f700
b384f400
93070700
37078000
33f7e400
630c0700
370780ff
1307f7ff
130af043
b3f4e400
330a5a41
93d73700
1394d401
b367f400
13d93400
6ff05fec
93848afd
b3149400
93070000
6ff01ff9
13090000
93070000
130a0000
93090000
6ff01fea
130101fe
232a9100
93547501
23282101
23263101
23244101
93199500
232e1100
232c8100
23225101
93f4f40f
138a0500
93d99900
1359f501
63860408
9307f00f
6382f40a
93993900
b7070004
b3e9f900
938414f8
930a0000
13557a01
13149a00
1375f50f
13549400
135afa01
630c0508
9307f00f
6308f50a
13143400
b7070004
3364f400
130515f8
93070000
93962a00
b3e6f600
9386f6ff
1307e000
33464901
3385a440
6360d70a
97550000
93858545
93962600
b386b600
03a70600
3307b700
67000700
638a0902
13850900
ef004049
9307b5ff
9304a0f8
b399f900
b384a440
6ff05ff7
9304f00f
930a2000
e38609f6
930a3000
6ff05ff6
93040000
930a1000
6ff09ff5
630a0402
13050400
ef004045
9307b5ff
3314f400
9307a0f8
3385a740
6ff09ff6
1305f00f
93072000
e30004f6
93073000
6ff09ff5
13050000
93071000
6ff0dff4
13185400
63f48912
1305f5ff
93060000
13540801
33d38902
b7070100
9387f7ff
b377f800
93d60601
33f78902
93050300
b3886702
13170701
33e7e600
637e1701
33070701
9305f3ff
63680701
63761701
9305e3ff
33070701
33071741
b3588702
33778702
b3861703
93170701
13870800
63fed700
b3870701
1387f8ff
63e80701
63f6d700
1387e8ff
b3870701
13940501
b387d740
3364e400
b337f000
3364f400
1307f507
635ee00c
93777400
638a0700
9377f400
93064000
6384d700
13044400
b7070008
b377f400
638a0700
b70700f8
9387f7ff
3374f400
13070508
9307e00f
13543400
63cce706
93177701
13149400
3707807f
b3f7e700
13549400
33e48700
1315f601
8320c101
3365a400
03248101
83244101
03290101
8329c100
032a8100
832a4100
13010102
67800000
9396f901
93d91900
6ff0dfed
13060900
13840900
93870a00
13073000
6388e708
13071000
638ce708
13072000
e394e7f4
13040000
1307f00f
6ff05ff8
13060a00
6ff09ffd
37044000
13060000
93073000
6ff09ffc
93071000
b387e740
1307b001
634ef704
1305e509
b357f400
3314a400
33348000
33e48700
93777400
638a0700
9377f400
13074000
6384e700
13044400
b7070004
b377f400
13543400
63820702
13040000
13071000
6ff05ff1
37044000
1307f00f
13060000
6ff05ff0
13040000
13070000
6ff09fef
130101ff
23248100
23261100
13040500
93070000
63040502
ef000021
9307e009
b387a740
13076009
634af702
13078000
6356a700
130585ff
3314a400
13149400
13549400
13957701
8320c100
33658500
03248100
13010101
67800000
13079009
6350f702
1307b501
93065000
3317e400
b386a640
3337e000
3354d400
33648700
13075000
6356a700
1307b5ff
3314e400
370700fc
1307f7ff
93767400
3377e400
638a0600
1374f400
93064000
6304d400
13074700
b7060004
b376d700
638c0600
b70700fc
9387f7ff
3377f700
9307f009
b387a740
13543700
6ff05ff6
13577501
1377f70f
130101ff
93071700
23248100
23229100
13149500
23261100
93f7e70f
13549400
9354f501
63820704
93573400
13070738
1314d401
9397c700
13174701
93d7c700
1395f401
b367f700
8320c100
33e7a700
13050400
03248100
83244100
93050700
13010101
67800000
63160704
93070000
e30204fc
13050400
ef00c00c
9307a000
63c2a702
9307b000
b387a740
13075501
b357f400
3314e400
13079038
3307a740
6ff05ff9
930755ff
b317f400
13040000
6ff09ffe
93070000
630a0400
93573400
37070800
1314d401
b3e7e700
1307f07f
6ff05ff6
63000602
93070002
b387c740
634cf000
130506fe
13070000
33d5a500
93050700
67800000
33d7c500
3355c500
b395f500
3365b500
6ff09ffe
63000602
93070002
b387c740
634cf000
930506fe
13070000
b315b500
13050700
67800000
3317c500
b395c500
3355f500
b3e5a500
6ff09ffe
b7070100
637af502
9307f00f
b3b7a700
93973700
13070002
3307f740
3355f500
97570000
9387c7fb
3385a700
03450500
3305a740
67800000
37070001
93070001
e36ae5fc
93078001
6ff0dffc
00000000
900000e0
987200e0
7363616c
655f7661
6c75655f
6936343a
20657870
20746f6f
206c6172
67653a20
25640a00
7363616c
655f7661
6c75655f
6936343a
206f7665
72666c6f
773a2076
616c7565
3d256c6c
642c2065
78703d25
640a0000
7363616c
655f7661
6c75655f
6936343a
20657870
20746f6f
20736d61
6c6c3a20
25640a00
7363616c
655f7661
6c75655f
696e743a
206f7665
72666c6f
770a0000
4c696768
744e6f72
6d206572
726f723a
204b2061
6e64204d
206d7573
74206265
2073616d
652e204b
3d25642c
204d3d25
640a0000
726f756e
645f746f
5f696e74
3a206f75
74206f66
2072616e
67650a00
0a3d3d3d
3d3d3d3d
3d3d3d3d
3d3d3d3d
3d3d3d3d
3d3d3d3d
3d3d3d3d
3d3d3d3d
3d3d3d3d
3d3d3d3d
3d3d3d3d
3d3d3d3d
3d3d3d3d
3d3d3d3d
3d3d3d3d
3d0a0000
436f6d70
61726973
6f6e3a20
25730a00
53686170
653a205b
25645d5b
25645d0a
00000000
546f7461
6c207661
6c756573
3a202564
0a000000
45786163
74206d61
7463683a
20256420
2f202564
200a0000
4d69736d
61746368
20726174
653a2025
640a0000
7c657272
6f727c20
3c3d2031
3a202564
202f2025
640a0000
7c657272
6f727c20
3c3d2032
3a202564
202f2025
64200a00
4d617820
6162736f
6c757465
20657272
6f723a20
25642061
74205b25
645d5b25
645d0a00
41637475
616c3a20
25642c20
45787065
63746564
3a202564
0a000000
3d3d3d3d
3d3d3d3d
3d3d3d3d
3d3d3d3d
3d3d3d3d
3d3d3d3d
3d3d3d3d
3d3d3d3d
3d3d3d3d
3d3d3d3d
3d3d3d3d
3d3d3d3d
3d3d3d3d
3d3d3d3d
3d3d3d3d
0a0a0000
0a417373
65727420
4661696c
65643a20
00000000
0a5b2573
20402564
5d202573
00000000
72000000
4e6f2066
696c6520
65786973
74202825
73290000
2f686f6d
652f7361
6e676875
6e2f5256
582f7276
782d7475
746f7269
616c732f
7276785f
7373772f
73797374
656d5f75
74696c69
74792f73
72632f65
7276705f
66616b65
66696c65
2e630000
6670213d
2828766f
6964202a
29302900
2f686f6d
652f7361
6e676875
6e2f5256
582f7276
782d7475
746f7269
616c732f
7276785f
7373772f
73797374
656d5f75
74696c69
74792f73
72632f65
7276705f
66616b65
66696c65
5f737973
74656d2e
68000000
25730000
77000000
66700000
61000000
30000000
66702d3e
6d6f6465
20213d20
46494c45
5f4d4f44
455f4944
4c450000
66616b65
66696c65
5f636865
636b5f72
6561645f
6d6f6465
00000000
66616b65
66696c65
5f736574
5f726561
645f6d6f
64655f00
6368756e
6b000000
2f686f6d
652f7361
6e676875
6e2f5256
582f7276
782d7475
746f7269
616c732f
7276785f
7373772f
73797374
656d5f75
74696c69
74792f73
72632f65
7276705f
66616b65
66696c65
5f737973
74656d2e
63000000
6368756e
6b2d3e64
61746100
603500e0
583500e0
4c3500e0
403500e0
343500e0
2c3500e0
203500e0
143500e0
083500e0
fc3400e0
f03400e0
e43400e0
043d00e0
fc3c00e0
f03c00e0
e43c00e0
d83c00e0
d03c00e0
c43c00e0
b83c00e0
ac3c00e0
a03c00e0
943c00e0
883c00e0
61646472
00000000
2870742d
61646472
293d3d74
6f74616c
5f73697a
65000000
66616b65
66696c65
5f736574
5f726561
645f6d6f
64655f00
66616b65
66696c65
5f707265
70617265
5f64756d
70000000
66616b65
66696c65
5f676574
5f73697a
65000000
0a556e68
616e646c
65642054
7261703a
20257800
0a6d6970
3a202530
38780000
0a657063
3a202530
38780000
0a307825
30387800
6d616c6c
6f632066
61696c73
00000000
2f686f6d
652f7361
6e676875
6e2f5256
582f7276
782d7475
746f7269
616c732f
7276785f
7373772f
73797374
656d5f75
74696c69
74792f73
72632f65
7276705f
6d616c6c
6f632e63
00000000
70747200
66726565
5f727678
00000000
66616b65
66696c65
00000000
696d6167
65000000
70726570
61726564
5f64756d
705f7479
7065203d
3d204d45
4d4f5259
5f44554d
505f4e4f
4e450000
2f686f6d
652f7361
6e676875
6e2f5256
582f7276
782d7475
746f7269
616c732f
7276785f
7373772f
73797374
656d5f75
74696c69
74792f73
72632f65
7276705f
6d656d6f
72795f64
756d702e
63000000
2873697a
65202620
3329203d
3d203000
0a4d656d
6f727920
64756d70
20697320
70726570
61726564
20282573
29000000
0a747279
20276d61
6b652064
756d7027
00000000
6d656d6f
72795f64
756d705f
70726570
61726500
53494d00
454d5500
0a0a5b52
56582f53
54415254
5d202573
40565000
0a0a5b52
56582f53
54415254
5d202573
4052544c
00000000
0a0a5b52
56582f53
54415254
5d202573
40465047
41000000
0a0a5b52
56582f53
54415254
5d202573
40434849
50000000
0a5b5256
582f5245
53544152
545d2025
64000000
0a0a5b52
56582f45
4e445d0a
00000000
25630000
0a457272
6f722063
6f64653a
20253878
0a000000
666e692b
00000000
666e6900
6e616e00
666e692d
00000000
845900e0
b05900e0
d85900e0
b05900e0
605900e0
b05900e0
b05900e0
b05900e0
b05900e0
b05900e0
b05900e0
b05900e0
a85900e0
b05900e0
b05900e0
b05900e0
b05900e0
b05900e0
e45900e0
785800e0
e85700e0
e85700e0
805800e0
e85700e0
e85700e0
e85700e0
e85700e0
e85700e0
e85700e0
e85700e0
705800e0
e85700e0
685800e0
e85700e0
e85700e0
3c5800e0
145f00e0
385f00e0
385f00e0
385f00e0
385f00e0
385f00e0
385f00e0
385f00e0
385f00e0
385f00e0
385f00e0
385f00e0
385f00e0
385f00e0
385f00e0
385f00e0
385f00e0
385f00e0
385f00e0
385f00e0
385f00e0
385f00e0
385f00e0
385f00e0
385f00e0
385f00e0
385f00e0
385f00e0
385f00e0
385f00e0
385f00e0
385f00e0
685c00e0
185c00e0
685c00e0
385f00e0
385f00e0
385f00e0
385f00e0
385f00e0
385f00e0
385f00e0
385f00e0
385f00e0
385f00e0
385f00e0
385f00e0
385f00e0
385f00e0
385f00e0
385f00e0
f05900e0
385f00e0
385f00e0
385f00e0
385f00e0
385f00e0
385f00e0
385f00e0
385f00e0
385f00e0
f05900e0
dc5c00e0
f05900e0
685c00e0
185c00e0
685c00e0
385f00e0
f05900e0
385f00e0
385f00e0
385f00e0
385f00e0
385f00e0
f05900e0
cc5e00e0
385f00e0
385f00e0
885d00e0
385f00e0
f05900e0
385f00e0
385f00e0
f05900e0
00000000
0000f03f
00000000
00002440
00000000
00005940
00000000
00408f40
00000000
0088c340
00000000
006af840
00000000
80842e41
00000000
d0126341
00000000
84d79741
00000000
65cdcd41
72656164
5f66696c
655f616c
6c3a2066
666f7065
6e282725
73272920
6661696c
65640a00
72656164
5f66696c
655f616c
6c3a2027
25732720
65786365
65647320
4a534f4e
5f4d4158
28256429
0a000000
72656164
5f66696c
655f616c
6c3a2027
25732720
6f70656e
65642062
75742072
65616420
30206279
7465730a
00000000
22696e74
5f76616c
75652200
202d3d2d
3d2d3d2d
3d2d3d2d
3d206865
72652077
6520676f
203d2d3d
2d3d2d3d
2d3d2d3d
2d3d0a00
7175616e
745f696e
7075745f
312e6a73
6f6e0000
6c6f6164
5f696e74
5f76616c
75655f6a
736f6e28
22717561
6e745f69
6e707574
5f312e6a
736f6e22
2c20696e
7075745f
746f6b65
6e290000
4c4f4144
20464149
4c3a2025
73202d3e
2072633d
25640a00
202d3d2d
3d2d3d2d
3d2d3d2d
3d20696e
7075745f
746f6b65
6e206c6f
61646564
203d2d3d
2d3d2d3d
2d3d2d3d
2d3d0a00
52656172
72616e67
65207878
3a200a00
53534d5f
7072655f
52654c55
2064656c
74615f64
4f75743a
200a0000
426c6f63
6b203020
66696e61
6c5f6164
643a200a
00000000
46504741
5f726573
756c745f
31303239
5f332e6a
736f6e00
6c6f6164
5f696e74
5f76616c
75655f6a
736f6e5f
33445f62
61746368
315f746f
5f324428
20224650
47415f72
6573756c
745f3130
32395f33
2e6a736f
6e222c20
4e554d5f
5345514c
454e2c20
4e554d5f
434c4153
532c2046
5047415f
6f757470
75746865
61645f6c
696e6561
725f644f
75742029
00000000
46504741
204f7574
70757448
65616420
4c696e65
61722043
6f6d7061
72652056
2e532e20
56657269
6c6f6720
52657375
6c74205b
46504741
5f726573
756c745f
31303239
5f332e6a
736f6e5d
00000000
f7050702
fcfe01fa
ff01fff3
fffdf6fa
0102f4ff
67696775
6a7f5e7f
597f6459
74786a7f
6d786477
fbececd0
e6e0d0d1
fcf8eef2
d3daeba6
faf3e1de
d1e5d9c3
fbf1ebe5
dabdaec7
fbf8f3f8
f0b79cb6
f9f0e2e2
bbd0c2db
fdf7d5e1
e7e8d989
fdf4ebbc
dce2d8ce
f8efe9e1
d6cfc6c2
fbecece0
c9dfb0d4
f4ede7f5
e2dbc6ca
fbe2f0ef
d3edbed8
fcf8e9e1
d2c6dabe
fbebe9ba
e2b0ce95
f7f0e9cb
ebe7aedb
f1e5e8e6
c7c9afb4
faf1ead6
dac2b8b4
fbede3ea
cfd9b9e0
fffffbf1
feebc58e
f8f0e9e1
d2dacbb1
fcfbebda
dbaec5bf
fcfae7d6
eeede580
f8f1e8e0
d9d0c8c0
f9f4f0d9
e2d8daf3
f9f2ede2
dbd1d3c7
fdfbfbcf
f8b7d2d5
faebf9e2
f580a1d4
fcf5e7f7
f6f5cea7
fef6ede7
b0bbcbe2
fae4ebed
ddc7d7c2
f8f0e8e0
d7cfc3c1
f8efe0ca
d6cdbea3
fcf0dee5
e7cfc49a
f7eddfee
c5bbcebc
fcf8f3ee
d5d5eabb
f6f3e7f4
d9e8dfc1
fcf6f2f7
c9d4d8ca
fbf3f2ef
edc4a4bb
f8efe7df
d7cec8bf
fdf8f3d5
deebd880
273f3c53
3f3d3941
53464651
33403659
3c3b3748
5b384936
44384743
3030502b
32515747
3831503a
e9c4eff7
e8fb3417
20d7132b
d0ef060f
e7e12ce7
e6f7df1e
1afce502
f8030a25
22f5fc09
db1a17ec
1805dce9
0b21d118
f00d36f1
20fad4e9
e11319fd
02e8d0d8
13dfdbf2
1307fbfd
f22308dc
17f60efe
13d70b31
332bf937
e52dd8f9
fbe6d142
dbe50329
03d5e51d
f5e03626
fd0ad60c
ed20f7e8
e41c2418
fd012b5c
3f315118
3febcbe5
e7d9e6e9
f5fc3f11
13c314f7
cc0a38f7
b3e4061f
0ef3d836
e00b16e6
cef0d8bc
e10eefe0
aae0f9d9
ed10efda
26fb0dfc
c9dfe2f8
21d216fe
2b24f60c
15e7fb15
111ff6e9
0426e009
e1ea0c37
cff31e0c
e1cef6cb
ed280d1f
eceac6ec
0d02df48
19e911f4
bddfc5ea
2df63316
f5e6f0df
e6cdecdb
f2fcf1ef
2cfb21e3
fa38d904
11f013ef
0520f514
0f022415
25e70c06
3ce3c912
ec1425fd
17ffff22
1e253c1b
fde4e0f3
1bc43b08
c2e8f6f0
d61515da
de0502e0
ffe1f918
ebd1f8fd
13e4f8b6
43fadd15
fcd5fe11
f62af928
05d6f9f2
191ebbee
1afb09f0
e036d63e
1501061d
13284eec
e00ff7e7
d7eb0cf6
ea12e4d5
1c2a07c9
ddf72bda
e7d6210e
180f0627
f2e832c8
d2f2f90e
2f160adb
111e05ce
dae1221a
f92a10f6
1236350d
db3a062d
db11ee00
e1ee0e20
26050ede
05fa23ee
eb39f621
042510e4
00250f05
fd2936d3
173a1137
efd6330b
e3fcea25
e60bebe1
e6f428d5
2229252f
e320313a
d9ec1ef0
08120e20
241d16dc
23310746
defd01f0
0fd001f6
fe1b290a
d1dedad7
000e3429
0c2d22fd
150df6fe
f9cc0305
ceea2e12
e5071ae9
f327150a
22f801ea
f612e317
22f8ec20
19f9d809
03ddedef
20ca18f8
03d3100d
f70c1734
f0ce1c16
f901fc0e
0af128ff
03ff1812
fa31002b
ee021720
2af4e02b
26dde5ea
41112f01
e7e42b0e
e4dd450d
30e1230e
f1f11e1d
1a1cf0d8
e5f71f2b
3fd6ff24
df32e4fd
dc3f14fb
560ffc25
fd05ef12
1b1811c3
f8082611
dceeedef
19cc0ffe
fbe8f101
48e9e415
f01426f2
25f40e1c
03ebfb00
e9fbf829
010ede4c
08092444
2d21fe08
fade2dd3
f1fc240e
14ba2ded
e532d102
f2f8ef00
03dddf0e
0af2ef27
23eb140c
fd02071b
1c17e114
250110d8
16ff0813
29bfdb12
19cbd306
f4fbf9f6
501624fb
e7d3f8dd
f812101a
f5f517df
ea08f7e5
dd04e201
f3f2262a
240cfd1e
e0221afc
26f720c7
f3f7fb22
ed21c7dc
f3041c14
e0340ddb
11f701d9
06f5fa04
220dffff
b22609eb
fc171b2e
0c4fea15
dbeadbea
dd11e80d
e01a16b6
061debfc
ecf030f5
fee1f9fb
25131b0a
efe0e3e3
e5c6d9e7
f7aafdfc
e529eb05
d2e22d0b
1601ecea
0dd22a10
0e03ffe5
e2f42a25
f61a30f2
1d1ee4ef
07dd05ee
1d0bef23
04021af8
1711dce5
200016f1
1b132208
f722fc03
0ee71426
18f423f9
0805ed1d
fffff0f2
ea21f2e9
161cfe2d
b4edefeb
d12017d7
1b0af923
f8ecdff8
c7e5c9c3
f2060730
38d7e2e6
16390619
edd31201
3010e4fd
ef18c119
0bf909b4
f227efda
2604fd00
c7e9d215
e91de5f4
1be1fa2b
36f638f0
181ceaee
031ded13
cdd6ef27
fb191803
17f7e32b
e7e3fa32
02fc0511
150a1310
29faf006
e9d4ec07
f1011212
eef721cd
cf0e1204
ce072c25
fe36101d
2ae32a3d
13eb0414
d41e3654
c60d0610
ffeb222c
da3d07f5
2edc080e
e335e3c6
23f2e726
e6fc0014
d50ef9d4
f0e003f3
e6d1e91e
f1fa2d21
e6fbe3f5
da263435
361023fc
f40ee902
1708fe02
d9dc2306
12e112ef
1a2dfbf3
16e90706
590116ef
de2ff8c2
fdf1e114
45f9fd03
010618f3
df24fce1
1ddb4816
d5deea01
c6e2f4e4
1707e3e4
5bfe143f
e43d221e
0f06dd0c
051d0c1e
e1df1df6
28dbffd7
f1eb3316
f4ef1dcf
0deff507
0512d6df
31e7e7d5
f1de00f7
bee9102e
1ef93e38
2227f4f5
dbdddef5
dafe034b
11bb1114
0052140d
c90716d7
2de60c40
1b08bdd7
1c031e21
def2191c
0822eb06
fcdee40f
ff06d511
0dd80f01
d2f8e925
dbe3ceed
04c7ee23
0f00dcd8
da313cf3
10172b13
0c1225e6
0f013a40
c0ecf232
1ec90719
fb2f09e5
eb11f8fd
fbe1f514
d80bb211
edcc04f4
1533ff15
4b150bfd
1d0ff5c3
ecc8eee5
1efbeee4
cbc12076
f90ff913
d7e00ff1
1ae814f0
27f5ff03
22f1dff8
01ebf601
0717d5f9
f3fd02b6
122de6f0
e8dbd419
0ae00b13
da4907cb
12093f12
dfcc0b03
ed131514
1423faf1
0c083614
f50de9e3
f106f105
dafbd6e3
14272b03
d22c0bdf
f1104836
13012c09
070617dc
f73629e9
0bdffbf4
3323ff10
fee9fa17
f80bf10b
f8ee13f3
0ef214ce
04000cfe
05ffde03
2909ca16
e3fdf336
21251e0b
2dfdf931
01ff120c
fcce17fd
ddf4c938
e5e5cae9
e6fe32cd
ed001ffb
2b16442b
e1f9cde9
31ffdd45
c6f6df31
3ae31a02
c2f31dd5
dae1c022
38d71c1f
19460813
f4df0e19
d3d9e3f8
3e3c020f
3c22f521
fd10080f
1fc80b3d
fbe42d07
0c25f615
b9f4e6f4
e2e2fae3
f8fa2f10
d8e610fb
48e9fffa
12e6286c
d6e603f2
f1eec92a
39d8ec0b
14e81b24
e2f6ede4
dd1f340b
37c60108
232ae3f0
ed1bf601
2112e9c3
222205ca
2124f3ff
15f1fb4f
f50cf80b
cee90401
070f3619
fe32fc00
e9de30d2
e0dd07cc
0fcad4c1
d91014ee
0e0e0ee1
ba2b09f6
0f2036bf
022006fa
0b12dc2a
f8d7f7f8
1a172bfb
150821e1
df1219b9
08f41efe
f113f5f9
f3ece31c
dbfa0dfe
e432fa3a
f1e927f1
f7f0f811
01f7dfef
fa1b04fb
2708f324
e1faecf2
1c12070f
282516f4
fc14bd0d
e33eeef2
dbf226ed
e325d5ed
f6fbe227
f043f4d6
19501b36
f7fa290b
f80dec26
0ced2e47
ffe9dade
ed14fecd
11fc1a1b
1b1cf4e5
112cdfe0
e13634d2
e7093d26
e505bbcc
f8cffa40
e2eeadf0
972fc251
d676e7f1
40d6c00b
19ed3a1e
f90be32c
0605deec
180e1406
17071fda
dffd1e02
e2e0260c
f30e0118
240b281f
24e9040a
4701f903
33e7141b
f3fc0d2a
09c8f1d0
245013c6
0dfa2efe
251c022f
f639c42f
da0bcc06
120e13f8
22f4f5f2
df01fcfc
dcd31ae1
e9f0f920
153bffce
0e07f4ec
ec182b53
21d3dacd
cb9da31d
5ff604fe
9dc6c8ff
fadde812
413fc406
15f9b40a
531da3e0
cbdb8110
34d54323
fa0baa19
17b0e1e5
f950b35c
fd1efd23
fae7f729
13190036
20ed000c
2dfdf103
daee261d
e91e06fb
d4fd2dfc
6af9e3e4
dbd0e932
ebd7ef27
e707256b
e4101c10
e9f019f6
e6b9421e
ef0201fb
031ef101
d5f2e11d
12f0f029
fbdeebfb
eadffc0b
e0ee1a08
c2b5d7ee
fbf8fa0e
343a0dcb
19f303e8
f6d12121
d5ecd000
12e4f6df
1ef421de
e802ecf2
03e1f328
6bec2318
22f5b010
53dbe751
1c1de935
0b0a0b53
1cdd49ee
25b12a0c
08cd410f
e8eff63a
0bf21535
1822ff12
3a193634
00183128
ded8eef6
201f012e
f02c14e1
db2fc8c0
1dd8d909
15d3fc31
fad4dafe
1f89ad13
ef43e9ff
fdda11b2
e8ed320b
6dfe1316
1d2fd1ff
7fe6c92e
f5ff2f25
fac7d555
2bd7eedb
1bec075e
d8d427ed
fffd10e4
141d0625
f2491113
2df328e2
082627d3
200f270c
dbfcea45
f0dae7eb
a3d9210a
15de24c8
fb291ec9
30f8fd99
2209c612
50209d21
43590dc0
63edd3e7
dcf8f838
f9fdd527
e84b485c
0ffcc133
3f0d0447
dfc8383f
26fff2ed
581443c9
092218e0
f430e123
09243f4d
1beb25ef
03d0ab01
f8d228ef
f3f9d301
0ae902f4
f6c2ef22
f419f636
c1440e06
0927ea1a
20f8faee
df1aeafc
12090fff
0505290f
3616becf
f9e8f105
28d4c8c0
cd0f39f6
b1c816b1
dd1127c4
b0b724d2
d1d6c30b
e338c3be
0effee09
30ed010d
ca1d08df
17df0e0c
3d020fd9
f3f10008
d1bcd306
2429f8eb
ef1ec703
fb2b090d
28c1e9dc
e3e9c217
35e0e90f
cad8dceb
edcdfae8
0611d8ae
0a18facb
340fe0d9
e6181603
a5fe1cfd
43fc28d3
eaeaf91f
d781bbf7
27f70c05
28e6f4dc
110d1b13
d12609f3
f0ed0a0d
2f06e119
dae111ef
d4d60cf6
0dc23afc
190fdfee
2d034f53
42bf1fd1
09edd60d
1bd2ebfc
fa0fef42
1e0c0cc3
1bef1933
f438f930
d22d1b3a
26f01211
ec091e00
d9f5df29
27c8141e
484422e9
2bf5e40d
2cd123ea
efe8ef1f
ea26de20
301a1615
ef21cbf1
18d812ff
2c3f3f31
30f7a494
29c431cb
f6dc22fa
cced2017
d5e4c8ea
f21feb94
2dc85026
b4b1f4e3
012bc9a4
2fd1e6c6
31d80803
d1f2d80d
19df2c11
1815cf05
1ee82bdc
d0e7ea1d
2349a581
360e2ec6
52a20be4
8e310b2b
d309ddfb
1e2d23bd
29272c11
a2a6e010
a4180717
9d778816
de475956
3ed4a5c4
33cbbd37
15da9d44
b4e0b7b7
3747e523
0709cefa
23e8e8cb
13daed24
0afe00eb
0bf5e1fa
000c01e3
05e3f811
e416f324
e6ed4b30
99d3f9ec
39f12011
0ee7fa16
27d8d626
44bfe403
da049ee7
4742e1df
d5f1c5ee
002c39de
07e401e0
00324929
bdf50fee
d6f609db
19f0211a
d7f0c5d5
ddd1183d
f0c2ed2f
f0f6f507
32df3512
1f12e124
03f5d21c
dfc90801
21140a15
231025ef
dbf1cfe5
f3e7dcef
09df01df
fff3e205
e9ea1dfe
cad8e3d7
0e220b0c
c131f8cb
26dee4ef
1ffb5a2f
17eb9ce6
26e9c935
3617b80c
42e00abd
2efb1a0f
09feebfd
c4be0c0b
e3e43c38
36911efa
c4378101
23dcfdfa
96f881b8
05fbf6f1
0005052e
2150f626
11f2d1f3
e7f9d72b
35dbfd1b
e5141108
2d3b0cd5
05083720
0909ead1
19e71711
eae50126
15fdeece
e415feed
3615160f
08d81bf4
dffdf33c
2309f809
3d032813
01dbced8
c44f1b21
d20311fc
d70a3e00
041713fa
dce50e2a
07894d7f
7ff57f7f
6836aef3
11d2b27a
b5a4434a
18961920
df307ab4
8caba013
1de03739
ed221faa
ec08d41d
14150630
f1f2c8e6
2df52a15
19302712
f61006f7
fef0dbf8
f616f41b
12211cfc
0af11612
0bfec4e2
f2d6bd45
42faf3e7
de060437
e6f1b7f5
e2ff042a
d5f1d744
d5effcfc
d35cefc0
0fefcf0f
1a031fe1
f70b07f3
e4ec0be8
162a11fa
b2e1040b
dffa08e6
f006f20f
e6dec521
e6e0ffe8
370d05ef
ec4000be
e6a8d818
3fde2fff
fe022cfc
d207bf40
c8ca06f4
0ae61af4
1006bafb
001b13c8
1cf510de
c5c23a25
0e18e7db
1b08f705
2c1205f4
ccf2e8e8
cf2908f0
e5fcc8fb
2429cbd7
2500f005
f0153de2
0118081c
0d12c1e1
00f709fd
2825f0ec
f6e9d702
ee0ebde4
f520fe03
0246d306
de210d00
ed05082d
0efe1222
f407e5f3
17e2f00d
fa17fef5
9613f3eb
0d050f1d
df300f08
0acd4519
ff380bdd
57fcecfd
f6fdf407
cef5d70c
faef2a2a
f2fb22f9
0cc2f611
e4ee0dce
e42aebe9
0ffdd002
12f9f2d1
1de2fe08
3312e5fc
4704f81b
2c0ff1e6
f418301a
c7372ec3
eddecf0e
eef704c4
e416aa19
e5ff07e3
0bf63c31
e31211cf
01cbf200
f1e6f9db
e2322012
03dcdb37
e9e3134b
07e7d010
cff41d0d
13edded4
fdfafeec
21fcf40b
3142fc04
f93311fc
dfe10017
ed0d0208
ebf1ba29
ee073af7
06feac0a
191c12f2
12ccfa0a
0c03ee10
1b45df03
f52e0211
f3cb202f
4f33570d
231a170e
3eeb5bfe
f120dee8
11fc0c07
ff2f29e3
f227fdf9
f1d23114
ddc9ec0b
0e221b00
f10418f9
fa17f611
47f31429
d0f5f3fb
d4df00f9
222edbeb
d40d0d1c
f5d82418
e2cdeddd
ee2b1804
dd10e6e6
fd431538
e11204db
f0ff07f9
1402e419
dacfe90a
e0e4de1a
e836f9df
0120cb01
e0d90b15
0efe20f1
f618f0e5
e20b2412
12d719ed
e704f71e
0bfffe14
1bd30438
0812280e
dffeb814
da1afcf9
dbfb15f5
0c23f9f0
dcf4262b
ec032805
f7fc12f0
391ccb1f
9afe0434
10f40e2f
f30afbe9
e9ef4d11
f9140411
f339ffec
20ddf4ce
ce3cebf3
1ce5f8fa
cfe9372e
021ae006
d3de1f25
1dd604d8
01011304
140aea05
0ff93cd8
1a16ee28
2ffb32de
002f0514
fefdd9ff
0a3910f9
e618fbf5
de294321
e61ff3d2
2810ddfa
e6e7e614
0cfd52bd
f3dd0226
f508fbe9
26cbd8ef
ebfbfa14
ca01f604
23d50c1c
c6fb192b
bfced2ea
d3113b11
110bf7df
00f92bbc
3decd7f0
1a0b0dd7
01e5181a
f7fc2af4
cc240c04
f3d10ae2
0d11271c
4bda43bb
48f2131a
1fc4fa40
0dd6d616
222d3a02
c6fada25
261be5e7
e1d8dfe6
38f219ec
d9071ff3
15ffd5df
f60ea318
0e0cfa0a
fb0bfd21
01072e0d
e9f8d5e0
ddfa22f7
17ffdfd6
05223107
0614eb1d
2ef42bc4
d1fcdb1d
fabf09eb
e8e810db
0b33ed2f
f2f9030c
e122fffe
1ef2111a
d605163a
001e16e8
0ade1dfb
412911d9
18d408b6
3110ec21
0edd06d4
253dce0c
2106e502
0932f20c
e3f40508
111815de
df150f1f
06bb410b
ce17af01
e11ff6e0
c50cf320
2ebe04f7
0fea0efa
032a243e
ddbfca1b
bbde1707
20e7300e
e90d290d
3115edd3
dd02d9e8
e6dc21ff
f233010c
f7fc1706
01fb0501
d3122404
d7d215f1
0cc4e635
3b0544f0
c803daf4
3ef51dc3
0903db14
fe2313dd
0ddde106
dcf10ee4
df21fae9
090dc50c
09e9e8e4
fbfd12ef
02e7fe5d
38baefe2
1000ef27
deffe103
0d1305e2
2be5d4e7
2cd0101e
19df24ed
eb2702fe
f7efc41e
2f1e14da
e309181b
fb09f90a
4b043af8
e60b0ffc
fd311803
e9f0fe18
061430d0
f4f424f0
050353eb
25da0be6
07e4000f
f30ed5cd
0808310b
fd1a01fc
34113e2e
b71bf90d
f7230e0c
f8dcee04
d11714fe
fbd71028
d52b5bfc
34e4f501
07e7fdf4
1626d8db
1315e530
f4d4ee0c
ea040b24
002823b1
4f1e1a35
2f000423
37190df0
d7f00a20
e8f918f3
0f180117
1f0e0fd1
26b90c34
11d710e0
fb302619
0ff7e404
500ae6b6
0b29f5e8
fbf31601
04e9da13
21230e24
15fad3f6
fe20c8e0
e51319fe
edf3d62b
c6011406
eb3c11f8
c4f7f4ee
f403df12
f5ecf8ff
090748fb
f717d5f6
1508da0e
ea1823ca
11dfeb03
0808ca1a
f70934e6
d5f3de42
241d0de7
0bfd4fd1
dffbf933
02d7593f
d519ff07
06f0ce0b
12f5d20d
fb3af8d6
2e07f9eb
220110bf
36dddec9
1c1b06cd
0aef0b11
f01325db
0df7ef00
fdb9e510
28d63cd1
3229f716
36051c0e
1ad6080d
1f0d0ae4
ffd8e4f2
ec0e1ce2
ff1109d8
2f1aedf9
fbe5e41d
df19f6db
cc2ade13
26e4131e
1cf5f311
10feef36
d8e3ff00
270ffec2
caceffea
f41df1e6
f10cef10
b62be4f5
d94719ba
ff31ed46
1ec41221
bdedcf30
010ed525
0b3327e0
ebe1f008
06f2bbd0
0c32e7f4
0701e0ce
f537eff2
1bfd3f30
e919dd19
e113fbe4
0eee27e3
14ccf6ef
14fedf21
282f3bec
a4e7fb2a
f7f610ea
20f91106
ed06d40a
34f4f6bd
4b2541fd
f4210034
fa2ee02e
f4f23f12
2ce6d4a3
080f8031
b1682d35
53950443
5b26f1f0
610d2be4
b51b0e11
33d9fa17
eeebc514
23dd18e5
ab160213
0607f027
cd3d2be5
351230ea
35fac527
019bccdf
e2cb1a0e
db270c49
2301f817
d9f4cf20
ebd60ee5
1321e61f
ec4dd8ee
1742ffb4
187f2d10
4bfab9ef
41fa02c2
022b11d8
1109ccfe
2002ab09
0cb22ed2
c90df11f
1c011612
ebd5391a
df0329d7
2a141be5
f63cfdef
e82815af
050de0c8
01441111
0cfbb421
51a263ed
d912b2c4
e57fefb8
ca57ceee
d6ca1d09
c5e9a3ef
4ecdd67f
2b2fba8e
e16ab0dc
075cd4a5
f04ce38a
eaf57e1e
f11159af
d7031d05
4f0fa5e3
5eba128c
13dc1611
cefd1dec
ebfa36b3
f625e101
efd9e6fa
e0d806fd
fffc6790
bfd442af
663c2681
272504cf
27cb0805
fc01dd2e
1af9ede5
a41eef18
eb16e11a
3213e52f
34e9d129
10d1de1a
e9d765e8
c60d002a
1accd3ef
067f1ebb
08563e17
2133ec81
eb00f309
ee61a9b8
d300c91e
5a110311
e7ed3120
33e72418
ff0eebfe
5ee111ef
fb43d81a
663ab907
16e9ff98
d22301e3
f0001317
dbe7c96b
30ba2bec
c22afff8
124a9c13
3d0fe9d5
2a17cd18
dcd307a5
020f76ff
05c70423
c7e3e229
1c9933c4
0533df50
1b17d404
005181e0
a172e1a2
767fdeff
ecb8fc9a
a2d32e25
1b041429
10c215cb
11de16d4
0a0edad8
1807cf2f
d4587f7b
accee708
f9dcb744
2c2ddd0b
7ae41925
2919da16
0035cdb4
207815e2
b74e17e4
040cebc4
0aebf8d5
e73927aa
2560daf5
1c14e7e1
0f8106df
e61fe208
13fa171d
28f8f113
d0fd0e00
12fc1116
41f71bfc
e9b1236a
e5dcf1b9
1a5af924
2531ead8
11e6e729
fa9c9c2b
eaea1fce
e62feb1d
540be202
0f01261c
dff5d731
d9b50add
c9e4e227
ff13d743
fefe2623
7fe914be
9e12b71f
eb0aebd7
0a2700b5
58f30315
7f6ca3c4
9f7fd1c9
1c1319b4
ca2ce7d3
07012320
903357e4
240ee507
4d2f4ae5
ec0ce1ec
e613ed1d
21cce202
e1efe9fe
03dae606
ddfe000a
e922c8a3
0719ee24
0252febd
e1e01928
e815bb25
d11123b3
b05243c1
0f3122e2
670512c1
1efbe2ec
ba21dcf2
1628c8e6
230bac10
15b60229
c7f24eea
c13cc081
47240027
ff1ade0f
03812d0d
d2e5ed2d
23301f2a
df02cdfa
2ee10d05
e3e91110
140efa04
f8d839e8
3e360dfb
9d20deec
ca8101b3
8cc52e43
fb121afd
133a03b1
f83afe2d
fb0c15e3
0ad50508
0a3cf045
a1cdf832
9fb068dc
ceb841a8
04e5fb96
f1e31af3
012cd325
0af420e6
eccdc2e9
1b2fdce9
410a0319
0ad8f0be
1af904e4
ef181f32
0cea2d1b
e2feeaac
45f3c3c1
a1d7f206
02e81e33
d229db03
3801f6d2
1ae6e6da
0e48d424
d62024cd
fa001614
28302ba8
c7fd11d3
e8091beb
dcf7fad6
44f4caf0
e9d7329a
c4fd26e1
e43ffb04
0919080a
3531f50c
1ce2f93a
f7e04c04
efdedd15
0b2cfa00
0833f812
24f3fd2f
fbc73b1e
f3f9e9e5
21ddd3e6
2a071d06
2741df21
01171b19
0d2ffbff
f5dfd44a
e9e51cd2
36f0811c
d4df0df6
eef6fd26
05012b12
16244124
d2eed5cc
c8e50422
ae0e18e8
25141bf9
46fc11eb
b2ddedd4
eb0f55ee
d91621f6
e9d727b7
3c4737b8
2a0a16b4
0ce7ca06
f1fa130b
2b0bcbf9
2cfd5dcb
f10821f7
f8e8e218
d5d52601
fcefbefd
54bdd4e1
3028100a
ed1fcdfc
3b2e0fef
fefc16fa
f4d90a48
17162e19
1a2c2d0a
baea9ee7
121fe3c0
13e0f8d2
1635064d
fdff0009
f3fa3122
a32cfd17
0af41cbc
bddee4f0
260d0ff1
02f201cc
1b5ad0f7
5be68bc1
3a1ac6dd
084638dc
1edfd04a
f51a19df
40f9021d
f0091fea
15a6cf19
fbe739ff
f5eeb621
e5fdd1e8
fcb4e916
fde12300
2a47e6e6
01c7bc0c
050fd7ec
bd532ae2
a4141a41
0e06fcf7
0cf3123c
b305f1e6
f0c5d33f
e3e715c7
201ae495
0fe43aaf
ed1ef725
2b12e1fc
1312ff40
0fddf2de
ffd01428
ceffb33f
e53beadf
ebd6c35a
ed12211f
43eaedfe
e613acd8
4bee28f3
1a2601c5
4af7f56a
25c7fabe
c2e3e1dd
e7e50245
0215f920
0bd43a0a
1b16e419
e60014c2
eadfefe7
22f0ca15
031f3a19
e0f73c23
08f4f928
fe242fdf
0dfe00da
b7bdeee4
07151832
40e62530
c3ddfe16
0df5f50b
e2c30f00
22e8edc2
ebdc1df0
d33c233b
40db3713
55e60a7f
df1adcd0
d9456006
e8dfee21
e7f3f938
fabc39d9
01ea96f4
0df53f16
f7e03427
16db0be9
30200f35
f8ed042d
1e28cd05
8eec331d
5d07f8ef
420b38e5
ed2724e6
cbe92116
18fc13eb
fb000912
4bf006fe
0909efec
06d6d61e
180b2b4f
bb3dc6e6
fada34e2
12d5efef
0a34c99a
090ffbe0
e0ca10ec
081f01dc
07f519fa
ecdcc2e5
1efbd114
df0216c1
0bd113e9
bc0cec15
cff82d1e
ff0d19dc
cae9d710
ed37e208
eee6222b
f412abfc
0947ff39
2a3ce936
e0e6a510
f3ebfc63
f807e0e9
c9d31103
ec5918e7
cf28e800
d91b19cb
f6004040
fe11f81d
2df710c4
100e0ae8
f11f0bf6
cc36eeeb
0f10260f
e5011837
d4ef0fed
1ce4f3f2
14d0f205
c722c1ca
e20911ed
dff6d0e7
140dfb2a
2cc9fbef
012f16ef
131e04a4
f768e50c
19f4f5cb
d7cf162f
bf2437e9
0212ff9a
e032fdf7
f000dcf9
06b0d2d7
2002feff
03c02f2d
efeef929
3df02c06
12ebbf0f
23e6ef08
ca37eff3
e413f83e
fa262ef5
372bf918
041cfdc4
cced21e9
25230ff8
d50a31bc
051f30ce
f8ed3805
214420cc
f16ad9fa
deddefb8
250d3fc6
31ca443c
edf3eecb
112704b3
2a31f3ba
f7c9e831
d7c3dfd2
251bfdf1
02b600e5
14e0e0c1
f5e40cd5
053924fe
e0dee419
2bc9d20a
e8d5f0f2
bf071d3c
300dfcf8
2411d43a
df161211
05e90e2d
03f9bc28
f223d412
d005ba02
fb2ccdf6
2bf9fdf5
1a08d3b2
ea0f1502
c60ed7ca
013ed4da
1d123213
3f0807d3
35ee2f48
0b15d2e6
ebdc051b
1618c902
ef2dfbee
041707ff
f82fd7e5
cd64f41a
23d62cd0
29d4e1e8
d4f81e28
f1372708
203ffa4b
4612edc5
d228ebe7
0806d42e
24eef1d2
dfbd1212
d2e7d2f3
14eaf332
e60e450a
08e714e6
e6aed619
193234fc
16221032
d01cc3f6
eaf5dc37
2fddfa0b
261cca51
41eefe28
fb031f0e
29b0dc45
05a82126
ff12f3dd
34522fe7
00d7faeb
d15ee6be
203c27f9
220ffb0a
e41cc90f
ebf9f660
2fb92c15
19fbc701
151df3c8
0deedadc
f8cd34e5
29c6dc28
1e1d2212
e8faf854
f1c50ef6
1fd9d3fd
2c2821b9
d2402d31
3ee9ccd2
f3121fbe
cbdced0d
e2d7ea0b
e7ca0613
c7c533e8
04191ae2
0b062125
afa5eaf2
d8bd0400
efe3d6f1
359efb25
f0cecbf4
d31ce5c9
3714ec29
de02c7e3
f9fdd249
f40637d3
21f4327f
e1af1114
e31d2c26
3335120d
13f815f0
5902d3e5
b92edbfa
a6dfc4eb
0ed9d51d
22f8e6f9
29ec0e43
0c01f020
1835d034
fbd32dd8
eadcd62f
f21fecca
121a3727
b4fb3eea
26e116e5
dc253308
fff4f29f
f8491fe3
deebf9ff
291ee3f5
e0093c10
feb51918
0cf2e607
0fe5d72b
e5e3da07
bf0c23e0
f90529ec
c5eef9e1
e3ef4a27
12ead5d6
0fe5ea00
dc04f56c
dcd9dd2e
15cddeeb
e12702dd
0b03201a
f22ce0cb
2f0fc91e
edf4d422
0cf421dc
1733dac1
2931be0a
101ad1e4
06edeaed
1e0f250e
15e815f3
ffe7fa05
0ffc11ed
ec0a0318
f012ec03
7f7f7f76
7f7f7c7f
727f7f7f
7f7f7f7f
7b7f7b7f
fcf8f4f0
eee7e5e1
fdfbf2f0
ebe9e4e6
fcfbf6f1
e9f7e4dc
fbf8f3ef
ebe5e2df
fefcf8f3
f7f6f5ef
fefdf1f8
f2d9f6e5
fdfdf7f0
eaebe3da
fefafdfc
f0ebdeec
fdf8f5f5
e7e5dbe8
fcf8f4d5
eefaebd4
fdf2f4e7
dde4c5e3
fef9f4f7
f0daeeea
fcf8f4f0
ece7e4e0
fdf8f1ed
daf6cdb3
fbf5f4ec
e0efe5c7
fcf8f4f3
ece1e8df
fcf1fbe5
d0f8a4ef
fdf9f4f5
f2ecd8e7
fcf8f4f0
ece8e5e1
fcf4ebed
cdebcabd
fcf9f6f0
f3e5edef
fbf8f4ef
eee9e3e3
fcfaede0
f5f3f6f1
fcf8f4f0
ece8e4e0
fcf6f4db
eef1ebe7
fcf8f4f0
ece7e4e0
fcf7f4f0
ece8e4e0
fdf8faf1
f5f1f1f2
fcfbf8f7
f6f5f5f1
f8f6f8f1
f9e5f3f4
fef4fbf6
f2f5e3f0
fdfbf3f4
edeae8e2
fcfaf1ee
eedee5e2
fdf8fafb
f7e5f6f1
fcf8f4f0
ece9e4e0
fcf8f4f0
ece8e4e1
fcf8f6e9
f1eaecea
fefafaf8
f1d4f4e2
fef1fbfb
eee6e2e6
fdfaf9e0
f9ebf0f9
6b4d496e
30224164
413f3f33
64493d43
494f6f40
395b2c5f
47747839
4b4d2e55
4031516e
45444454
fceaf5f7
ebfaf1fa
11e7fdfe
fafe05f6
fbfd090e
0dfc08f3
02f0f3f3
fb12f7ec
11f909f2
10f50006
fdf608fe
21f0f6ff
eef5f7f0
170f021a
df1410fe
fdfdf511
fd0e0bf4
0a0afef2
11ecf4fe
16e8f810
f2ed17fc
000b07f4
fef4ecdf
02080d07
08fe1a0e
12f911f7
ec0cf8fe
00eaf101
050619fe
04091617
0dfdfcf5
f901080d
0311ffee
f610f6e8
f9e7e9f3
09eef703
f807f00a
f1060ef3
0dfff415
f6f90712
07ee030f
e8000103
0af3feef
fc12f702
f2ff01e4
f21311ff
f607001d
fbeff003
0dfcf50c
f8fff9f1
0aff03ff
15eb0ef8
0ef4fb0e
1006fb10
1404e8ee
000ef500
fa0c12f5
0ef9f913
e217e9e8
fff7e9f4
e3f013fa
e709110e
ec07f81b
1410eb0b
faf90e03
fb00f6f3
0a040a02
07f8ef16
f9000f14
160204f2
0300f4fd
01f81804
ff0cff00
04010e0d
f803f60e
0100171a
e908fefe
11f20a0b
f5f3f908
f91f0c08
eeef0e17
1ff1f70f
f208f407
03f40308
ed10f70d
0bfb0d1d
f504fefd
0afc15fd
05fc19ff
fef20b0d
ee0211fc
f51806fa
020a0a11
faf500ee
17000cfc
0a0ef10b
f601fdf8
11100cf2
1af9f81a
faf9eaf4
0a0702f7
1016ebee
f2f60a18
f307f5ed
f8091704
0c0df2ee
fdf90713
f2efeffd
01f611fb
16f50504
050004f4
01fbe6f6
f7fd0b0d
f303f8f8
02fdf6ef
f017f615
e7fff6fa
fff3f102
e90904ed
ed02ff12
f90a01fe
e5090f03
19e9f70a
0508f703
22140ffa
f1f90203
071413fc
0df00bf7
100ffb08
fd0f17ec
efe6e8f9
f2070413
17e70608
fde819fe
f0ed10ef
06fefcf5
e90a080c
f81df0fe
f716faf0
15fa0ddb
0d12fa03
03fb0bf8
faf7fdf2
f2170603
1805f6ec
0efaf009
1cec130c
14050d00
06fe1cfc
f6fafdf9
0e150c1c
0305f906
e1050bfb
f802fd18
f400f416
fe040005
121100fb
130d16f2
f1f30206
fcefecf7
06f60b03
0306f0f1
e9f7f0f8
f9ecef0e
eb0204f6
170cf020
f40ef800
f0080cff
1afd0d00
f4e809fe
dd020609
ef09fa03
010b0f1a
0c0bf704
eef6f515
fee8fcf9
fa07fcf1
090bef11
07f0fd0b
0e1f10eb
edf51510
f30b0d03
02fe0b0a
d4f3e812
fbf8fbfd
0f1200fd
100b0b12
15e6ffee
17040616
03e009fa
fd09e800
090400f5
ee1203f8
14f61412
f3fb1603
0c160513
fbfd000a
10ecf509
f5fdf705
08f60a19
160e1700
030a0512
08f908f8
0be7f308
09030d05
0ffef401
f4eff3e3
16040cfb
0c10ecef
f5ee1ad5
f809fdf6
feeaf5fc
0f080a0b
f207060d
f4f8f1f5
fbfd0715
ec0e17e9
0ceff8f1
e70b1817
1507ff1d
f0fd0cfb
13020602
f814ef18
f40b0919
16f1050a
fff2e9f8
f105160d
06071cf5
e6f81703
fdfd0515
1a0ef6f6
0009f30d
12f5fb00
f415f1f9
f6060ff1
fa0bfd04
16fb1013
f8070301
ebfc1202
08180d0c
0ef5f8ee
f60bfe0e
f703ed0b
f8f7f10a
ed10fafc
fcef0a06
00071211
02fa1201
0af815ef
0a1c0906
12ecfafd
0bf708f9
011a01f2
02eee9fe
1cfbfb04
191806fa
0eeaf60d
151002ff
fbf01202
ff09e4f7
05fe2113
ee0cf303
16fff007
f90d06fd
200bf807
01090d05
ff040bfa
07f607f1
0afcf8fe
04f50f14
0bf91404
24e60601
ee0b0403
01001a1c
fdf716fe
effaf507
06170706
f01105e8
fbfb010c
0d09eb12
e9ff0d07
110bfd10
f3141e10
fa080203
13f9e6f5
050eebf8
ee03e5e7
eff0f2f8
ea0108f6
0fea05f3
05f214ff
f7160505
f3fc060f
0a040509
ebf2e709
ef0eeb00
01081000
fc170102
ff07e608
f7f9f4fa
000e14f6
e50ce4e2
ebf7eefc
0a0908e8
eef8f90a
fd0101f2
fff2fafd
04f20404
fc0d2115
041502f7
13050b0c
08f9f7eb
00fd07f4
00f1ffff
f2fe1804
fc191bff
f3fe040f
1001f1e9
0a0f0501
000b02f2
f13641f7
fb382e3b
d8163f69
1620e10c
c7beca26
ecb5c01a
2a5834d0
bd350444
effb0e4f
fe1f350e
10f500fb
05cfe0de
fce7d8cc
5ddde0cf
2d03e3cd
ea2416df
0fbfe238
ec0ddcf4
f32105d5
083ac427
fed8011a
0208d80f
2ad5f6e6
11de2fe8
231717db
1214f90e
de09d448
08fffff8
27dbebfc
e3f8e8cf
00e73f28
e544f038
01d321dd
1be60ab6
f903f013
401504f6
e706eb0a
ed1fe211
1eebdc03
effbeee3
f60323f6
e2480226
f6072e2c
ff21f7fa
c8eee91e
f2c8f618
11161bd3
d632021c
0c04141f
ef1613fe
ea10050d
e62414d7
1c00fcf3
0102061b
30fd0e06
341e13e3
11e3e6d9
0ae80523
e916f1fe
fae40ea4
f10b00ff
d945030a
0c192d0e
200afae5
e5cfe905
21d41000
ebfe0ef1
e03d061f
1010f620
0f09f8fb
16f0de17
f5f0eeec
1ecff2e1
f0e016ce
1d111edd
1f0e24f8
f4e0e208
0fdde5d6
0bdb05f5
09f1d6ed
113fffe8
3306273e
015e3c44
0a51b94d
b3bcd229
ccdbd917
25ff41c5
ed1c463b
e02d0c29
ec260428
011cebce
27e2eefa
da23ceec
3afeec20
f902df01
d6ecec1e
06d4fe02
f90517ea
0bfa15fe
f4220d16
1f0a1f3d
01072053
db150c01
ff15d905
ed02041d
f5fd1a06
10152428
f8192812
1ce8031d
eaf7f411
fd030727
f41df66d
ea0d20e7
340518e8
ccffe814
f0defa17
0b29ed3a
e4352409
0febe509
f3fee403
11dafaff
ce19d705
0cd2e9eb
14dd4be5
2c1210ed
24130803
eb03ec01
0ee5fde4
01f5eee4
05d0f8e9
c2fe1a32
0e2600df
e3e019f1
1b121bf8
0a0ded11
fff4d1df
1610fbed
e9f6fe1c
130ed226
f8d4e2ee
d2dff4ef
f52fff02
f4e1e8f7
0be32fdf
e40b1be7
11ec0de8
ff0bd9fd
12f4e5e3
29d6d50c
0cde07c7
fa10f3f5
2b1c0131
07242212
0a13d9ff
b7f6ebf2
edc8e4f5
05fe0b00
e1650dfb
15ff1816
dd060b12
c814501a
0ccf0814
1c244811
c7153f3d
5009c23b
e7d712ad
43d0c4fe
636bc349
0e04ff10
e0e21c01
26fff804
180ffcd5
071b21ef
0708f711
efc2fd04
0312f711
0ae70405
dec90d39
cc0e33e7
c9023dfa
e3d018f5
5cd6c030
09fbeeee
28022700
1a9c2e1e
f82f4ccd
adcecc11
f5221840
12fcbdb8
21092041
bd05f8fb
ece52cf1
17b90737
0041d8bd
2ecfebc7
1c2bdef6
0bd51ad5
f02208d5
e60138d6
2127fa08
0932e6a5
00be0005
fafd02fd
f722f4f8
011010f6
f10de719
02ed1d0c
fe172dd2
e50bf216
0cf400f6
f51b2afd
11a1e30c
41ea0c01
0e10b404
3f141906
00eee4f2
48e804fb
de0a0b20
17f7eb02
e3ff0ad8
f2ff0bfe
fb09230c
f1f60fe9
e7e10b00
0cf8f30e
f72c09cf
0a08fcda
171deced
05ee1104
0237c513
15fc01e9
20dcbcfd
21ebfdf9
d30ee63b
1812240f
e3dd141e
f127c9c0
1af8220e
ef171c10
2cb3ecdb
f81ef50a
f1d9dbe9
eb33f4f8
ecfd34eb
201eefed
35ebef1a
031d60d4
a541f5ef
f4bd0b1f
160efbcc
e1e10e14
07d81800
efec20ee
4517cdde
f5ee23ee
171b2352
0dbd1010
f91906df
03fe16fe
0bd2f5eb
0b07ffef
1025dbfa
15f51108
1ce5e7fd
f8ed04fa
fe1b06fc
152d1cc8
f3f21017
080d0829
e8f215dd
e6d210ea
f7e2fbee
1913edf9
f7dbf2fe
d8c4effe
ca03013a
f738c50f
2c14fb17
f811fefd
2f24f007
150c221a
fcee1ee9
c511c934
ef00041b
1820cec6
c4101045
dd2ac8e4
01f21103
d209e416
350dede3
e90b1146
1fd41e10
253809ff
e1c7f2ea
e8232de1
b3f8f51e
faf42f19
240b23d7
dff8c723
df2415f9
0101e6fd
ffc4da16
f80106c5
e90a400f
09f91d35
314dfff0
0ed10ef1
e1f8f523
f2170809
2de5d60e
f008f8f8
040a3120
ebf62b00
0f0107ef
2ceeeffe
29e51108
fc071c04
23e9f7e0
0ddee50f
17f807fd
1b231dd1
eeddda04
05ddc32b
19e8efdd
e7e7f606
e7201714
0a35eedc
31fe1310
04cdbbd5
1c20fdd1
0a00eaf3
06e3daf8
0ad4d7fe
2306340c
cec5b4fd
dc0c082d
4c1b0235
a6f6e228
1b38ecbc
f910cbe2
eee42dee
06f10cf5
fae9e5f1
eaff1013
fb03f4ed
0fbdd020
3245360a
41dafef5
542fd3d7
243ad9d6
54ee30df
22acbebd
0c13fdfc
e2ebb210
20021ff9
eb06cbe2
f2f7fa11
1b10fb02
f20e0d1a
07030afc
ed00e0f5
dbc5f531
e52003d5
03bb30fc
e3393ad8
3a03f41a
fe213208
e90a0801
06d3faff
03e02615
0dff1203
03f7fbf0
f8edeecd
eaecdaeb
f3e1e60c
04031ae6
0cfa0dc6
23d60e2b
f30b39e5
0b1af1d5
2814fdf8
f80319c8
00f5f50c
f223c51d
d31deafe
e014d5e5
110bfbfd
e8d503fd
07121904
f93c9ce5
052adffa
fff5ebee
1eddf508
0c1dffe8
c302982e
cea558df
010234a7
11f7bc4b
035634b0
191bf551
55c8fb06
2556d8e0
fe29da4f
eab55721
f0f0cd81
f0d0ea19
0d3210e4
e2f4f41a
1fb2aa04
f519f8b2
2d091bef
e32f15fc
dfe13906
f8101be6
fc1df3e9
0044f607
20f20a10
18db0eff
ac13dd4a
b62b555f
15fad9f5
03babc4c
de4ff6fa
ef0d3a0d
e5cb2e4e
6350bce7
e213ea49
ebf10cd6
ec210ad9
ffe90d14
1f2017d0
00dbf92f
180afffc
e82dfd16
1a1bffd4
e301d332
17c0edf9
f0e61705
facf2f4a
0219233e
2d0ce727
cdd2c9f4
3531dc0a
ed1fcacd
0d0e212f
12232700
2dc7fc04
f7e8fee9
f31001ed
06ddd73d
07fa45cf
10ebd301
ea06031b
fa17f8c5
0ed6f204
00050d04
f70ec007
e6c4e012
10eb1705
f3d939f2
10f5ece3
2cfd06f1
ea31eff8
de1424f1
1fc02e13
c32c2edd
1d2e1eef
fee90bd6
e60016ec
f619fdcb
2505c909
249ebcd9
fb13d3ea
faeaf223
2d440e18
3ff3bbe3
ffdbd0ff
1447f3ce
0dbbe61f
2eeeeeee
f9df1412
f2e0bd01
3325e9d3
48f8f9e0
1e0a29fa
275baae4
eb1e28fb
4ad9c108
fbf700f2
d9f10838
15453017
05312b40
fe333b61
11410efd
e3bbcb05
1ae9cb11
24342bf8
bf001f39
effc013e
ee0516f4
2716f4fe
f1f2f5ce
f812fafc
e8ee1b15
2804d208
2000e8ff
dafc2117
02edc3e9
020cef13
28000402
16fce50f
0906fed7
e4031311
fc040eeb
01e3e804
fc1f0df3
fef71b06
f1ede51a
162b0bf0
e3ebe710
065de7f7
06051a05
fb07e6fd
f319f3e1
f1f4fdfd
e8120509
1fee26f6
e5fa14f1
15f6d3df
06e9fb08
fa03d80b
03eceef5
f7f8ff24
0cf6e2f3
fc0106ff
13fcdbfb
16e0fae5
ef15ef11
fefde909
fbfaf3fe
edf8052e
0a0a0415
e9ec0f14
ecfc1f08
12e4edfe
f5efeff9
14f9f1f7
f80e13f6
fef43af6
000de8f3
e7e6e9e1
17f606e4
e8ee04f0
e900f5fb
e5f520e7
f3fb06f9
f8f21c19
0a09f106
ff0ac7ee
db10031f
00e1eb0f
0ef5130a
0e031e07
fc120bec
0ae6e4e3
ec11e629
0de2f8fb
edf20a24
1200f4fa
10e5f320
ecf6f22d
0be90d09
d401e132
3823f3ff
1a22be12
13fdf8e5
e2f8ff1f
dd12f61f
efd918e8
050df108
fc07fafd
e5fb090d
fb0b13e1
df14130b
fc22020a
04eb23fb
f8000e12
e7021908
06f617e8
110be3ef
0cfefcf8
1b011908
f7001217
e40a1508
1c0ee002
ee2502f5
14f8fa09
f9e632e7
160435ef
e6e9fe0c
fc2a0b0a
fef506ea
0d14ff11
df030c01
d5e90714
e1020dff
1bf60602
e2fa0bfa
f8f10ee7
ee07ffee
09f4fb00
060ffbeb
fd0c00f5
ea160ae0
efd40611
10000d09
ef070bf3
e1f71b11
09102102
f702e118
0109032a
10f3fe07
0eff16f1
e9feec20
1c03ec18
e9f3fb14
f411f2f4
0bd61afd
ff06edf8
f70e0409
13ffef05
0b2208f8
e2ff0d07
e70d16fd
1cf800f0
fdf60ee2
160316ea
ebdf1a03
120b0bfc
fde0f51d
ed0c0fe4
f2f90d1f
f21206f9
020af60a
17fde515
0105fbf6
041a0016
1f1b1b00
f40afdfe
10fe13f4
0706f0fa
05141300
f8002304
021917f7
11f1f204
fdf7f4f1
f8f50ff2
f9f421fa
19f42b26
060608f9
09fafbef
0f0af615
0df713f7
d50b1a0c
22efe5fc
04edf41c
1c01eeeb
f61806e9
16e8fd15
091012eb
f7050efa
f5000bff
fe1cf2fd
3ff9f6eb
0e161d19
faeee1e7
fd10eb15
05050604
ece6ecda
08f401e8
0706f7f9
fadada15
fa1515ef
050d041c
02db060e
05f313e5
eb09f41f
2d100cf7
f6f1ee26
00e8ff00
190df803
16031207
050fedfb
22160cee
deec0aef
f81cff17
07f2030d
0004fcf8
07f60a01
00f80610
010efeda
ffec0610
0ce11215
e2fdf90a
e00318e9
fa06fd08
fc04f1d6
0402eff6
10f5f723
e4f607f9
2723e0f6
e60bf7f9
e4090a14
08faf4ed
fb02fa23
2c1808ef
010409e5
0b07cd01
09e6e30b
f91a08e2
13f7f9e7
e7ffe0f7
ed0e1003
0cff2306
24fdd52d
0810dbfe
d9f7f705
dffefef1
faf4f60e
fc090af6
ea220ee1
0a0e05f6
ed23ef2d
0b1606dd
332609ea
f2ff0002
09010119
f9e92cfc
0bfe0115
03e923f3
fbd3f72f
0511eef6
01f70cf8
1904fd05
0ae7fdf6
19f7fef9
1bede8f4
f8effb18
13fcf2f2
faf0fa19
d912ff1b
f610030d
f00fe61f
260cffe2
04e818f8
02d904ef
07f3fe06
f21b2418
f4d611e6
05fbfd03
1fd0df0e
01fffded
e708fdfc
effc230a
ecda0200
f408ef09
ed0c13f2
0420f312
21fd10f5
27dbea11
f21a2308
05f0ebfe
01de01fc
fc0affff
220ff60a
0afe01f0
14120012
eefe00e7
f9dfe5f6
022007f8
15f0f6f1
e903dd11
efef13f3
04e225f9
07060509
f6e4fbf9
1c08ed04
ecf903fd
efe40012
fafe04f9
cf15031d
f2fafad9
0511efeb
def7050c
e20feef2
d20af808
ed11f516
f1eaf5f0
041506f1
0bfdd70c
0bf9f603
0312e70d
f9e12811
eaee040b
2901f7e1
f704fbf9
14f80b09
edede4f3
f3f51213
fafaff04
182ee527
2afe1915
0b0a1d19
fc1a08e8
db0afe03
ee230f1b
2ae616e0
f7def737
fb0408e5
0afdf01f
e5f2fc08
0ff20408
f4f1f308
180df213
f812f4f7
feee06f9
07fd0e1a
00f019fe
eaf5d7fe
feeef0f8
ff06f218
f30be80c
111a1811
ea0c08ff
02e2fe11
1e0b0bf4
e2fc1706
00f8d5fc
000fe30b
0ef90e06
22dc05dd
0a1ff3e1
f8fff3f0
02e51201
15f60eea
0416eff7
04f2f515
0010f8ea
0913f50b
03ef0201
f9c9f600
0e2a0617
e3e6d9df
f713e8fb
1fd10a04
02fb16dd
25f3ecfb
f80631f2
00f7e001
fcfad913
fef5050b
0af1fbe1
f415edf1
01fff3f1
effbfc0f
ecfe16e6
e417f6ee
050cff09
f50612fc
1314f0f1
040cf9ea
fd13f5fd
2409f6e3
fbfefce8
1815e9fb
f5f8032c
fff1ec22
03ed170b
081ff0eb
d7121c0b
ff20ec15
f9f5170f
f200f401
26110a13
f108fbf8
12e02315
ddf5181e
1802470e
e5f8f421
20e2f502
fcf40aec
152100ec
070ce91c
08f503d5
1cebdc01
0c0ee714
e5e613fc
ea1402fc
f3f604ef
e1faedfe
ed18bd57
5d484408
c623f345
e03d25b7
f49ce009
01d73d1e
2ce522cf
cdf25b45
faf654d6
13deb241
48c7bddc
ead08f38
00b9df23
ee9ffb2f
e79bd725
dd4b2036
80ff58f2
84dc38ce
c44ce576
98250a21
0c0c2d2b
ffead133
d5d11d7f
d1a91fd2
ee6f4b28
d50ad6d0
181c11f3
091ade45
fbf8e4ed
01ec1023
e41208ed
223226d8
0509eaf3
1819f900
f9de0c11
dd0c14ff
08d12505
c310dff3
dd0e1902
2f3edc40
0cef17f6
05e30d09
0aec00d5
030d1efd
e91ce514
10e4ed0b
fcfff801
14fc1af6
eef1f9df
0bfbec22
d030ebfd
012ff006
ee13f255
edd929c3
0ae32011
1ed62009
dcdcf535
20282dde
c9f3330e
f723e718
00150626
f7e6fff4
ea23e9fd
3618ed05
11e40bfc
ece0ed08
1ebd1aea
1415eafb
0827e1ed
18e32d00
fef6eede
0af8f5c4
0917f1e1
eedb06f8
2b0af9fc
e32d13f4
ec26fdce
e80af007
14f1e71d
0e13f711
1c4d0408
d50c0fbc
e82518bd
af076400
4cf226fa
f2e6f1df
290c0dc0
223bfff4
1410c0d6
031e0c01
e905071f
eef6f906
040de527
f1b719f9
06142f08
190124f2
05e8e8dc
f627eaf7
f717f113
1cf1f4fd
f913fe1e
e410fd07
ffebfa0d
f9e31df7
ece4e8f5
030ffffd
182fea28
21010b09
daff12fa
fed5080d
281ec8c1
739af105
09cedcf8
c1d70925
1c150930
01300d05
eaff02e9
f1eb1418
0df70dda
0b08f109
1e22081c
f5df10f5
12cbce02
070f1d0b
de11ed03
e61a410d
dc1214e3
c3c50436
1a1446f3
f3ff0bb6
fd17ffee
d2d2dbce
f8d4f21d
fe17f50b
0cd3fc23
e91381d5
d5c7e025
47ecf12f
f8352316
05370735
c5bfe1fb
f7201d17
e7eff40d
1c20cb03
19121e0d
4132a812
e3e2a0d8
09091939
c618e026
ec320222
b881f225
0929dee8
e2063612
fad7f13f
28603cd0
243214f9
eaede510
ede2160a
e6ede406
fc0b012c
dee7e604
0a27f0ff
2027eb06
0329dbe4
01f5d905
29feec1b
e209290a
ed07ffe2
06fa0df3
ee06071a
0deb03df
eb061105
27101400
d2fb001e
f4e91328
d520e6f0
31230c0e
0020ddfa
06eafc10
f3ea2029
fd16faea
0e1d19c5
f51a0436
1125e8ed
a7fe1017
0fce0309
f51506dd
06f10509
ee00e512
eafcff10
24151aff
fd10e1ec
bcb32ce2
69ff1802
1dfdefd3
f24a10f6
02ba92ba
0808c40b
f214eb40
28e1ee34
03ff10f8
1711fdeb
2dbdf9fb
220bdcf8
13d825fb
fd03be18
def6fa0f
f1ccfc15
f7e02504
1415150b
eb154a08
ef02f52a
0751d8a9
dad2efe3
063ce905
fbe710fc
f2b70cef
fa16fb07
dfd21ff8
f9f70bf7
3eb80b1a
09f4e81c
41b4f83a
3e580855
7fc8800c
effbe216
0c240d03
e308e8e3
e6e9eb06
0c0ffd01
09f8fef8
0d04e2fa
1201f2f7
03040321
fce1f71c
24140a24
ebfa08f0
ec170802
0a0b10ed
00f60cff
08f8ffe0
0afcdd13
eafe1bf9
e4f41dc8
11f9f100
d40af9dc
0224fdf7
eafde9e4
29e408f8
091200f9
f2ca04ff
f2203308
081adaf9
0b01d622
00f20109
02f7f107
00f70207
f2f014ff
d9f5e913
f2f0160c
f4e3f1f7
f911f8f6
07fe01ea
001df00a
0ef30900
ff1012cf
f3fd12e7
f7f3f6fe
f90718f4
0aed0cf0
ff120bf3
04d7f711
08ff09fe
e6f206f8
ff12f6f2
17f7ffdf
f9fa0e12
fbe51617
160a15ff
eee7c2f0
e8e11b6a
f71a1a17
f909dff3
f8ede1d2
0308180d
ec05080c
e31ee70a
fb032607
090c0700
00f1f1f5
e2cc2306
dd33b412
0b1905f6
06120f09
10001800
c60a0001
f9140b00
ff05ed00
d9fd13ef
00001cee
fe2e18ea
05b1d414
0510fef9
e6ea4619
0108070b
1502fbe7
ef060bf2
fcfb10e9
fe15e706
16e4cf02
1031f7f7
0234f8e9
0fe70202
0323f62a
fdf5ed0a
26060fe4
08ccf7f6
05fcfd14
2e060fee
eefdd80f
0dfce72d
12f746f1
f1e7f4fa
f2edfae1
ef17f7f8
edfc10c6
09e5e7fb
f6f3f317
ef031cf5
f60b0b02
ece201d9
edf33001
0f0cf2ee
0306000a
05330e05
1d0a092d
f0ef0be5
fc11fff5
db060cfe
03f63307
0bf5f5d8
09e8e30b
f9fb15f9
e7f60909
06f8e6df
40061302
13dfd8fc
f4fcef11
04011602
f70d120c
00160c27
0add0bfb
fef011f4
0cf0faad
e60afcfe
d4fce918
0f00051e
e8e90913
18e3060b
dd032207
e4eaeefc
f5b7190c
0915fde5
edf6e5f1
0beb2709
3ef6f90f
0ed3fafb
04f5fe09
e9fcfd17
edfeef19
0416e300
073049ea
06edf7e8
0d0bf6f9
f308f8f1
e0e2ea0e
21f0e21c
fcf3eb0d
bdeaee16
e618181b
f211f7ee
f60611e9
1805f5dc
1c1c3e13
fd1c191f
d1e2e21c
20f4db20
f9f3f715
15f5f318
e41f3518
efe6e612
f20003e7
0908f5dd
19192417
01fe241e
0afc0a0a
06daf7ff
2df1f61b
e1ff1b03
e5f7ecfd
fa200446
0cd72505
f9fbe6f7
fae0d7e1
e0140fe3
261d2403
d01507cf
1d1803e3
0f240fe5
26dfe4e1
16012dfa
1109e316
d9f41d15
f5fce20d
fb05da0c
ee1508e9
fc15fcf2
1205e1e1
2bfb07f6
1305eaef
11221201
0dd12dfc
04fdf10b
f5ebea09
deebf2f6
dbc33ff3
12c74c22
d7bef7da
ad32e813
3d0a0eb2
cdd2b0f6
c4f212f3
0241254d
b5161003
ff23f8f1
e40f17c6
e447ca04
32e8323a
f9d2e01c
b510ed1e
eee541d0
e510f607
24129630
25cdf5ef
b9e8f302
31181f26
c303d1c7
07030cea
28e0d4ff
eb1d1fad
22eff00b
1f39ed1d
28ba38c1
e322d02b
040ce51e
dcfc2018
e423d807
23df312a
dfe107e6
5c20001a
eced4ee2
ce1fd4a7
121a0428
e44dc6e8
2e06ed1b
f2d51b37
e0f59ef2
04ecf937
0413f2f7
e20f08d4
19f7d912
1ab7db32
14cfe5e8
aebff7d3
0cda2b1a
38b92cd5
d1bf09cd
18e90306
2231e904
e429ff0a
f9f600c9
cb0148bc
324b07d6
f2fc29cf
0dfc3ae7
be6e42f2
0f35def1
370ce8de
a8d024e7
0cc213d6
feef2d11
e8bde6d6
f523fb1a
bf1d301f
02d1ef53
f4cc18c5
10b0262c
0ee52ebb
1a5102f8
f0180720
0b161adf
1700f0f4
e724ab1d
70ecdefb
3930c4f8
301fee17
14121f08
382701d8
d24fe53c
d531bb27
f934e6e9
d21c372c
f508fc1b
c0284dbb
f83dd517
ea0c02dc
f93afcf0
d4ba2a56
270c1703
2db939f4
08d909ce
2f02fee3
1833dff8
83b2f04a
d30d2600
d30e1f1a
1a0730ef
e204d5fa
bd3e0628
eec505fb
270b2e3e
b7ff37ef
10080cf5
c7b4f31f
1b4135bc
bb22ece7
260908cc
f5cfe74d
fbee0e16
242af2f6
cdec2536
02cdc747
0e112813
2252d9e0
ea4723d6
4509f5e5
e42c03aa
ead0402f
ff66d0c9
e7ecbff4
30e9dde7
f9effa0d
0607e723
02c8e025
d907073d
cafce520
c9c75712
ff2c2328
fbde094a
e8eef2f3
dc73eedd
17d1e93e
fb2605f5
0fd52f0d
ea22f413
cf4aece5
cb0ce0d6
17f0daf9
29cfd6fb
390f5aec
ef1b161d
2bd70dd8
e44251c5
1fd0b5dc
11c91c37
cc23f99e
3618b015
251552fe
ee1f1630
3311df58
1c26581c
2c0a132c
ed04b927
e21d10e0
06e9470c
29b11716
c3c5ffdc
dbf415ed
e445fd48
f5cb0ffe
f92fcf3a
0703db3a
e9a5cdef
02d8cb23
1c5222f1
ffc93bc4
17ea1d16
3aca0bd8
fae103d3
1b242650
c6d4eacd
eaca02d2
03e4e3d8
1b54f8f4
65da01f6
ffe94708
e5c91f3a
2213e63c
ea0ebc00
fdada547
06c7fc10
3e0c0cca
d21c1c13
0be619ed
ae642e39
2d2fd424
06effca1
25df3119
bd4a07ee
29350bc6
2414fdfe
cbdbda06
f800c4d8
2aec3520
e004f2b6
e9312d11
da87b169
f580cb5b
b7b73060
217ff34c
f1180200
000d0c11
fafe0cfe
0a02012c
e7040400
04db33f9
0010fefd
ffff0b05
06fdfffb
f403fa00
c3e3effe
02f60ded
01030d00
04fd0612
09fa0406
a50e14fb
06f8f400
fe030ef2
fafc0015
ff00ff00
ea0bc303
00020b03
fafc0afa
0cfbfd19
fa07fafd
062505ff
0000fa01
000001f9
000100fd
08000000
de1eda02
07f2f1f8
00050509
fcfd01ef
09fcfb03
07f4fb01
00fdf2fe
0000fc04
00ffff04
fc01ffff
02fd69f4
0806f50f
040004f8
0401ff0f
ff0200fe
ff1f09ff
ff0304fe
01fffa04
00020105
fc000001
2a1b0b00
0312f2f5
0002f4ff
0dfd02ea
1710ff01
d5eef9fb
03ffe3ff
fb04fef9
09fdfff9
02faff02
d9150201
0000f702
00feee07
f106fb02
03f800fd
de1f2df8
fcf2f5fe
fefd02fe
0dfefcf0
05f7fcfc
2afeee02
06f61102
fd06e9f6
feff05ef
f9f9fe04
10e401fe
fd0002fc
fffdfdf6
00fffe07
0cfb0100
efe9eaff
fa070523
f6fdf200
080504dd
0a10ffff
f60bfd02
00faedf4
0300f7e6
020201f0
ffff0200
daf60a08
0be8050f
070501fc
1205031d
fc170504
0603fa00
041ae905
ff0516fc
fb02030d
04fffe00
0aef080d
f10401f5
f5040ef4
070d130d
0dfffbf1
7f7f7f7f
7f757b7d
7f747f7b
797f7f7f
7f6e7d7f
1f210529
35e916d9
ffd2ebfb
0de81012
e0e4fb26
02211f35
1d5c2f65
4af92055
e54c395a
5b291df2
c74f022c
ead802ed
2105d507
14e2c1bc
2d000000
dde11128
d90e081a
d2ed0c1f
02f5d3dd
05e9fce4
e9fd1aff
21ea3812
c400e7ed
f5fdffec
09e7f8d8
e51a15f4
0ff425d8
d0e3040a
f414d615
f4f0eaee
0f2a0c06
311346d5
caff1c14
fd27ec26
04fb1511
12f6051f
050b331c
e3e63728
1815eae5
1302fff0
efcae127
03f444ff
ded124f0
fe1a1de4
f1d5dae2
e1a8074c
f2f649b4
1cb04bec
2b29feec
df010fed
f51509f7
1d122cfb
c4eb13ff
f60506da
2addf2f5
eefc30e8
0f14fae1
caf916fd
fe48efef
e1dc1a0d
071b2a15
1930c625
bd17eaeb
f829cfed
df15e7ee
f2190bfc
d31c1708
f9c13f17
030b00ee
0409d604
edfa1d05
d7f63516
f80f18d9
cff605ee
060cf0ce
00fa3111
d73e2ee3
0b5011f2
b4def9fa
46ff14e9
fcf630f6
b62d33f0
203b1ad7
b7e411f3
2e04ffdd
ed051a09
e70c1704
ece61718
0308ddf5
f70cf9e7
1d1826fd
ef0c11f6
e3ce0efc
070ffdee
ed6311ec
14d828dd
001dfc36
f5f6ed36
0f271f10
11722bf4
11f10fed
f9180515
d0f1e51a
f7142424
e366111d
ec1f0808
eddb2f12
c6d324cd
f61f28dc
e6dff1f5
0c021703
daede40d
00e81dba
13023949
140bb5a0
0f012217
b007d1ff
13d542e7
31362e46
2011c4d0
34ef1039
d519dbb1
d9f632fb
26400b41
3802ebfb
3ec31227
bce1e3c4
d4ff18d6
2a460e18
1707e7bf
11fc143e
d814dcee
e8e6ffcf
2cfe0730
3f09bae7
4ae4ec21
072c1cdb
d20effdd
2d061b46
4801b50a
25ac1107
af1016ff
ff0cf3e4
573a262c
f7fad6e4
16b91006
c8dce0ce
c7fc0de6
02362a12
23c9ddc1
11d53843
b8d2d9d9
c10a26e5
0c493d19
fdd5fddc
f2fa5931
a8e4e4ce
deff02fc
1b2f2b2c
00e6c8e9
50dbf51c
151d07e0
d7292ef1
0c072555
4b05d4bb
09b62b08
0401e0e1
ca02defc
1812361d
5cbecbe3
35d11c2e
fcbcf9c9
d00b35e0
053c3211
2411f1c0
16ce361d
e2b2e2ff
f3f038e0
0f2c37f6
4d20ca92
21e4fa19
b811cc0e
f6d75aea
1906380e
2cf3dbad
05e83c36
e0ffeefd
dbfbfcc3
28392e40
3debfee6
14f1e412
d1ead7d6
edd110a7
0c01db1d
4318c2ca
12fae11e
020bf1e4
dcfc16ae
041e0f3a
64f0f306
26ebfc0f
d205e7b3
c7e823d6
0c313331
1de0d1f5
330f25e2
10dbfbd6
0ad5e3d4
dff9db1b
c70508f5
231523e0
ffe5f5f5
08cb01d0
d21c1026
e2dbf721
44d532fa
f9dbfb3d
19ef0df8
ee290205
1ceaecf8
33bc3ce2
f9daf748
1ef6fc05
ed3b0415
fcd118f1
0f052cf6
00eddff9
14c5e5e6
d9f1d827
faeed309
06d41e55
e419f5d3
24c6f6f9
f416f7fe
d9ed1619
1adcf655
275405cd
5fd8d5f6
dd391ef9
080712d2
3b1b2c09
efe9f813
23c828f5
f123fd24
ff06eb1c
2d170e48
dec83827
ffdedaf6
f4d9f4f4
11f7eaee
314db72e
c9dd5d28
11e8da45
c0f9f222
3ae8f9cf
0ae52f0a
e6efe30c
08e1dbfe
f1f2d20d
cbdf0cfd
1a0306fe
cc1dfced
fff111f0
e9d906db
cef61afe
f71029dd
d932fbe3
1bf7de16
fbcbf0e7
d911fe05
030a0fcb
c92306e4
0defece9
f2d21dbb
b9fb1204
15fa2500
0afdf403
fee1e2fd
eaf1e713
e6d40714
44231ae5
20173116
2f081df4
240a31f2
fc0125f3
300909dd
280d22d2
0904ef01
1ee7e5d0
fbf10fdf
1c3c28e2
2e3428dc
2a000521
31f800fa
02fc150c
3ad7fae1
ece4d9f4
eeba0fe7
c4fbe9dd
01c3ee04
5095ffff
4496ffff
6095ffff
4496ffff
3096ffff
4496ffff
6095ffff
5095ffff
5095ffff
3096ffff
6095ffff
2895ffff
2895ffff
2895ffff
6895ffff
349dffff
349dffff
589dffff
289dffff
289dffff
1c9effff
589dffff
289dffff
1c9effff
289dffff
589dffff
249dffff
249dffff
249dffff
1c9effff
a0adffff
2caeffff
acadffff
2caeffff
1caeffff
2caeffff
acadffff
a0adffff
a0adffff
1caeffff
acadffff
7cadffff
7cadffff
7cadffff
b4adffff
00010202
03030303
04040404
04040404
05050505
05050505
05050505
05050505
06060606
06060606
06060606
06060606
06060606
06060606
06060606
06060606
07070707
07070707
07070707
07070707
07070707
07070707
07070707
07070707
07070707
07070707
07070707
07070707
07070707
07070707
07070707
07070707
08080808
08080808
08080808
08080808
08080808
08080808
08080808
08080808
08080808
08080808
08080808
08080808
08080808
08080808
08080808
08080808
08080808
08080808
08080808
08080808
08080808
08080808
08080808
08080808
08080808
08080808
08080808
08080808
08080808
08080808
08080808
08080808
00000000
00000000
00000000
00000000
00000000
00000000
00000000
00000000
00000000
00000000
00000000
00000000
00000000
00000000
00000000
00000000
00000000
00000000
00000000
00000000
00000000
00000000
00000000
00000000
00000000
00000000
00000000
00000000
00000000
00000000
00000000
00000000
00000000
00000000
00000000
00000000
00000000
00000000
00000000
00000000
00000000
00000000
00000000
00000000
00000000
00000000
00000000
00000000
00000000
00000000
00000000
00000000
00000000
00000000
00000000
00000000
00000000
00000000
00000000
00000000
00000000
00000000
00000000
00000000
00000000
00000000
00000000
00000000
00000000
00000000
00000000
00000000
00000000
00000000
00000000
00000000
00000000
00000000
00000000
00000000
00000000
00000000
00000000
00000000
00000000
00000000
00000000
00000000
00000000
00000000
00000000
00000000
00000000
00000000
00000000
00000000
00000000
00000000
00000000
00000000
00000000
00000000
00000000
00000000
00000000
00000000
00000000
00000000
00000000
00000000
00000000
00000000
00000000
00000000
00000000
00000000
00000000
00000000
00000000
00000000
00000000
00000000
00000000
00000000
00000000
00000000
00000000
00000000
00000000
00000000
00000000
00000000
00000000
00000000
00000000
00000000
00000000
00000000
00000000
00000000
00000000
00000000
00000000
00000000
00000000
00000000
00000000
00000000
00000000
00000000
00000000
00000000
00000000
00000000
00000000
00000000
00000000
00000000
00000000
00000000
00000000
00000000
00000000
00000000
00000000
00000000
00000000
00000000
00000000
00000000
00000000
00000000
00000000
00000000
00000000
00000000
00000000
00000000
00000000
00000000
00000000
00000000
00000000
00000000
00000000
00000000
00000000
00000000
00000000
00000000
00000000
00000000
00000000
00000000
00000000
00000000
00000000
00000000
00000000
00000000
00000000
00000000
00000000
00000000
00000000
00000000
00000000
00000000
00000000
00000000
00000000
00000000
00000000
00000000
00000000
00000000
00000000
00000000
00000000
00000000
00000000
00000000
00000000
00000000
00000000
00000000
00000000
00000000
00000000
00000000
00000000
00000000
00000000
00000000
00000000
00000000
00000000
00000000
00000000
00000000
00000000
00000000
00000000
00000000
00000000
00000000
00000000
00000000
00000000
00000000
00000000
00000000
00000000
00000000
00000000
00000000
00000000
00000000
00000000
00000000
00000000
00000000
00000000
00000000
00000000
00000000
00000000
00000000
00000000
00000000
00000000
00000000
00000000
00000000
00000000
00000000
00000000
00000000
00000000
00000000
00000000
00000000
00000000
00000000
00000000
00000000
00000000
00000000
00000000
00000000
00000000
00000000
00000000
00000000
00000000
00000000
00000000
00000000
00000000
00000000
00000000
00000000
00000000
00000000
00000000
00000000
00000000
00000000
00000000
00000000
00000000
00000000
00000000
00000000
00000000
00000000
00000000
00000000
00000000
00000000
00000000
00000000
00000000
00000000
00000000
00000000
00000000
00000000
00000000
00000000
00000000
00000000
00000000
00000000
00000000
00000000
00000000
00000000
00000000
00000000
00000000
00000000
00000000
00000000
00000000
00000000
00000000
00000000
00000000
00000000
00000000
00000000
00000000
00000000
00000000
00000000
00000000
00000000
00000000
00000000
00000000
00000000
00000000
00000000
00000000
00000000
00000000
00000000
00000000
00000000
00000000
00000000
00000000
00000000
00000000
00000000
00000000
00000000
00000000
00000000
00000000
00000000
00000000
00000000
00000000
00000000
00000000
00000000
00000000
00000000
00000000
00000000
00000000
00000000
00000000
00000000
00000000
00000000
00000000
00000000
00000000
00000000
00000000
00000000
00000000
00000000
00000000
00000000
00000000
00000000
00000000
00000000
00000000
00000000
00000000
00000000
00000000
00000000
00000000
00000000
00000000
00000000
00000000
00000000
00000000
00000000
00000000
00000000
00000000
00000000
00000000
00000000
00000000
00000000
00000000
00000000
00000000
00000000
00000000
00000000
00000000
00000000
00000000
00000000
00000000
00000000
00000000
00000000
00000000
00000000
00000000
00000000
00000000
00000000
00000000
00000000
00000000
00000000
00000000
00000000
00000000
00000000
00000000
00000000
00000000
00000000
00000000
00000000
00000000
00000000
00000000
00000000
00000000
00000000
00000000
00000000
00000000
00000000
00000000
00000000
00000000
00000000
00000000
00000000
00000000
00000000
00000000
00000000
00000000
00000000
00000000
00000000
00000000
00000000
00000000
00000000
00000000
00000000
00000000
00000000
00000000
00000000
00000000
00000000
00000000
00000000
00000000
00000000
00000000
00000000
00000000
00000000
00000000
00000000
00000000
00000000
00000000
00000000
00000000
00000000
00000000
00000000
00000000
00000000
00000000
00000000
00000000
00000000
00000000
00000000
00000000
00000000
00000000
00000000
00000000
00000000
00000000
00000000
00000000
00000000
00000000
00000000
00000000
00000000
00000000
00000000
00000000
00000000
00000000
00000000
00000000
00000000
00000000
00000000
00000000
00000000
00000000
00000000
00000000
00000000
00000000
00000000
00000000
00000000
00000000
00000000
00000000
00000000
00000000
00000000
00000000
00000000
00000000
00000000
00000000
00000000
00000000
00000000
00000000
00000000
00000000
00000000
00000000
00000000
00000000
00000000
00000000
00000000
00000000
00000000
00000000
00000000
00000000
00000000
00000000
00000000
00000000
00000000
00000000
00000000
00000000
00000000
00000000
00000000
00000000
00000000
00000000
00000000
00000000
00000000
00000000
00000000
00000000
00000000
00000000
00000000
00000000
00000000
00000000
00000000
00000000
00000000
00000000
00000000
00000000
00000000
00000000
00000000
00000000
00000000
00000000
00000000
00000000
00000000
00000000
00000000
00000000
00000000
00000000
00000000
00000000
00000000
00000000
00000000
00000000
00000000
00000000
00000000
00000000
00000000
00000000
00000000
00000000
00000000
00000000
00000000
00000000
00000000
00000000
00000000
00000000
00000000
00000000
00000000
00000000
00000000
00000000
00000000
00000000
00000000
00000000
00000000
00000000
00000000
00000000
00000000
00000000
00000000
00000000
00000000
00000000
00000000
00000000
00000000
00000000
00000000
00000000
00000000
00000000
00000000
00000000
00000000
00000000
00000000
00000000
00000000
00000000
00000000
00000000
00000000
00000000
00000000
00000000
00000000
00000000
00000000
00000000
00000000
00000000
00000000
00000000
00000000
00000000
00000000
00000000
00000000
00000000
00000000
00000000
00000000
00000000
00000000
00000000
00000000
00000000
00000000
00000000
00000000
00000000
00000000
00000000
00000000
00000000
00000000
00000000
00000000
00000000
00000000
00000000
00000000
00000000
00000000
00000000
00000000
00000000
00000000
00000000
00000000
00000000
00000000
00000000
00000000
00000000
00000000
00000000
00000000
00000000
00000000
00000000
00000000
00000000
00000000
00000000
00000000
00000000
00000000
00000000
00000000
00000000
00000000
00000000
00000000
00000000
00000000
00000000
00000000
00000000
00000000
00000000
00000000
00000000
00000000
00000000
00000000
00000000
00000000
00000000
00000000
00000000
00000000
00000000
00000000
00000000
00000000
00000000
00000000
00000000
00000000
00000000
00000000
00000000
00000000
00000000
00000000
00000000
00000000
00000000
00000000
00000000
00000000
00000000
00000000
00000000
00000000
00000000
00000000
00000000
00000000
00000000
00000000
00000000
00000000
00000000
00000000
00000000
00000000
00000000
00000000
00000000
00000000
00000000
00000000
00000000
00000000
00000000
00000000
00000000
00000000
00000000
00000000
00000000
00000000
00000000
00000000
00000000
00000000
00000000
00000000
00000000
00000000
00000000
00000000
00000000
00000000
00000000
00000000
00000000
00000000
00000000
00000000
00000000
00000000
00000000
00000000
00000000
00000000
00000000
00000000
00000000
00000000
00000000
00000000
00000000
00000000
00000000
00000000
00000000
00000000
00000000
00000000
00000000
00000000
00000000
00000000
00000000
00000000
00000000
00000000
00000000
00000000
00000000
00000000
00000000
00000000
00000000
00000000
00000000
00000000
00000000
00000000
00000000
00000000
00000000
00000000
00000000
00000000
00000000
00000000
00000000
00000000
00000000
00000000
00000000
00000000
00000000
00000000
00000000
00000000
00000000
00000000
00000000
00000000
00000000
00000000
00000000
00000000
00000000
00000000
00000000
00000000
00000000
00000000
00000000
00000000
00000000
00000000
00000000
00000000
00000000
00000000
00000000
00000000
00000000
00000000
00000000
00000000
00000000
00000000
00000000
00000000
00000000
00000000
00000000
00000000
00000000
00000000
00000000
00000000
00000000
00000000
00000000
00000000
00000000
00000000
00000000
00000000
00000000
00000000
00000000
00000000
00000000
00000000
00000000
00000000
00000000
00000000
00000000
00000000
00000000
00000000
00000000
00000000
00000000
00000000
00000000
00000000
00000000
00000000
00000000
00000000
00000000
00000000
00000000
00000000
00000000
00000000
00000000
00000000
00000000
00000000
00000000
00000000
00000000
00000000
00000000
00000000
00000000
00000000
00000000
00000000
00000000
00000000
00000000
00000000
00000000
00000000
00000000
00000000
00000000
00000000
00000000
00000000
00000000
00000000
00000000
00000000
00000000
00000000
00000000
00000000
00000000
00000000
00000000
00000000
00000000
00000000
00000000
00000000
00000000
00000000
00000000
00000000
00000000
00000000
00000000
00000000
00000000
00000000
00000000
00000000
00000000
00000000
00000000
00000000
00000000
00000000
00000000
00000000
00000000
00000000
00000000
00000000
00000000
00000000
00000000
00000000
00000000
00000000
00000000
00000000
00000000
00000000
00000000
00000000
00000000
00000000
00000000
00000000
00000000
00000000
00000000
00000000
00000000
00000000
00000000
00000000
00000000
00000000
00000000
00000000
00000000
00000000
00000000
00000000
00000000
00000000
00000000
00000000
00000000
00000000
00000000
00000000
00000000
00000000
00000000
00000000
00000000
00000000
00000000
00000000
00000000
00000000
00000000
00000000
00000000
00000000
00000000
00000000
00000000
00000000
00000000
00000000
00000000
00000000
00000000
00000000
00000000
00000000
00000000
00000000
00000000
00000000
00000000
00000000
00000000
00000000
00000000
00000000
00000000
00000000
00000000
00000000
00000000
00000000
00000000
00000000
00000000
00000000
00000000
00000000
00000000
00000000
00000000
00000000
00000000
00000000
00000000
00000000
00000000
00000000
00000000
00000000
00000000
00000000
00000000
00000000
00000000
00000000
00000000
00000000
00000000
00000000
00000000
00000000
00000000
00000000
00000000
00000000
00000000
00000000
00000000
00000000
00000000
00000000
00000000
00000000
00000000
00000000
00000000
00000000
00000000
00000000
00000000
00000000
00000000
00000000
00000000
00000000
00000000
00000000
00000000
00000000
00000000
00000000
00000000
00000000
00000000
00000000
00000000
00000000
00000000
00000000
00000000
00000000
00000000
00000000
00000000
00000000
00000000
00000000
00000000
00000000
00000000
00000000
00000000
00000000
00000000
00000000
00000000
00000000
00000000
00000000
00000000
00000000
00000000
00000000
00000000
00000000
00000000
00000000
00000000
00000000
00000000
00000000
00000000
00000000
00000000
00000000
00000000
00000000
00000000
00000000
00000000
00000000
00000000
00000000
00000000
00000000
00000000
00000000
00000000
00000000
00000000
00000000
00000000
00000000
00000000
00000000
00000000
00000000
00000000
00000000
00000000
00000000
00000000
00000000
00000000
00000000
00000000
00000000
00000000
00000000
00000000
00000000
00000000
00000000
00000000
00000000
00000000
00000000
00000000
00000000
00000000
00000000
00000000
00000000
00000000
00000000
00000000
00000000
00000000
00000000
00000000
00000000
00000000
00000000
00000000
00000000
00000000
00000000
00000000
00000000
00000000
00000000
00000000
00000000
00000000
00000000
00000000
00000000
00000000
00000000
00000000
00000000
00000000
00000000
00000000
00000000
00000000
00000000
00000000
00000000
00000000
00000000
00000000
00000000
00000000
00000000
00000000
00000000
00000000
00000000
00000000
00000000
00000000
00000000
00000000
00000000
00000000
00000000
00000000
00000000
00000000
00000000
00000000
00000000
00000000
00000000
00000000
00000000
00000000
00000000
00000000
00000000
00000000
00000000
00000000
00000000
00000000
00000000
00000000
00000000
00000000
00000000
00000000
00000000
00000000
00000000
00000000
00000000
00000000
00000000
00000000
00000000
00000000
00000000
00000000
00000000
00000000
00000000
00000000
00000000
00000000
00000000
00000000
00000000
00000000
00000000
00000000
00000000
00000000
00000000
00000000
00000000
00000000
00000000
00000000
00000000
00000000
00000000
00000000
00000000
00000000
00000000
00000000
00000000
00000000
00000000
00000000
00000000
00000000
00000000
00000000
00000000
00000000
00000000
00000000
00000000
00000000
00000000
00000000
00000000
00000000
00000000
00000000
00000000
00000000
00000000
00000000
00000000
00000000
00000000
00000000
00000000
00000000
00000000
00000000
00000000
00000000
00000000
00000000
00000000
00000000
00000000
00000000
00000000
00000000
00000000
00000000
00000000
00000000
00000000
00000000
00000000
00000000
00000000
00000000
00000000
00000000
00000000
00000000
00000000
00000000
00000000
00000000
00000000
00000000
00000000
00000000
00000000
00000000
00000000
00000000
00000000
00000000
00000000
00000000
00000000
00000000
00000000
00000000
00000000
00000000
00000000
00000000
00000000
00000000
00000000
00000000
00000000
00000000
00000000
00000000
00000000
00000000
00000000
00000000
00000000
00000000
00000000
00000000
00000000
00000000
00000000
00000000
00000000
00000000
00000000
00000000
00000000
00000000
00000000
00000000
00000000
00000000
00000000
00000000
00000000
00000000
00000000
00000000
00000000
00000000
00000000
00000000
00000000
00000000
00000000
00000000
00000000
00000000
00000000
00000000
00000000
00000000
00000000
00000000
00000000
00000000
00000000
00000000
00000000
00000000
00000000
00000000
00000000
00000000
00000000
00000000
00000000
00000000
00000000
00000000
00000000
00000000
00000000
00000000
00000000
00000000
00000000
00000000
00000000
00000000
00000000
00000000
00000000
00000000
00000000
00000000
00000000
00000000
00000000
00000000
00000000
00000000
00000000
00000000
00000000
00000000
00000000
00000000
00000000
00000000
00000000
00000000
00000000
00000000
00000000
00000000
00000000
00000000
00000000
00000000
00000000
00000000
00000000
00000000
00000000
00000000
00000000
00000000
00000000
00000000
00000000
00000000
00000000
00000000
00000000
00000000
00000000
00000000
00000000
00000000
00000000
00000000
00000000
00000000
00000000
00000000
00000000
00000000
00000000
00000000
00000000
00000000
00000000
00000000
00000000
00000000
00000000
00000000
00000000
00000000
00000000
00000000
00000000
00000000
00000000
00000000
00000000
00000000
00000000
00000000
00000000
00000000
00000000
00000000
00000000
00000000
00000000
00000000
00000000
00000000
00000000
00000000
00000000
00000000
00000000
00000000
00000000
00000000
00000000
00000000
00000000
00000000
00000000
00000000
00000000
00000000
00000000
00000000
00000000
00000000
00000000
00000000
00000000
00000000
00000000
00000000
00000000
00000000
00000000
00000000
00000000
00000000
00000000
00000000
00000000
00000000
00000000
00000000
00000000
00000000
00000000
00000000
00000000
00000000
00000000
00000000
00000000
00000000
00000000
00000000
00000000
00000000
00000000
00000000
00000000
00000000
00000000
00000000
00000000
00000000
00000000
00000000
00000000
00000000
00000000
00000000
00000000
00000000
00000000
00000000
00000000
00000000
00000000
00000000
00000000
00000000
00000000
00000000
00000000
00000000
00000000
00000000
00000000
00000000
00000000
00000000
00000000
00000000
00000000
00000000
00000000
00000000
00000000
00000000
00000000
00000000
00000000
00000000
00000000
00000000
00000000
00000000
00000000
00000000
00000000
00000000
00000000
00000000
00000000
00000000
00000000
00000000
00000000
00000000
00000000
00000000
00000000
00000000
00000000
00000000
00000000
00000000
00000000
00000000
00000000
00000000
00000000
00000000
00000000
00000000
00000000
00000000
00000000
00000000
00000000
00000000
00000000
00000000
00000000
00000000
00000000
00000000
00000000
00000000
00000000
00000000
00000000
00000000
00000000
00000000
00000000
00000000
00000000
00000000
00000000
00000000
00000000
00000000
00000000
00000000
00000000
00000000
00000000
00000000
00000000
00000000
00000000
00000000
00000000
00000000
00000000
00000000
00000000
00000000
00000000
00000000
00000000
00000000
00000000
00000000
00000000
00000000
00000000
00000000
00000000
00000000
00000000
00000000
00000000
00000000
00000000
00000000
00000000
00000000
00000000
00000000
00000000
00000000
00000000
00000000
00000000
00000000
00000000
00000000
00000000
00000000
00000000
00000000
00000000
00000000
00000000
00000000
00000000
00000000
00000000
00000000
00000000
00000000
00000000
00000000
00000000
00000000
00000000
00000000
00000000
00000000
00000000
00000000
00000000
00000000
00000000
00000000
00000000
00000000
00000000
00000000
00000000
00000000
00000000
00000000
00000000
00000000
00000000
00000000
00000000
00000000
00000000
00000000
00000000
00000000
00000000
00000000
00000000
00000000
00000000
00000000
00000000
00000000
00000000
00000000
00000000
00000000
00000000
00000000
00000000
00000000
00000000
00000000
00000000
00000000
00000000
00000000
00000000
00000000
00000000
00000000
00000000
00000000
00000000
00000000
00000000
00000000
00000000
00000000
00000000
00000000
00000000
00000000
00000000
00000000
00000000
00000000
00000000
00000000
00000000
00000000
00000000
00000000
00000000
00000000
00000000
00000000
00000000
00000000
00000000
00000000
00000000
00000000
00000000
00000000
00000000
00000000
00000000
00000000
00000000
00000000
00000000
00000000
00000000
00000000
00000000
00000000
00000000
00000000
00000000
00000000
00000000
00000000
00000000
00000000
00000000
00000000
00000000
00000000
00000000
00000000
00000000
00000000
00000000
00000000
00000000
00000000
00000000
00000000
00000000
00000000
00000000
00000000
00000000
00000000
00000000
00000000
00000000
00000000
00000000
00000000
00000000
00000000
00000000
00000000
00000000
00000000
00000000
00000000
00000000
00000000
00000000
00000000
00000000
00000000
00000000
00000000
00000000
00000000
00000000
00000000
00000000
00000000
00000000
00000000
00000000
00000000
00000000
00000000
00000000
00000000
7b0d0a20
20202022
696e745f
76616c75
65223a20
5b0d0a20
2020205b
0d0a2020
20202020
20205b0d
0a202020
20202020
20202020
20322c0d
0a202020
20202020
20202020
20352c0d
0a202020
20202020
20202020
2031302c
0d0a2020
20202020
20202020
20203136
2c0d0a20
20202020
20202020
20202032
312c0d0a
20202020
20202020
20202020
33302c0d
0a202020
20202020
20202020
2032302c
0d0a2020
20202020
20202020
2020312c
0d0a2020
20202020
20202020
20202d31
392c0d0a
20202020
20202020
20202020
2d32312c
0d0a2020
20202020
20202020
20203137
2c0d0a20
20202020
20202020
20202031
312c0d0a
20202020
20202020
20202020
31362c0d
0a202020
20202020
20202020
2031322c
0d0a2020
20202020
20202020
20202d31
2c0d0a20
20202020
20202020
2020202d
31302c0d
0a202020
20202020
20202020
202d3234
2c0d0a20
20202020
20202020
2020202d
31352c0d
0a202020
20202020
20202020
2031312c
0d0a2020
20202020
20202020
20203131
322c0d0a
20202020
20202020
20202020
3130382c
0d0a2020
20202020
20202020
20203131
312c0d0a
20202020
20202020
20202020
39392c0d
0a202020
20202020
20202020
20313130
2c0d0a20
20202020
20202020
20202031
31372c0d
0a202020
20202020
20202020
2038382c
0d0a2020
20202020
20202020
20203130
342c0d0a
20202020
20202020
20202020
3130342c
0d0a2020
20202020
20202020
20203937
2c0d0a20
20202020
20202020
20202031
31362c0d
0a202020
20202020
20202020
20313033
2c0d0a20
20202020
20202020
20202031
31312c0d
0a202020
20202020
20202020
2039382c
0d0a2020
20202020
20202020
20203131
332c0d0a
20202020
20202020
20202020
39382c0d
0a202020
20202020
20202020
20313137
2c0d0a20
20202020
20202020
20202031
31372c0d
0a202020
20202020
20202020
20313135
2c0d0a20
20202020
20202020
2020202d
372c0d0a
20202020
20202020
20202020
31382c0d
0a202020
20202020
20202020
2032362c
0d0a2020
20202020
20202020
20203330
2c0d0a20
20202020
20202020
20202032
372c0d0a
20202020
20202020
20202020
31302c0d
0a202020
20202020
20202020
2031312c
0d0a2020
20202020
20202020
20203238
2c0d0a20
20202020
20202020
20202031
382c0d0a
20202020
20202020
20202020
33332c0d
0a202020
20202020
20202020
202d3135
2c0d0a20
20202020
20202020
2020202d
33312c0d
0a202020
20202020
20202020
202d3630
2c0d0a20
20202020
20202020
2020202d
36322c0d
0a202020
20202020
20202020
202d362c
0d0a2020
20202020
20202020
20202d32
392c0d0a
20202020
20202020
20202020
2d35332c
0d0a2020
20202020
20202020
20202d35
342c0d0a
20202020
20202020
20202020
33350d0a
20202020
20202020
5d2c0d0a
20202020
20202020
5b0d0a20
20202020
20202020
20202032
2c0d0a20
20202020
20202020
20202035
2c0d0a20
20202020
20202020
20202036
2c0d0a20
20202020
20202020
20202039
2c0d0a20
20202020
20202020
20202031
382c0d0a
20202020
20202020
20202020
33322c0d
0a202020
20202020
20202020
2032382c
0d0a2020
20202020
20202020
20202d33
2c0d0a20
20202020
20202020
2020202d
31302c0d
0a202020
20202020
20202020
202d332c
0d0a2020
20202020
20202020
20203132
2c0d0a20
20202020
20202020
20202031
322c0d0a
20202020
20202020
20202020
31362c0d
0a202020
20202020
20202020
2031352c
0d0a2020
20202020
20202020
2020302c
0d0a2020
20202020
20202020
2020302c
0d0a2020
20202020
20202020
2020312c
0d0a2020
20202020
20202020
2020302c
0d0a2020
20202020
20202020
2020352c
0d0a2020
20202020
20202020
20203132
362c0d0a
20202020
20202020
20202020
3132342c
0d0a2020
20202020
20202020
20203132
352c0d0a
20202020
20202020
20202020
3132332c
0d0a2020
20202020
20202020
20203132
332c0d0a
20202020
20202020
20202020
3132372c
0d0a2020
20202020
20202020
20203131
362c0d0a
20202020
20202020
20202020
3132312c
0d0a2020
20202020
20202020
20203131
372c0d0a
20202020
20202020
20202020
3131302c
0d0a2020
20202020
20202020
20203132
372c0d0a
20202020
20202020
20202020
3132312c
0d0a2020
20202020
20202020
20203132
332c0d0a
20202020
20202020
20202020
3131352c
0d0a2020
20202020
20202020
20203132
342c0d0a
20202020
20202020
20202020
3131382c
0d0a2020
20202020
20202020
20203132
362c0d0a
20202020
20202020
20202020
3132322c
0d0a2020
20202020
20202020
20203132
362c0d0a
20202020
20202020
20202020
2d382c0d
0a202020
20202020
20202020
2031332c
0d0a2020
20202020
20202020
20203330
2c0d0a20
20202020
20202020
20202034
302c0d0a
20202020
20202020
20202020
32342c0d
0a202020
20202020
20202020
2031392c
0d0a2020
20202020
20202020
20203431
2c0d0a20
20202020
20202020
20202032
322c0d0a
20202020
20202020
20202020
352c0d0a
20202020
20202020
20202020
31302c0d
0a202020
20202020
20202020
202d3133
2c0d0a20
20202020
20202020
2020202d
33342c0d
0a202020
20202020
20202020
202d3537
2c0d0a20
20202020
20202020
2020202d
36302c0d
0a202020
20202020
20202020
202d3130
2c0d0a20
20202020
20202020
2020202d
32382c0d
0a202020
20202020
20202020
202d3533
2c0d0a20
20202020
20202020
2020202d
35372c0d
0a202020
20202020
20202020
2032380d
0a202020
20202020
205d2c0d
0a202020
20202020
205b0d0a
20202020
20202020
20202020
302c0d0a
20202020
20202020
20202020
312c0d0a
20202020
20202020
20202020
2d312c0d
0a202020
20202020
20202020
20302c0d
0a202020
20202020
20202020
2031312c
0d0a2020
20202020
20202020
20203233
2c0d0a20
20202020
20202020
20202033
362c0d0a
20202020
20202020
20202020
2d31332c
0d0a2020
20202020
20202020
20202d32
312c0d0a
20202020
20202020
20202020
2d32352c
0d0a2020
20202020
20202020
2020342c
0d0a2020
20202020
20202020
2020382c
0d0a2020
20202020
20202020
20203137
2c0d0a20
20202020
20202020
20202031
372c0d0a
20202020
20202020
20202020
2d352c0d
0a202020
20202020
20202020
202d322c
0d0a2020
20202020
20202020
2020302c
0d0a2020
20202020
20202020
20202d34
2c0d0a20
20202020
20202020
2020202d
332c0d0a
20202020
20202020
20202020
3132372c
0d0a2020
20202020
20202020
20203132
372c0d0a
20202020
20202020
20202020
3132372c
0d0a2020
20202020
20202020
20203132
372c0d0a
20202020
20202020
20202020
3132372c
0d0a2020
20202020
20202020
20203132
372c0d0a
20202020
20202020
20202020
3132372c
0d0a2020
20202020
20202020
20203132
372c0d0a
20202020
20202020
20202020
3132372c
0d0a2020
20202020
20202020
20203132
342c0d0a
20202020
20202020
20202020
3132372c
0d0a2020
20202020
20202020
20203132
372c0d0a
20202020
20202020
20202020
3132372c
0d0a2020
20202020
20202020
20203132
372c0d0a
20202020
20202020
20202020
3132372c
0d0a2020
20202020
20202020
20203132
372c0d0a
20202020
20202020
20202020
3132372c
0d0a2020
20202020
20202020
20203132
372c0d0a
20202020
20202020
20202020
3132372c
0d0a2020
20202020
20202020
20202d37
2c0d0a20
20202020
20202020
20202039
2c0d0a20
20202020
20202020
20202032
382c0d0a
20202020
20202020
20202020
33382c0d
0a202020
20202020
20202020
2032342c
0d0a2020
20202020
20202020
20203139
2c0d0a20
20202020
20202020
20202032
322c0d0a
20202020
20202020
20202020
32312c0d
0a202020
20202020
20202020
2031312c
0d0a2020
20202020
20202020
20202d31
2c0d0a20
20202020
20202020
2020202d
31302c0d
0a202020
20202020
20202020
202d3333
2c0d0a20
20202020
20202020
2020202d
35342c0d
0a202020
20202020
20202020
202d3539
2c0d0a20
20202020
20202020
2020202d
31302c0d
0a202020
20202020
20202020
202d3239
2c0d0a20
20202020
20202020
2020202d
35312c0d
0a202020
20202020
20202020
202d3536
2c0d0a20
20202020
20202020
20202032
330d0a20
20202020
2020205d
2c0d0a20
20202020
2020205b
0d0a2020
20202020
20202020
20203130
2c0d0a20
20202020
20202020
20202037
2c0d0a20
20202020
20202020
20202037
2c0d0a20
20202020
20202020
20202037
2c0d0a20
20202020
20202020
20202032
322c0d0a
20202020
20202020
20202020
33372c0d
0a202020
20202020
20202020
2034352c
0d0a2020
20202020
20202020
20202d35
2c0d0a20
20202020
20202020
2020202d
382c0d0a
20202020
20202020
20202020
2d372c0d
0a202020
20202020
20202020
2031352c
0d0a2020
20202020
20202020
20203136
2c0d0a20
20202020
20202020
20202031
372c0d0a
20202020
20202020
20202020
31392c0d
0a202020
20202020
20202020
20342c0d
0a202020
20202020
20202020
20332c0d
0a202020
20202020
20202020
20332c0d
0a202020
20202020
20202020
20302c0d
0a202020
20202020
20202020
20372c0d
0a202020
20202020
20202020
20313236
2c0d0a20
20202020
20202020
20202031
32372c0d
0a202020
20202020
20202020
20313237
2c0d0a20
20202020
20202020
20202031
32372c0d
0a202020
20202020
20202020
20313237
2c0d0a20
20202020
20202020
20202031
32372c0d
0a202020
20202020
20202020
20313237
2c0d0a20
20202020
20202020
20202031
32362c0d
0a202020
20202020
20202020
20313237
2c0d0a20
20202020
20202020
20202031
32322c0d
0a202020
20202020
20202020
20313233
2c0d0a20
20202020
20202020
20202031
32352c0d
0a202020
20202020
20202020
20313237
2c0d0a20
20202020
20202020
20202031
32312c0d
0a202020
20202020
20202020
20313234
2c0d0a20
20202020
20202020
20202031
32362c0d
0a202020
20202020
20202020
20313237
2c0d0a20
20202020
20202020
20202031
32312c0d
0a202020
20202020
20202020
20313237
2c0d0a20
20202020
20202020
2020202d
31302c0d
0a202020
20202020
20202020
2031312c
0d0a2020
20202020
20202020
20203333
2c0d0a20
20202020
20202020
20202034
342c0d0a
20202020
20202020
20202020
32342c0d
0a202020
20202020
20202020
2032362c
0d0a2020
20202020
20202020
20203334
2c0d0a20
20202020
20202020
20202032
332c0d0a
20202020
20202020
20202020
31302c0d
0a202020
20202020
20202020
20322c0d
0a202020
20202020
20202020
202d382c
0d0a2020
20202020
20202020
20202d33
332c0d0a
20202020
20202020
20202020
2d35352c
0d0a2020
20202020
20202020
20202d35
392c0d0a
20202020
20202020
20202020
2d392c0d
0a202020
20202020
20202020
202d3332
2c0d0a20
20202020
20202020
2020202d
35352c0d
0a202020
20202020
20202020
202d3630
2c0d0a20
20202020
20202020
20202032
360d0a20
20202020
2020205d
2c0d0a20
20202020
2020205b
0d0a2020
20202020
20202020
20203138
2c0d0a20
20202020
20202020
20202031
342c0d0a
20202020
20202020
20202020
31332c0d
0a202020
20202020
20202020
2031302c
0d0a2020
20202020
20202020
20203234
2c0d0a20
20202020
20202020
20202032
342c0d0a
20202020
20202020
20202020
32382c0d
0a202020
20202020
20202020
202d312c
0d0a2020
20202020
20202020
2020362c
0d0a2020
20202020
20202020
20203132
2c0d0a20
20202020
20202020
20202031
362c0d0a
20202020
20202020
20202020
31362c0d
0a202020
20202020
20202020
2031362c
0d0a2020
20202020
20202020
20203134
2c0d0a20
20202020
20202020
20202039
2c0d0a20
20202020
20202020
20202031
322c0d0a
20202020
20202020
20202020
31332c0d
0a202020
20202020
20202020
2031332c
0d0a2020
20202020
20202020
20203131
2c0d0a20
20202020
20202020
20202031
32312c0d
0a202020
20202020
20202020
20313236
2c0d0a20
20202020
20202020
20202031
32372c0d
0a202020
20202020
20202020
20313237
2c0d0a20
20202020
20202020
20202031
32372c0d
0a202020
20202020
20202020
20313236
2c0d0a20
20202020
20202020
20202031
32362c0d
0a202020
20202020
20202020
20313236
2c0d0a20
20202020
20202020
20202031
32372c0d
0a202020
20202020
20202020
20313237
2c0d0a20
20202020
20202020
20202031
31372c0d
0a202020
20202020
20202020
20313237
2c0d0a20
20202020
20202020
20202031
32372c0d
0a202020
20202020
20202020
20313233
2c0d0a20
20202020
20202020
20202031
31372c0d
0a202020
20202020
20202020
20313237
2c0d0a20
20202020
20202020
20202031
32342c0d
0a202020
20202020
20202020
20313136
2c0d0a20
20202020
20202020
20202031
32362c0d
0a202020
20202020
20202020
202d372c
0d0a2020
20202020
20202020
20203133
2c0d0a20
20202020
20202020
20202033
372c0d0a
20202020
20202020
20202020
34372c0d
0a202020
20202020
20202020
2032392c
0d0a2020
20202020
20202020
20203135
2c0d0a20
20202020
20202020
2020202d
31322c0d
0a202020
20202020
20202020
2032362c
0d0a2020
20202020
20202020
2020362c
0d0a2020
20202020
20202020
20202d33
302c0d0a
20202020
20202020
20202020
2d312c0d
0a202020
20202020
20202020
202d3333
2c0d0a20
20202020
20202020
2020202d
35312c0d
0a202020
20202020
20202020
202d3539
2c0d0a20
20202020
20202020
2020202d
342c0d0a
20202020
20202020
20202020
2d34302c
0d0a2020
20202020
20202020
20202d35
392c0d0a
20202020
20202020
20202020
2d36332c
0d0a2020
20202020
20202020
20203238
0d0a2020
20202020
20205d2c
0d0a2020
20202020
20205b0d
0a202020
20202020
20202020
2031342c
0d0a2020
20202020
20202020
20203132
2c0d0a20
20202020
20202020
20202031
312c0d0a
20202020
20202020
20202020
31332c0d
0a202020
20202020
20202020
2032352c
0d0a2020
20202020
20202020
20203338
2c0d0a20
20202020
20202020
20202034
382c0d0a
20202020
20202020
20202020
2d362c0d
0a202020
20202020
20202020
20342c0d
0a202020
20202020
20202020
202d372c
0d0a2020
20202020
20202020
20203133
2c0d0a20
20202020
20202020
20202031
362c0d0a
20202020
20202020
20202020
31312c0d
0a202020
20202020
20202020
2031342c
0d0a2020
20202020
20202020
2020362c
0d0a2020
20202020
20202020
20202d31
2c0d0a20
20202020
20202020
2020202d
312c0d0a
20202020
20202020
20202020
332c0d0a
20202020
20202020
20202020
31362c0d
0a202020
20202020
20202020
20313138
2c0d0a20
20202020
20202020
20202031
32322c0d
0a202020
20202020
20202020
20313235
2c0d0a20
20202020
20202020
20202031
32372c0d
0a202020
20202020
20202020
20313139
2c0d0a20
20202020
20202020
20202031
32352c0d
0a202020
20202020
20202020
20313237
2c0d0a20
20202020
20202020
20202031
32372c0d
0a202020
20202020
20202020
20313237
2c0d0a20
20202020
20202020
20202031
32362c0d
0a202020
20202020
20202020
20313135
2c0d0a20
20202020
20202020
20202031
32312c0d
0a202020
20202020
20202020
20313235
2c0d0a20
20202020
20202020
20202031
31302c0d
0a202020
20202020
20202020
20313135
2c0d0a20
20202020
20202020
20202031
32372c0d
0a202020
20202020
20202020
20313137
2c0d0a20
20202020
20202020
20202031
31352c0d
0a202020
20202020
20202020
20313237
2c0d0a20
20202020
20202020
2020202d
352c0d0a
20202020
20202020
20202020
31382c0d
0a202020
20202020
20202020
2033382c
0d0a2020
20202020
20202020
20203535
2c0d0a20
20202020
20202020
20202032
342c0d0a
20202020
20202020
20202020
32342c0d
0a202020
20202020
20202020
20302c0d
0a202020
20202020
20202020
2032362c
0d0a2020
20202020
20202020
2020382c
0d0a2020
20202020
20202020
20202d31
362c0d0a
20202020
20202020
20202020
322c0d0a
20202020
20202020
20202020
2d32392c
0d0a2020
20202020
20202020
20202d35
372c0d0a
20202020
20202020
20202020
2d35362c
0d0a2020
20202020
20202020
20202d32
2c0d0a20
20202020
20202020
2020202d
33322c0d
0a202020
20202020
20202020
202d3537
2c0d0a20
20202020
20202020
2020202d
36332c0d
0a202020
20202020
20202020
2033300d
0a202020
20202020
205d2c0d
0a202020
20202020
205b0d0a
20202020
20202020
20202020
342c0d0a
20202020
20202020
20202020
342c0d0a
20202020
20202020
20202020
382c0d0a
20202020
20202020
20202020
382c0d0a
20202020
20202020
20202020
31362c0d
0a202020
20202020
20202020
2032342c
0d0a2020
20202020
20202020
20203335
2c0d0a20
20202020
20202020
2020202d
372c0d0a
20202020
20202020
20202020
2d352c0d
0a202020
20202020
20202020
202d312c
0d0a2020
20202020
20202020
20203134
2c0d0a20
20202020
20202020
20202031
322c0d0a
20202020
20202020
20202020
31352c0d
0a202020
20202020
20202020
2031362c
0d0a2020
20202020
20202020
2020322c
0d0a2020
20202020
20202020
2020352c
0d0a2020
20202020
20202020
20202d34
2c0d0a20
20202020
20202020
20202031
2c0d0a20
20202020
20202020
20202036
2c0d0a20
20202020
20202020
20202031
31382c0d
0a202020
20202020
20202020
20313231
2c0d0a20
20202020
20202020
20202031
32342c0d
0a202020
20202020
20202020
20313233
2c0d0a20
20202020
20202020
20202031
32352c0d
0a202020
20202020
20202020
20313237
2c0d0a20
20202020
20202020
20202031
32312c0d
0a202020
20202020
20202020
20313134
2c0d0a20
20202020
20202020
20202031
31382c0d
0a202020
20202020
20202020
20313138
2c0d0a20
20202020
20202020
20202031
31332c0d
0a202020
20202020
20202020
20313135
2c0d0a20
20202020
20202020
20202031
32302c0d
0a202020
20202020
20202020
20313130
2c0d0a20
20202020
20202020
20202031
31302c0d
0a202020
20202020
20202020
20313138
2c0d0a20
20202020
20202020
20202031
32372c0d
0a202020
20202020
20202020
20313139
2c0d0a20
20202020
20202020
20202031
32332c0d
0a202020
20202020
20202020
202d342c
0d0a2020
20202020
20202020
20203134
2c0d0a20
20202020
20202020
20202032
372c0d0a
20202020
20202020
20202020
33332c0d
0a202020
20202020
20202020
2032372c
0d0a2020
20202020
20202020
20203137
2c0d0a20
20202020
20202020
20202036
2c0d0a20
20202020
20202020
20202032
352c0d0a
20202020
20202020
20202020
332c0d0a
20202020
20202020
20202020
2d32362c
0d0a2020
20202020
20202020
20202d39
2c0d0a20
20202020
20202020
2020202d
33312c0d
0a202020
20202020
20202020
202d3439
2c0d0a20
20202020
20202020
2020202d
35332c0d
0a202020
20202020
20202020
202d392c
0d0a2020
20202020
20202020
20202d33
332c0d0a
20202020
20202020
20202020
2d35322c
0d0a2020
20202020
20202020
20202d35
352c0d0a
20202020
20202020
20202020
32350d0a
20202020
20202020
5d2c0d0a
20202020
20202020
5b0d0a20
20202020
20202020
20202031
352c0d0a
20202020
20202020
20202020
31322c0d
0a202020
20202020
20202020
2031322c
0d0a2020
20202020
20202020
20203135
2c0d0a20
20202020
20202020
20202032
372c0d0a
20202020
20202020
20202020
34302c0d
0a202020
20202020
20202020
2035342c
0d0a2020
20202020
20202020
2020302c
0d0a2020
20202020
20202020
20202d34
2c0d0a20
20202020
20202020
2020202d
31342c0d
0a202020
20202020
20202020
2031372c
0d0a2020
20202020
20202020
20203231
2c0d0a20
20202020
20202020
20202032
322c0d0a
20202020
20202020
20202020
32332c0d
0a202020
20202020
20202020
20372c0d
0a202020
20202020
20202020
20352c0d
0a202020
20202020
20202020
20302c0d
0a202020
20202020
20202020
20312c0d
0a202020
20202020
20202020
2031352c
0d0a2020
20202020
20202020
20203132
372c0d0a
20202020
20202020
20202020
3132372c
0d0a2020
20202020
20202020
20203132
372c0d0a
20202020
20202020
20202020
3132372c
0d0a2020
20202020
20202020
20203132
372c0d0a
20202020
20202020
20202020
3132372c
0d0a2020
20202020
20202020
20203132
372c0d0a
20202020
20202020
20202020
3132372c
0d0a2020
20202020
20202020
20203132
372c0d0a
20202020
20202020
20202020
3132372c
0d0a2020
20202020
20202020
20203132
372c0d0a
20202020
20202020
20202020
3132372c
0d0a2020
20202020
20202020
20203132
372c0d0a
20202020
20202020
20202020
3132372c
0d0a2020
20202020
20202020
20203132
372c0d0a
20202020
20202020
20202020
3132372c
0d0a2020
20202020
20202020
20203132
372c0d0a
20202020
20202020
20202020
3132372c
0d0a2020
20202020
20202020
20203132
372c0d0a
20202020
20202020
20202020
2d31352c
0d0a2020
20202020
20202020
2020362c
0d0a2020
20202020
20202020
20203237
2c0d0a20
20202020
20202020
20202033
372c0d0a
20202020
20202020
20202020
31362c0d
0a202020
20202020
20202020
2031372c
0d0a2020
20202020
20202020
2020352c
0d0a2020
20202020
20202020
20203138
2c0d0a20
20202020
20202020
20202038
2c0d0a20
20202020
20202020
2020202d
382c0d0a
20202020
20202020
20202020
2d31342c
0d0a2020
20202020
20202020
20202d33
342c0d0a
20202020
20202020
20202020
2d36322c
0d0a2020
20202020
20202020
20202d36
342c0d0a
20202020
20202020
20202020
2d31352c
0d0a2020
20202020
20202020
20202d33
362c0d0a
20202020
20202020
20202020
2d35382c
0d0a2020
20202020
20202020
20202d36
342c0d0a
20202020
20202020
20202020
32310d0a
20202020
20202020
5d2c0d0a
20202020
20202020
5b0d0a20
20202020
20202020
20202039
2c0d0a20
20202020
20202020
20202039
2c0d0a20
20202020
20202020
20202031
302c0d0a
20202020
20202020
20202020
31302c0d
0a202020
20202020
20202020
2032332c
0d0a2020
20202020
20202020
20203337
2c0d0a20
20202020
20202020
20202034
382c0d0a
20202020
20202020
20202020
2d322c0d
0a202020
20202020
20202020
202d392c
0d0a2020
20202020
20202020
20202d31
372c0d0a
20202020
20202020
20202020
31352c0d
0a202020
20202020
20202020
2031352c
0d0a2020
20202020
20202020
20203135
2c0d0a20
20202020
20202020
20202031
362c0d0a
20202020
20202020
20202020
342c0d0a
20202020
20202020
20202020
2d322c0d
0a202020
20202020
20202020
202d372c
0d0a2020
20202020
20202020
20202d39
2c0d0a20
20202020
20202020
20202039
2c0d0a20
20202020
20202020
20202031
32372c0d
0a202020
20202020
20202020
20313237
2c0d0a20
20202020
20202020
20202031
32362c0d
0a202020
20202020
20202020
20313237
2c0d0a20
20202020
20202020
20202031
32352c0d
0a202020
20202020
20202020
20313237
2c0d0a20
20202020
20202020
20202031
32352c0d
0a202020
20202020
20202020
20313234
2c0d0a20
20202020
20202020
20202031
32332c0d
0a202020
20202020
20202020
20313139
2c0d0a20
20202020
20202020
20202031
32342c0d
0a202020
20202020
20202020
20313233
2c0d0a20
20202020
20202020
20202031
32372c0d
0a202020
20202020
20202020
20313231
2c0d0a20
20202020
20202020
20202031
32342c0d
0a202020
20202020
20202020
20313232
2c0d0a20
20202020
20202020
20202031
32372c0d
0a202020
20202020
20202020
20313231
2c0d0a20
20202020
20202020
20202031
32362c0d
0a202020
20202020
20202020
202d3132
2c0d0a20
20202020
20202020
20202037
2c0d0a20
20202020
20202020
20202032
372c0d0a
20202020
20202020
20202020
33362c0d
0a202020
20202020
20202020
2032302c
0d0a2020
20202020
20202020
20203136
2c0d0a20
20202020
20202020
20202031
362c0d0a
20202020
20202020
20202020
31392c0d
0a202020
20202020
20202020
20372c0d
0a202020
20202020
20202020
202d332c
0d0a2020
20202020
20202020
20202d31
332c0d0a
20202020
20202020
20202020
2d33352c
0d0a2020
20202020
20202020
20202d35
372c0d0a
20202020
20202020
20202020
2d36302c
0d0a2020
20202020
20202020
20202d31
332c0d0a
20202020
20202020
20202020
2d32392c
0d0a2020
20202020
20202020
20202d35
302c0d0a
20202020
20202020
20202020
2d35342c
0d0a2020
20202020
20202020
20203232
0d0a2020
20202020
20205d2c
0d0a2020
20202020
20205b0d
0a202020
20202020
20202020
20392c0d
0a202020
20202020
20202020
20382c0d
0a202020
20202020
20202020
2031302c
0d0a2020
20202020
20202020
2020392c
0d0a2020
20202020
20202020
20203231
2c0d0a20
20202020
20202020
20202033
322c0d0a
20202020
20202020
20202020
34342c0d
0a202020
20202020
20202020
202d352c
0d0a2020
20202020
20202020
20202d39
2c0d0a20
20202020
20202020
2020202d
31352c0d
0a202020
20202020
20202020
2031342c
0d0a2020
20202020
20202020
20203134
2c0d0a20
20202020
20202020
20202031
352c0d0a
20202020
20202020
20202020
31362c0d
0a202020
20202020
20202020
20342c0d
0a202020
20202020
20202020
202d312c
0d0a2020
20202020
20202020
20202d34
2c0d0a20
20202020
20202020
2020202d
352c0d0a
20202020
20202020
20202020
372c0d0a
20202020
20202020
20202020
3132352c
0d0a2020
20202020
20202020
20203132
352c0d0a
20202020
20202020
20202020
3132342c
0d0a2020
20202020
20202020
20203132
332c0d0a
20202020
20202020
20202020
3132342c
0d0a2020
20202020
20202020
20203132
342c0d0a
20202020
20202020
20202020
3132322c
0d0a2020
20202020
20202020
20203132
302c0d0a
20202020
20202020
20202020
3132312c
0d0a2020
20202020
20202020
20203131
372c0d0a
20202020
20202020
20202020
3132302c
0d0a2020
20202020
20202020
20203132
302c0d0a
20202020
20202020
20202020
3132332c
0d0a2020
20202020
20202020
20203131
362c0d0a
20202020
20202020
20202020
3132312c
0d0a2020
20202020
20202020
20203132
312c0d0a
20202020
20202020
20202020
3132372c
0d0a2020
20202020
20202020
20203132
302c0d0a
20202020
20202020
20202020
3132332c
0d0a2020
20202020
20202020
20202d31
322c0d0a
20202020
20202020
20202020
362c0d0a
20202020
20202020
20202020
32342c0d
0a202020
20202020
20202020
2033352c
0d0a2020
20202020
20202020
20203230
2c0d0a20
20202020
20202020
20202031
352c0d0a
20202020
20202020
20202020
31322c0d
0a202020
20202020
20202020
2031382c
0d0a2020
20202020
20202020
2020342c
0d0a2020
20202020
20202020
20202d37
2c0d0a20
20202020
20202020
2020202d
31322c0d
0a202020
20202020
20202020
202d3335
2c0d0a20
20202020
20202020
2020202d
35352c0d
0a202020
20202020
20202020
202d3630
2c0d0a20
20202020
20202020
2020202d
31322c0d
0a202020
20202020
20202020
202d3333
2c0d0a20
20202020
20202020
2020202d
35342c0d
0a202020
20202020
20202020
202d3536
2c0d0a20
20202020
20202020
20202031
390d0a20
20202020
2020205d
2c0d0a20
20202020
2020205b
0d0a2020
20202020
20202020
2020392c
0d0a2020
20202020
20202020
2020382c
0d0a2020
20202020
20202020
2020392c
0d0a2020
20202020
20202020
2020392c
0d0a2020
20202020
20202020
20203232
2c0d0a20
20202020
20202020
20202033
342c0d0a
20202020
20202020
20202020
34342c0d
0a202020
20202020
20202020
202d332c
0d0a2020
20202020
20202020
20202d39
2c0d0a20
20202020
20202020
2020202d
31352c0d
0a202020
20202020
20202020
2031352c
0d0a2020
20202020
20202020
20203136
2c0d0a20
20202020
20202020
20202031
382c0d0a
20202020
20202020
20202020
31392c0d
0a202020
20202020
20202020
20332c0d
0a202020
20202020
20202020
202d322c
0d0a2020
20202020
20202020
20202d36
2c0d0a20
20202020
20202020
2020202d
372c0d0a
20202020
20202020
20202020
392c0d0a
20202020
20202020
20202020
3132362c
0d0a2020
20202020
20202020
20203132
362c0d0a
20202020
20202020
20202020
3132362c
0d0a2020
20202020
20202020
20203132
362c0d0a
20202020
20202020
20202020
3132352c
0d0a2020
20202020
20202020
20203132
372c0d0a
20202020
20202020
20202020
3132332c
0d0a2020
20202020
20202020
20203132
332c0d0a
20202020
20202020
20202020
3132342c
0d0a2020
20202020
20202020
20203131
382c0d0a
20202020
20202020
20202020
3132342c
0d0a2020
20202020
20202020
20203132
332c0d0a
20202020
20202020
20202020
3132362c
0d0a2020
20202020
20202020
20203131
392c0d0a
20202020
20202020
20202020
3132342c
0d0a2020
20202020
20202020
20203132
332c0d0a
20202020
20202020
20202020
3132372c
0d0a2020
20202020
20202020
20203132
332c0d0a
20202020
20202020
20202020
3132362c
0d0a2020
20202020
20202020
20202d31
322c0d0a
20202020
20202020
20202020
382c0d0a
20202020
20202020
20202020
32382c0d
0a202020
20202020
20202020
2033372c
0d0a2020
20202020
20202020
20203231
2c0d0a20
20202020
20202020
20202031
362c0d0a
20202020
20202020
20202020
31352c0d
0a202020
20202020
20202020
2032302c
0d0a2020
20202020
20202020
2020372c
0d0a2020
20202020
20202020
20202d34
2c0d0a20
20202020
20202020
2020202d
31322c0d
0a202020
20202020
20202020
202d3334
2c0d0a20
20202020
20202020
2020202d
35372c0d
0a202020
20202020
20202020
202d3630
2c0d0a20
20202020
20202020
2020202d
31322c0d
0a202020
20202020
20202020
202d3331
2c0d0a20
20202020
20202020
2020202d
35332c0d
0a202020
20202020
20202020
202d3537
2c0d0a20
20202020
20202020
20202032
340d0a20
20202020
2020205d
2c0d0a20
20202020
2020205b
0d0a2020
20202020
20202020
2020382c
0d0a2020
20202020
20202020
2020372c
0d0a2020
20202020
20202020
20203130
2c0d0a20
20202020
20202020
20202031
302c0d0a
20202020
20202020
20202020
32312c0d
0a202020
20202020
20202020
2033322c
0d0a2020
20202020
20202020
20203430
2c0d0a20
20202020
20202020
2020202d
332c0d0a
20202020
20202020
20202020
2d392c0d
0a202020
20202020
20202020
202d3137
2c0d0a20
20202020
20202020
20202031
352c0d0a
20202020
20202020
20202020
31342c0d
0a202020
20202020
20202020
2031372c
0d0a2020
20202020
20202020
20203138
2c0d0a20
20202020
20202020
20202034
2c0d0a20
20202020
20202020
2020202d
312c0d0a
20202020
20202020
20202020
2d352c0d
0a202020
20202020
20202020
202d362c
0d0a2020
20202020
20202020
2020372c
0d0a2020
20202020
20202020
20203132
352c0d0a
20202020
20202020
20202020
3132352c
0d0a2020
20202020
20202020
20203132
342c0d0a
20202020
20202020
20202020
3132332c
0d0a2020
20202020
20202020
20203132
332c0d0a
20202020
20202020
20202020
3132342c
0d0a2020
20202020
20202020
20203132
312c0d0a
20202020
20202020
20202020
3132312c
0d0a2020
20202020
20202020
20203132
312c0d0a
20202020
20202020
20202020
3131372c
0d0a2020
20202020
20202020
20203132
332c0d0a
20202020
20202020
20202020
3132312c
0d0a2020
20202020
20202020
20203132
332c0d0a
20202020
20202020
20202020
3131362c
0d0a2020
20202020
20202020
20203132
332c0d0a
20202020
20202020
20202020
3132302c
0d0a2020
20202020
20202020
20203132
362c0d0a
20202020
20202020
20202020
3131392c
0d0a2020
20202020
20202020
20203132
342c0d0a
20202020
20202020
20202020
2d31302c
0d0a2020
20202020
20202020
2020392c
0d0a2020
20202020
20202020
20203236
2c0d0a20
20202020
20202020
20202033
362c0d0a
20202020
20202020
20202020
32312c0d
0a202020
20202020
20202020
2031342c
0d0a2020
20202020
20202020
20203130
2c0d0a20
20202020
20202020
20202032
302c0d0a
20202020
20202020
20202020
352c0d0a
20202020
20202020
20202020
2d322c0d
0a202020
20202020
20202020
202d3132
2c0d0a20
20202020
20202020
2020202d
33322c0d
0a202020
20202020
20202020
202d3534
2c0d0a20
20202020
20202020
2020202d
35382c0d
0a202020
20202020
20202020
202d3131
2c0d0a20
20202020
20202020
2020202d
33302c0d
0a202020
20202020
20202020
202d3532
2c0d0a20
20202020
20202020
2020202d
35352c0d
0a202020
20202020
20202020
2032330d
0a202020
20202020
205d2c0d
0a202020
20202020
205b0d0a
20202020
20202020
20202020
392c0d0a
20202020
20202020
20202020
31312c0d
0a202020
20202020
20202020
2031312c
0d0a2020
20202020
20202020
20203131
2c0d0a20
20202020
20202020
20202032
322c0d0a
20202020
20202020
20202020
33322c0d
0a202020
20202020
20202020
2034312c
0d0a2020
20202020
20202020
20202d31
2c0d0a20
20202020
20202020
2020202d
382c0d0a
20202020
20202020
20202020
2d31362c
0d0a2020
20202020
20202020
20203134
2c0d0a20
20202020
20202020
20202031
362c0d0a
20202020
20202020
20202020
31372c0d
0a202020
20202020
20202020
2031372c
0d0a2020
20202020
20202020
2020342c
0d0a2020
20202020
20202020
2020302c
0d0a2020
20202020
20202020
20202d35
2c0d0a20
20202020
20202020
2020202d
362c0d0a
20202020
20202020
20202020
31312c0d
0a202020
20202020
20202020
20313237
2c0d0a20
20202020
20202020
20202031
32372c0d
0a202020
20202020
20202020
20313237
2c0d0a20
20202020
20202020
20202031
32372c0d
0a202020
20202020
20202020
20313237
2c0d0a20
20202020
20202020
20202031
32372c0d
0a202020
20202020
20202020
20313234
2c0d0a20
20202020
20202020
20202031
32362c0d
0a202020
20202020
20202020
20313237
2c0d0a20
20202020
20202020
20202031
32322c0d
0a202020
20202020
20202020
20313235
2c0d0a20
20202020
20202020
20202031
32362c0d
0a202020
20202020
20202020
20313237
2c0d0a20
20202020
20202020
20202031
32332c0d
0a202020
20202020
20202020
20313235
2c0d0a20
20202020
20202020
20202031
32362c0d
0a202020
20202020
20202020
20313237
2c0d0a20
20202020
20202020
20202031
32342c0d
0a202020
20202020
20202020
20313237
2c0d0a20
20202020
20202020
2020202d
31302c0d
0a202020
20202020
20202020
2031302c
0d0a2020
20202020
20202020
20203238
2c0d0a20
20202020
20202020
20202033
372c0d0a
20202020
20202020
20202020
32322c0d
0a202020
20202020
20202020
2031322c
0d0a2020
20202020
20202020
2020352c
0d0a2020
20202020
20202020
20203230
2c0d0a20
20202020
20202020
20202038
2c0d0a20
20202020
20202020
2020202d
362c0d0a
20202020
20202020
20202020
2d31322c
0d0a2020
20202020
20202020
20202d33
342c0d0a
20202020
20202020
20202020
2d35372c
0d0a2020
20202020
20202020
20202d36
302c0d0a
20202020
20202020
20202020
2d31312c
0d0a2020
20202020
20202020
20202d33
302c0d0a
20202020
20202020
20202020
2d35312c
0d0a2020
20202020
20202020
20202d35
362c0d0a
20202020
20202020
20202020
32330d0a
20202020
20202020
5d2c0d0a
20202020
20202020
5b0d0a20
20202020
20202020
20202039
2c0d0a20
20202020
20202020
20202038
2c0d0a20
20202020
20202020
20202039
2c0d0a20
20202020
20202020
20202039
2c0d0a20
20202020
20202020
20202032
302c0d0a
20202020
20202020
20202020
32392c0d
0a202020
20202020
20202020
2033382c
0d0a2020
20202020
20202020
20202d34
2c0d0a20
20202020
20202020
2020202d
392c0d0a
20202020
20202020
20202020
2d31332c
0d0a2020
20202020
20202020
20203134
2c0d0a20
20202020
20202020
20202031
342c0d0a
20202020
20202020
20202020
31362c0d
0a202020
20202020
20202020
2031362c
0d0a2020
20202020
20202020
2020342c
0d0a2020
20202020
20202020
2020312c
0d0a2020
20202020
20202020
20202d31
2c0d0a20
20202020
20202020
2020202d
332c0d0a
20202020
20202020
20202020
362c0d0a
20202020
20202020
20202020
3132362c
0d0a2020
20202020
20202020
20203132
362c0d0a
20202020
20202020
20202020
3132352c
0d0a2020
20202020
20202020
20203132
342c0d0a
20202020
20202020
20202020
3132352c
0d0a2020
20202020
20202020
20203132
362c0d0a
20202020
20202020
20202020
3132322c
0d0a2020
20202020
20202020
20203132
312c0d0a
20202020
20202020
20202020
3132322c
0d0a2020
20202020
20202020
20203131
382c0d0a
20202020
20202020
20202020
3132332c
0d0a2020
20202020
20202020
20203132
332c0d0a
20202020
20202020
20202020
3132342c
0d0a2020
20202020
20202020
20203131
382c0d0a
20202020
20202020
20202020
3132332c
0d0a2020
20202020
20202020
20203132
322c0d0a
20202020
20202020
20202020
3132372c
0d0a2020
20202020
20202020
20203132
302c0d0a
20202020
20202020
20202020
3132342c
0d0a2020
20202020
20202020
20202d31
302c0d0a
20202020
20202020
20202020
382c0d0a
20202020
20202020
20202020
32362c0d
0a202020
20202020
20202020
2033362c
0d0a2020
20202020
20202020
20203232
2c0d0a20
20202020
20202020
20202031
332c0d0a
20202020
20202020
20202020
372c0d0a
20202020
20202020
20202020
31392c0d
0a202020
20202020
20202020
20342c0d
0a202020
20202020
20202020
202d3130
2c0d0a20
20202020
20202020
2020202d
31302c0d
0a202020
20202020
20202020
202d3333
2c0d0a20
20202020
20202020
2020202d
35332c0d
0a202020
20202020
20202020
202d3539
2c0d0a20
20202020
20202020
2020202d
31302c0d
0a202020
20202020
20202020
202d3331
2c0d0a20
20202020
20202020
2020202d
35322c0d
0a202020
20202020
20202020
202d3535
2c0d0a20
20202020
20202020
20202032
320d0a20
20202020
2020205d
2c0d0a20
20202020
2020205b
0d0a2020
20202020
20202020
20203130
2c0d0a20
20202020
20202020
20202031
312c0d0a
20202020
20202020
20202020
31312c0d
0a202020
20202020
20202020
2031322c
0d0a2020
20202020
20202020
20203233
2c0d0a20
20202020
20202020
20202033
332c0d0a
20202020
20202020
20202020
34302c0d
0a202020
20202020
20202020
202d312c
0d0a2020
20202020
20202020
20202d36
2c0d0a20
20202020
20202020
2020202d
31312c0d
0a202020
20202020
20202020
2031342c
0d0a2020
20202020
20202020
20203136
2c0d0a20
20202020
20202020
20202031
382c0d0a
20202020
20202020
20202020
31382c0d
0a202020
20202020
20202020
20352c0d
0a202020
20202020
20202020
20312c0d
0a202020
20202020
20202020
202d312c
0d0a2020
20202020
20202020
20202d32
2c0d0a20
20202020
20202020
20202031
302c0d0a
20202020
20202020
20202020
3132372c
0d0a2020
20202020
20202020
20203132
362c0d0a
20202020
20202020
20202020
3132372c
0d0a2020
20202020
20202020
20203132
372c0d0a
20202020
20202020
20202020
3132362c
0d0a2020
20202020
20202020
20203132
372c0d0a
20202020
20202020
20202020
3132362c
0d0a2020
20202020
20202020
20203132
362c0d0a
20202020
20202020
20202020
3132372c
0d0a2020
20202020
20202020
20203132
312c0d0a
20202020
20202020
20202020
3132362c
0d0a2020
20202020
20202020
20203132
362c0d0a
20202020
20202020
20202020
3132372c
0d0a2020
20202020
20202020
20203132
322c0d0a
20202020
20202020
20202020
3132332c
0d0a2020
20202020
20202020
20203132
352c0d0a
20202020
20202020
20202020
3132372c
0d0a2020
20202020
20202020
20203132
332c0d0a
20202020
20202020
20202020
3132372c
0d0a2020
20202020
20202020
20202d31
322c0d0a
20202020
20202020
20202020
372c0d0a
20202020
20202020
20202020
32372c0d
0a202020
20202020
20202020
2033372c
0d0a2020
20202020
20202020
20203139
2c0d0a20
20202020
20202020
20202031
312c0d0a
20202020
20202020
20202020
362c0d0a
20202020
20202020
20202020
31382c0d
0a202020
20202020
20202020
20342c0d
0a202020
20202020
20202020
202d3130
2c0d0a20
20202020
20202020
2020202d
31332c0d
0a202020
20202020
20202020
202d3334
2c0d0a20
20202020
20202020
2020202d
35362c0d
0a202020
20202020
20202020
202d3630
2c0d0a20
20202020
20202020
2020202d
31332c0d
0a202020
20202020
20202020
202d3332
2c0d0a20
20202020
20202020
2020202d
35322c0d
0a202020
20202020
20202020
202d3537
2c0d0a20
20202020
20202020
20202032
320d0a20
20202020
2020205d
2c0d0a20
20202020
2020205b
0d0a2020
20202020
20202020
20203130
2c0d0a20
20202020
20202020
20202031
312c0d0a
20202020
20202020
20202020
31312c0d
0a202020
20202020
20202020
2031322c
0d0a2020
20202020
20202020
20203233
2c0d0a20
20202020
20202020
20202033
332c0d0a
20202020
20202020
20202020
34302c0d
0a202020
20202020
20202020
202d312c
0d0a2020
20202020
20202020
20202d36
2c0d0a20
20202020
20202020
2020202d
31312c0d
0a202020
20202020
20202020
2031342c
0d0a2020
20202020
20202020
20203136
2c0d0a20
20202020
20202020
20202031
382c0d0a
20202020
20202020
20202020
31382c0d
0a202020
20202020
20202020
20352c0d
0a202020
20202020
20202020
20312c0d
0a202020
20202020
20202020
202d312c
0d0a2020
20202020
20202020
20202d32
2c0d0a20
20202020
20202020
20202031
302c0d0a
20202020
20202020
20202020
3132372c
0d0a2020
20202020
20202020
20203132
362c0d0a
20202020
20202020
20202020
3132372c
0d0a2020
20202020
20202020
20203132
372c0d0a
20202020
20202020
20202020
3132362c
0d0a2020
20202020
20202020
20203132
372c0d0a
20202020
20202020
20202020
3132362c
0d0a2020
20202020
20202020
20203132
362c0d0a
20202020
20202020
20202020
3132372c
0d0a2020
20202020
20202020
20203132
312c0d0a
20202020
20202020
20202020
3132362c
0d0a2020
20202020
20202020
20203132
362c0d0a
20202020
20202020
20202020
3132372c
0d0a2020
20202020
20202020
20203132
322c0d0a
20202020
20202020
20202020
3132332c
0d0a2020
20202020
20202020
20203132
352c0d0a
20202020
20202020
20202020
3132372c
0d0a2020
20202020
20202020
20203132
332c0d0a
20202020
20202020
20202020
3132372c
0d0a2020
20202020
20202020
20202d31
322c0d0a
20202020
20202020
20202020
372c0d0a
20202020
20202020
20202020
32372c0d
0a202020
20202020
20202020
2033372c
0d0a2020
20202020
20202020
20203139
2c0d0a20
20202020
20202020
20202031
312c0d0a
20202020
20202020
20202020
362c0d0a
20202020
20202020
20202020
31382c0d
0a202020
20202020
20202020
20342c0d
0a202020
20202020
20202020
202d3130
2c0d0a20
20202020
20202020
2020202d
31332c0d
0a202020
20202020
20202020
202d3334
2c0d0a20
20202020
20202020
2020202d
35362c0d
0a202020
20202020
20202020
202d3630
2c0d0a20
20202020
20202020
2020202d
31332c0d
0a202020
20202020
20202020
202d3332
2c0d0a20
20202020
20202020
2020202d
35322c0d
0a202020
20202020
20202020
202d3537
2c0d0a20
20202020
20202020
20202032
320d0a20
20202020
2020205d
0d0a2020
20205d0d
0a5d0d0a
7d000000
00000000
7b0a2020
20202273
63616c65
223a2030
2e313235
2c0a2020
20202232
5e2d6e22
3a20332e
302c0a20
20202022
7a65726f
5f706f69
6e74223a
20302e30
2c0a2020
20202262
69745f77
69647468
223a2038
2e302c0a
20202020
22736967
6e65645f
74223a20
74727565
2c0a2020
20202274
7261696e
696e675f
74223a20
74727565
2c0a2020
20202269
6e745f76
616c7565
223a200a
20202020
20202020
5b0a2020
20202020
20202020
20205b0a
20202020
20202020
20202020
20202020
5b0a2020
20202020
20202020
20202020
20202020
2020312c
0a202020
20202020
20202020
20202020
20202020
20312c0a
20202020
20202020
20202020
20202020
20202020
312c0a20
20202020
20202020
20202020
20202020
20202032
2c0a2020
20202020
20202020
20202020
20202020
2020322c
0a202020
20202020
20202020
20202020
20202020
20332c0a
20202020
20202020
20202020
20202020
20202020
332c0a20
20202020
20202020
20202020
20202020
20202033
0a202020
20202020
20202020
20202020
205d2c0a
20202020
20202020
20202020
20202020
5b0a2020
20202020
20202020
20202020
20202020
2020332c
0a202020
20202020
20202020
20202020
20202020
20332c0a
20202020
20202020
20202020
20202020
20202020
332c0a20
20202020
20202020
20202020
20202020
20202034
2c0a2020
20202020
20202020
20202020
20202020
2020342c
0a202020
20202020
20202020
20202020
20202020
20342c0a
20202020
20202020
20202020
20202020
20202020
342c0a20
20202020
20202020
20202020
20202020
20202034
0a202020
20202020
20202020
20202020
205d2c0a
20202020
20202020
20202020
20202020
5b0a2020
20202020
20202020
20202020
20202020
2020342c
0a202020
20202020
20202020
20202020
20202020
20342c0a
20202020
20202020
20202020
20202020
20202020
342c0a20
20202020
20202020
20202020
20202020
20202034
2c0a2020
20202020
20202020
20202020
20202020
2020342c
0a202020
20202020
20202020
20202020
20202020
20342c0a
20202020
20202020
20202020
20202020
20202020
342c0a20
20202020
20202020
20202020
20202020
20202034
0a202020
20202020
20202020
20202020
205d2c0a
20202020
20202020
20202020
20202020
5b0a2020
20202020
20202020
20202020
20202020
2020342c
0a202020
20202020
20202020
20202020
20202020
20342c0a
20202020
20202020
20202020
20202020
20202020
342c0a20
20202020
20202020
20202020
20202020
20202034
2c0a2020
20202020
20202020
20202020
20202020
2020342c
0a202020
20202020
20202020
20202020
20202020
20342c0a
20202020
20202020
20202020
20202020
20202020
302c0a20
20202020
20202020
20202020
20202020
20202030
0a202020
20202020
20202020
20202020
205d2c0a
20202020
20202020
20202020
20202020
5b0a2020
20202020
20202020
20202020
20202020
2020302c
0a202020
20202020
20202020
20202020
20202020
20302c0a
20202020
20202020
20202020
20202020
20202020
302c0a20
20202020
20202020
20202020
20202020
20202030
2c0a2020
20202020
20202020
20202020
20202020
2020302c
0a202020
20202020
20202020
20202020
20202020
20302c0a
20202020
20202020
20202020
20202020
20202020
302c0a20
20202020
20202020
20202020
20202020
20202030
0a202020
20202020
20202020
20202020
205d2c0a
20202020
20202020
20202020
20202020
5b0a2020
20202020
20202020
20202020
20202020
2020302c
0a202020
20202020
20202020
20202020
20202020
20302c0a
20202020
20202020
20202020
20202020
20202020
302c0a20
20202020
20202020
20202020
20202020
20202030
2c0a2020
20202020
20202020
20202020
20202020
2020302c
0a202020
20202020
20202020
20202020
20202020
20302c0a
20202020
20202020
20202020
20202020
20202020
302c0a20
20202020
20202020
20202020
20202020
20202030
0a202020
20202020
20202020
20202020
205d2c0a
20202020
20202020
20202020
20202020
5b0a2020
20202020
20202020
20202020
20202020
2020302c
0a202020
20202020
20202020
20202020
20202020
20302c0a
20202020
20202020
20202020
20202020
20202020
302c0a20
20202020
20202020
20202020
20202020
20202030
2c0a2020
20202020
20202020
20202020
20202020
2020302c
0a202020
20202020
20202020
20202020
20202020
20302c0a
20202020
20202020
20202020
20202020
20202020
302c0a20
20202020
20202020
20202020
20202020
20202030
0a202020
20202020
20202020
20202020
205d2c0a
20202020
20202020
20202020
20202020
5b0a2020
20202020
20202020
20202020
20202020
2020302c
0a202020
20202020
20202020
20202020
20202020
20302c0a
20202020
20202020
20202020
20202020
20202020
302c0a20
20202020
20202020
20202020
20202020
20202030
2c0a2020
20202020
20202020
20202020
20202020
2020302c
0a202020
20202020
20202020
20202020
20202020
20302c0a
20202020
20202020
20202020
20202020
20202020
302c0a20
20202020
20202020
20202020
20202020
20202030
0a202020
20202020
20202020
20202020
205d0a20
20202020
20202020
2020205d
2c0a2020
20202020
20202020
20205b0a
20202020
20202020
20202020
20202020
5b0a2020
20202020
20202020
20202020
20202020
20203134
2c0a2020
20202020
20202020
20202020
20202020
20203134
2c0a2020
20202020
20202020
20202020
20202020
20203135
2c0a2020
20202020
20202020
20202020
20202020
20203135
2c0a2020
20202020
20202020
20202020
20202020
20203135
2c0a2020
20202020
20202020
20202020
20202020
20203135
2c0a2020
20202020
20202020
20202020
20202020
20203136
2c0a2020
20202020
20202020
20202020
20202020
20203135
0a202020
20202020
20202020
20202020
205d2c0a
20202020
20202020
20202020
20202020
5b0a2020
20202020
20202020
20202020
20202020
20203135
2c0a2020
20202020
20202020
20202020
20202020
20203136
2c0a2020
20202020
20202020
20202020
20202020
20203135
2c0a2020
20202020
20202020
20202020
20202020
20203136
2c0a2020
20202020
20202020
20202020
20202020
20203136
2c0a2020
20202020
20202020
20202020
20202020
20203136
2c0a2020
20202020
20202020
20202020
20202020
20203136
2c0a2020
20202020
20202020
20202020
20202020
20203136
0a202020
20202020
20202020
20202020
205d2c0a
20202020
20202020
20202020
20202020
5b0a2020
20202020
20202020
20202020
20202020
20203136
2c0a2020
20202020
20202020
20202020
20202020
20203135
2c0a2020
20202020
20202020
20202020
20202020
20203135
2c0a2020
20202020
20202020
20202020
20202020
20203135
2c0a2020
20202020
20202020
20202020
20202020
20203135
2c0a2020
20202020
20202020
20202020
20202020
20203135
2c0a2020
20202020
20202020
20202020
20202020
20203135
2c0a2020
20202020
20202020
20202020
20202020
20203135
0a202020
20202020
20202020
20202020
205d2c0a
20202020
20202020
20202020
20202020
5b0a2020
20202020
20202020
20202020
20202020
20203136
2c0a2020
20202020
20202020
20202020
20202020
20203136
2c0a2020
20202020
20202020
20202020
20202020
20203136
2c0a2020
20202020
20202020
20202020
20202020
20203135
2c0a2020
20202020
20202020
20202020
20202020
20203135
2c0a2020
20202020
20202020
20202020
20202020
20203135
2c0a2020
20202020
20202020
20202020
20202020
2020302c
0a202020
20202020
20202020
20202020
20202020
20300a20
20202020
20202020
20202020
2020205d
2c0a2020
20202020
20202020
20202020
20205b0a
20202020
20202020
20202020
20202020
20202020
302c0a20
20202020
20202020
20202020
20202020
20202030
2c0a2020
20202020
20202020
20202020
20202020
2020302c
0a202020
20202020
20202020
20202020
20202020
20302c0a
20202020
20202020
20202020
20202020
20202020
302c0a20
20202020
20202020
20202020
20202020
20202030
2c0a2020
20202020
20202020
20202020
20202020
2020302c
0a202020
20202020
20202020
20202020
20202020
20300a20
20202020
20202020
20202020
2020205d
2c0a2020
20202020
20202020
20202020
20205b0a
20202020
20202020
20202020
20202020
20202020
302c0a20
20202020
20202020
20202020
20202020
20202030
2c0a2020
20202020
20202020
20202020
20202020
2020302c
0a202020
20202020
20202020
20202020
20202020
20302c0a
20202020
20202020
20202020
20202020
20202020
302c0a20
20202020
20202020
20202020
20202020
20202030
2c0a2020
20202020
20202020
20202020
20202020
2020302c
0a202020
20202020
20202020
20202020
20202020
20300a20
20202020
20202020
20202020
2020205d
2c0a2020
20202020
20202020
20202020
20205b0a
20202020
20202020
20202020
20202020
20202020
302c0a20
20202020
20202020
20202020
20202020
20202030
2c0a2020
20202020
20202020
20202020
20202020
2020302c
0a202020
20202020
20202020
20202020
20202020
20302c0a
20202020
20202020
20202020
20202020
20202020
302c0a20
20202020
20202020
20202020
20202020
20202030
2c0a2020
20202020
20202020
20202020
20202020
2020302c
0a202020
20202020
20202020
20202020
20202020
20300a20
20202020
20202020
20202020
2020205d
2c0a2020
20202020
20202020
20202020
20205b0a
20202020
20202020
20202020
20202020
20202020
302c0a20
20202020
20202020
20202020
20202020
20202030
2c0a2020
20202020
20202020
20202020
20202020
2020302c
0a202020
20202020
20202020
20202020
20202020
20302c0a
20202020
20202020
20202020
20202020
20202020
302c0a20
20202020
20202020
20202020
20202020
20202030
2c0a2020
20202020
20202020
20202020
20202020
2020302c
0a202020
20202020
20202020
20202020
20202020
20300a20
20202020
20202020
20202020
2020205d
0a202020
20202020
20202020
205d2c0a
20202020
20202020
20202020
5b0a2020
20202020
20202020
20202020
20205b0a
20202020
20202020
20202020
20202020
20202020
2d322c0a
20202020
20202020
20202020
20202020
20202020
2d332c0a
20202020
20202020
20202020
20202020
20202020
362c0a20
20202020
20202020
20202020
20202020
20202035
2c0a2020
20202020
20202020
20202020
20202020
2020342c
0a202020
20202020
20202020
20202020
20202020
20352c0a
20202020
20202020
20202020
20202020
20202020
352c0a20
20202020
20202020
20202020
20202020
20202031
0a202020
20202020
20202020
20202020
205d2c0a
20202020
20202020
20202020
20202020
5b0a2020
20202020
20202020
20202020
20202020
2020352c
0a202020
20202020
20202020
20202020
20202020
20342c0a
20202020
20202020
20202020
20202020
20202020
332c0a20
20202020
20202020
20202020
20202020
20202033
2c0a2020
20202020
20202020
20202020
20202020
2020332c
0a202020
20202020
20202020
20202020
20202020
20322c0a
20202020
20202020
20202020
20202020
20202020
332c0a20
20202020
20202020
20202020
20202020
20202033
0a202020
20202020
20202020
20202020
205d2c0a
20202020
20202020
20202020
20202020
5b0a2020
20202020
20202020
20202020
20202020
2020332c
0a202020
20202020
20202020
20202020
20202020
20312c0a
20202020
20202020
20202020
20202020
20202020
332c0a20
20202020
20202020
20202020
20202020
20202032
2c0a2020
20202020
20202020
20202020
20202020
2020322c
0a202020
20202020
20202020
20202020
20202020
20332c0a
20202020
20202020
20202020
20202020
20202020
322c0a20
20202020
20202020
20202020
20202020
20202033
0a202020
20202020
20202020
20202020
205d2c0a
20202020
20202020
20202020
20202020
5b0a2020
20202020
20202020
20202020
20202020
2020322c
0a202020
20202020
20202020
20202020
20202020
20332c0a
20202020
20202020
20202020
20202020
20202020
322c0a20
20202020
20202020
20202020
20202020
20202031
2c0a2020
20202020
20202020
20202020
20202020
2020322c
0a202020
20202020
20202020
20202020
20202020
20312c0a
20202020
20202020
20202020
20202020
20202020
302c0a20
20202020
20202020
20202020
20202020
20202030
0a202020
20202020
20202020
20202020
205d2c0a
20202020
20202020
20202020
20202020
5b0a2020
20202020
20202020
20202020
20202020
2020302c
0a202020
20202020
20202020
20202020
20202020
20302c0a
20202020
20202020
20202020
20202020
20202020
302c0a20
20202020
20202020
20202020
20202020
20202030
2c0a2020
20202020
20202020
20202020
20202020
2020302c
0a202020
20202020
20202020
20202020
20202020
20302c0a
20202020
20202020
20202020
20202020
20202020
302c0a20
20202020
20202020
20202020
20202020
20202030
0a202020
20202020
20202020
20202020
205d2c0a
20202020
20202020
20202020
20202020
5b0a2020
20202020
20202020
20202020
20202020
2020302c
0a202020
20202020
20202020
20202020
20202020
20302c0a
20202020
20202020
20202020
20202020
20202020
302c0a20
20202020
20202020
20202020
20202020
20202030
2c0a2020
20202020
20202020
20202020
20202020
2020302c
0a202020
20202020
20202020
20202020
20202020
20302c0a
20202020
20202020
20202020
20202020
20202020
302c0a20
20202020
20202020
20202020
20202020
20202030
0a202020
20202020
20202020
20202020
205d2c0a
20202020
20202020
20202020
20202020
5b0a2020
20202020
20202020
20202020
20202020
2020302c
0a202020
20202020
20202020
20202020
20202020
20302c0a
20202020
20202020
20202020
20202020
20202020
302c0a20
20202020
20202020
20202020
20202020
20202030
2c0a2020
20202020
20202020
20202020
20202020
2020302c
0a202020
20202020
20202020
20202020
20202020
20302c0a
20202020
20202020
20202020
20202020
20202020
302c0a20
20202020
20202020
20202020
20202020
20202030
0a202020
20202020
20202020
20202020
205d2c0a
20202020
20202020
20202020
20202020
5b0a2020
20202020
20202020
20202020
20202020
2020302c
0a202020
20202020
20202020
20202020
20202020
20302c0a
20202020
20202020
20202020
20202020
20202020
302c0a20
20202020
20202020
20202020
20202020
20202030
2c0a2020
20202020
20202020
20202020
20202020
2020302c
0a202020
20202020
20202020
20202020
20202020
20302c0a
20202020
20202020
20202020
20202020
20202020
302c0a20
20202020
20202020
20202020
20202020
20202030
0a202020
20202020
20202020
20202020
205d0a20
20202020
20202020
2020205d
2c0a2020
20202020
20202020
20205b0a
20202020
20202020
20202020
20202020
5b0a2020
20202020
20202020
20202020
20202020
20202d33
2c0a2020
20202020
20202020
20202020
20202020
20202d33
2c0a2020
20202020
20202020
20202020
20202020
2020362c
0a202020
20202020
20202020
20202020
20202020
20332c0a
20202020
20202020
20202020
20202020
20202020
332c0a20
20202020
20202020
20202020
20202020
20202033
2c0a2020
20202020
20202020
20202020
20202020
2020332c
0a202020
20202020
20202020
20202020
20202020
20300a20
20202020
20202020
20202020
2020205d
2c0a2020
20202020
20202020
20202020
20205b0a
20202020
20202020
20202020
20202020
20202020
362c0a20
20202020
20202020
20202020
20202020
20202033
2c0a2020
20202020
20202020
20202020
20202020
20202d33
2c0a2020
20202020
20202020
20202020
20202020
20202d33
2c0a2020
20202020
20202020
20202020
20202020
20202d33
2c0a2020
20202020
20202020
20202020
20202020
20202d36
2c0a2020
20202020
20202020
20202020
20202020
2020302c
0a202020
20202020
20202020
20202020
20202020
202d330a
20202020
20202020
20202020
20202020
5d2c0a20
20202020
20202020
20202020
2020205b
0a202020
20202020
20202020
20202020
20202020
202d332c
0a202020
20202020
20202020
20202020
20202020
202d362c
0a202020
20202020
20202020
20202020
20202020
20302c0a
20202020
20202020
20202020
20202020
20202020
2d332c0a
20202020
20202020
20202020
20202020
20202020
2d362c0a
20202020
20202020
20202020
20202020
20202020
302c0a20
20202020
20202020
20202020
20202020
2020202d
362c0a20
20202020
20202020
20202020
20202020
20202030
0a202020
20202020
20202020
20202020
205d2c0a
20202020
20202020
20202020
20202020
5b0a2020
20202020
20202020
20202020
20202020
20202d36
2c0a2020
20202020
20202020
20202020
20202020
2020302c
0a202020
20202020
20202020
20202020
20202020
202d362c
0a202020
20202020
20202020
20202020
20202020
202d332c
0a202020
20202020
20202020
20202020
20202020
20302c0a
20202020
20202020
20202020
20202020
20202020
2d332c0a
20202020
20202020
20202020
20202020
20202020
302c0a20
20202020
20202020
20202020
20202020
20202030
0a202020
20202020
20202020
20202020
205d2c0a
20202020
20202020
20202020
20202020
5b0a2020
20202020
20202020
20202020
20202020
2020302c
0a202020
20202020
20202020
20202020
20202020
20302c0a
20202020
20202020
20202020
20202020
20202020
302c0a20
20202020
20202020
20202020
20202020
20202030
2c0a2020
20202020
20202020
20202020
20202020
2020302c
0a202020
20202020
20202020
20202020
20202020
20302c0a
20202020
20202020
20202020
20202020
20202020
302c0a20
20202020
20202020
20202020
20202020
20202030
0a202020
20202020
20202020
20202020
205d2c0a
20202020
20202020
20202020
20202020
5b0a2020
20202020
20202020
20202020
20202020
2020302c
0a202020
20202020
20202020
20202020
20202020
20302c0a
20202020
20202020
20202020
20202020
20202020
302c0a20
20202020
20202020
20202020
20202020
20202030
2c0a2020
20202020
20202020
20202020
20202020
2020302c
0a202020
20202020
20202020
20202020
20202020
20302c0a
20202020
20202020
20202020
20202020
20202020
302c0a20
20202020
20202020
20202020
20202020
20202030
0a202020
20202020
20202020
20202020
205d2c0a
20202020
20202020
20202020
20202020
5b0a2020
20202020
20202020
20202020
20202020
2020302c
0a202020
20202020
20202020
20202020
20202020
20302c0a
20202020
20202020
20202020
20202020
20202020
302c0a20
20202020
20202020
20202020
20202020
20202030
2c0a2020
20202020
20202020
20202020
20202020
2020302c
0a202020
20202020
20202020
20202020
20202020
20302c0a
20202020
20202020
20202020
20202020
20202020
302c0a20
20202020
20202020
20202020
20202020
20202030
0a202020
20202020
20202020
20202020
205d2c0a
20202020
20202020
20202020
20202020
5b0a2020
20202020
20202020
20202020
20202020
2020302c
0a202020
20202020
20202020
20202020
20202020
20302c0a
20202020
20202020
20202020
20202020
20202020
302c0a20
20202020
20202020
20202020
20202020
20202030
2c0a2020
20202020
20202020
20202020
20202020
2020302c
0a202020
20202020
20202020
20202020
20202020
20302c0a
20202020
20202020
20202020
20202020
20202020
302c0a20
20202020
20202020
20202020
20202020
20202030
0a202020
20202020
20202020
20202020
205d0a20
20202020
20202020
2020205d
2c0a2020
20202020
20202020
20205b0a
20202020
20202020
20202020
20202020
5b0a2020
20202020
20202020
20202020
20202020
20202d34
2c0a2020
20202020
20202020
20202020
20202020
20202d35
2c0a2020
20202020
20202020
20202020
20202020
20202d35
2c0a2020
20202020
20202020
20202020
20202020
20202d32
2c0a2020
20202020
20202020
20202020
20202020
2020302c
0a202020
20202020
20202020
20202020
20202020
20312c0a
20202020
20202020
20202020
20202020
20202020
2d312c0a
20202020
20202020
20202020
20202020
20202020
2d350a20
20202020
20202020
20202020
2020205d
2c0a2020
20202020
20202020
20202020
20205b0a
20202020
20202020
20202020
20202020
20202020
2d342c0a
20202020
20202020
20202020
20202020
20202020
2d332c0a
20202020
20202020
20202020
20202020
20202020
31342c0a
20202020
20202020
20202020
20202020
20202020
31362c0a
20202020
20202020
20202020
20202020
20202020
31312c0a
20202020
20202020
20202020
20202020
20202020
302c0a20
20202020
20202020
20202020
20202020
2020202d
322c0a20
20202020
20202020
20202020
20202020
20202033
0a202020
20202020
20202020
20202020
205d2c0a
20202020
20202020
20202020
20202020
5b0a2020
20202020
20202020
20202020
20202020
20202d33
2c0a2020
20202020
20202020
20202020
20202020
20202d33
2c0a2020
20202020
20202020
20202020
20202020
2020302c
0a202020
20202020
20202020
20202020
20202020
20382c0a
20202020
20202020
20202020
20202020
20202020
302c0a20
20202020
20202020
20202020
20202020
20202033
2c0a2020
20202020
20202020
20202020
20202020
2020322c
0a202020
20202020
20202020
20202020
20202020
20340a20
20202020
20202020
20202020
2020205d
2c0a2020
20202020
20202020
20202020
20205b0a
20202020
20202020
20202020
20202020
20202020
332c0a20
20202020
20202020
20202020
20202020
20202031
2c0a2020
20202020
20202020
20202020
20202020
20202d33
2c0a2020
20202020
20202020
20202020
20202020
20202d34
2c0a2020
20202020
20202020
20202020
20202020
20202d33
2c0a2020
20202020
20202020
20202020
20202020
2020302c
0a202020
20202020
20202020
20202020
20202020
20302c0a
20202020
20202020
20202020
20202020
20202020
300a2020
20202020
20202020
20202020
20205d2c
0a202020
20202020
20202020
20202020
205b0a20
20202020
20202020
20202020
20202020
20202030
2c0a2020
20202020
20202020
20202020
20202020
2020302c
0a202020
20202020
20202020
20202020
20202020
20302c0a
20202020
20202020
20202020
20202020
20202020
302c0a20
20202020
20202020
20202020
20202020
20202030
2c0a2020
20202020
20202020
20202020
20202020
2020302c
0a202020
20202020
20202020
20202020
20202020
20302c0a
20202020
20202020
20202020
20202020
20202020
300a2020
20202020
20202020
20202020
20205d2c
0a202020
20202020
20202020
20202020
205b0a20
20202020
20202020
20202020
20202020
20202030
2c0a2020
20202020
20202020
20202020
20202020
2020302c
0a202020
20202020
20202020
20202020
20202020
20302c0a
20202020
20202020
20202020
20202020
20202020
302c0a20
20202020
20202020
20202020
20202020
20202030
2c0a2020
20202020
20202020
20202020
20202020
2020302c
0a202020
20202020
20202020
20202020
20202020
20302c0a
20202020
20202020
20202020
20202020
20202020
300a2020
20202020
20202020
20202020
20205d2c
0a202020
20202020
20202020
20202020
205b0a20
20202020
20202020
20202020
20202020
20202030
2c0a2020
20202020
20202020
20202020
20202020
2020302c
0a202020
20202020
20202020
20202020
20202020
20302c0a
20202020
20202020
20202020
20202020
20202020
302c0a20
20202020
20202020
20202020
20202020
20202030
2c0a2020
20202020
20202020
20202020
20202020
2020302c
0a202020
20202020
20202020
20202020
20202020
20302c0a
20202020
20202020
20202020
20202020
20202020
300a2020
20202020
20202020
20202020
20205d2c
0a202020
20202020
20202020
20202020
205b0a20
20202020
20202020
20202020
20202020
20202030
2c0a2020
20202020
20202020
20202020
20202020
2020302c
0a202020
20202020
20202020
20202020
20202020
20302c0a
20202020
20202020
20202020
20202020
20202020
302c0a20
20202020
20202020
20202020
20202020
20202030
2c0a2020
20202020
20202020
20202020
20202020
2020302c
0a202020
20202020
20202020
20202020
20202020
20302c0a
20202020
20202020
20202020
20202020
20202020
300a2020
20202020
20202020
20202020
20205d0a
20202020
20202020
20202020
5d0a2020
20202020
20205d0a
20202020
7d000000
00000000
46504741
5f726573
756c745f
31303239
5f332e6a
736f6e00
7175616e
745f696e
7075745f
312e6a73
6f6e0000
00000000
00000000
5c8a01e0
c48a01e0
2c8b01e0
00000000
00000000
00000000
00000000
00000000
00000000
00000000
00000000
00000000
00000000
00000000
00000000
00000000
00000000
00000000
00000000
00000000
00000000
00000000
00000000
00000000
00000000
00000000
00000000
00000000
00000000
00000000
00000000
00000000
00000000
00000000
00000000
00000000
00000000
00000000
00000000
00000000
00000000
01000000
00000000
0e33cdab
34126de6
ecde0500
0b000000
00000000
00000000
00000000
00000000
00000000
00000000
00000000
00000000
00000000
00000000
00000000
00000000
00000000
00000000
00000000
00000000
00000000
00000000
00000000
00000000
00000000
00000000
00000000
00000000
00000000
00000000
00000000
00000000
00000000
00000000
00000000
00000000
00000000
00000000
00000000
00000000
00000000
00000000
00000000
00000000
00000000
00000000
00000000
00000000
00000000
00000000
00000000
00000000
00000000
00000000
00000000
00000000
00000000
00000000
00000000
00000000
00000000
00000000
00000000
00000000
00000000
00000000
00000000
00000000
00000000
00000000
00000000
00000000
00000000
00000000
00000000
00000000
00000000
00000000
00000000
00000000
00000000
00000000
00000000
00000000
00000000
00000000
00000000
00000000
00000000
00000000
00000000
00000000
00000000
00000000
00000000
00000000
00000000
00000000
00000000
00000000
00000000
00000000
00000000
00000000
00000000
00000000
00000000
00000000
00000000
00000000
00000000
00000000
00000000
00000000
00000000
00000000
00000000
00000000
00000000
00000000
00000000
00000000
00000000
00000000
00000000
00000000
00000000
00000000
00000000
00000000
00000000
00000000
00000000
00000000
00000000
00000000
00000000
00000000
00000000
00000000
00000000
00000000
00000000
00000000
00000000
00000000
00000000
00000000
00000000
00000000
00000000
00000000
00000000
00000000
00000000
00000000
00000000
00000000
00000000
00000000
00000000
00000000
00000000
00000000
00000000
00000000
00000000
00000000
00000000
00000000
00000000
00000000
00000000
00000000
00000000
00000000
00000000
00000000
00000000
00000000
00000000
00000000
00000000
00000000
00000000
00000000
00000000
00000000
00000000
00000000
00000000
00000000
00000000
00000000
00000000
00000000
00000000
00000000
00000000
00000000
00000000
00000000
00000000
00000000
00000000
00000000
00000000
00000000
00000000
00000000
00000000
00000000
00000000
00000000
00000000
00000000
00000000
00000000
00000000
00000000
00000000
00000000
00000000
00000000
00000000
0000e03f
00000000
0000f03f
0000c0ff
ffffdf41
00000000
0000e0c1
00000000
00001cc0
5eba490c
02ab19c0
79e92631
08ac7cbf
295c8fc2
f528ac3f
62105839
b44817c0
ba490c02
2b8786bf
736891ed
7c3fb53f
52b81e85
ebd114c0
3bdf4f8d
976e92bf
b0726891
ed7cbf3f
3d0ad7a3
703d12c0
1904560e
2db29dbf
0ad7a370
3d0ac73f
4c378941
60e50ec0
5a643bdf
4f8da7bf
508d976e
1283d03f
dd240681
954308c0
3bdf4f8d
976eb2bf
b6f3fdd4
78e9d63f
8d976e12
83c0f8bf
62105839
b4c8b6bf
93180456
0e2dda3f
560e2db2
9defefbf
7b14ae47
e17a743f
f6285c8f
c2f5d03f
355eba49
0c02e3bf
93180456
0e2dc23f
a8c64b37
8941c03f
37894160
e5d0d2bf
91ed7c3f
355ed23f
cba145b6
f3fda43f
022b8716
d9ceb7bf
96438b6c
e7fbd93f
fa7e6abc
7493783f
fca9f1d2
4d6270bf
105839b4
c876de3f
fca9f1d2
4d62703f
4a0c022b
8716b93f
a245b6f3
fdd4e03f
21b07268
91edd43f
5c8fc2f5
285ce33f
fca9f1d2
4d62803f
5c8fc2f5
285cf13f
3108ac1c
5a64eb3f
c1caa145
b6f3bd3f
00000000
00001c40
b81e85eb
51b8f03f
23dbf97e
6abcd43f
00000000
000010c0
b4c876be
9f1a0cc0
fa7e6abc
7493983f
21b07268
91edbc3f
6891ed7c
3f3508c0
dbf97e6a
bc74a33f
1f85eb51
b81ec53f
1d5a643b
df4f04c0
54e3a59b
c420b03f
105839b4
c876ce3f
d122dbf9
7e6a00c0
e9263108
ac1cba3f
c520b072
6891d53f
0ad7a370
3d0af9bf
736891ed
7c3fc53f
c1caa145
b6f3dd3f
08ac1c5a
643bf1bf
48e17a14
ae47d13f
fed478e9
2631e43f
e17a14ae
47e1e2bf
7f6abc74
9318dc3f
6abc7493
1804ea3f
91ed7c3f
355ebabf
0c022b87
16d9e63f
08ac1c5a
643bef3f
fa7e6abc
7493d83f
643bdf4f
8d97f23f
273108ac
1c5af03f
ac1c5a64
3bdfeb3f
a8c64b37
8941fe3f
5839b4c8
76bee73f
66666666
66660440
7b14ae47
e17ac43f
5839b4c8
76be0540
66666f70
656e0000
6666636c
6f736500
ffffffff
ffffef7f
ffffffff
ffffefff
fb799f50
1344d33f
b3c8608b
288ac63f
00000000
0000f83f
61436f63
a787d23f
71a37909
4f930a40
1655b5bb
b16b0240
ef39fafe
422ee63f
00000000
00002c40
00000000
00002440
00000000
00001840
00000000
00000040
2d431ceb
e2361a3f
00000000
80842e41
00000000
65cdcd41
00000000
65cdcdc1
20bc3e4c
708701e0
