Copyright 1986-2022 Xilinx, Inc. All Rights Reserved. Copyright 2022-2024 Advanced Micro Devices, Inc. All Rights Reserved.
-------------------------------------------------------------------------------------------------------------------------------------------------------------------------
| Tool Version : Vivado v.2024.1 (lin64) Build 5076996 Wed May 22 18:36:09 MDT 2024
| Date         : Fri Jul  3 22:31:50 2026
| Host         : Venus running 64-bit Ubuntu 22.04.5 LTS
| Command      : report_utilization -hierarchical -file /home/sanghun/RVX/rvx-tutorials/platform/tip_emamba_v1/imp_genesys2-eb_2026-07-03/imp_result/route_util_hier.rpt
| Design       : TIP_EMAMBA_V1_FPGA
| Device       : xc7k325tffg900-2
| Speed File   : -2
| Design State : Routed
-------------------------------------------------------------------------------------------------------------------------------------------------------------------------

Utilization Design Information

Table of Contents
-----------------
1. Utilization by Hierarchy

1. Utilization by Hierarchy
---------------------------

+---------------------------------------------------------------------+-----------------------------------------------------------+------------+------------+---------+------+-------+--------+--------+------------+
|                               Instance                              |                           Module                          | Total LUTs | Logic LUTs | LUTRAMs | SRLs |  FFs  | RAMB36 | RAMB18 | DSP Blocks |
+---------------------------------------------------------------------+-----------------------------------------------------------+------------+------------+---------+------+-------+--------+--------+------------+
| TIP_EMAMBA_V1_FPGA                                                  |                                                     (top) |     118802 |     117974 |      48 |  780 | 74460 |     32 |      0 |        300 |
|   (TIP_EMAMBA_V1_FPGA)                                              |                                                     (top) |       3556 |       3556 |       0 |    0 |     0 |      0 |      0 |          0 |
|   i_platform                                                        |                                             TIP_EMAMBA_V1 |     115288 |     114460 |      48 |  780 | 74460 |     32 |      0 |        300 |
|     i_pll0                                                          |                              TIP_EMAMBA_V1_CLOCK_PLL_0_00 |          0 |          0 |       0 |    0 |     0 |      0 |      0 |          0 |
|       i_xilinx_clock_pll_0                                          |                                        xilinx_clock_pll_0 |          0 |          0 |       0 |    0 |     0 |      0 |      0 |          0 |
|         inst                                                        |                                xilinx_clock_pll_0_clk_wiz |          0 |          0 |       0 |    0 |     0 |      0 |      0 |          0 |
|     i_rtl                                                           |                                         TIP_EMAMBA_V1_RTL |      10179 |      10131 |      48 |    0 | 15099 |      0 |      0 |          4 |
|       (i_rtl)                                                       |                                         TIP_EMAMBA_V1_RTL |         26 |          2 |      24 |    0 |     0 |      0 |      0 |          0 |
|       autoname_105                                                  |                                       ERVP_TICK_GENERATOR |         14 |         14 |       0 |    0 |    10 |      0 |      0 |          0 |
|         i_rvx_instance_1                                            |                                              ERVP_COUNTER |         14 |         14 |       0 |    0 |    10 |      0 |      0 |          0 |
|       autoname_107                                                  |                                           ERVP_REAL_CLOCK |         85 |         85 |       0 |    0 |    64 |      0 |      0 |          0 |
|         i_rvx_instance_0                                            |                              ERVP_COUNTER__parameterized1 |         85 |         85 |       0 |    0 |    64 |      0 |      0 |          0 |
|       common_peri_group                                             |                                    ERVP_COMMON_PERI_GROUP |        145 |        145 |       0 |    0 |    87 |      0 |      0 |          0 |
|         (common_peri_group)                                         |                                    ERVP_COMMON_PERI_GROUP |         32 |         32 |       0 |    0 |    65 |      0 |      0 |          0 |
|         i_rvx_instance_4                                            |                                             ERVP_IROM_APB |        112 |        112 |       0 |    0 |     0 |      0 |      0 |          0 |
|         i_rvx_instance_6                                            |                                            RVX_MODULE_082 |          1 |          1 |       0 |    0 |    22 |      0 |      0 |          0 |
|       default_slave                                                 |                                        MUNOC_DEFAULT_SNIM |        423 |        423 |       0 |    0 |   778 |      0 |      0 |          0 |
|         (default_slave)                                             |                                        MUNOC_DEFAULT_SNIM |          1 |          1 |       0 |    0 |     2 |      0 |      0 |          0 |
|         i_munoc_instance_0                                          |                                           MUNOC_MODULE_07 |          6 |          6 |       0 |    0 |     6 |      0 |      0 |          0 |
|         i_munoc_instance_1                                          |                                           MUNOC_MODULE_06 |        275 |        275 |       0 |    0 |   572 |      0 |      0 |          0 |
|           i_munoc_instance_1                                        |                                           MUNOC_MODULE_27 |         41 |         41 |       0 |    0 |    68 |      0 |      0 |          0 |
|             (i_munoc_instance_1)                                    |                                           MUNOC_MODULE_27 |          2 |          2 |       0 |    0 |     0 |      0 |      0 |          0 |
|             i_gen_rdata_buffer[0].i_munoc_instance_1                |                          ERVP_ASYNCH_FIFO__parameterized2 |         20 |         20 |       0 |    0 |    36 |      0 |      0 |          0 |
|               (i_gen_rdata_buffer[0].i_munoc_instance_1)            |                          ERVP_ASYNCH_FIFO__parameterized2 |         17 |         17 |       0 |    0 |    28 |      0 |      0 |          0 |
|               i_rvx_instance_0                                      |                     ERVP_SYNCHRONIZER__parameterized4_727 |          1 |          1 |       0 |    0 |     4 |      0 |      0 |          0 |
|               i_rvx_instance_1                                      |                     ERVP_SYNCHRONIZER__parameterized4_728 |          2 |          2 |       0 |    0 |     4 |      0 |      0 |          0 |
|             i_munoc_instance_0                                      |                          ERVP_ASYNCH_FIFO__parameterized3 |         19 |         19 |       0 |    0 |    32 |      0 |      0 |          0 |
|               (i_munoc_instance_0)                                  |                          ERVP_ASYNCH_FIFO__parameterized3 |         16 |         16 |       0 |    0 |    24 |      0 |      0 |          0 |
|               i_rvx_instance_0                                      |                     ERVP_SYNCHRONIZER__parameterized4_725 |          2 |          2 |       0 |    0 |     4 |      0 |      0 |          0 |
|               i_rvx_instance_1                                      |                     ERVP_SYNCHRONIZER__parameterized4_726 |          1 |          1 |       0 |    0 |     4 |      0 |      0 |          0 |
|           i_munoc_instance_2                                        |                                           MUNOC_MODULE_21 |        153 |        153 |       0 |    0 |   377 |      0 |      0 |          0 |
|             i_munoc_instance_0                                      |                                           MUNOC_MODULE_46 |        147 |        147 |       0 |    0 |   360 |      0 |      0 |          0 |
|               i_gen_buffer[0].i_munoc_instance_1                    |                                          ERVP_ASYNCH_FIFO |        147 |        147 |       0 |    0 |   360 |      0 |      0 |          0 |
|                 (i_gen_buffer[0].i_munoc_instance_1)                |                                          ERVP_ASYNCH_FIFO |        131 |        131 |       0 |    0 |   344 |      0 |      0 |          0 |
|                 i_rvx_instance_0                                    |                     ERVP_SYNCHRONIZER__parameterized3_723 |          2 |          2 |       0 |    0 |     8 |      0 |      0 |          0 |
|                 i_rvx_instance_1                                    |                     ERVP_SYNCHRONIZER__parameterized3_724 |         14 |         14 |       0 |    0 |     8 |      0 |      0 |          0 |
|             i_munoc_instance_1                                      |                                       MUNOC_MODULE_34_720 |          0 |          0 |       0 |    0 |     1 |      0 |      0 |          0 |
|             i_munoc_instance_2                                      |                           MUNOC_MODULE_46__parameterized0 |          7 |          7 |       0 |    0 |    16 |      0 |      0 |          0 |
|               i_gen_buffer[0].i_munoc_instance_1                    |                          ERVP_ASYNCH_FIFO__parameterized0 |          7 |          7 |       0 |    0 |    16 |      0 |      0 |          0 |
|                 (i_gen_buffer[0].i_munoc_instance_1)                |                          ERVP_ASYNCH_FIFO__parameterized0 |          5 |          5 |       0 |    0 |     8 |      0 |      0 |          0 |
|                 i_rvx_instance_0                                    |                     ERVP_SYNCHRONIZER__parameterized4_721 |          1 |          1 |       0 |    0 |     4 |      0 |      0 |          0 |
|                 i_rvx_instance_1                                    |                     ERVP_SYNCHRONIZER__parameterized4_722 |          1 |          1 |       0 |    0 |     4 |      0 |      0 |          0 |
|           i_munoc_instance_3                                        |                                       MUNOC_MODULE_00_710 |          4 |          4 |       0 |    0 |     2 |      0 |      0 |          0 |
|           i_munoc_instance_4                                        |                                       MUNOC_MODULE_16_711 |         13 |         13 |       0 |    0 |    13 |      0 |      0 |          0 |
|             (i_munoc_instance_4)                                    |                                       MUNOC_MODULE_16_711 |          9 |          9 |       0 |    0 |    11 |      0 |      0 |          0 |
|             i_munoc_instance_0                                      |                       ERVP_SMALL_FIFO__parameterized2_718 |          4 |          4 |       0 |    0 |     2 |      0 |      0 |          0 |
|               i_rvx_instance_1                                      |                   ERVP_SHIFT_REGISTER__parameterized0_719 |          4 |          4 |       0 |    0 |     2 |      0 |      0 |          0 |
|           i_munoc_instance_5                                        |                          ERVP_ASYNCH_FIFO__parameterized1 |         12 |         12 |       0 |    0 |    30 |      0 |      0 |          0 |
|             (i_munoc_instance_5)                                    |                          ERVP_ASYNCH_FIFO__parameterized1 |         11 |         11 |       0 |    0 |    22 |      0 |      0 |          0 |
|             i_rvx_instance_0                                        |                     ERVP_SYNCHRONIZER__parameterized4_716 |          1 |          1 |       0 |    0 |     4 |      0 |      0 |          0 |
|             i_rvx_instance_1                                        |                     ERVP_SYNCHRONIZER__parameterized4_717 |          0 |          0 |       0 |    0 |     4 |      0 |      0 |          0 |
|           i_munoc_instance_6                                        |                          ERVP_ASYNCH_FIFO__parameterized4 |          5 |          5 |       0 |    0 |    16 |      0 |      0 |          0 |
|             (i_munoc_instance_6)                                    |                          ERVP_ASYNCH_FIFO__parameterized4 |          3 |          3 |       0 |    0 |     8 |      0 |      0 |          0 |
|             i_rvx_instance_0                                        |                         ERVP_SYNCHRONIZER__parameterized4 |          1 |          1 |       0 |    0 |     4 |      0 |      0 |          0 |
|             i_rvx_instance_1                                        |                     ERVP_SYNCHRONIZER__parameterized4_715 |          1 |          1 |       0 |    0 |     4 |      0 |      0 |          0 |
|           i_munoc_instance_7                                        |                                       MUNOC_MODULE_35_712 |         47 |         47 |       0 |    0 |    66 |      0 |      0 |          0 |
|             (i_munoc_instance_7)                                    |                                       MUNOC_MODULE_35_712 |          0 |          0 |       0 |    0 |     3 |      0 |      0 |          0 |
|             i_munoc_instance_0                                      |                                       MUNOC_MODULE_29_713 |         12 |         12 |       0 |    0 |    10 |      0 |      0 |          0 |
|             i_munoc_instance_1                                      |                                       MUNOC_MODULE_40_714 |         35 |         35 |       0 |    0 |    53 |      0 |      0 |          0 |
|         i_munoc_instance_2                                          |                              MUNOC_AXI2APB_CONVERTER__687 |        141 |        141 |       0 |    0 |   198 |      0 |      0 |          0 |
|           i_munoc_instance_0                                        |                                        RVX_MODULE_007_688 |         41 |         41 |       0 |    0 |    82 |      0 |      0 |          0 |
|             i_rvx_instance_0                                        |                                        RVX_MODULE_017_699 |          6 |          6 |       0 |    0 |     3 |      0 |      0 |          0 |
|             i_rvx_instance_1                                        |                                        RVX_MODULE_022_700 |         35 |         35 |       0 |    0 |    79 |      0 |      0 |          0 |
|               i_rvx_instance_0                                      |                             ERVP_FIFO__parameterized0_701 |         17 |         17 |       0 |    0 |    31 |      0 |      0 |          0 |
|                 (i_rvx_instance_0)                                  |                             ERVP_FIFO__parameterized0_701 |          0 |          0 |       0 |    0 |    24 |      0 |      0 |          0 |
|                 i_rvx_instance_0                                    |                          ERVP_COUNTER__parameterized6_706 |          1 |          1 |       0 |    0 |     2 |      0 |      0 |          0 |
|                 i_rvx_instance_2                                    |                   ERVP_UPDOWN_COUNTER__parameterized2_707 |          7 |          7 |       0 |    0 |     3 |      0 |      0 |          0 |
|                 i_rvx_instance_3                                    |                          ERVP_COUNTER__parameterized6_708 |          3 |          3 |       0 |    0 |     2 |      0 |      0 |          0 |
|                 i_rvx_instance_4                                    |                              ERVP_MUX__parameterized5_709 |          6 |          6 |       0 |    0 |     0 |      0 |      0 |          0 |
|               i_rvx_instance_1                                      |                       ERVP_SMALL_FIFO__parameterized4_702 |         18 |         18 |       0 |    0 |    48 |      0 |      0 |          0 |
|                 (i_rvx_instance_1)                                  |                       ERVP_SMALL_FIFO__parameterized4_702 |          0 |          0 |       0 |    0 |    39 |      0 |      0 |          0 |
|                 i_rvx_instance_0                                    |     ERVP_COUNTER_WITH_ONEHOT_ENCODING__parameterized3_703 |         13 |         13 |       0 |    0 |     3 |      0 |      0 |          0 |
|                 i_rvx_instance_1                                    |                   ERVP_SHIFT_REGISTER__parameterized1_704 |          2 |          2 |       0 |    0 |     3 |      0 |      0 |          0 |
|                 i_rvx_instance_2                                    |     ERVP_COUNTER_WITH_ONEHOT_ENCODING__parameterized3_705 |          3 |          3 |       0 |    0 |     3 |      0 |      0 |          0 |
|           i_munoc_instance_1                                        |                                       MUNOC_AXI2LPIXS_689 |        100 |        100 |       0 |    0 |   116 |      0 |      0 |          0 |
|             i_rvx_instance_0                                        |                                        RVX_MODULE_095_690 |         29 |         29 |       0 |    0 |    65 |      0 |      0 |          0 |
|               i_rvx_instance_0                                      |                       ERVP_SMALL_FIFO__parameterized3_694 |         23 |         23 |       0 |    0 |    63 |      0 |      0 |          0 |
|                 (i_rvx_instance_0)                                  |                       ERVP_SMALL_FIFO__parameterized3_694 |          0 |          0 |       0 |    0 |    54 |      0 |      0 |          0 |
|                 i_rvx_instance_0                                    |     ERVP_COUNTER_WITH_ONEHOT_ENCODING__parameterized3_696 |         21 |         21 |       0 |    0 |     3 |      0 |      0 |          0 |
|                 i_rvx_instance_1                                    |                   ERVP_SHIFT_REGISTER__parameterized1_697 |          2 |          2 |       0 |    0 |     3 |      0 |      0 |          0 |
|                 i_rvx_instance_2                                    |     ERVP_COUNTER_WITH_ONEHOT_ENCODING__parameterized3_698 |          0 |          0 |       0 |    0 |     3 |      0 |      0 |          0 |
|               i_rvx_instance_1                                      |                                          ERVP_GRANTER_695 |          6 |          6 |       0 |    0 |     2 |      0 |      0 |          0 |
|             i_rvx_instance_1                                        |                                        RVX_MODULE_092_691 |         71 |         71 |       0 |    0 |    51 |      0 |      0 |          0 |
|               i_rvx_instance_0                                      |                                        RVX_MODULE_036_692 |         71 |         71 |       0 |    0 |    51 |      0 |      0 |          0 |
|                 (i_rvx_instance_0)                                  |                                        RVX_MODULE_036_692 |          0 |          0 |       0 |    0 |     7 |      0 |      0 |          0 |
|                 i_rvx_instance_0                                    |                                        RVX_MODULE_111_693 |         71 |         71 |       0 |    0 |    44 |      0 |      0 |          0 |
|       external_peri_group                                           |                                  ERVP_EXTERNAL_PERI_GROUP |       1258 |       1234 |      24 |    0 |  1063 |      0 |      0 |          0 |
|         i_gen_valid_uart[0].i_rvx_instance_05                       |                                            RVX_MODULE_120 |       1081 |       1057 |      24 |    0 |   636 |      0 |      0 |          0 |
|           i_rvx_instance_0                                          |                                            RVX_MODULE_090 |       1081 |       1057 |      24 |    0 |   636 |      0 |      0 |          0 |
|             (i_rvx_instance_0)                                      |                                            RVX_MODULE_090 |         55 |         55 |       0 |    0 |   123 |      0 |      0 |          0 |
|             i_rvx_instance_0                                        |                                            RVX_MODULE_073 |        935 |        935 |       0 |    0 |   469 |      0 |      0 |          0 |
|               (i_rvx_instance_0)                                    |                                            RVX_MODULE_073 |         63 |         63 |       0 |    0 |    62 |      0 |      0 |          0 |
|               i_rvx_instance_0                                      |                                            RVX_MODULE_027 |        873 |        873 |       0 |    0 |   407 |      0 |      0 |          0 |
|             i_rvx_instance_1                                        |                                            RVX_MODULE_106 |         92 |         68 |      24 |    0 |    44 |      0 |      0 |          0 |
|               (i_rvx_instance_1)                                    |                                            RVX_MODULE_106 |         21 |         21 |       0 |    0 |    22 |      0 |      0 |          0 |
|               i_rvx_instance_0                                      |                                            RVX_MODULE_097 |         71 |         47 |      24 |    0 |    22 |      0 |      0 |          0 |
|                 (i_rvx_instance_0)                                  |                                            RVX_MODULE_097 |         32 |         32 |       0 |    0 |    22 |      0 |      0 |          0 |
|                 i_rvx_instance_0                                    |                                            RVX_MODULE_098 |         39 |         15 |      24 |    0 |     0 |      0 |      0 |          0 |
|         i_rvx_instance_01                                           |                                            RVX_MODULE_030 |         28 |         28 |       0 |    0 |    15 |      0 |      0 |          0 |
|           i_rvx_instance_0                                          |                              ERVP_COUNTER__parameterized2 |         28 |         28 |       0 |    0 |    15 |      0 |      0 |          0 |
|         i_rvx_instance_07                                           |                                            RVX_MODULE_078 |         68 |         68 |       0 |    0 |   140 |      0 |      0 |          0 |
|           (i_rvx_instance_07)                                       |                                            RVX_MODULE_078 |          2 |          2 |       0 |    0 |    72 |      0 |      0 |          0 |
|           i_rvx_instance_0                                          |                                                 ERVP_GPIO |         11 |         11 |       0 |    0 |    17 |      0 |      0 |          0 |
|             (i_rvx_instance_0)                                      |                                                 ERVP_GPIO |          0 |          0 |       0 |    0 |    11 |      0 |      0 |          0 |
|             i_rvx_instance_0                                        |                                        ERVP_DEBOUNCER_684 |          5 |          5 |       0 |    0 |     3 |      0 |      0 |          0 |
|               i_generate[0].i_rvx_instance_0                        |                                   ERVP_UPDOWN_COUNTER_686 |          5 |          5 |       0 |    0 |     3 |      0 |      0 |          0 |
|             i_rvx_instance_1                                        |                                        RVX_MODULE_040_685 |          6 |          6 |       0 |    0 |     3 |      0 |      0 |          0 |
|           i_rvx_instance_1                                          |                                             ERVP_GPIO_675 |         11 |         11 |       0 |    0 |    17 |      0 |      0 |          0 |
|             (i_rvx_instance_1)                                      |                                             ERVP_GPIO_675 |          0 |          0 |       0 |    0 |    11 |      0 |      0 |          0 |
|             i_rvx_instance_0                                        |                                        ERVP_DEBOUNCER_681 |          5 |          5 |       0 |    0 |     3 |      0 |      0 |          0 |
|               i_generate[0].i_rvx_instance_0                        |                                   ERVP_UPDOWN_COUNTER_683 |          5 |          5 |       0 |    0 |     3 |      0 |      0 |          0 |
|             i_rvx_instance_1                                        |                                        RVX_MODULE_040_682 |          6 |          6 |       0 |    0 |     3 |      0 |      0 |          0 |
|           i_rvx_instance_2                                          |                                             ERVP_GPIO_676 |         22 |         22 |       0 |    0 |    17 |      0 |      0 |          0 |
|             (i_rvx_instance_2)                                      |                                             ERVP_GPIO_676 |         10 |         10 |       0 |    0 |    11 |      0 |      0 |          0 |
|             i_rvx_instance_0                                        |                                        ERVP_DEBOUNCER_678 |          6 |          6 |       0 |    0 |     3 |      0 |      0 |          0 |
|               i_generate[0].i_rvx_instance_0                        |                                   ERVP_UPDOWN_COUNTER_680 |          6 |          6 |       0 |    0 |     3 |      0 |      0 |          0 |
|             i_rvx_instance_1                                        |                                        RVX_MODULE_040_679 |          6 |          6 |       0 |    0 |     3 |      0 |      0 |          0 |
|           i_rvx_instance_3                                          |                                             ERVP_GPIO_677 |         22 |         22 |       0 |    0 |    17 |      0 |      0 |          0 |
|             (i_rvx_instance_3)                                      |                                             ERVP_GPIO_677 |         10 |         10 |       0 |    0 |    11 |      0 |      0 |          0 |
|             i_rvx_instance_0                                        |                                            ERVP_DEBOUNCER |          6 |          6 |       0 |    0 |     3 |      0 |      0 |          0 |
|               i_generate[0].i_rvx_instance_0                        |                                       ERVP_UPDOWN_COUNTER |          6 |          6 |       0 |    0 |     3 |      0 |      0 |          0 |
|             i_rvx_instance_1                                        |                                            RVX_MODULE_040 |          6 |          6 |       0 |    0 |     3 |      0 |      0 |          0 |
|         i_rvx_instance_08                                           |                                            RVX_MODULE_110 |         81 |         81 |       0 |    0 |   272 |      0 |      0 |          0 |
|       i_main_core                                                   |                                                  RVC_ORCA |       2229 |       2229 |       0 |    0 |  2184 |      0 |      0 |          4 |
|         i_orca                                                      |                                                      orca |       2229 |       2229 |       0 |    0 |  2184 |      0 |      0 |          4 |
|           (i_orca)                                                  |                                                      orca |         11 |         11 |       0 |    0 |     0 |      0 |      0 |          0 |
|           core                                                      |                                                 orca_core |       2084 |       2084 |       0 |    0 |  2006 |      0 |      0 |          4 |
|             D__0                                                    |                                                    decode |       1135 |       1135 |       0 |    0 |  1316 |      0 |      0 |          0 |
|               (D__0)                                                |                                                    decode |        507 |        507 |       0 |    0 |   194 |      0 |      0 |          0 |
|               the_register_file                                     |                                             register_file |        628 |        628 |       0 |    0 |  1122 |      0 |      0 |          0 |
|             I                                                       |                                         instruction_fetch |         75 |         75 |       0 |    0 |   100 |      0 |      0 |          0 |
|             X                                                       |                                                   execute |        879 |        879 |       0 |    0 |   590 |      0 |      0 |          4 |
|               (X)                                                   |                                                   execute |          4 |          4 |       0 |    0 |    74 |      0 |      0 |          0 |
|               alu                                                   |                                           arithmetic_unit |        619 |        619 |       0 |    0 |   275 |      0 |      0 |          4 |
|                 (alu)                                               |                                           arithmetic_unit |        203 |        203 |       0 |    0 |   136 |      0 |      0 |          4 |
|                 divide_gen.div                                      |                                    xil_defaultlib_divider |        416 |        416 |       0 |    0 |   139 |      0 |      0 |          0 |
|               branch                                                |                                               branch_unit |         12 |         12 |       0 |    0 |    66 |      0 |      0 |          0 |
|               ls_unit                                               |                                           load_store_unit |         35 |         35 |       0 |    0 |     6 |      0 |      0 |          0 |
|               syscall                                               |                                                  sys_call |        212 |        212 |       0 |    0 |   169 |      0 |      0 |          0 |
|           the_memory_interface                                      |                                          memory_interface |        134 |        134 |       0 |    0 |   178 |      0 |      0 |          0 |
|             dcache_gen.data_cache                                   |                          cache_controller__parameterized1 |         19 |         19 |       0 |    0 |    16 |      0 |      0 |          0 |
|               (dcache_gen.data_cache)                               |                          cache_controller__parameterized1 |         10 |         10 |       0 |    0 |    15 |      0 |      0 |          0 |
|               the_cache                                             |                                                 cache_674 |          9 |          9 |       0 |    0 |     1 |      0 |      0 |          0 |
|             dcache_mux                                              |                                 cache_mux__parameterized1 |         59 |         59 |       0 |    0 |    69 |      0 |      0 |          0 |
|               (dcache_mux)                                          |                                 cache_mux__parameterized1 |          0 |          0 |       0 |    0 |     0 |      0 |      0 |          0 |
|               internal_oimm_register                                |                             oimm_register__parameterized2 |         59 |         59 |       0 |    0 |    69 |      0 |      0 |          0 |
|             instruction_cache_gen.instruction_cache                 |                                          cache_controller |         15 |         15 |       0 |    0 |    15 |      0 |      0 |          0 |
|               (instruction_cache_gen.instruction_cache)             |                                          cache_controller |         10 |         10 |       0 |    0 |    14 |      0 |      0 |          0 |
|               the_cache                                             |                                                     cache |          5 |          5 |       0 |    0 |     1 |      0 |      0 |          0 |
|             instruction_cache_mux                                   |                                                 cache_mux |          0 |          0 |       0 |    0 |     0 |      0 |      0 |          0 |
|             uc_masters_gen.duc_master                               |                                                a4l_master |         41 |         41 |       0 |    0 |    78 |      0 |      0 |          0 |
|               ervp_master                                           |            ERVP_ORCA_CACHE_AXI_MASTER_OLD__parameterized2 |         41 |         41 |       0 |    0 |    78 |      0 |      0 |          0 |
|                 i_write_buffer                                      |                           ERVP_SMALL_FIFO__parameterized0 |         41 |         41 |       0 |    0 |    78 |      0 |      0 |          0 |
|                   (i_write_buffer)                                  |                           ERVP_SMALL_FIFO__parameterized0 |          0 |          0 |       0 |    0 |    72 |      0 |      0 |          0 |
|                   i_rvx_instance_0                                  |     ERVP_COUNTER_WITH_ONEHOT_ENCODING__parameterized0_671 |          2 |          2 |       0 |    0 |     2 |      0 |      0 |          0 |
|                   i_rvx_instance_1                                  |                   ERVP_SHIFT_REGISTER__parameterized0_672 |          1 |          1 |       0 |    0 |     2 |      0 |      0 |          0 |
|                   i_rvx_instance_2                                  |     ERVP_COUNTER_WITH_ONEHOT_ENCODING__parameterized0_673 |          2 |          2 |       0 |    0 |     2 |      0 |      0 |          0 |
|                   i_rvx_instance_3                                  |       ERVP_MUX_WITH_ONEHOT_ENCODED_SELECT__parameterized0 |         36 |         36 |       0 |    0 |     0 |      0 |      0 |          0 |
|       i_mnim_i_main_core_data                                       | MUNOC_AXI_MASTER_NETWORK_INTERFACE_MODULE__parameterized0 |        472 |        472 |       0 |    0 |   677 |      0 |      0 |          0 |
|         i_munoc_instance_00                                         |                                       MUNOC_MODULE_33_624 |         23 |         23 |       0 |    0 |    39 |      0 |      0 |          0 |
|           (i_munoc_instance_00)                                     |                                       MUNOC_MODULE_33_624 |          0 |          0 |       0 |    0 |     3 |      0 |      0 |          0 |
|           i_munoc_instance_0                                        |                   ERVP_UPDOWN_COUNTER__parameterized4_667 |          8 |          8 |       0 |    0 |     4 |      0 |      0 |          0 |
|           i_munoc_instance_1                                        |                      ERVP_ASYNCH_FIFO__parameterized5_668 |         15 |         15 |       0 |    0 |    32 |      0 |      0 |          0 |
|             (i_munoc_instance_1)                                    |                      ERVP_ASYNCH_FIFO__parameterized5_668 |         11 |         11 |       0 |    0 |    16 |      0 |      0 |          0 |
|             i_rvx_instance_0                                        |                     ERVP_SYNCHRONIZER__parameterized3_669 |          2 |          2 |       0 |    0 |     8 |      0 |      0 |          0 |
|             i_rvx_instance_1                                        |                     ERVP_SYNCHRONIZER__parameterized3_670 |          2 |          2 |       0 |    0 |     8 |      0 |      0 |          0 |
|         i_munoc_instance_01                                         |                           MUNOC_MODULE_01__parameterized0 |         59 |         59 |       0 |    0 |    68 |      0 |      0 |          0 |
|           i_munoc_instance_0                                        |                       ERVP_SMALL_FIFO__parameterized6_663 |         59 |         59 |       0 |    0 |    68 |      0 |      0 |          0 |
|             (i_munoc_instance_0)                                    |                       ERVP_SMALL_FIFO__parameterized6_663 |          0 |          0 |       0 |    0 |    62 |      0 |      0 |          0 |
|             i_rvx_instance_0                                        |     ERVP_COUNTER_WITH_ONEHOT_ENCODING__parameterized0_664 |         56 |         56 |       0 |    0 |     2 |      0 |      0 |          0 |
|             i_rvx_instance_1                                        |                   ERVP_SHIFT_REGISTER__parameterized0_665 |          1 |          1 |       0 |    0 |     2 |      0 |      0 |          0 |
|             i_rvx_instance_2                                        |     ERVP_COUNTER_WITH_ONEHOT_ENCODING__parameterized0_666 |          2 |          2 |       0 |    0 |     2 |      0 |      0 |          0 |
|         i_munoc_instance_02                                         |                                       MUNOC_MODULE_33_625 |         23 |         23 |       0 |    0 |    39 |      0 |      0 |          0 |
|           (i_munoc_instance_02)                                     |                                       MUNOC_MODULE_33_625 |          0 |          0 |       0 |    0 |     3 |      0 |      0 |          0 |
|           i_munoc_instance_0                                        |                   ERVP_UPDOWN_COUNTER__parameterized4_659 |          8 |          8 |       0 |    0 |     4 |      0 |      0 |          0 |
|           i_munoc_instance_1                                        |                      ERVP_ASYNCH_FIFO__parameterized5_660 |         15 |         15 |       0 |    0 |    32 |      0 |      0 |          0 |
|             (i_munoc_instance_1)                                    |                      ERVP_ASYNCH_FIFO__parameterized5_660 |         11 |         11 |       0 |    0 |    16 |      0 |      0 |          0 |
|             i_rvx_instance_0                                        |                     ERVP_SYNCHRONIZER__parameterized3_661 |          2 |          2 |       0 |    0 |     8 |      0 |      0 |          0 |
|             i_rvx_instance_1                                        |                     ERVP_SYNCHRONIZER__parameterized3_662 |          2 |          2 |       0 |    0 |     8 |      0 |      0 |          0 |
|         i_munoc_instance_03                                         |                           MUNOC_MODULE_20__parameterized0 |         56 |         56 |       0 |    0 |    47 |      0 |      0 |          0 |
|           (i_munoc_instance_03)                                     |                           MUNOC_MODULE_20__parameterized0 |          3 |          3 |       0 |    0 |     8 |      0 |      0 |          0 |
|           i_munoc_instance_0                                        |                           ERVP_SMALL_FIFO__parameterized5 |         23 |         23 |       0 |    0 |    16 |      0 |      0 |          0 |
|             (i_munoc_instance_0)                                    |                           ERVP_SMALL_FIFO__parameterized5 |          6 |          6 |       0 |    0 |     4 |      0 |      0 |          0 |
|             i_rvx_instance_0                                        |     ERVP_COUNTER_WITH_ONEHOT_ENCODING__parameterized4_656 |          3 |          3 |       0 |    0 |     4 |      0 |      0 |          0 |
|             i_rvx_instance_1                                        |                   ERVP_SHIFT_REGISTER__parameterized2_657 |         12 |         12 |       0 |    0 |     4 |      0 |      0 |          0 |
|             i_rvx_instance_2                                        |     ERVP_COUNTER_WITH_ONEHOT_ENCODING__parameterized4_658 |          2 |          2 |       0 |    0 |     4 |      0 |      0 |          0 |
|           i_munoc_instance_1                                        |                       ERVP_SMALL_FIFO__parameterized5_647 |         16 |         16 |       0 |    0 |    16 |      0 |      0 |          0 |
|             (i_munoc_instance_1)                                    |                       ERVP_SMALL_FIFO__parameterized5_647 |          2 |          2 |       0 |    0 |     4 |      0 |      0 |          0 |
|             i_rvx_instance_0                                        |     ERVP_COUNTER_WITH_ONEHOT_ENCODING__parameterized4_653 |          4 |          4 |       0 |    0 |     4 |      0 |      0 |          0 |
|             i_rvx_instance_1                                        |                   ERVP_SHIFT_REGISTER__parameterized2_654 |          7 |          7 |       0 |    0 |     4 |      0 |      0 |          0 |
|             i_rvx_instance_2                                        |     ERVP_COUNTER_WITH_ONEHOT_ENCODING__parameterized4_655 |          4 |          4 |       0 |    0 |     4 |      0 |      0 |          0 |
|           i_munoc_instance_2                                        |                                      MUNOC_AXI2APB_BRIDGE |         16 |         16 |       0 |    0 |     7 |      0 |      0 |          0 |
|             i_munoc_instance_0                                      |                           ERVP_SMALL_FIFO__parameterized6 |          8 |          8 |       0 |    0 |     2 |      0 |      0 |          0 |
|               i_rvx_instance_1                                      |                   ERVP_SHIFT_REGISTER__parameterized0_652 |          8 |          8 |       0 |    0 |     2 |      0 |      0 |          0 |
|             i_munoc_instance_1                                      |                  MUNOC_AXI2APB_CONVERTER___parameterized0 |          5 |          5 |       0 |    0 |     3 |      0 |      0 |          0 |
|               i_munoc_instance_1                                    |                           MUNOC_AXI2LPIXS__parameterized0 |          5 |          5 |       0 |    0 |     3 |      0 |      0 |          0 |
|                 i_rvx_instance_0                                    |                            RVX_MODULE_095__parameterized0 |          5 |          5 |       0 |    0 |     2 |      0 |      0 |          0 |
|                   i_rvx_instance_1                                  |                                          ERVP_GRANTER_651 |          5 |          5 |       0 |    0 |     2 |      0 |      0 |          0 |
|                 i_rvx_instance_1                                    |                            RVX_MODULE_092__parameterized0 |          0 |          0 |       0 |    0 |     1 |      0 |      0 |          0 |
|                   i_rvx_instance_0                                  |                            RVX_MODULE_036__parameterized0 |          0 |          0 |       0 |    0 |     1 |      0 |      0 |          0 |
|                     i_rvx_instance_0                                |                                        RVX_MODULE_111_650 |          0 |          0 |       0 |    0 |     1 |      0 |      0 |          0 |
|             i_munoc_instance_3                                      |                       ERVP_SMALL_FIFO__parameterized6_648 |          3 |          3 |       0 |    0 |     2 |      0 |      0 |          0 |
|               i_rvx_instance_1                                      |                   ERVP_SHIFT_REGISTER__parameterized0_649 |          3 |          3 |       0 |    0 |     2 |      0 |      0 |          0 |
|         i_munoc_instance_04                                         |                                       MUNOC_MODULE_01_626 |         75 |         75 |       0 |    0 |   136 |      0 |      0 |          0 |
|           i_munoc_instance_0                                        |                       ERVP_SMALL_FIFO__parameterized9_643 |         75 |         75 |       0 |    0 |   136 |      0 |      0 |          0 |
|             (i_munoc_instance_0)                                    |                       ERVP_SMALL_FIFO__parameterized9_643 |          0 |          0 |       0 |    0 |   124 |      0 |      0 |          0 |
|             i_rvx_instance_0                                        |     ERVP_COUNTER_WITH_ONEHOT_ENCODING__parameterized4_644 |         67 |         67 |       0 |    0 |     4 |      0 |      0 |          0 |
|             i_rvx_instance_1                                        |                   ERVP_SHIFT_REGISTER__parameterized2_645 |          6 |          6 |       0 |    0 |     4 |      0 |      0 |          0 |
|             i_rvx_instance_2                                        |     ERVP_COUNTER_WITH_ONEHOT_ENCODING__parameterized4_646 |          2 |          2 |       0 |    0 |     4 |      0 |      0 |          0 |
|         i_munoc_instance_09                                         |                           MUNOC_MODULE_02__parameterized0 |         47 |         47 |       0 |    0 |     6 |      0 |      0 |          0 |
|         i_munoc_instance_10                                         |                                       MUNOC_MODULE_22_627 |        113 |        113 |       0 |    0 |   179 |      0 |      0 |          0 |
|           (i_munoc_instance_10)                                     |                                       MUNOC_MODULE_22_627 |          0 |          0 |       0 |    0 |     2 |      0 |      0 |          0 |
|           i_munoc_instance_0                                        |                       MUNOC_MODULE_31__parameterized0_632 |         88 |         88 |       0 |    0 |   144 |      0 |      0 |          0 |
|             i_gen_buffer[0].i_munoc_instance_0                      |                      ERVP_SMALL_FIFO__parameterized12_639 |         88 |         88 |       0 |    0 |   144 |      0 |      0 |          0 |
|               (i_gen_buffer[0].i_munoc_instance_0)                  |                      ERVP_SMALL_FIFO__parameterized12_639 |          0 |          0 |       0 |    0 |   132 |      0 |      0 |          0 |
|               i_rvx_instance_0                                      |     ERVP_COUNTER_WITH_ONEHOT_ENCODING__parameterized4_640 |         83 |         83 |       0 |    0 |     4 |      0 |      0 |          0 |
|               i_rvx_instance_1                                      |                   ERVP_SHIFT_REGISTER__parameterized2_641 |          3 |          3 |       0 |    0 |     4 |      0 |      0 |          0 |
|               i_rvx_instance_2                                      |     ERVP_COUNTER_WITH_ONEHOT_ENCODING__parameterized4_642 |          2 |          2 |       0 |    0 |     4 |      0 |      0 |          0 |
|           i_munoc_instance_1                                        |                                       MUNOC_MODULE_12_633 |          1 |          1 |       0 |    0 |     1 |      0 |      0 |          0 |
|           i_munoc_instance_2                                        |                                       MUNOC_MODULE_31_634 |         24 |         24 |       0 |    0 |    32 |      0 |      0 |          0 |
|             i_gen_buffer[0].i_munoc_instance_0                      |                      ERVP_SMALL_FIFO__parameterized11_635 |         24 |         24 |       0 |    0 |    32 |      0 |      0 |          0 |
|               (i_gen_buffer[0].i_munoc_instance_0)                  |                      ERVP_SMALL_FIFO__parameterized11_635 |          8 |          8 |       0 |    0 |     8 |      0 |      0 |          0 |
|               i_rvx_instance_0                                      |                     ERVP_COUNTER_WITH_ONEHOT_ENCODING_636 |          4 |          4 |       0 |    0 |     8 |      0 |      0 |          0 |
|               i_rvx_instance_1                                      |                                   ERVP_SHIFT_REGISTER_637 |         12 |         12 |       0 |    0 |     8 |      0 |      0 |          0 |
|               i_rvx_instance_2                                      |                     ERVP_COUNTER_WITH_ONEHOT_ENCODING_638 |          0 |          0 |       0 |    0 |     8 |      0 |      0 |          0 |
|         i_munoc_instance_11                                         |                           MUNOC_MODULE_01__parameterized1 |         75 |         75 |       0 |    0 |   160 |      0 |      0 |          0 |
|           i_munoc_instance_0                                        |                          ERVP_SMALL_FIFO__parameterized10 |         75 |         75 |       0 |    0 |   160 |      0 |      0 |          0 |
|             (i_munoc_instance_0)                                    |                          ERVP_SMALL_FIFO__parameterized10 |          0 |          0 |       0 |    0 |   148 |      0 |      0 |          0 |
|             i_rvx_instance_0                                        |     ERVP_COUNTER_WITH_ONEHOT_ENCODING__parameterized4_629 |         73 |         73 |       0 |    0 |     4 |      0 |      0 |          0 |
|             i_rvx_instance_1                                        |                   ERVP_SHIFT_REGISTER__parameterized2_630 |          2 |          2 |       0 |    0 |     4 |      0 |      0 |          0 |
|             i_rvx_instance_2                                        |     ERVP_COUNTER_WITH_ONEHOT_ENCODING__parameterized4_631 |          0 |          0 |       0 |    0 |     4 |      0 |      0 |          0 |
|         i_munoc_instance_12                                         |                                       MUNOC_MODULE_43_628 |          2 |          2 |       0 |    0 |     3 |      0 |      0 |          0 |
|       i_mnim_i_main_core_inst                                       |                 MUNOC_AXI_MASTER_NETWORK_INTERFACE_MODULE |        239 |        239 |       0 |    0 |   369 |      0 |      0 |          0 |
|         i_munoc_instance_00                                         |                                           MUNOC_MODULE_33 |         25 |         25 |       0 |    0 |    39 |      0 |      0 |          0 |
|           (i_munoc_instance_00)                                     |                                           MUNOC_MODULE_33 |          0 |          0 |       0 |    0 |     3 |      0 |      0 |          0 |
|           i_munoc_instance_0                                        |                   ERVP_UPDOWN_COUNTER__parameterized4_620 |          8 |          8 |       0 |    0 |     4 |      0 |      0 |          0 |
|           i_munoc_instance_1                                        |                      ERVP_ASYNCH_FIFO__parameterized5_621 |         17 |         17 |       0 |    0 |    32 |      0 |      0 |          0 |
|             (i_munoc_instance_1)                                    |                      ERVP_ASYNCH_FIFO__parameterized5_621 |         13 |         13 |       0 |    0 |    16 |      0 |      0 |          0 |
|             i_rvx_instance_0                                        |                     ERVP_SYNCHRONIZER__parameterized3_622 |          2 |          2 |       0 |    0 |     8 |      0 |      0 |          0 |
|             i_rvx_instance_1                                        |                     ERVP_SYNCHRONIZER__parameterized3_623 |          2 |          2 |       0 |    0 |     8 |      0 |      0 |          0 |
|         i_munoc_instance_04                                         |                                           MUNOC_MODULE_01 |         90 |         90 |       0 |    0 |   144 |      0 |      0 |          0 |
|           i_munoc_instance_0                                        |                           ERVP_SMALL_FIFO__parameterized9 |         90 |         90 |       0 |    0 |   144 |      0 |      0 |          0 |
|             (i_munoc_instance_0)                                    |                           ERVP_SMALL_FIFO__parameterized9 |          0 |          0 |       0 |    0 |   132 |      0 |      0 |          0 |
|             i_rvx_instance_0                                        |     ERVP_COUNTER_WITH_ONEHOT_ENCODING__parameterized4_617 |         85 |         85 |       0 |    0 |     4 |      0 |      0 |          0 |
|             i_rvx_instance_1                                        |                   ERVP_SHIFT_REGISTER__parameterized2_618 |          3 |          3 |       0 |    0 |     4 |      0 |      0 |          0 |
|             i_rvx_instance_2                                        |     ERVP_COUNTER_WITH_ONEHOT_ENCODING__parameterized4_619 |          2 |          2 |       0 |    0 |     4 |      0 |      0 |          0 |
|         i_munoc_instance_09                                         |                                           MUNOC_MODULE_02 |         26 |         26 |       0 |    0 |     6 |      0 |      0 |          0 |
|         i_munoc_instance_10                                         |                                           MUNOC_MODULE_22 |         98 |         98 |       0 |    0 |   178 |      0 |      0 |          0 |
|           (i_munoc_instance_10)                                     |                                           MUNOC_MODULE_22 |          0 |          0 |       0 |    0 |     1 |      0 |      0 |          0 |
|           i_munoc_instance_0                                        |                       MUNOC_MODULE_31__parameterized0_608 |         76 |         76 |       0 |    0 |   144 |      0 |      0 |          0 |
|             i_gen_buffer[0].i_munoc_instance_0                      |                      ERVP_SMALL_FIFO__parameterized12_613 |         76 |         76 |       0 |    0 |   144 |      0 |      0 |          0 |
|               (i_gen_buffer[0].i_munoc_instance_0)                  |                      ERVP_SMALL_FIFO__parameterized12_613 |          0 |          0 |       0 |    0 |   132 |      0 |      0 |          0 |
|               i_rvx_instance_0                                      |     ERVP_COUNTER_WITH_ONEHOT_ENCODING__parameterized4_614 |         68 |         68 |       0 |    0 |     4 |      0 |      0 |          0 |
|               i_rvx_instance_1                                      |                   ERVP_SHIFT_REGISTER__parameterized2_615 |          6 |          6 |       0 |    0 |     4 |      0 |      0 |          0 |
|               i_rvx_instance_2                                      |     ERVP_COUNTER_WITH_ONEHOT_ENCODING__parameterized4_616 |          2 |          2 |       0 |    0 |     4 |      0 |      0 |          0 |
|           i_munoc_instance_1                                        |                                       MUNOC_MODULE_12_609 |          0 |          0 |       0 |    0 |     1 |      0 |      0 |          0 |
|           i_munoc_instance_2                                        |                                           MUNOC_MODULE_31 |         22 |         22 |       0 |    0 |    32 |      0 |      0 |          0 |
|             i_gen_buffer[0].i_munoc_instance_0                      |                          ERVP_SMALL_FIFO__parameterized11 |         22 |         22 |       0 |    0 |    32 |      0 |      0 |          0 |
|               (i_gen_buffer[0].i_munoc_instance_0)                  |                          ERVP_SMALL_FIFO__parameterized11 |          0 |          0 |       0 |    0 |     8 |      0 |      0 |          0 |
|               i_rvx_instance_0                                      |                     ERVP_COUNTER_WITH_ONEHOT_ENCODING_610 |          4 |          4 |       0 |    0 |     8 |      0 |      0 |          0 |
|               i_rvx_instance_1                                      |                                   ERVP_SHIFT_REGISTER_611 |         10 |         10 |       0 |    0 |     8 |      0 |      0 |          0 |
|               i_rvx_instance_2                                      |                     ERVP_COUNTER_WITH_ONEHOT_ENCODING_612 |          8 |          8 |       0 |    0 |     8 |      0 |      0 |          0 |
|         i_munoc_instance_12                                         |                                           MUNOC_MODULE_43 |          0 |          0 |       0 |    0 |     2 |      0 |      0 |          0 |
|       i_mnim_platform_controller_master                             |                 MUNOC_AHB_MASTER_NETWORK_INTERFACE_MODULE |        462 |        462 |       0 |    0 |   791 |      0 |      0 |          0 |
|         i_munoc_instance_02                                         |                           MUNOC_MODULE_02__parameterized1 |         31 |         31 |       0 |    0 |     6 |      0 |      0 |          0 |
|         i_munoc_instance_03                                         |                           MUNOC_MODULE_33__parameterized0 |         22 |         22 |       0 |    0 |    39 |      0 |      0 |          0 |
|           (i_munoc_instance_03)                                     |                           MUNOC_MODULE_33__parameterized0 |          1 |          1 |       0 |    0 |     3 |      0 |      0 |          0 |
|           i_munoc_instance_0                                        |                   ERVP_UPDOWN_COUNTER__parameterized4_604 |          7 |          7 |       0 |    0 |     4 |      0 |      0 |          0 |
|           i_munoc_instance_1                                        |                      ERVP_ASYNCH_FIFO__parameterized5_605 |         14 |         14 |       0 |    0 |    32 |      0 |      0 |          0 |
|             (i_munoc_instance_1)                                    |                      ERVP_ASYNCH_FIFO__parameterized5_605 |         10 |         10 |       0 |    0 |    16 |      0 |      0 |          0 |
|             i_rvx_instance_0                                        |                     ERVP_SYNCHRONIZER__parameterized3_606 |          2 |          2 |       0 |    0 |     8 |      0 |      0 |          0 |
|             i_rvx_instance_1                                        |                     ERVP_SYNCHRONIZER__parameterized3_607 |          2 |          2 |       0 |    0 |     8 |      0 |      0 |          0 |
|         i_munoc_instance_05                                         |                           MUNOC_MODULE_22__parameterized0 |         87 |         87 |       0 |    0 |   155 |      0 |      0 |          0 |
|           (i_munoc_instance_05)                                     |                           MUNOC_MODULE_22__parameterized0 |          0 |          0 |       0 |    0 |     2 |      0 |      0 |          0 |
|           i_munoc_instance_0                                        |                           MUNOC_MODULE_31__parameterized0 |         76 |         76 |       0 |    0 |   144 |      0 |      0 |          0 |
|             i_gen_buffer[0].i_munoc_instance_0                      |                          ERVP_SMALL_FIFO__parameterized12 |         76 |         76 |       0 |    0 |   144 |      0 |      0 |          0 |
|               (i_gen_buffer[0].i_munoc_instance_0)                  |                          ERVP_SMALL_FIFO__parameterized12 |          0 |          0 |       0 |    0 |   132 |      0 |      0 |          0 |
|               i_rvx_instance_0                                      |     ERVP_COUNTER_WITH_ONEHOT_ENCODING__parameterized4_601 |         68 |         68 |       0 |    0 |     4 |      0 |      0 |          0 |
|               i_rvx_instance_1                                      |                   ERVP_SHIFT_REGISTER__parameterized2_602 |          8 |          8 |       0 |    0 |     4 |      0 |      0 |          0 |
|               i_rvx_instance_2                                      |     ERVP_COUNTER_WITH_ONEHOT_ENCODING__parameterized4_603 |          0 |          0 |       0 |    0 |     4 |      0 |      0 |          0 |
|           i_munoc_instance_1                                        |                                           MUNOC_MODULE_12 |          2 |          2 |       0 |    0 |     1 |      0 |      0 |          0 |
|           i_munoc_instance_2                                        |                           MUNOC_MODULE_31__parameterized1 |         10 |         10 |       0 |    0 |     8 |      0 |      0 |          0 |
|             i_gen_buffer[0].i_munoc_instance_0                      |                          ERVP_SMALL_FIFO__parameterized17 |         10 |         10 |       0 |    0 |     8 |      0 |      0 |          0 |
|               (i_gen_buffer[0].i_munoc_instance_0)                  |                          ERVP_SMALL_FIFO__parameterized17 |          2 |          2 |       0 |    0 |     2 |      0 |      0 |          0 |
|               i_rvx_instance_0                                      |     ERVP_COUNTER_WITH_ONEHOT_ENCODING__parameterized0_598 |          3 |          3 |       0 |    0 |     2 |      0 |      0 |          0 |
|               i_rvx_instance_1                                      |                   ERVP_SHIFT_REGISTER__parameterized0_599 |          3 |          3 |       0 |    0 |     2 |      0 |      0 |          0 |
|               i_rvx_instance_2                                      |     ERVP_COUNTER_WITH_ONEHOT_ENCODING__parameterized0_600 |          2 |          2 |       0 |    0 |     2 |      0 |      0 |          0 |
|         i_munoc_instance_06                                         |                          ERVP_SMALL_FIFO__parameterized16 |        142 |        142 |       0 |    0 |   288 |      0 |      0 |          0 |
|           (i_munoc_instance_06)                                     |                          ERVP_SMALL_FIFO__parameterized16 |          0 |          0 |       0 |    0 |   270 |      0 |      0 |          0 |
|           i_rvx_instance_0                                          |         ERVP_COUNTER_WITH_ONEHOT_ENCODING__parameterized6 |        135 |        135 |       0 |    0 |     6 |      0 |      0 |          0 |
|           i_rvx_instance_1                                          |                       ERVP_SHIFT_REGISTER__parameterized3 |          7 |          7 |       0 |    0 |     6 |      0 |      0 |          0 |
|           i_rvx_instance_2                                          |     ERVP_COUNTER_WITH_ONEHOT_ENCODING__parameterized6_597 |          0 |          0 |       0 |    0 |     6 |      0 |      0 |          0 |
|         i_munoc_instance_07                                         |                                           MUNOC_MODULE_39 |        155 |        155 |       0 |    0 |   261 |      0 |      0 |          0 |
|           (i_munoc_instance_07)                                     |                                           MUNOC_MODULE_39 |          0 |          0 |       0 |    0 |     4 |      0 |      0 |          0 |
|           i_munoc_instance_0                                        |                           MUNOC_MODULE_01__parameterized2 |         54 |         54 |       0 |    0 |    74 |      0 |      0 |          0 |
|             i_munoc_instance_0                                      |                          ERVP_SMALL_FIFO__parameterized13 |         54 |         54 |       0 |    0 |    74 |      0 |      0 |          0 |
|               (i_munoc_instance_0)                                  |                          ERVP_SMALL_FIFO__parameterized13 |          0 |          0 |       0 |    0 |    68 |      0 |      0 |          0 |
|               i_rvx_instance_0                                      |     ERVP_COUNTER_WITH_ONEHOT_ENCODING__parameterized0_594 |         50 |         50 |       0 |    0 |     2 |      0 |      0 |          0 |
|               i_rvx_instance_1                                      |                   ERVP_SHIFT_REGISTER__parameterized0_595 |          2 |          2 |       0 |    0 |     2 |      0 |      0 |          0 |
|               i_rvx_instance_2                                      |     ERVP_COUNTER_WITH_ONEHOT_ENCODING__parameterized0_596 |          2 |          2 |       0 |    0 |     2 |      0 |      0 |          0 |
|           i_munoc_instance_1                                        |                           MUNOC_MODULE_01__parameterized4 |         42 |         42 |       0 |    0 |    70 |      0 |      0 |          0 |
|             i_munoc_instance_0                                      |                          ERVP_SMALL_FIFO__parameterized15 |         42 |         42 |       0 |    0 |    70 |      0 |      0 |          0 |
|               (i_munoc_instance_0)                                  |                          ERVP_SMALL_FIFO__parameterized15 |          0 |          0 |       0 |    0 |    64 |      0 |      0 |          0 |
|               i_rvx_instance_0                                      |     ERVP_COUNTER_WITH_ONEHOT_ENCODING__parameterized0_591 |         34 |         34 |       0 |    0 |     2 |      0 |      0 |          0 |
|               i_rvx_instance_1                                      |                   ERVP_SHIFT_REGISTER__parameterized0_592 |          6 |          6 |       0 |    0 |     2 |      0 |      0 |          0 |
|               i_rvx_instance_2                                      |     ERVP_COUNTER_WITH_ONEHOT_ENCODING__parameterized0_593 |          2 |          2 |       0 |    0 |     2 |      0 |      0 |          0 |
|           i_munoc_instance_2                                        |                              ERVP_COUNTER__parameterized7 |          7 |          7 |       0 |    0 |     8 |      0 |      0 |          0 |
|           i_munoc_instance_3                                        |                           MUNOC_MODULE_01__parameterized3 |         53 |         53 |       0 |    0 |   105 |      0 |      0 |          0 |
|             i_munoc_instance_0                                      |                          ERVP_SMALL_FIFO__parameterized14 |         53 |         53 |       0 |    0 |   105 |      0 |      0 |          0 |
|               (i_munoc_instance_0)                                  |                          ERVP_SMALL_FIFO__parameterized14 |          0 |          0 |       0 |    0 |    96 |      0 |      0 |          0 |
|               i_rvx_instance_0                                      |     ERVP_COUNTER_WITH_ONEHOT_ENCODING__parameterized3_588 |         42 |         42 |       0 |    0 |     3 |      0 |      0 |          0 |
|               i_rvx_instance_1                                      |                   ERVP_SHIFT_REGISTER__parameterized1_589 |          9 |          9 |       0 |    0 |     3 |      0 |      0 |          0 |
|               i_rvx_instance_2                                      |     ERVP_COUNTER_WITH_ONEHOT_ENCODING__parameterized3_590 |          2 |          2 |       0 |    0 |     3 |      0 |      0 |          0 |
|         i_munoc_instance_08                                         |                       MUNOC_MODULE_33__parameterized0_586 |         23 |         23 |       0 |    0 |    39 |      0 |      0 |          0 |
|           (i_munoc_instance_08)                                     |                       MUNOC_MODULE_33__parameterized0_586 |          1 |          1 |       0 |    0 |     3 |      0 |      0 |          0 |
|           i_munoc_instance_0                                        |                       ERVP_UPDOWN_COUNTER__parameterized4 |          8 |          8 |       0 |    0 |     4 |      0 |      0 |          0 |
|           i_munoc_instance_1                                        |                          ERVP_ASYNCH_FIFO__parameterized5 |         14 |         14 |       0 |    0 |    32 |      0 |      0 |          0 |
|             (i_munoc_instance_1)                                    |                          ERVP_ASYNCH_FIFO__parameterized5 |         10 |         10 |       0 |    0 |    16 |      0 |      0 |          0 |
|             i_rvx_instance_0                                        |                         ERVP_SYNCHRONIZER__parameterized3 |          2 |          2 |       0 |    0 |     8 |      0 |      0 |          0 |
|             i_rvx_instance_1                                        |                     ERVP_SYNCHRONIZER__parameterized3_587 |          2 |          2 |       0 |    0 |     8 |      0 |      0 |          0 |
|         i_munoc_instance_09                                         |                           MUNOC_MODULE_43__parameterized1 |          2 |          2 |       0 |    0 |     3 |      0 |      0 |          0 |
|       i_snim_common_peri_group_no_name                              |                  MUNOC_APB_SLAVE_NETWORK_INTERFACE_MODULE |        483 |        483 |       0 |    0 |   736 |      0 |      0 |          0 |
|         i_munoc_instance_0                                          |                       MUNOC_MODULE_36__parameterized1_526 |        279 |        279 |       0 |    0 |   423 |      0 |      0 |          0 |
|           i_munoc_instance_0                                        |                                       MUNOC_MODULE_35_551 |         40 |         40 |       0 |    0 |    49 |      0 |      0 |          0 |
|             (i_munoc_instance_0)                                    |                                       MUNOC_MODULE_35_551 |          2 |          2 |       0 |    0 |     3 |      0 |      0 |          0 |
|             i_munoc_instance_0                                      |                                       MUNOC_MODULE_29_584 |         11 |         11 |       0 |    0 |    10 |      0 |      0 |          0 |
|             i_munoc_instance_1                                      |                                       MUNOC_MODULE_40_585 |         28 |         28 |       0 |    0 |    36 |      0 |      0 |          0 |
|           i_munoc_instance_1                                        |                       MUNOC_MODULE_25__parameterized1_552 |         50 |         50 |       0 |    0 |    92 |      0 |      0 |          0 |
|             i_gen_rdata_buffer[0].i_munoc_instance_1                |                      ERVP_SMALL_FIFO__parameterized27_576 |         34 |         34 |       0 |    0 |    70 |      0 |      0 |          0 |
|               (i_gen_rdata_buffer[0].i_munoc_instance_1)            |                      ERVP_SMALL_FIFO__parameterized27_576 |          0 |          0 |       0 |    0 |    64 |      0 |      0 |          0 |
|               i_rvx_instance_0                                      |     ERVP_COUNTER_WITH_ONEHOT_ENCODING__parameterized0_581 |         32 |         32 |       0 |    0 |     2 |      0 |      0 |          0 |
|               i_rvx_instance_1                                      |                   ERVP_SHIFT_REGISTER__parameterized0_582 |          1 |          1 |       0 |    0 |     2 |      0 |      0 |          0 |
|               i_rvx_instance_2                                      |     ERVP_COUNTER_WITH_ONEHOT_ENCODING__parameterized0_583 |          1 |          1 |       0 |    0 |     2 |      0 |      0 |          0 |
|             i_munoc_instance_0                                      |                      ERVP_SMALL_FIFO__parameterized28_577 |         16 |         16 |       0 |    0 |    22 |      0 |      0 |          0 |
|               (i_munoc_instance_0)                                  |                      ERVP_SMALL_FIFO__parameterized28_577 |          0 |          0 |       0 |    0 |    16 |      0 |      0 |          0 |
|               i_rvx_instance_0                                      |     ERVP_COUNTER_WITH_ONEHOT_ENCODING__parameterized0_578 |         10 |         10 |       0 |    0 |     2 |      0 |      0 |          0 |
|               i_rvx_instance_1                                      |                   ERVP_SHIFT_REGISTER__parameterized0_579 |          5 |          5 |       0 |    0 |     2 |      0 |      0 |          0 |
|               i_rvx_instance_2                                      |     ERVP_COUNTER_WITH_ONEHOT_ENCODING__parameterized0_580 |          1 |          1 |       0 |    0 |     2 |      0 |      0 |          0 |
|           i_munoc_instance_2                                        |                       MUNOC_MODULE_47__parameterized0_553 |        153 |        153 |       0 |    0 |   245 |      0 |      0 |          0 |
|             i_munoc_instance_0                                      |                       MUNOC_MODULE_31__parameterized2_564 |        132 |        132 |       0 |    0 |   216 |      0 |      0 |          0 |
|               i_gen_buffer[0].i_munoc_instance_0                    |                      ERVP_SMALL_FIFO__parameterized18_572 |        132 |        132 |       0 |    0 |   216 |      0 |      0 |          0 |
|                 (i_gen_buffer[0].i_munoc_instance_0)                |                      ERVP_SMALL_FIFO__parameterized18_572 |          0 |          0 |       0 |    0 |   192 |      0 |      0 |          0 |
|                 i_rvx_instance_0                                    |                     ERVP_COUNTER_WITH_ONEHOT_ENCODING_573 |        116 |        116 |       0 |    0 |     8 |      0 |      0 |          0 |
|                 i_rvx_instance_1                                    |                                   ERVP_SHIFT_REGISTER_574 |         12 |         12 |       0 |    0 |     8 |      0 |      0 |          0 |
|                 i_rvx_instance_2                                    |                     ERVP_COUNTER_WITH_ONEHOT_ENCODING_575 |          4 |          4 |       0 |    0 |     8 |      0 |      0 |          0 |
|             i_munoc_instance_1                                      |                                       MUNOC_MODULE_34_565 |          0 |          0 |       0 |    0 |     1 |      0 |      0 |          0 |
|             i_munoc_instance_2                                      |                       MUNOC_MODULE_31__parameterized4_566 |         21 |         21 |       0 |    0 |    28 |      0 |      0 |          0 |
|               i_gen_buffer[0].i_munoc_instance_0                    |                      ERVP_SMALL_FIFO__parameterized26_567 |         21 |         21 |       0 |    0 |    28 |      0 |      0 |          0 |
|                 (i_gen_buffer[0].i_munoc_instance_0)                |                      ERVP_SMALL_FIFO__parameterized26_567 |          0 |          0 |       0 |    0 |    22 |      0 |      0 |          0 |
|                 i_rvx_instance_0                                    |     ERVP_COUNTER_WITH_ONEHOT_ENCODING__parameterized0_568 |          2 |          2 |       0 |    0 |     2 |      0 |      0 |          0 |
|                 i_rvx_instance_1                                    |                   ERVP_SHIFT_REGISTER__parameterized0_569 |          6 |          6 |       0 |    0 |     2 |      0 |      0 |          0 |
|                 i_rvx_instance_2                                    |     ERVP_COUNTER_WITH_ONEHOT_ENCODING__parameterized0_570 |          2 |          2 |       0 |    0 |     2 |      0 |      0 |          0 |
|                 i_rvx_instance_3                                    |  ERVP_MUX_WITH_ONEHOT_ENCODED_SELECT__parameterized35_571 |         11 |         11 |       0 |    0 |     0 |      0 |      0 |          0 |
|           i_munoc_instance_3                                        |                                       MUNOC_MODULE_16_554 |         13 |         13 |       0 |    0 |    13 |      0 |      0 |          0 |
|             (i_munoc_instance_3)                                    |                                       MUNOC_MODULE_16_554 |          9 |          9 |       0 |    0 |    11 |      0 |      0 |          0 |
|             i_munoc_instance_0                                      |                       ERVP_SMALL_FIFO__parameterized2_562 |          4 |          4 |       0 |    0 |     2 |      0 |      0 |          0 |
|               i_rvx_instance_1                                      |                   ERVP_SHIFT_REGISTER__parameterized0_563 |          4 |          4 |       0 |    0 |     2 |      0 |      0 |          0 |
|           i_munoc_instance_4                                        |                      ERVP_SMALL_FIFO__parameterized29_555 |          2 |          2 |       0 |    0 |     2 |      0 |      0 |          0 |
|             i_rvx_instance_1                                        |                   ERVP_SHIFT_REGISTER__parameterized0_561 |          2 |          2 |       0 |    0 |     2 |      0 |      0 |          0 |
|           i_munoc_instance_5                                        |                                       MUNOC_MODULE_00_556 |         10 |         10 |       0 |    0 |     2 |      0 |      0 |          0 |
|           i_munoc_instance_6                                        |                      ERVP_SMALL_FIFO__parameterized20_557 |         11 |         11 |       0 |    0 |    20 |      0 |      0 |          0 |
|             (i_munoc_instance_6)                                    |                      ERVP_SMALL_FIFO__parameterized20_557 |          0 |          0 |       0 |    0 |    14 |      0 |      0 |          0 |
|             i_rvx_instance_0                                        |     ERVP_COUNTER_WITH_ONEHOT_ENCODING__parameterized0_558 |          9 |          9 |       0 |    0 |     2 |      0 |      0 |          0 |
|             i_rvx_instance_1                                        |                   ERVP_SHIFT_REGISTER__parameterized0_559 |          0 |          0 |       0 |    0 |     2 |      0 |      0 |          0 |
|             i_rvx_instance_2                                        |     ERVP_COUNTER_WITH_ONEHOT_ENCODING__parameterized0_560 |          2 |          2 |       0 |    0 |     2 |      0 |      0 |          0 |
|         i_munoc_instance_1                                          |                                       MUNOC_MODULE_08_527 |        204 |        204 |       0 |    0 |   313 |      0 |      0 |          0 |
|           (i_munoc_instance_1)                                      |                                       MUNOC_MODULE_08_527 |          1 |          1 |       0 |    0 |     0 |      0 |      0 |          0 |
|           i_munoc_instance_3                                        |                              MUNOC_AXI2APB_CONVERTER__528 |        203 |        203 |       0 |    0 |   313 |      0 |      0 |          0 |
|             i_munoc_instance_0                                      |                                        RVX_MODULE_007_529 |         61 |         61 |       0 |    0 |   148 |      0 |      0 |          0 |
|               i_rvx_instance_0                                      |                                        RVX_MODULE_017_540 |          2 |          2 |       0 |    0 |     3 |      0 |      0 |          0 |
|               i_rvx_instance_1                                      |                                        RVX_MODULE_022_541 |         59 |         59 |       0 |    0 |   145 |      0 |      0 |          0 |
|                 i_rvx_instance_0                                    |                             ERVP_FIFO__parameterized0_542 |         17 |         17 |       0 |    0 |    31 |      0 |      0 |          0 |
|                   (i_rvx_instance_0)                                |                             ERVP_FIFO__parameterized0_542 |          0 |          0 |       0 |    0 |    24 |      0 |      0 |          0 |
|                   i_rvx_instance_0                                  |                          ERVP_COUNTER__parameterized6_547 |          1 |          1 |       0 |    0 |     2 |      0 |      0 |          0 |
|                   i_rvx_instance_2                                  |                   ERVP_UPDOWN_COUNTER__parameterized2_548 |          7 |          7 |       0 |    0 |     3 |      0 |      0 |          0 |
|                   i_rvx_instance_3                                  |                          ERVP_COUNTER__parameterized6_549 |          3 |          3 |       0 |    0 |     2 |      0 |      0 |          0 |
|                   i_rvx_instance_4                                  |                              ERVP_MUX__parameterized5_550 |          6 |          6 |       0 |    0 |     0 |      0 |      0 |          0 |
|                 i_rvx_instance_1                                    |                       ERVP_SMALL_FIFO__parameterized4_543 |         42 |         42 |       0 |    0 |   114 |      0 |      0 |          0 |
|                   (i_rvx_instance_1)                                |                       ERVP_SMALL_FIFO__parameterized4_543 |          0 |          0 |       0 |    0 |   105 |      0 |      0 |          0 |
|                   i_rvx_instance_0                                  |     ERVP_COUNTER_WITH_ONEHOT_ENCODING__parameterized3_544 |         35 |         35 |       0 |    0 |     3 |      0 |      0 |          0 |
|                   i_rvx_instance_1                                  |                   ERVP_SHIFT_REGISTER__parameterized1_545 |          4 |          4 |       0 |    0 |     3 |      0 |      0 |          0 |
|                   i_rvx_instance_2                                  |     ERVP_COUNTER_WITH_ONEHOT_ENCODING__parameterized3_546 |          3 |          3 |       0 |    0 |     3 |      0 |      0 |          0 |
|             i_munoc_instance_1                                      |                                       MUNOC_AXI2LPIXS_530 |        142 |        142 |       0 |    0 |   165 |      0 |      0 |          0 |
|               i_rvx_instance_0                                      |                                        RVX_MODULE_095_531 |         49 |         49 |       0 |    0 |   131 |      0 |      0 |          0 |
|                 i_rvx_instance_0                                    |                       ERVP_SMALL_FIFO__parameterized3_535 |         46 |         46 |       0 |    0 |   129 |      0 |      0 |          0 |
|                   (i_rvx_instance_0)                                |                       ERVP_SMALL_FIFO__parameterized3_535 |          0 |          0 |       0 |    0 |   120 |      0 |      0 |          0 |
|                   i_rvx_instance_0                                  |     ERVP_COUNTER_WITH_ONEHOT_ENCODING__parameterized3_537 |         43 |         43 |       0 |    0 |     3 |      0 |      0 |          0 |
|                   i_rvx_instance_1                                  |                   ERVP_SHIFT_REGISTER__parameterized1_538 |          3 |          3 |       0 |    0 |     3 |      0 |      0 |          0 |
|                   i_rvx_instance_2                                  |     ERVP_COUNTER_WITH_ONEHOT_ENCODING__parameterized3_539 |          0 |          0 |       0 |    0 |     3 |      0 |      0 |          0 |
|                 i_rvx_instance_1                                    |                                          ERVP_GRANTER_536 |          3 |          3 |       0 |    0 |     2 |      0 |      0 |          0 |
|               i_rvx_instance_1                                      |                                        RVX_MODULE_092_532 |         93 |         93 |       0 |    0 |    34 |      0 |      0 |          0 |
|                 i_rvx_instance_0                                    |                                        RVX_MODULE_036_533 |         93 |         93 |       0 |    0 |    34 |      0 |      0 |          0 |
|                   (i_rvx_instance_0)                                |                                        RVX_MODULE_036_533 |          0 |          0 |       0 |    0 |     7 |      0 |      0 |          0 |
|                   i_rvx_instance_0                                  |                                        RVX_MODULE_111_534 |         93 |         93 |       0 |    0 |    27 |      0 |      0 |          0 |
|       i_snim_eMamba_IP_slave                                        |                 MUNOC_AXI4_SLAVE_NETWORK_INTERFACE_MODULE |        369 |        369 |       0 |    0 |   624 |      0 |      0 |          0 |
|         i_munoc_instance_0                                          |                  MUNOC_AXI_SLAVE_NETWORK_INTERFACE_MODULE |        369 |        369 |       0 |    0 |   624 |      0 |      0 |          0 |
|           (i_munoc_instance_0)                                      |                  MUNOC_AXI_SLAVE_NETWORK_INTERFACE_MODULE |          5 |          5 |       0 |    0 |     0 |      0 |      0 |          0 |
|           i_munoc_instance_0                                        |                                           MUNOC_MODULE_36 |        361 |        361 |       0 |    0 |   624 |      0 |      0 |          0 |
|             i_munoc_instance_0                                      |                           MUNOC_MODULE_35__parameterized0 |         36 |         36 |       0 |    0 |    46 |      0 |      0 |          0 |
|               (i_munoc_instance_0)                                  |                           MUNOC_MODULE_35__parameterized0 |          0 |          0 |       0 |    0 |     3 |      0 |      0 |          0 |
|               i_munoc_instance_0                                    |                                       MUNOC_MODULE_29_524 |         10 |         10 |       0 |    0 |    10 |      0 |      0 |          0 |
|               i_munoc_instance_1                                    |                                       MUNOC_MODULE_40_525 |         26 |         26 |       0 |    0 |    33 |      0 |      0 |          0 |
|             i_munoc_instance_1                                      |                                           MUNOC_MODULE_25 |         81 |         81 |       0 |    0 |   156 |      0 |      0 |          0 |
|               i_gen_rdata_buffer[0].i_munoc_instance_1              |                      ERVP_SMALL_FIFO__parameterized22_517 |         73 |         73 |       0 |    0 |   140 |      0 |      0 |          0 |
|                 (i_gen_rdata_buffer[0].i_munoc_instance_1)          |                      ERVP_SMALL_FIFO__parameterized22_517 |          0 |          0 |       0 |    0 |   128 |      0 |      0 |          0 |
|                 i_rvx_instance_0                                    |     ERVP_COUNTER_WITH_ONEHOT_ENCODING__parameterized4_521 |         64 |         64 |       0 |    0 |     4 |      0 |      0 |          0 |
|                 i_rvx_instance_1                                    |                   ERVP_SHIFT_REGISTER__parameterized2_522 |          6 |          6 |       0 |    0 |     4 |      0 |      0 |          0 |
|                 i_rvx_instance_2                                    |     ERVP_COUNTER_WITH_ONEHOT_ENCODING__parameterized4_523 |          4 |          4 |       0 |    0 |     4 |      0 |      0 |          0 |
|               i_munoc_instance_0                                    |                          ERVP_SMALL_FIFO__parameterized23 |          9 |          9 |       0 |    0 |    16 |      0 |      0 |          0 |
|                 (i_munoc_instance_0)                                |                          ERVP_SMALL_FIFO__parameterized23 |          0 |          0 |       0 |    0 |     4 |      0 |      0 |          0 |
|                 i_rvx_instance_0                                    |     ERVP_COUNTER_WITH_ONEHOT_ENCODING__parameterized4_518 |          2 |          2 |       0 |    0 |     4 |      0 |      0 |          0 |
|                 i_rvx_instance_1                                    |                   ERVP_SHIFT_REGISTER__parameterized2_519 |          7 |          7 |       0 |    0 |     4 |      0 |      0 |          0 |
|                 i_rvx_instance_2                                    |     ERVP_COUNTER_WITH_ONEHOT_ENCODING__parameterized4_520 |          0 |          0 |       0 |    0 |     4 |      0 |      0 |          0 |
|             i_munoc_instance_2                                      |                                       MUNOC_MODULE_47_492 |        177 |        177 |       0 |    0 |   333 |      0 |      0 |          0 |
|               i_munoc_instance_0                                    |                       MUNOC_MODULE_31__parameterized2_506 |        106 |        106 |       0 |    0 |   192 |      0 |      0 |          0 |
|                 i_gen_buffer[0].i_munoc_instance_0                  |                      ERVP_SMALL_FIFO__parameterized18_513 |        106 |        106 |       0 |    0 |   192 |      0 |      0 |          0 |
|                   (i_gen_buffer[0].i_munoc_instance_0)              |                      ERVP_SMALL_FIFO__parameterized18_513 |          0 |          0 |       0 |    0 |   168 |      0 |      0 |          0 |
|                   i_rvx_instance_0                                  |                     ERVP_COUNTER_WITH_ONEHOT_ENCODING_514 |         93 |         93 |       0 |    0 |     8 |      0 |      0 |          0 |
|                   i_rvx_instance_1                                  |                                   ERVP_SHIFT_REGISTER_515 |          9 |          9 |       0 |    0 |     8 |      0 |      0 |          0 |
|                   i_rvx_instance_2                                  |                     ERVP_COUNTER_WITH_ONEHOT_ENCODING_516 |          4 |          4 |       0 |    0 |     8 |      0 |      0 |          0 |
|               i_munoc_instance_1                                    |                                       MUNOC_MODULE_34_507 |          1 |          1 |       0 |    0 |     1 |      0 |      0 |          0 |
|               i_munoc_instance_2                                    |                       MUNOC_MODULE_31__parameterized3_508 |         70 |         70 |       0 |    0 |   140 |      0 |      0 |          0 |
|                 i_gen_buffer[0].i_munoc_instance_0                  |                      ERVP_SMALL_FIFO__parameterized19_509 |         70 |         70 |       0 |    0 |   140 |      0 |      0 |          0 |
|                   (i_gen_buffer[0].i_munoc_instance_0)              |                      ERVP_SMALL_FIFO__parameterized19_509 |          0 |          0 |       0 |    0 |   128 |      0 |      0 |          0 |
|                   i_rvx_instance_0                                  |     ERVP_COUNTER_WITH_ONEHOT_ENCODING__parameterized4_510 |         64 |         64 |       0 |    0 |     4 |      0 |      0 |          0 |
|                   i_rvx_instance_1                                  |                   ERVP_SHIFT_REGISTER__parameterized2_511 |          4 |          4 |       0 |    0 |     4 |      0 |      0 |          0 |
|                   i_rvx_instance_2                                  |     ERVP_COUNTER_WITH_ONEHOT_ENCODING__parameterized4_512 |          2 |          2 |       0 |    0 |     4 |      0 |      0 |          0 |
|             i_munoc_instance_3                                      |                           MUNOC_MODULE_16__parameterized0 |         16 |         16 |       0 |    0 |    15 |      0 |      0 |          0 |
|               (i_munoc_instance_3)                                  |                           MUNOC_MODULE_16__parameterized0 |          9 |          9 |       0 |    0 |    11 |      0 |      0 |          0 |
|               i_munoc_instance_0                                    |                      ERVP_SMALL_FIFO__parameterized21_504 |          7 |          7 |       0 |    0 |     4 |      0 |      0 |          0 |
|                 i_rvx_instance_1                                    |                   ERVP_SHIFT_REGISTER__parameterized2_505 |          7 |          7 |       0 |    0 |     4 |      0 |      0 |          0 |
|             i_munoc_instance_4                                      |                      ERVP_SMALL_FIFO__parameterized24_493 |         19 |         19 |       0 |    0 |    36 |      0 |      0 |          0 |
|               (i_munoc_instance_4)                                  |                      ERVP_SMALL_FIFO__parameterized24_493 |          0 |          0 |       0 |    0 |    24 |      0 |      0 |          0 |
|               i_rvx_instance_0                                      |     ERVP_COUNTER_WITH_ONEHOT_ENCODING__parameterized4_501 |         12 |         12 |       0 |    0 |     4 |      0 |      0 |          0 |
|               i_rvx_instance_1                                      |                   ERVP_SHIFT_REGISTER__parameterized2_502 |          7 |          7 |       0 |    0 |     4 |      0 |      0 |          0 |
|               i_rvx_instance_2                                      |     ERVP_COUNTER_WITH_ONEHOT_ENCODING__parameterized4_503 |          0 |          0 |       0 |    0 |     4 |      0 |      0 |          0 |
|             i_munoc_instance_5                                      |                           MUNOC_MODULE_00__parameterized0 |          9 |          9 |       0 |    0 |     2 |      0 |      0 |          0 |
|             i_munoc_instance_6                                      |                      ERVP_SMALL_FIFO__parameterized20_494 |         12 |         12 |       0 |    0 |    18 |      0 |      0 |          0 |
|               (i_munoc_instance_6)                                  |                      ERVP_SMALL_FIFO__parameterized20_494 |          0 |          0 |       0 |    0 |    12 |      0 |      0 |          0 |
|               i_rvx_instance_0                                      |     ERVP_COUNTER_WITH_ONEHOT_ENCODING__parameterized0_498 |          8 |          8 |       0 |    0 |     2 |      0 |      0 |          0 |
|               i_rvx_instance_1                                      |                   ERVP_SHIFT_REGISTER__parameterized0_499 |          3 |          3 |       0 |    0 |     2 |      0 |      0 |          0 |
|               i_rvx_instance_2                                      |     ERVP_COUNTER_WITH_ONEHOT_ENCODING__parameterized0_500 |          1 |          1 |       0 |    0 |     2 |      0 |      0 |          0 |
|             i_munoc_instance_7                                      |                           MUNOC_MODULE_28__parameterized0 |         12 |         12 |       0 |    0 |    18 |      0 |      0 |          0 |
|               i_munoc_instance_0                                    |                           ERVP_SMALL_FIFO__parameterized1 |         12 |         12 |       0 |    0 |    18 |      0 |      0 |          0 |
|                 (i_munoc_instance_0)                                |                           ERVP_SMALL_FIFO__parameterized1 |          0 |          0 |       0 |    0 |    12 |      0 |      0 |          0 |
|                 i_rvx_instance_0                                    |     ERVP_COUNTER_WITH_ONEHOT_ENCODING__parameterized0_495 |          0 |          0 |       0 |    0 |     2 |      0 |      0 |          0 |
|                 i_rvx_instance_1                                    |                   ERVP_SHIFT_REGISTER__parameterized0_496 |          4 |          4 |       0 |    0 |     2 |      0 |      0 |          0 |
|                 i_rvx_instance_2                                    |     ERVP_COUNTER_WITH_ONEHOT_ENCODING__parameterized0_497 |          2 |          2 |       0 |    0 |     2 |      0 |      0 |          0 |
|                 i_rvx_instance_3                                    |      ERVP_MUX_WITH_ONEHOT_ENCODED_SELECT__parameterized10 |          6 |          6 |       0 |    0 |     0 |      0 |      0 |          0 |
|           i_munoc_instance_1                                        |                           MUNOC_MODULE_14__parameterized0 |          3 |          3 |       0 |    0 |     0 |      0 |      0 |          0 |
|       i_snim_external_peri_group_no_name                            |              MUNOC_APB_SLAVE_NETWORK_INTERFACE_MODULE_342 |        583 |        583 |       0 |    0 |   748 |      0 |      0 |          0 |
|         (i_snim_external_peri_group_no_name)                        |              MUNOC_APB_SLAVE_NETWORK_INTERFACE_MODULE_342 |          1 |          1 |       0 |    0 |     0 |      0 |      0 |          0 |
|         i_munoc_instance_0                                          |                       MUNOC_MODULE_36__parameterized1_432 |        300 |        300 |       0 |    0 |   438 |      0 |      0 |          0 |
|           i_munoc_instance_0                                        |                                       MUNOC_MODULE_35_457 |         41 |         41 |       0 |    0 |    46 |      0 |      0 |          0 |
|             (i_munoc_instance_0)                                    |                                       MUNOC_MODULE_35_457 |          2 |          2 |       0 |    0 |     3 |      0 |      0 |          0 |
|             i_munoc_instance_0                                      |                                       MUNOC_MODULE_29_490 |         10 |         10 |       0 |    0 |    10 |      0 |      0 |          0 |
|             i_munoc_instance_1                                      |                                       MUNOC_MODULE_40_491 |         29 |         29 |       0 |    0 |    33 |      0 |      0 |          0 |
|           i_munoc_instance_1                                        |                       MUNOC_MODULE_25__parameterized1_458 |         54 |         54 |       0 |    0 |    92 |      0 |      0 |          0 |
|             i_gen_rdata_buffer[0].i_munoc_instance_1                |                      ERVP_SMALL_FIFO__parameterized27_482 |         39 |         39 |       0 |    0 |    70 |      0 |      0 |          0 |
|               (i_gen_rdata_buffer[0].i_munoc_instance_1)            |                      ERVP_SMALL_FIFO__parameterized27_482 |          0 |          0 |       0 |    0 |    64 |      0 |      0 |          0 |
|               i_rvx_instance_0                                      |     ERVP_COUNTER_WITH_ONEHOT_ENCODING__parameterized0_487 |         32 |         32 |       0 |    0 |     2 |      0 |      0 |          0 |
|               i_rvx_instance_1                                      |                   ERVP_SHIFT_REGISTER__parameterized0_488 |          6 |          6 |       0 |    0 |     2 |      0 |      0 |          0 |
|               i_rvx_instance_2                                      |     ERVP_COUNTER_WITH_ONEHOT_ENCODING__parameterized0_489 |          1 |          1 |       0 |    0 |     2 |      0 |      0 |          0 |
|             i_munoc_instance_0                                      |                      ERVP_SMALL_FIFO__parameterized28_483 |         15 |         15 |       0 |    0 |    22 |      0 |      0 |          0 |
|               (i_munoc_instance_0)                                  |                      ERVP_SMALL_FIFO__parameterized28_483 |          2 |          2 |       0 |    0 |    16 |      0 |      0 |          0 |
|               i_rvx_instance_0                                      |     ERVP_COUNTER_WITH_ONEHOT_ENCODING__parameterized0_484 |         10 |         10 |       0 |    0 |     2 |      0 |      0 |          0 |
|               i_rvx_instance_1                                      |                   ERVP_SHIFT_REGISTER__parameterized0_485 |          2 |          2 |       0 |    0 |     2 |      0 |      0 |          0 |
|               i_rvx_instance_2                                      |     ERVP_COUNTER_WITH_ONEHOT_ENCODING__parameterized0_486 |          1 |          1 |       0 |    0 |     2 |      0 |      0 |          0 |
|           i_munoc_instance_2                                        |                       MUNOC_MODULE_47__parameterized0_459 |        171 |        171 |       0 |    0 |   263 |      0 |      0 |          0 |
|             i_munoc_instance_0                                      |                       MUNOC_MODULE_31__parameterized2_470 |        116 |        116 |       0 |    0 |   192 |      0 |      0 |          0 |
|               i_gen_buffer[0].i_munoc_instance_0                    |                      ERVP_SMALL_FIFO__parameterized18_478 |        116 |        116 |       0 |    0 |   192 |      0 |      0 |          0 |
|                 (i_gen_buffer[0].i_munoc_instance_0)                |                      ERVP_SMALL_FIFO__parameterized18_478 |          0 |          0 |       0 |    0 |   168 |      0 |      0 |          0 |
|                 i_rvx_instance_0                                    |                     ERVP_COUNTER_WITH_ONEHOT_ENCODING_479 |         99 |         99 |       0 |    0 |     8 |      0 |      0 |          0 |
|                 i_rvx_instance_1                                    |                                   ERVP_SHIFT_REGISTER_480 |         13 |         13 |       0 |    0 |     8 |      0 |      0 |          0 |
|                 i_rvx_instance_2                                    |                     ERVP_COUNTER_WITH_ONEHOT_ENCODING_481 |          4 |          4 |       0 |    0 |     8 |      0 |      0 |          0 |
|             i_munoc_instance_1                                      |                                       MUNOC_MODULE_34_471 |          0 |          0 |       0 |    0 |     1 |      0 |      0 |          0 |
|             i_munoc_instance_2                                      |                       MUNOC_MODULE_31__parameterized4_472 |         56 |         56 |       0 |    0 |    70 |      0 |      0 |          0 |
|               i_gen_buffer[0].i_munoc_instance_0                    |                      ERVP_SMALL_FIFO__parameterized26_473 |         56 |         56 |       0 |    0 |    70 |      0 |      0 |          0 |
|                 (i_gen_buffer[0].i_munoc_instance_0)                |                      ERVP_SMALL_FIFO__parameterized26_473 |          0 |          0 |       0 |    0 |    64 |      0 |      0 |          0 |
|                 i_rvx_instance_0                                    |     ERVP_COUNTER_WITH_ONEHOT_ENCODING__parameterized0_474 |         19 |         19 |       0 |    0 |     2 |      0 |      0 |          0 |
|                 i_rvx_instance_1                                    |                   ERVP_SHIFT_REGISTER__parameterized0_475 |          4 |          4 |       0 |    0 |     2 |      0 |      0 |          0 |
|                 i_rvx_instance_2                                    |     ERVP_COUNTER_WITH_ONEHOT_ENCODING__parameterized0_476 |          3 |          3 |       0 |    0 |     2 |      0 |      0 |          0 |
|                 i_rvx_instance_3                                    |  ERVP_MUX_WITH_ONEHOT_ENCODED_SELECT__parameterized35_477 |         33 |         33 |       0 |    0 |     0 |      0 |      0 |          0 |
|           i_munoc_instance_3                                        |                                       MUNOC_MODULE_16_460 |         13 |         13 |       0 |    0 |    13 |      0 |      0 |          0 |
|             (i_munoc_instance_3)                                    |                                       MUNOC_MODULE_16_460 |          9 |          9 |       0 |    0 |    11 |      0 |      0 |          0 |
|             i_munoc_instance_0                                      |                       ERVP_SMALL_FIFO__parameterized2_468 |          4 |          4 |       0 |    0 |     2 |      0 |      0 |          0 |
|               i_rvx_instance_1                                      |                   ERVP_SHIFT_REGISTER__parameterized0_469 |          4 |          4 |       0 |    0 |     2 |      0 |      0 |          0 |
|           i_munoc_instance_4                                        |                      ERVP_SMALL_FIFO__parameterized29_461 |          2 |          2 |       0 |    0 |     2 |      0 |      0 |          0 |
|             i_rvx_instance_1                                        |                   ERVP_SHIFT_REGISTER__parameterized0_467 |          2 |          2 |       0 |    0 |     2 |      0 |      0 |          0 |
|           i_munoc_instance_5                                        |                                       MUNOC_MODULE_00_462 |          6 |          6 |       0 |    0 |     2 |      0 |      0 |          0 |
|           i_munoc_instance_6                                        |                      ERVP_SMALL_FIFO__parameterized20_463 |         13 |         13 |       0 |    0 |    20 |      0 |      0 |          0 |
|             (i_munoc_instance_6)                                    |                      ERVP_SMALL_FIFO__parameterized20_463 |          0 |          0 |       0 |    0 |    14 |      0 |      0 |          0 |
|             i_rvx_instance_0                                        |     ERVP_COUNTER_WITH_ONEHOT_ENCODING__parameterized0_464 |          9 |          9 |       0 |    0 |     2 |      0 |      0 |          0 |
|             i_rvx_instance_1                                        |                   ERVP_SHIFT_REGISTER__parameterized0_465 |          2 |          2 |       0 |    0 |     2 |      0 |      0 |          0 |
|             i_rvx_instance_2                                        |     ERVP_COUNTER_WITH_ONEHOT_ENCODING__parameterized0_466 |          2 |          2 |       0 |    0 |     2 |      0 |      0 |          0 |
|         i_munoc_instance_1                                          |                                       MUNOC_MODULE_08_433 |        282 |        282 |       0 |    0 |   310 |      0 |      0 |          0 |
|           (i_munoc_instance_1)                                      |                                       MUNOC_MODULE_08_433 |          1 |          1 |       0 |    0 |     0 |      0 |      0 |          0 |
|           i_munoc_instance_3                                        |                              MUNOC_AXI2APB_CONVERTER__434 |        281 |        281 |       0 |    0 |   310 |      0 |      0 |          0 |
|             i_munoc_instance_0                                      |                                        RVX_MODULE_007_435 |         58 |         58 |       0 |    0 |   148 |      0 |      0 |          0 |
|               i_rvx_instance_0                                      |                                        RVX_MODULE_017_446 |          3 |          3 |       0 |    0 |     3 |      0 |      0 |          0 |
|               i_rvx_instance_1                                      |                                        RVX_MODULE_022_447 |         55 |         55 |       0 |    0 |   145 |      0 |      0 |          0 |
|                 i_rvx_instance_0                                    |                             ERVP_FIFO__parameterized0_448 |         14 |         14 |       0 |    0 |    31 |      0 |      0 |          0 |
|                   (i_rvx_instance_0)                                |                             ERVP_FIFO__parameterized0_448 |          0 |          0 |       0 |    0 |    24 |      0 |      0 |          0 |
|                   i_rvx_instance_0                                  |                          ERVP_COUNTER__parameterized6_453 |          1 |          1 |       0 |    0 |     2 |      0 |      0 |          0 |
|                   i_rvx_instance_2                                  |                   ERVP_UPDOWN_COUNTER__parameterized2_454 |          7 |          7 |       0 |    0 |     3 |      0 |      0 |          0 |
|                   i_rvx_instance_3                                  |                          ERVP_COUNTER__parameterized6_455 |          0 |          0 |       0 |    0 |     2 |      0 |      0 |          0 |
|                   i_rvx_instance_4                                  |                              ERVP_MUX__parameterized5_456 |          6 |          6 |       0 |    0 |     0 |      0 |      0 |          0 |
|                 i_rvx_instance_1                                    |                       ERVP_SMALL_FIFO__parameterized4_449 |         41 |         41 |       0 |    0 |   114 |      0 |      0 |          0 |
|                   (i_rvx_instance_1)                                |                       ERVP_SMALL_FIFO__parameterized4_449 |          0 |          0 |       0 |    0 |   105 |      0 |      0 |          0 |
|                   i_rvx_instance_0                                  |     ERVP_COUNTER_WITH_ONEHOT_ENCODING__parameterized3_450 |         35 |         35 |       0 |    0 |     3 |      0 |      0 |          0 |
|                   i_rvx_instance_1                                  |                   ERVP_SHIFT_REGISTER__parameterized1_451 |          3 |          3 |       0 |    0 |     3 |      0 |      0 |          0 |
|                   i_rvx_instance_2                                  |     ERVP_COUNTER_WITH_ONEHOT_ENCODING__parameterized3_452 |          3 |          3 |       0 |    0 |     3 |      0 |      0 |          0 |
|             i_munoc_instance_1                                      |                                       MUNOC_AXI2LPIXS_436 |        223 |        223 |       0 |    0 |   162 |      0 |      0 |          0 |
|               i_rvx_instance_0                                      |                                        RVX_MODULE_095_437 |         49 |         49 |       0 |    0 |   131 |      0 |      0 |          0 |
|                 i_rvx_instance_0                                    |                       ERVP_SMALL_FIFO__parameterized3_441 |         45 |         45 |       0 |    0 |   129 |      0 |      0 |          0 |
|                   (i_rvx_instance_0)                                |                       ERVP_SMALL_FIFO__parameterized3_441 |          0 |          0 |       0 |    0 |   120 |      0 |      0 |          0 |
|                   i_rvx_instance_0                                  |     ERVP_COUNTER_WITH_ONEHOT_ENCODING__parameterized3_443 |         42 |         42 |       0 |    0 |     3 |      0 |      0 |          0 |
|                   i_rvx_instance_1                                  |                   ERVP_SHIFT_REGISTER__parameterized1_444 |          3 |          3 |       0 |    0 |     3 |      0 |      0 |          0 |
|                   i_rvx_instance_2                                  |     ERVP_COUNTER_WITH_ONEHOT_ENCODING__parameterized3_445 |          0 |          0 |       0 |    0 |     3 |      0 |      0 |          0 |
|                 i_rvx_instance_1                                    |                                          ERVP_GRANTER_442 |          4 |          4 |       0 |    0 |     2 |      0 |      0 |          0 |
|               i_rvx_instance_1                                      |                                        RVX_MODULE_092_438 |        174 |        174 |       0 |    0 |    31 |      0 |      0 |          0 |
|                 i_rvx_instance_0                                    |                                        RVX_MODULE_036_439 |        174 |        174 |       0 |    0 |    31 |      0 |      0 |          0 |
|                   (i_rvx_instance_0)                                |                                        RVX_MODULE_036_439 |          1 |          1 |       0 |    0 |     7 |      0 |      0 |          0 |
|                   i_rvx_instance_0                                  |                                        RVX_MODULE_111_440 |        174 |        174 |       0 |    0 |    24 |      0 |      0 |          0 |
|       i_snim_i_system_sram_no_name                                  |  MUNOC_AXI_SLAVE_NETWORK_INTERFACE_MODULE__parameterized0 |        409 |        409 |       0 |    0 |   673 |      0 |      0 |          0 |
|         (i_snim_i_system_sram_no_name)                              |  MUNOC_AXI_SLAVE_NETWORK_INTERFACE_MODULE__parameterized0 |          1 |          1 |       0 |    0 |     0 |      0 |      0 |          0 |
|         i_munoc_instance_0                                          |                           MUNOC_MODULE_36__parameterized0 |        407 |        407 |       0 |    0 |   673 |      0 |      0 |          0 |
|           i_munoc_instance_0                                        |                                       MUNOC_MODULE_35_409 |         46 |         46 |       0 |    0 |    57 |      0 |      0 |          0 |
|             (i_munoc_instance_0)                                    |                                       MUNOC_MODULE_35_409 |          0 |          0 |       0 |    0 |     3 |      0 |      0 |          0 |
|             i_munoc_instance_0                                      |                                       MUNOC_MODULE_29_430 |         13 |         13 |       0 |    0 |    15 |      0 |      0 |          0 |
|             i_munoc_instance_1                                      |                                       MUNOC_MODULE_40_431 |         33 |         33 |       0 |    0 |    39 |      0 |      0 |          0 |
|           i_munoc_instance_1                                        |                           MUNOC_MODULE_25__parameterized0 |        103 |        103 |       0 |    0 |   180 |      0 |      0 |          0 |
|             i_gen_rdata_buffer[0].i_munoc_instance_1                |                          ERVP_SMALL_FIFO__parameterized22 |         77 |         77 |       0 |    0 |   140 |      0 |      0 |          0 |
|               (i_gen_rdata_buffer[0].i_munoc_instance_1)            |                          ERVP_SMALL_FIFO__parameterized22 |          0 |          0 |       0 |    0 |   128 |      0 |      0 |          0 |
|               i_rvx_instance_0                                      |     ERVP_COUNTER_WITH_ONEHOT_ENCODING__parameterized4_427 |         67 |         67 |       0 |    0 |     4 |      0 |      0 |          0 |
|               i_rvx_instance_1                                      |                   ERVP_SHIFT_REGISTER__parameterized2_428 |          6 |          6 |       0 |    0 |     4 |      0 |      0 |          0 |
|               i_rvx_instance_2                                      |     ERVP_COUNTER_WITH_ONEHOT_ENCODING__parameterized4_429 |          4 |          4 |       0 |    0 |     4 |      0 |      0 |          0 |
|             i_munoc_instance_0                                      |                          ERVP_SMALL_FIFO__parameterized25 |         27 |         27 |       0 |    0 |    40 |      0 |      0 |          0 |
|               (i_munoc_instance_0)                                  |                          ERVP_SMALL_FIFO__parameterized25 |          2 |          2 |       0 |    0 |    28 |      0 |      0 |          0 |
|               i_rvx_instance_0                                      |     ERVP_COUNTER_WITH_ONEHOT_ENCODING__parameterized4_424 |         15 |         15 |       0 |    0 |     4 |      0 |      0 |          0 |
|               i_rvx_instance_1                                      |                   ERVP_SHIFT_REGISTER__parameterized2_425 |          6 |          6 |       0 |    0 |     4 |      0 |      0 |          0 |
|               i_rvx_instance_2                                      |     ERVP_COUNTER_WITH_ONEHOT_ENCODING__parameterized4_426 |          4 |          4 |       0 |    0 |     4 |      0 |      0 |          0 |
|           i_munoc_instance_2                                        |                                           MUNOC_MODULE_47 |        217 |        217 |       0 |    0 |   397 |      0 |      0 |          0 |
|             i_munoc_instance_0                                      |                       MUNOC_MODULE_31__parameterized2_416 |        138 |        138 |       0 |    0 |   240 |      0 |      0 |          0 |
|               i_gen_buffer[0].i_munoc_instance_0                    |                      ERVP_SMALL_FIFO__parameterized18_420 |        138 |        138 |       0 |    0 |   240 |      0 |      0 |          0 |
|                 (i_gen_buffer[0].i_munoc_instance_0)                |                      ERVP_SMALL_FIFO__parameterized18_420 |          0 |          0 |       0 |    0 |   216 |      0 |      0 |          0 |
|                 i_rvx_instance_0                                    |                     ERVP_COUNTER_WITH_ONEHOT_ENCODING_421 |        125 |        125 |       0 |    0 |     8 |      0 |      0 |          0 |
|                 i_rvx_instance_1                                    |                                   ERVP_SHIFT_REGISTER_422 |          9 |          9 |       0 |    0 |     8 |      0 |      0 |          0 |
|                 i_rvx_instance_2                                    |                     ERVP_COUNTER_WITH_ONEHOT_ENCODING_423 |          4 |          4 |       0 |    0 |     8 |      0 |      0 |          0 |
|             i_munoc_instance_1                                      |                                       MUNOC_MODULE_34_417 |          1 |          1 |       0 |    0 |     1 |      0 |      0 |          0 |
|             i_munoc_instance_2                                      |                           MUNOC_MODULE_31__parameterized3 |         78 |         78 |       0 |    0 |   156 |      0 |      0 |          0 |
|               i_gen_buffer[0].i_munoc_instance_0                    |                          ERVP_SMALL_FIFO__parameterized19 |         78 |         78 |       0 |    0 |   156 |      0 |      0 |          0 |
|                 (i_gen_buffer[0].i_munoc_instance_0)                |                          ERVP_SMALL_FIFO__parameterized19 |          0 |          0 |       0 |    0 |   144 |      0 |      0 |          0 |
|                 i_rvx_instance_0                                    |         ERVP_COUNTER_WITH_ONEHOT_ENCODING__parameterized4 |         72 |         72 |       0 |    0 |     4 |      0 |      0 |          0 |
|                 i_rvx_instance_1                                    |                   ERVP_SHIFT_REGISTER__parameterized2_418 |          4 |          4 |       0 |    0 |     4 |      0 |      0 |          0 |
|                 i_rvx_instance_2                                    |     ERVP_COUNTER_WITH_ONEHOT_ENCODING__parameterized4_419 |          2 |          2 |       0 |    0 |     4 |      0 |      0 |          0 |
|           i_munoc_instance_3                                        |                           MUNOC_MODULE_16__parameterized1 |         16 |         16 |       0 |    0 |    15 |      0 |      0 |          0 |
|             (i_munoc_instance_3)                                    |                           MUNOC_MODULE_16__parameterized1 |          9 |          9 |       0 |    0 |    11 |      0 |      0 |          0 |
|             i_munoc_instance_0                                      |                          ERVP_SMALL_FIFO__parameterized21 |          7 |          7 |       0 |    0 |     4 |      0 |      0 |          0 |
|               i_rvx_instance_1                                      |                   ERVP_SHIFT_REGISTER__parameterized2_415 |          7 |          7 |       0 |    0 |     4 |      0 |      0 |          0 |
|           i_munoc_instance_4                                        |                          ERVP_SMALL_FIFO__parameterized24 |          4 |          4 |       0 |    0 |     4 |      0 |      0 |          0 |
|             i_rvx_instance_1                                        |                       ERVP_SHIFT_REGISTER__parameterized2 |          4 |          4 |       0 |    0 |     4 |      0 |      0 |          0 |
|           i_munoc_instance_5                                        |                                       MUNOC_MODULE_00_410 |          8 |          8 |       0 |    0 |     2 |      0 |      0 |          0 |
|           i_munoc_instance_6                                        |                      ERVP_SMALL_FIFO__parameterized20_411 |         13 |         13 |       0 |    0 |    18 |      0 |      0 |          0 |
|             (i_munoc_instance_6)                                    |                      ERVP_SMALL_FIFO__parameterized20_411 |          0 |          0 |       0 |    0 |    12 |      0 |      0 |          0 |
|             i_rvx_instance_0                                        |     ERVP_COUNTER_WITH_ONEHOT_ENCODING__parameterized0_412 |          8 |          8 |       0 |    0 |     2 |      0 |      0 |          0 |
|             i_rvx_instance_1                                        |                   ERVP_SHIFT_REGISTER__parameterized0_413 |          3 |          3 |       0 |    0 |     2 |      0 |      0 |          0 |
|             i_rvx_instance_2                                        |     ERVP_COUNTER_WITH_ONEHOT_ENCODING__parameterized0_414 |          2 |          2 |       0 |    0 |     2 |      0 |      0 |          0 |
|         i_munoc_instance_1                                          |                           MUNOC_MODULE_14__parameterized1 |          1 |          1 |       0 |    0 |     0 |      0 |      0 |          0 |
|       i_snim_platform_controller_no_name                            |              MUNOC_APB_SLAVE_NETWORK_INTERFACE_MODULE_343 |        489 |        489 |       0 |    0 |   846 |      0 |      0 |          0 |
|         i_munoc_instance_0                                          |                           MUNOC_MODULE_36__parameterized1 |        331 |        331 |       0 |    0 |   528 |      0 |      0 |          0 |
|           i_munoc_instance_0                                        |                                           MUNOC_MODULE_35 |         40 |         40 |       0 |    0 |    56 |      0 |      0 |          0 |
|             (i_munoc_instance_0)                                    |                                           MUNOC_MODULE_35 |          2 |          2 |       0 |    0 |     3 |      0 |      0 |          0 |
|             i_munoc_instance_0                                      |                                           MUNOC_MODULE_29 |         10 |         10 |       0 |    0 |    10 |      0 |      0 |          0 |
|             i_munoc_instance_1                                      |                                           MUNOC_MODULE_40 |         29 |         29 |       0 |    0 |    43 |      0 |      0 |          0 |
|           i_munoc_instance_1                                        |                           MUNOC_MODULE_25__parameterized1 |         50 |         50 |       0 |    0 |    92 |      0 |      0 |          0 |
|             i_gen_rdata_buffer[0].i_munoc_instance_1                |                          ERVP_SMALL_FIFO__parameterized27 |         34 |         34 |       0 |    0 |    70 |      0 |      0 |          0 |
|               (i_gen_rdata_buffer[0].i_munoc_instance_1)            |                          ERVP_SMALL_FIFO__parameterized27 |          0 |          0 |       0 |    0 |    64 |      0 |      0 |          0 |
|               i_rvx_instance_0                                      |     ERVP_COUNTER_WITH_ONEHOT_ENCODING__parameterized0_406 |         32 |         32 |       0 |    0 |     2 |      0 |      0 |          0 |
|               i_rvx_instance_1                                      |                   ERVP_SHIFT_REGISTER__parameterized0_407 |          1 |          1 |       0 |    0 |     2 |      0 |      0 |          0 |
|               i_rvx_instance_2                                      |     ERVP_COUNTER_WITH_ONEHOT_ENCODING__parameterized0_408 |          1 |          1 |       0 |    0 |     2 |      0 |      0 |          0 |
|             i_munoc_instance_0                                      |                          ERVP_SMALL_FIFO__parameterized28 |         16 |         16 |       0 |    0 |    22 |      0 |      0 |          0 |
|               (i_munoc_instance_0)                                  |                          ERVP_SMALL_FIFO__parameterized28 |          0 |          0 |       0 |    0 |    16 |      0 |      0 |          0 |
|               i_rvx_instance_0                                      |     ERVP_COUNTER_WITH_ONEHOT_ENCODING__parameterized0_403 |         10 |         10 |       0 |    0 |     2 |      0 |      0 |          0 |
|               i_rvx_instance_1                                      |                   ERVP_SHIFT_REGISTER__parameterized0_404 |          5 |          5 |       0 |    0 |     2 |      0 |      0 |          0 |
|               i_rvx_instance_2                                      |     ERVP_COUNTER_WITH_ONEHOT_ENCODING__parameterized0_405 |          1 |          1 |       0 |    0 |     2 |      0 |      0 |          0 |
|           i_munoc_instance_2                                        |                           MUNOC_MODULE_47__parameterized0 |        205 |        205 |       0 |    0 |   343 |      0 |      0 |          0 |
|             i_munoc_instance_0                                      |                           MUNOC_MODULE_31__parameterized2 |        163 |        163 |       0 |    0 |   272 |      0 |      0 |          0 |
|               i_gen_buffer[0].i_munoc_instance_0                    |                          ERVP_SMALL_FIFO__parameterized18 |        163 |        163 |       0 |    0 |   272 |      0 |      0 |          0 |
|                 (i_gen_buffer[0].i_munoc_instance_0)                |                          ERVP_SMALL_FIFO__parameterized18 |          0 |          0 |       0 |    0 |   248 |      0 |      0 |          0 |
|                 i_rvx_instance_0                                    |                         ERVP_COUNTER_WITH_ONEHOT_ENCODING |        147 |        147 |       0 |    0 |     8 |      0 |      0 |          0 |
|                 i_rvx_instance_1                                    |                                       ERVP_SHIFT_REGISTER |         12 |         12 |       0 |    0 |     8 |      0 |      0 |          0 |
|                 i_rvx_instance_2                                    |                     ERVP_COUNTER_WITH_ONEHOT_ENCODING_402 |          4 |          4 |       0 |    0 |     8 |      0 |      0 |          0 |
|             i_munoc_instance_1                                      |                                           MUNOC_MODULE_34 |          0 |          0 |       0 |    0 |     1 |      0 |      0 |          0 |
|             i_munoc_instance_2                                      |                           MUNOC_MODULE_31__parameterized4 |         42 |         42 |       0 |    0 |    70 |      0 |      0 |          0 |
|               i_gen_buffer[0].i_munoc_instance_0                    |                          ERVP_SMALL_FIFO__parameterized26 |         42 |         42 |       0 |    0 |    70 |      0 |      0 |          0 |
|                 (i_gen_buffer[0].i_munoc_instance_0)                |                          ERVP_SMALL_FIFO__parameterized26 |          0 |          0 |       0 |    0 |    64 |      0 |      0 |          0 |
|                 i_rvx_instance_0                                    |     ERVP_COUNTER_WITH_ONEHOT_ENCODING__parameterized0_399 |          2 |          2 |       0 |    0 |     2 |      0 |      0 |          0 |
|                 i_rvx_instance_1                                    |                   ERVP_SHIFT_REGISTER__parameterized0_400 |          6 |          6 |       0 |    0 |     2 |      0 |      0 |          0 |
|                 i_rvx_instance_2                                    |     ERVP_COUNTER_WITH_ONEHOT_ENCODING__parameterized0_401 |          2 |          2 |       0 |    0 |     2 |      0 |      0 |          0 |
|                 i_rvx_instance_3                                    |      ERVP_MUX_WITH_ONEHOT_ENCODED_SELECT__parameterized35 |         32 |         32 |       0 |    0 |     0 |      0 |      0 |          0 |
|           i_munoc_instance_3                                        |                                           MUNOC_MODULE_16 |         13 |         13 |       0 |    0 |    13 |      0 |      0 |          0 |
|             (i_munoc_instance_3)                                    |                                           MUNOC_MODULE_16 |          9 |          9 |       0 |    0 |    11 |      0 |      0 |          0 |
|             i_munoc_instance_0                                      |                           ERVP_SMALL_FIFO__parameterized2 |          4 |          4 |       0 |    0 |     2 |      0 |      0 |          0 |
|               i_rvx_instance_1                                      |                   ERVP_SHIFT_REGISTER__parameterized0_398 |          4 |          4 |       0 |    0 |     2 |      0 |      0 |          0 |
|           i_munoc_instance_4                                        |                          ERVP_SMALL_FIFO__parameterized29 |          2 |          2 |       0 |    0 |     2 |      0 |      0 |          0 |
|             i_rvx_instance_1                                        |                   ERVP_SHIFT_REGISTER__parameterized0_397 |          2 |          2 |       0 |    0 |     2 |      0 |      0 |          0 |
|           i_munoc_instance_5                                        |                                           MUNOC_MODULE_00 |         10 |         10 |       0 |    0 |     2 |      0 |      0 |          0 |
|           i_munoc_instance_6                                        |                          ERVP_SMALL_FIFO__parameterized20 |         11 |         11 |       0 |    0 |    20 |      0 |      0 |          0 |
|             (i_munoc_instance_6)                                    |                          ERVP_SMALL_FIFO__parameterized20 |          0 |          0 |       0 |    0 |    14 |      0 |      0 |          0 |
|             i_rvx_instance_0                                        |         ERVP_COUNTER_WITH_ONEHOT_ENCODING__parameterized0 |          9 |          9 |       0 |    0 |     2 |      0 |      0 |          0 |
|             i_rvx_instance_1                                        |                       ERVP_SHIFT_REGISTER__parameterized0 |          0 |          0 |       0 |    0 |     2 |      0 |      0 |          0 |
|             i_rvx_instance_2                                        |     ERVP_COUNTER_WITH_ONEHOT_ENCODING__parameterized0_396 |          2 |          2 |       0 |    0 |     2 |      0 |      0 |          0 |
|         i_munoc_instance_1                                          |                                           MUNOC_MODULE_08 |        158 |        158 |       0 |    0 |   318 |      0 |      0 |          0 |
|           (i_munoc_instance_1)                                      |                                           MUNOC_MODULE_08 |          1 |          1 |       0 |    0 |     0 |      0 |      0 |          0 |
|           i_munoc_instance_3                                        |                                  MUNOC_AXI2APB_CONVERTER_ |        157 |        157 |       0 |    0 |   318 |      0 |      0 |          0 |
|             i_munoc_instance_0                                      |                                            RVX_MODULE_007 |         64 |         64 |       0 |    0 |   148 |      0 |      0 |          0 |
|               i_rvx_instance_0                                      |                                            RVX_MODULE_017 |          5 |          5 |       0 |    0 |     3 |      0 |      0 |          0 |
|               i_rvx_instance_1                                      |                                        RVX_MODULE_022_386 |         59 |         59 |       0 |    0 |   145 |      0 |      0 |          0 |
|                 i_rvx_instance_0                                    |                             ERVP_FIFO__parameterized0_387 |         18 |         18 |       0 |    0 |    31 |      0 |      0 |          0 |
|                   (i_rvx_instance_0)                                |                             ERVP_FIFO__parameterized0_387 |          0 |          0 |       0 |    0 |    24 |      0 |      0 |          0 |
|                   i_rvx_instance_0                                  |                          ERVP_COUNTER__parameterized6_392 |          1 |          1 |       0 |    0 |     2 |      0 |      0 |          0 |
|                   i_rvx_instance_2                                  |                   ERVP_UPDOWN_COUNTER__parameterized2_393 |          8 |          8 |       0 |    0 |     3 |      0 |      0 |          0 |
|                   i_rvx_instance_3                                  |                          ERVP_COUNTER__parameterized6_394 |          3 |          3 |       0 |    0 |     2 |      0 |      0 |          0 |
|                   i_rvx_instance_4                                  |                              ERVP_MUX__parameterized5_395 |          6 |          6 |       0 |    0 |     0 |      0 |      0 |          0 |
|                 i_rvx_instance_1                                    |                       ERVP_SMALL_FIFO__parameterized4_388 |         41 |         41 |       0 |    0 |   114 |      0 |      0 |          0 |
|                   (i_rvx_instance_1)                                |                       ERVP_SMALL_FIFO__parameterized4_388 |          0 |          0 |       0 |    0 |   105 |      0 |      0 |          0 |
|                   i_rvx_instance_0                                  |     ERVP_COUNTER_WITH_ONEHOT_ENCODING__parameterized3_389 |         35 |         35 |       0 |    0 |     3 |      0 |      0 |          0 |
|                   i_rvx_instance_1                                  |                   ERVP_SHIFT_REGISTER__parameterized1_390 |          3 |          3 |       0 |    0 |     3 |      0 |      0 |          0 |
|                   i_rvx_instance_2                                  |     ERVP_COUNTER_WITH_ONEHOT_ENCODING__parameterized3_391 |          3 |          3 |       0 |    0 |     3 |      0 |      0 |          0 |
|             i_munoc_instance_1                                      |                                           MUNOC_AXI2LPIXS |         93 |         93 |       0 |    0 |   170 |      0 |      0 |          0 |
|               i_rvx_instance_0                                      |                                        RVX_MODULE_095_377 |         49 |         49 |       0 |    0 |   131 |      0 |      0 |          0 |
|                 i_rvx_instance_0                                    |                       ERVP_SMALL_FIFO__parameterized3_381 |         46 |         46 |       0 |    0 |   129 |      0 |      0 |          0 |
|                   (i_rvx_instance_0)                                |                       ERVP_SMALL_FIFO__parameterized3_381 |          0 |          0 |       0 |    0 |   120 |      0 |      0 |          0 |
|                   i_rvx_instance_0                                  |     ERVP_COUNTER_WITH_ONEHOT_ENCODING__parameterized3_383 |         43 |         43 |       0 |    0 |     3 |      0 |      0 |          0 |
|                   i_rvx_instance_1                                  |                   ERVP_SHIFT_REGISTER__parameterized1_384 |          3 |          3 |       0 |    0 |     3 |      0 |      0 |          0 |
|                   i_rvx_instance_2                                  |     ERVP_COUNTER_WITH_ONEHOT_ENCODING__parameterized3_385 |          0 |          0 |       0 |    0 |     3 |      0 |      0 |          0 |
|                 i_rvx_instance_1                                    |                                          ERVP_GRANTER_382 |          3 |          3 |       0 |    0 |     2 |      0 |      0 |          0 |
|               i_rvx_instance_1                                      |                                        RVX_MODULE_092_378 |         44 |         44 |       0 |    0 |    39 |      0 |      0 |          0 |
|                 i_rvx_instance_0                                    |                                        RVX_MODULE_036_379 |         44 |         44 |       0 |    0 |    39 |      0 |      0 |          0 |
|                   (i_rvx_instance_0)                                |                                        RVX_MODULE_036_379 |          1 |          1 |       0 |    0 |     7 |      0 |      0 |          0 |
|                   i_rvx_instance_0                                  |                                        RVX_MODULE_111_380 |         43 |         43 |       0 |    0 |    32 |      0 |      0 |          0 |
|       i_system_router                                               |                                 MUNOC_NETWORK_DUAL_ROUTER |        764 |        764 |       0 |    0 |   444 |      0 |      0 |          0 |
|         i_munoc_instance_0                                          |                                      MUNOC_NETWORK_ROUTER |        357 |        357 |       0 |    0 |   183 |      0 |      0 |          0 |
|           i_arbiter_gen[0].i_munoc_instance_2                       |                                           MUNOC_MODULE_38 |         52 |         52 |       0 |    0 |     7 |      0 |      0 |          0 |
|           i_arbiter_gen[1].i_munoc_instance_2                       |                                       MUNOC_MODULE_38_368 |         57 |         57 |       0 |    0 |     7 |      0 |      0 |          0 |
|           i_arbiter_gen[2].i_munoc_instance_2                       |                                       MUNOC_MODULE_38_369 |         42 |         42 |       0 |    0 |     7 |      0 |      0 |          0 |
|           i_arbiter_gen[3].i_munoc_instance_2                       |                                       MUNOC_MODULE_38_370 |         53 |         53 |       0 |    0 |     7 |      0 |      0 |          0 |
|           i_arbiter_gen[4].i_munoc_instance_2                       |                                       MUNOC_MODULE_38_371 |         54 |         54 |       0 |    0 |     7 |      0 |      0 |          0 |
|           i_arbiter_gen[5].i_munoc_instance_2                       |                                       MUNOC_MODULE_38_372 |         55 |         55 |       0 |    0 |     7 |      0 |      0 |          0 |
|           i_input_port_with_routinhg_info[0].i_munoc_instance_1     |                                           MUNOC_MODULE_04 |         14 |         14 |       0 |    0 |    44 |      0 |      0 |          0 |
|             (i_input_port_with_routinhg_info[0].i_munoc_instance_1) |                                           MUNOC_MODULE_04 |          0 |          0 |       0 |    0 |     4 |      0 |      0 |          0 |
|             i_munoc_instance_1                                      |                                        RVX_MODULE_076_376 |         14 |         14 |       0 |    0 |    40 |      0 |      0 |          0 |
|           i_input_port_with_routinhg_info[1].i_munoc_instance_1     |                                       MUNOC_MODULE_04_373 |         15 |         15 |       0 |    0 |    48 |      0 |      0 |          0 |
|             (i_input_port_with_routinhg_info[1].i_munoc_instance_1) |                                       MUNOC_MODULE_04_373 |          0 |          0 |       0 |    0 |     4 |      0 |      0 |          0 |
|             i_munoc_instance_1                                      |                                        RVX_MODULE_076_375 |         15 |         15 |       0 |    0 |    44 |      0 |      0 |          0 |
|           i_input_port_with_routinhg_info[2].i_munoc_instance_1     |                                       MUNOC_MODULE_04_374 |         15 |         15 |       0 |    0 |    49 |      0 |      0 |          0 |
|             (i_input_port_with_routinhg_info[2].i_munoc_instance_1) |                                       MUNOC_MODULE_04_374 |          0 |          0 |       0 |    0 |     4 |      0 |      0 |          0 |
|             i_munoc_instance_1                                      |                                            RVX_MODULE_076 |         15 |         15 |       0 |    0 |    45 |      0 |      0 |          0 |
|         i_munoc_instance_1                                          |                      MUNOC_NETWORK_ROUTER__parameterized0 |        407 |        407 |       0 |    0 |   261 |      0 |      0 |          0 |
|           (i_munoc_instance_1)                                      |                      MUNOC_NETWORK_ROUTER__parameterized0 |          6 |          6 |       0 |    0 |     0 |      0 |      0 |          0 |
|           i_arbiter_gen[0].i_munoc_instance_2                       |                           MUNOC_MODULE_38__parameterized0 |        109 |        109 |       0 |    0 |    13 |      0 |      0 |          0 |
|           i_arbiter_gen[1].i_munoc_instance_2                       |                       MUNOC_MODULE_38__parameterized0_356 |        113 |        113 |       0 |    0 |    13 |      0 |      0 |          0 |
|           i_arbiter_gen[2].i_munoc_instance_2                       |                       MUNOC_MODULE_38__parameterized0_357 |        109 |        109 |       0 |    0 |    13 |      0 |      0 |          0 |
|           i_input_port_with_routinhg_info[0].i_munoc_instance_1     |                           MUNOC_MODULE_04__parameterized0 |         18 |         18 |       0 |    0 |    40 |      0 |      0 |          0 |
|             (i_input_port_with_routinhg_info[0].i_munoc_instance_1) |                           MUNOC_MODULE_04__parameterized0 |          0 |          0 |       0 |    0 |     3 |      0 |      0 |          0 |
|             i_munoc_instance_1                                      |                        RVX_MODULE_076__parameterized0_367 |         18 |         18 |       0 |    0 |    37 |      0 |      0 |          0 |
|           i_input_port_with_routinhg_info[1].i_munoc_instance_1     |                       MUNOC_MODULE_04__parameterized0_358 |         12 |         12 |       0 |    0 |    40 |      0 |      0 |          0 |
|             (i_input_port_with_routinhg_info[1].i_munoc_instance_1) |                       MUNOC_MODULE_04__parameterized0_358 |          0 |          0 |       0 |    0 |     3 |      0 |      0 |          0 |
|             i_munoc_instance_1                                      |                        RVX_MODULE_076__parameterized0_366 |         12 |         12 |       0 |    0 |    37 |      0 |      0 |          0 |
|           i_input_port_with_routinhg_info[2].i_munoc_instance_1     |                       MUNOC_MODULE_04__parameterized0_359 |          9 |          9 |       0 |    0 |    40 |      0 |      0 |          0 |
|             (i_input_port_with_routinhg_info[2].i_munoc_instance_1) |                       MUNOC_MODULE_04__parameterized0_359 |          0 |          0 |       0 |    0 |     3 |      0 |      0 |          0 |
|             i_munoc_instance_1                                      |                        RVX_MODULE_076__parameterized0_365 |          9 |          9 |       0 |    0 |    37 |      0 |      0 |          0 |
|           i_input_port_with_routinhg_info[3].i_munoc_instance_1     |                       MUNOC_MODULE_04__parameterized0_360 |         11 |         11 |       0 |    0 |    40 |      0 |      0 |          0 |
|             (i_input_port_with_routinhg_info[3].i_munoc_instance_1) |                       MUNOC_MODULE_04__parameterized0_360 |          0 |          0 |       0 |    0 |     3 |      0 |      0 |          0 |
|             i_munoc_instance_1                                      |                        RVX_MODULE_076__parameterized0_364 |         11 |         11 |       0 |    0 |    37 |      0 |      0 |          0 |
|           i_input_port_with_routinhg_info[4].i_munoc_instance_1     |                       MUNOC_MODULE_04__parameterized0_361 |         12 |         12 |       0 |    0 |    40 |      0 |      0 |          0 |
|             (i_input_port_with_routinhg_info[4].i_munoc_instance_1) |                       MUNOC_MODULE_04__parameterized0_361 |          0 |          0 |       0 |    0 |     3 |      0 |      0 |          0 |
|             i_munoc_instance_1                                      |                        RVX_MODULE_076__parameterized0_363 |         12 |         12 |       0 |    0 |    37 |      0 |      0 |          0 |
|           i_input_port_with_routinhg_info[5].i_munoc_instance_1     |                       MUNOC_MODULE_04__parameterized0_362 |          8 |          8 |       0 |    0 |    22 |      0 |      0 |          0 |
|             (i_input_port_with_routinhg_info[5].i_munoc_instance_1) |                       MUNOC_MODULE_04__parameterized0_362 |          0 |          0 |       0 |    0 |     3 |      0 |      0 |          0 |
|             i_munoc_instance_1                                      |                            RVX_MODULE_076__parameterized0 |          8 |          8 |       0 |    0 |    19 |      0 |      0 |          0 |
|       platform_controller                                           |                                  ERVP_PLATFORM_CONTROLLER |       1732 |       1732 |       0 |    0 |  5005 |      0 |      0 |          0 |
|         i_rvx_instance_1                                            |                                            RVX_MODULE_118 |         33 |         33 |       0 |    0 |    77 |      0 |      0 |          0 |
|           i_rvx_instance_5                                          |                                        RVX_MODULE_101_354 |         33 |         33 |       0 |    0 |    77 |      0 |      0 |          0 |
|             (i_rvx_instance_5)                                      |                                        RVX_MODULE_101_354 |          0 |          0 |       0 |    0 |     3 |      0 |      0 |          0 |
|             i_rvx_instance_0                                        |                                        RVX_MODULE_026_355 |         33 |         33 |       0 |    0 |    74 |      0 |      0 |          0 |
|         i_rvx_instance_2                                            |                              ERVP_APB_BUS__parameterized2 |         12 |         12 |       0 |    0 |     0 |      0 |      0 |          0 |
|           i_rvx_instance_0                                          |                            RVX_MODULE_051__parameterized2 |         12 |         12 |       0 |    0 |     0 |      0 |      0 |          0 |
|         i_rvx_instance_3                                            |                                            RVX_MODULE_123 |         39 |         39 |       0 |    0 |    25 |      0 |      0 |          0 |
|           (i_rvx_instance_3)                                        |                                            RVX_MODULE_123 |         27 |         27 |       0 |    0 |    19 |      0 |      0 |          0 |
|           i_rvx_instance_1                                          |                              ERVP_COUNTER__parameterized5 |         12 |         12 |       0 |    0 |     6 |      0 |      0 |          0 |
|         i_rvx_instance_4                                            |                                            RVX_MODULE_009 |       1474 |       1474 |       0 |    0 |  4607 |      0 |      0 |          0 |
|           (i_rvx_instance_4)                                        |                                            RVX_MODULE_009 |          1 |          1 |       0 |    0 |     0 |      0 |      0 |          0 |
|           i_rvx_instance_0                                          |                                            RVX_MODULE_103 |        100 |        100 |       0 |    0 |   127 |      0 |      0 |          0 |
|             (i_rvx_instance_0)                                      |                                            RVX_MODULE_103 |          9 |          9 |       0 |    0 |    47 |      0 |      0 |          0 |
|             i_rvx_instance_0                                        |                            RVX_MODULE_013__parameterized0 |          1 |          1 |       0 |    0 |    64 |      0 |      0 |          0 |
|             i_rvx_instance_1                                        |                                            RVX_MODULE_013 |         90 |         90 |       0 |    0 |    16 |      0 |      0 |          0 |
|           i_rvx_instance_1                                          |                                            RVX_MODULE_029 |       1233 |       1233 |       0 |    0 |  4235 |      0 |      0 |          0 |
|             (i_rvx_instance_1)                                      |                                            RVX_MODULE_029 |          0 |          0 |       0 |    0 |     5 |      0 |      0 |          0 |
|             i_rvx_instance_0                                        |                                     ERVP_SYNCHRONIZER_346 |          1 |          1 |       0 |    0 |     2 |      0 |      0 |          0 |
|             i_rvx_instance_1                                        |                     ERVP_SYNCHRONIZER__parameterized0_347 |          0 |          0 |       0 |    0 |    66 |      0 |      0 |          0 |
|             i_rvx_instance_2                                        |                                                 ERVP_FIFO |        635 |        635 |       0 |    0 |  2084 |      0 |      0 |          0 |
|               (i_rvx_instance_2)                                    |                                                 ERVP_FIFO |          0 |          0 |       0 |    0 |  2048 |      0 |      0 |          0 |
|               i_rvx_instance_0                                      |                          ERVP_COUNTER__parameterized3_350 |          4 |          4 |       0 |    0 |    18 |      0 |      0 |          0 |
|               i_rvx_instance_1                                      |                       ERVP_UPDOWN_COUNTER__parameterized1 |          3 |          3 |       0 |    0 |     6 |      0 |      0 |          0 |
|               i_rvx_instance_2                                      |                   ERVP_UPDOWN_COUNTER__parameterized0_351 |         19 |         19 |       0 |    0 |     6 |      0 |      0 |          0 |
|               i_rvx_instance_3                                      |                          ERVP_COUNTER__parameterized3_352 |         66 |         66 |       0 |    0 |     6 |      0 |      0 |          0 |
|               i_rvx_instance_4                                      |                                              ERVP_MUX_353 |        544 |        544 |       0 |    0 |     0 |      0 |      0 |          0 |
|             i_rvx_instance_3                                        |                                             ERVP_FIFO_348 |        598 |        598 |       0 |    0 |  2078 |      0 |      0 |          0 |
|               (i_rvx_instance_3)                                    |                                             ERVP_FIFO_348 |          0 |          0 |       0 |    0 |  2048 |      0 |      0 |          0 |
|               i_rvx_instance_0                                      |                              ERVP_COUNTER__parameterized3 |          4 |          4 |       0 |    0 |    18 |      0 |      0 |          0 |
|               i_rvx_instance_2                                      |                       ERVP_UPDOWN_COUNTER__parameterized0 |         12 |         12 |       0 |    0 |     6 |      0 |      0 |          0 |
|               i_rvx_instance_3                                      |                          ERVP_COUNTER__parameterized3_349 |         38 |         38 |       0 |    0 |     6 |      0 |      0 |          0 |
|               i_rvx_instance_4                                      |                                                  ERVP_MUX |        544 |        544 |       0 |    0 |     0 |      0 |      0 |          0 |
|           i_rvx_instance_2                                          |                                            RVX_MODULE_065 |        135 |        135 |       0 |    0 |   119 |      0 |      0 |          0 |
|             (i_rvx_instance_2)                                      |                                            RVX_MODULE_065 |        111 |        111 |       0 |    0 |   103 |      0 |      0 |          0 |
|             i_rvx_instance_0                                        |                              ERVP_COUNTER__parameterized4 |         25 |         25 |       0 |    0 |    16 |      0 |      0 |          0 |
|           i_rvx_instance_3                                          |                                            RVX_MODULE_108 |          7 |          7 |       0 |    0 |   126 |      0 |      0 |          0 |
|             (i_rvx_instance_3)                                      |                                            RVX_MODULE_108 |          0 |          0 |       0 |    0 |    34 |      0 |      0 |          0 |
|             i_rvx_instance_0                                        |                         ERVP_SYNCHRONIZER__parameterized1 |          5 |          5 |       0 |    0 |    78 |      0 |      0 |          0 |
|             i_rvx_instance_1                                        |                         ERVP_SYNCHRONIZER__parameterized0 |          2 |          2 |       0 |    0 |    14 |      0 |      0 |          0 |
|         i_rvx_instance_5                                            |                                            RVX_MODULE_058 |        175 |        175 |       0 |    0 |   296 |      0 |      0 |          0 |
|           (i_rvx_instance_5)                                        |                                            RVX_MODULE_058 |          1 |          1 |       0 |    0 |     7 |      0 |      0 |          0 |
|           i_rvx_instance_0                                          |                                         ERVP_SYNCHRONIZER |          3 |          3 |       0 |    0 |     0 |      0 |      0 |          0 |
|           i_rvx_instance_1                                          |                         ERVP_SYNCHRONIZER__parameterized2 |          0 |          0 |       0 |    0 |    64 |      0 |      0 |          0 |
|           i_rvx_instance_2                                          |                                            RVX_MODULE_101 |        171 |        171 |       0 |    0 |   127 |      0 |      0 |          0 |
|             (i_rvx_instance_2)                                      |                                            RVX_MODULE_101 |          0 |          0 |       0 |    0 |     3 |      0 |      0 |          0 |
|             i_rvx_instance_0                                        |                                            RVX_MODULE_026 |        171 |        171 |       0 |    0 |   124 |      0 |      0 |          0 |
|           i_rvx_instance_3                                          |                     ERVP_SYNCHRONIZER__parameterized2_344 |          0 |          0 |       0 |    0 |    64 |      0 |      0 |          0 |
|           i_rvx_instance_4                                          |                                     ERVP_SYNCHRONIZER_345 |          0 |          0 |       0 |    0 |     2 |      0 |      0 |          0 |
|           i_rvx_instance_6                                          |                                            RVX_MODULE_031 |          0 |          0 |       0 |    0 |    32 |      0 |      0 |          0 |
|     i_system_sram                                                   |                                 TIP_EMAMBA_V1_SRAM_AXI_01 |        162 |        162 |       0 |    0 |   310 |     32 |      0 |          0 |
|       generate_cell[0].i_cell                                       |                                     ERVP_MEMORY_CELL_1R1W |          0 |          0 |       0 |    0 |     0 |     32 |      0 |          0 |
|       i_controller                                                  |                                ERVP_SPSRAM_CONTROLLER_AXI |        162 |        162 |       0 |    0 |   310 |      0 |      0 |          0 |
|         i_rvx_instance_0                                            |                                            RVX_MODULE_088 |        162 |        162 |       0 |    0 |   310 |      0 |      0 |          0 |
|           i_rvx_instance_0                                          |                                         MUNOC_LPIXM2SCELL |        113 |        113 |       0 |    0 |   182 |      0 |      0 |          0 |
|             i_rvx_instance_0                                        |                                            RVX_MODULE_016 |         70 |         70 |       0 |    0 |   145 |      0 |      0 |          0 |
|               i_rvx_instance_0                                      |                                            RVX_MODULE_072 |         16 |         16 |       0 |    0 |     3 |      0 |      0 |          0 |
|               i_rvx_instance_1                                      |                                            RVX_MODULE_022 |         54 |         54 |       0 |    0 |   142 |      0 |      0 |          0 |
|                 i_rvx_instance_0                                    |                                 ERVP_FIFO__parameterized0 |         15 |         15 |       0 |    0 |    31 |      0 |      0 |          0 |
|                   (i_rvx_instance_0)                                |                                 ERVP_FIFO__parameterized0 |          0 |          0 |       0 |    0 |    24 |      0 |      0 |          0 |
|                   i_rvx_instance_0                                  |                              ERVP_COUNTER__parameterized6 |          1 |          1 |       0 |    0 |     2 |      0 |      0 |          0 |
|                   i_rvx_instance_2                                  |                       ERVP_UPDOWN_COUNTER__parameterized2 |          8 |          8 |       0 |    0 |     3 |      0 |      0 |          0 |
|                   i_rvx_instance_3                                  |                          ERVP_COUNTER__parameterized6_341 |          0 |          0 |       0 |    0 |     2 |      0 |      0 |          0 |
|                   i_rvx_instance_4                                  |                                  ERVP_MUX__parameterized5 |          6 |          6 |       0 |    0 |     0 |      0 |      0 |          0 |
|                 i_rvx_instance_1                                    |                           ERVP_SMALL_FIFO__parameterized4 |         39 |         39 |       0 |    0 |   111 |      0 |      0 |          0 |
|                   (i_rvx_instance_1)                                |                           ERVP_SMALL_FIFO__parameterized4 |          0 |          0 |       0 |    0 |   102 |      0 |      0 |          0 |
|                   i_rvx_instance_0                                  |     ERVP_COUNTER_WITH_ONEHOT_ENCODING__parameterized3_338 |         34 |         34 |       0 |    0 |     3 |      0 |      0 |          0 |
|                   i_rvx_instance_1                                  |                   ERVP_SHIFT_REGISTER__parameterized1_339 |          2 |          2 |       0 |    0 |     3 |      0 |      0 |          0 |
|                   i_rvx_instance_2                                  |     ERVP_COUNTER_WITH_ONEHOT_ENCODING__parameterized3_340 |          3 |          3 |       0 |    0 |     3 |      0 |      0 |          0 |
|             i_rvx_instance_1                                        |                                            RVX_MODULE_092 |         44 |         44 |       0 |    0 |    37 |      0 |      0 |          0 |
|               i_rvx_instance_0                                      |                                            RVX_MODULE_036 |         44 |         44 |       0 |    0 |    37 |      0 |      0 |          0 |
|                 (i_rvx_instance_0)                                  |                                            RVX_MODULE_036 |          0 |          0 |       0 |    0 |     7 |      0 |      0 |          0 |
|                 i_rvx_instance_0                                    |                                            RVX_MODULE_111 |         44 |         44 |       0 |    0 |    30 |      0 |      0 |          0 |
|           i_rvx_instance_1                                          |                                            RVX_MODULE_095 |         49 |         49 |       0 |    0 |   128 |      0 |      0 |          0 |
|             i_rvx_instance_0                                        |                           ERVP_SMALL_FIFO__parameterized3 |         45 |         45 |       0 |    0 |   126 |      0 |      0 |          0 |
|               (i_rvx_instance_0)                                    |                           ERVP_SMALL_FIFO__parameterized3 |          0 |          0 |       0 |    0 |   117 |      0 |      0 |          0 |
|               i_rvx_instance_0                                      |         ERVP_COUNTER_WITH_ONEHOT_ENCODING__parameterized3 |         42 |         42 |       0 |    0 |     3 |      0 |      0 |          0 |
|               i_rvx_instance_1                                      |                       ERVP_SHIFT_REGISTER__parameterized1 |          3 |          3 |       0 |    0 |     3 |      0 |      0 |          0 |
|               i_rvx_instance_2                                      |     ERVP_COUNTER_WITH_ONEHOT_ENCODING__parameterized3_337 |          0 |          0 |       0 |    0 |     3 |      0 |      0 |          0 |
|             i_rvx_instance_1                                        |                                              ERVP_GRANTER |          4 |          4 |       0 |    0 |     2 |      0 |      0 |          0 |
|     my_emamba_ip                                                    |                                                 eMamba_IP |     104950 |     104170 |       0 |  780 | 59051 |      0 |      0 |        296 |
|       S_AXI                                                         |                                                     S_AXI |       4728 |       4728 |       0 |    0 | 10963 |      0 |      0 |          0 |
|       eMamba                                                        |                                                    eMamba |     100276 |      99496 |       0 |  780 | 48088 |      0 |      0 |        296 |
|         (eMamba)                                                    |                                                    eMamba |         20 |         20 |       0 |    0 |    14 |      0 |      0 |          0 |
|         MAMBA_1st                                                   |                                                     MAMBA |      47672 |      47272 |       0 |  400 | 23185 |      0 |      0 |        112 |
|           (MAMBA_1st)                                               |                                                     MAMBA |       1219 |        819 |       0 |  400 |   460 |      0 |      0 |          0 |
|           Convolution1D                                             |                                             Convolution1D |       3215 |       3215 |       0 |    0 |   651 |      0 |      0 |          0 |
|             (Convolution1D)                                         |                                             Convolution1D |       1357 |       1357 |       0 |    0 |   651 |      0 |      0 |          0 |
|             matMult_40                                              |                                                matMult_40 |       2361 |       2361 |       0 |    0 |     0 |      0 |      0 |          0 |
|               activator_dOut                                        |                                                 activator |       2361 |       2361 |       0 |    0 |     0 |      0 |      0 |          0 |
|                 shifter_right                                       |                             shifter_right__parameterized4 |       2361 |       2361 |       0 |    0 |     0 |      0 |      0 |          0 |
|           ElementWise_Add                                           |                                           ElementWise_Add |        254 |        254 |       0 |    0 |     0 |      0 |      0 |          0 |
|           LightNorm                                                 |                                                 LightNorm |       5284 |       5284 |       0 |    0 |  1317 |      0 |      0 |         40 |
|             (LightNorm)                                             |                                                 LightNorm |          3 |          3 |       0 |    0 |   324 |      0 |      0 |          0 |
|             LightNorm_compute[0].LightNorm_compute                  |                                     LightNorm_compute_247 |        159 |        159 |       0 |    0 |    49 |      0 |      0 |          2 |
|               (LightNorm_compute[0].LightNorm_compute)              |                                     LightNorm_compute_247 |          0 |          0 |       0 |    0 |     0 |      0 |      0 |          2 |
|               divider                                               |                            xil_internal_svlib_divider_336 |        159 |        159 |       0 |    0 |    49 |      0 |      0 |          0 |
|             LightNorm_compute[10].LightNorm_compute                 |                                     LightNorm_compute_248 |        158 |        158 |       0 |    0 |    49 |      0 |      0 |          2 |
|               (LightNorm_compute[10].LightNorm_compute)             |                                     LightNorm_compute_248 |          0 |          0 |       0 |    0 |     0 |      0 |      0 |          2 |
|               divider                                               |                            xil_internal_svlib_divider_335 |        158 |        158 |       0 |    0 |    49 |      0 |      0 |          0 |
|             LightNorm_compute[11].LightNorm_compute                 |                                     LightNorm_compute_249 |        158 |        158 |       0 |    0 |    49 |      0 |      0 |          2 |
|               (LightNorm_compute[11].LightNorm_compute)             |                                     LightNorm_compute_249 |          0 |          0 |       0 |    0 |     0 |      0 |      0 |          2 |
|               divider                                               |                            xil_internal_svlib_divider_334 |        158 |        158 |       0 |    0 |    49 |      0 |      0 |          0 |
|             LightNorm_compute[12].LightNorm_compute                 |                                     LightNorm_compute_250 |        159 |        159 |       0 |    0 |    49 |      0 |      0 |          2 |
|               (LightNorm_compute[12].LightNorm_compute)             |                                     LightNorm_compute_250 |          0 |          0 |       0 |    0 |     0 |      0 |      0 |          2 |
|               divider                                               |                            xil_internal_svlib_divider_333 |        159 |        159 |       0 |    0 |    49 |      0 |      0 |          0 |
|             LightNorm_compute[13].LightNorm_compute                 |                                     LightNorm_compute_251 |        158 |        158 |       0 |    0 |    49 |      0 |      0 |          2 |
|               (LightNorm_compute[13].LightNorm_compute)             |                                     LightNorm_compute_251 |          0 |          0 |       0 |    0 |     0 |      0 |      0 |          2 |
|               divider                                               |                            xil_internal_svlib_divider_332 |        158 |        158 |       0 |    0 |    49 |      0 |      0 |          0 |
|             LightNorm_compute[14].LightNorm_compute                 |                                     LightNorm_compute_252 |        160 |        160 |       0 |    0 |    49 |      0 |      0 |          2 |
|               (LightNorm_compute[14].LightNorm_compute)             |                                     LightNorm_compute_252 |          0 |          0 |       0 |    0 |     0 |      0 |      0 |          2 |
|               divider                                               |                            xil_internal_svlib_divider_331 |        160 |        160 |       0 |    0 |    49 |      0 |      0 |          0 |
|             LightNorm_compute[15].LightNorm_compute                 |                                     LightNorm_compute_253 |        159 |        159 |       0 |    0 |    49 |      0 |      0 |          2 |
|               (LightNorm_compute[15].LightNorm_compute)             |                                     LightNorm_compute_253 |          0 |          0 |       0 |    0 |     0 |      0 |      0 |          2 |
|               divider                                               |                            xil_internal_svlib_divider_330 |        159 |        159 |       0 |    0 |    49 |      0 |      0 |          0 |
|             LightNorm_compute[16].LightNorm_compute                 |                                     LightNorm_compute_254 |        158 |        158 |       0 |    0 |    49 |      0 |      0 |          2 |
|               (LightNorm_compute[16].LightNorm_compute)             |                                     LightNorm_compute_254 |          0 |          0 |       0 |    0 |     0 |      0 |      0 |          2 |
|               divider                                               |                            xil_internal_svlib_divider_329 |        158 |        158 |       0 |    0 |    49 |      0 |      0 |          0 |
|             LightNorm_compute[17].LightNorm_compute                 |                                     LightNorm_compute_255 |        157 |        157 |       0 |    0 |    49 |      0 |      0 |          2 |
|               (LightNorm_compute[17].LightNorm_compute)             |                                     LightNorm_compute_255 |          0 |          0 |       0 |    0 |     0 |      0 |      0 |          2 |
|               divider                                               |                            xil_internal_svlib_divider_328 |        157 |        157 |       0 |    0 |    49 |      0 |      0 |          0 |
|             LightNorm_compute[18].LightNorm_compute                 |                                     LightNorm_compute_256 |        160 |        160 |       0 |    0 |    49 |      0 |      0 |          2 |
|               (LightNorm_compute[18].LightNorm_compute)             |                                     LightNorm_compute_256 |          0 |          0 |       0 |    0 |     0 |      0 |      0 |          2 |
|               divider                                               |                            xil_internal_svlib_divider_327 |        160 |        160 |       0 |    0 |    49 |      0 |      0 |          0 |
|             LightNorm_compute[19].LightNorm_compute                 |                                     LightNorm_compute_257 |        160 |        160 |       0 |    0 |    49 |      0 |      0 |          2 |
|               (LightNorm_compute[19].LightNorm_compute)             |                                     LightNorm_compute_257 |          0 |          0 |       0 |    0 |     0 |      0 |      0 |          2 |
|               divider                                               |                            xil_internal_svlib_divider_326 |        160 |        160 |       0 |    0 |    49 |      0 |      0 |          0 |
|             LightNorm_compute[1].LightNorm_compute                  |                                     LightNorm_compute_258 |        158 |        158 |       0 |    0 |    49 |      0 |      0 |          2 |
|               (LightNorm_compute[1].LightNorm_compute)              |                                     LightNorm_compute_258 |          0 |          0 |       0 |    0 |     0 |      0 |      0 |          2 |
|               divider                                               |                            xil_internal_svlib_divider_325 |        158 |        158 |       0 |    0 |    49 |      0 |      0 |          0 |
|             LightNorm_compute[2].LightNorm_compute                  |                                     LightNorm_compute_259 |        158 |        158 |       0 |    0 |    49 |      0 |      0 |          2 |
|               (LightNorm_compute[2].LightNorm_compute)              |                                     LightNorm_compute_259 |          0 |          0 |       0 |    0 |     0 |      0 |      0 |          2 |
|               divider                                               |                            xil_internal_svlib_divider_324 |        158 |        158 |       0 |    0 |    49 |      0 |      0 |          0 |
|             LightNorm_compute[3].LightNorm_compute                  |                                     LightNorm_compute_260 |        159 |        159 |       0 |    0 |    49 |      0 |      0 |          2 |
|               (LightNorm_compute[3].LightNorm_compute)              |                                     LightNorm_compute_260 |          0 |          0 |       0 |    0 |     0 |      0 |      0 |          2 |
|               divider                                               |                            xil_internal_svlib_divider_323 |        159 |        159 |       0 |    0 |    49 |      0 |      0 |          0 |
|             LightNorm_compute[4].LightNorm_compute                  |                                     LightNorm_compute_261 |        152 |        152 |       0 |    0 |    49 |      0 |      0 |          2 |
|               (LightNorm_compute[4].LightNorm_compute)              |                                     LightNorm_compute_261 |          0 |          0 |       0 |    0 |     0 |      0 |      0 |          2 |
|               divider                                               |                            xil_internal_svlib_divider_322 |        152 |        152 |       0 |    0 |    49 |      0 |      0 |          0 |
|             LightNorm_compute[5].LightNorm_compute                  |                                     LightNorm_compute_262 |        159 |        159 |       0 |    0 |    49 |      0 |      0 |          2 |
|               (LightNorm_compute[5].LightNorm_compute)              |                                     LightNorm_compute_262 |          0 |          0 |       0 |    0 |     0 |      0 |      0 |          2 |
|               divider                                               |                            xil_internal_svlib_divider_321 |        159 |        159 |       0 |    0 |    49 |      0 |      0 |          0 |
|             LightNorm_compute[6].LightNorm_compute                  |                                     LightNorm_compute_263 |        159 |        159 |       0 |    0 |    49 |      0 |      0 |          2 |
|               (LightNorm_compute[6].LightNorm_compute)              |                                     LightNorm_compute_263 |          0 |          0 |       0 |    0 |     0 |      0 |      0 |          2 |
|               divider                                               |                            xil_internal_svlib_divider_320 |        159 |        159 |       0 |    0 |    49 |      0 |      0 |          0 |
|             LightNorm_compute[7].LightNorm_compute                  |                                     LightNorm_compute_264 |        159 |        159 |       0 |    0 |    49 |      0 |      0 |          2 |
|               (LightNorm_compute[7].LightNorm_compute)              |                                     LightNorm_compute_264 |          0 |          0 |       0 |    0 |     0 |      0 |      0 |          2 |
|               divider                                               |                            xil_internal_svlib_divider_319 |        159 |        159 |       0 |    0 |    49 |      0 |      0 |          0 |
|             LightNorm_compute[8].LightNorm_compute                  |                                     LightNorm_compute_265 |        159 |        159 |       0 |    0 |    49 |      0 |      0 |          2 |
|               (LightNorm_compute[8].LightNorm_compute)              |                                     LightNorm_compute_265 |          0 |          0 |       0 |    0 |     0 |      0 |      0 |          2 |
|               divider                                               |                            xil_internal_svlib_divider_318 |        159 |        159 |       0 |    0 |    49 |      0 |      0 |          0 |
|             LightNorm_compute[9].LightNorm_compute                  |                                     LightNorm_compute_266 |        156 |        156 |       0 |    0 |    49 |      0 |      0 |          2 |
|               (LightNorm_compute[9].LightNorm_compute)              |                                     LightNorm_compute_266 |          0 |          0 |       0 |    0 |     0 |      0 |      0 |          2 |
|               divider                                               |                            xil_internal_svlib_divider_317 |        156 |        156 |       0 |    0 |    49 |      0 |      0 |          0 |
|             calculator_mean                                         |                                       calculator_mean_267 |       1776 |       1776 |       0 |    0 |    13 |      0 |      0 |          0 |
|             calculator_range                                        |                                      calculator_range_268 |          0 |          0 |       0 |    0 |     0 |      0 |      0 |          0 |
|               comparator_D_max                                      |                                            comparator_289 |          0 |          0 |       0 |    0 |     0 |      0 |      0 |          0 |
|               comparator_D_min                                      |                                            comparator_290 |          0 |          0 |       0 |    0 |     0 |      0 |      0 |          0 |
|               comparator_final_max                                  |                                            comparator_291 |          0 |          0 |       0 |    0 |     0 |      0 |      0 |          0 |
|               comparator_final_min                                  |                                            comparator_292 |          0 |          0 |       0 |    0 |     0 |      0 |      0 |          0 |
|               stage_A[0].comparator_A                               |                                            comparator_293 |          0 |          0 |       0 |    0 |     0 |      0 |      0 |          0 |
|               stage_A[1].comparator_A                               |                                            comparator_294 |          0 |          0 |       0 |    0 |     0 |      0 |      0 |          0 |
|               stage_A[2].comparator_A                               |                                            comparator_295 |          0 |          0 |       0 |    0 |     0 |      0 |      0 |          0 |
|               stage_A[3].comparator_A                               |                                            comparator_296 |          0 |          0 |       0 |    0 |     0 |      0 |      0 |          0 |
|               stage_A[4].comparator_A                               |                                            comparator_297 |          0 |          0 |       0 |    0 |     0 |      0 |      0 |          0 |
|               stage_A[5].comparator_A                               |                                            comparator_298 |          0 |          0 |       0 |    0 |     0 |      0 |      0 |          0 |
|               stage_A[6].comparator_A                               |                                            comparator_299 |          0 |          0 |       0 |    0 |     0 |      0 |      0 |          0 |
|               stage_A[7].comparator_A                               |                                            comparator_300 |          0 |          0 |       0 |    0 |     0 |      0 |      0 |          0 |
|               stage_A[8].comparator_A                               |                                            comparator_301 |          0 |          0 |       0 |    0 |     0 |      0 |      0 |          0 |
|               stage_A[9].comparator_A                               |                                            comparator_302 |          0 |          0 |       0 |    0 |     0 |      0 |      0 |          0 |
|               stage_B_max[0].comparator_B_max                       |                                            comparator_303 |          0 |          0 |       0 |    0 |     0 |      0 |      0 |          0 |
|               stage_B_max[1].comparator_B_max                       |                                            comparator_304 |          0 |          0 |       0 |    0 |     0 |      0 |      0 |          0 |
|               stage_B_max[2].comparator_B_max                       |                                            comparator_305 |          0 |          0 |       0 |    0 |     0 |      0 |      0 |          0 |
|               stage_B_max[3].comparator_B_max                       |                                            comparator_306 |          0 |          0 |       0 |    0 |     0 |      0 |      0 |          0 |
|               stage_B_max[4].comparator_B_max                       |                                            comparator_307 |          0 |          0 |       0 |    0 |     0 |      0 |      0 |          0 |
|               stage_B_min[0].comparator_B_min                       |                                            comparator_308 |          0 |          0 |       0 |    0 |     0 |      0 |      0 |          0 |
|               stage_B_min[1].comparator_B_min                       |                                            comparator_309 |          0 |          0 |       0 |    0 |     0 |      0 |      0 |          0 |
|               stage_B_min[2].comparator_B_min                       |                                            comparator_310 |          0 |          0 |       0 |    0 |     0 |      0 |      0 |          0 |
|               stage_B_min[3].comparator_B_min                       |                                            comparator_311 |          0 |          0 |       0 |    0 |     0 |      0 |      0 |          0 |
|               stage_B_min[4].comparator_B_min                       |                                            comparator_312 |          0 |          0 |       0 |    0 |     0 |      0 |      0 |          0 |
|               stage_C_max[0].comparator_C_max                       |                                            comparator_313 |          0 |          0 |       0 |    0 |     0 |      0 |      0 |          0 |
|               stage_C_max[1].comparator_C_max                       |                                            comparator_314 |          0 |          0 |       0 |    0 |     0 |      0 |      0 |          0 |
|               stage_C_min[0].comparator_C_min                       |                                            comparator_315 |          0 |          0 |       0 |    0 |     0 |      0 |      0 |          0 |
|               stage_C_min[1].comparator_C_min                       |                                            comparator_316 |          0 |          0 |       0 |    0 |     0 |      0 |      0 |          0 |
|             dOut_downScaling[0].shifter_right_dOut                  |                         shifter_right__parameterized0_269 |         21 |         21 |       0 |    0 |     0 |      0 |      0 |          0 |
|             dOut_downScaling[10].shifter_right_dOut                 |                         shifter_right__parameterized0_270 |         21 |         21 |       0 |    0 |     0 |      0 |      0 |          0 |
|             dOut_downScaling[11].shifter_right_dOut                 |                         shifter_right__parameterized0_271 |         21 |         21 |       0 |    0 |     0 |      0 |      0 |          0 |
|             dOut_downScaling[12].shifter_right_dOut                 |                         shifter_right__parameterized0_272 |         21 |         21 |       0 |    0 |     0 |      0 |      0 |          0 |
|             dOut_downScaling[13].shifter_right_dOut                 |                         shifter_right__parameterized0_273 |         21 |         21 |       0 |    0 |     0 |      0 |      0 |          0 |
|             dOut_downScaling[14].shifter_right_dOut                 |                         shifter_right__parameterized0_274 |         21 |         21 |       0 |    0 |     0 |      0 |      0 |          0 |
|             dOut_downScaling[15].shifter_right_dOut                 |                         shifter_right__parameterized0_275 |         21 |         21 |       0 |    0 |     0 |      0 |      0 |          0 |
|             dOut_downScaling[16].shifter_right_dOut                 |                         shifter_right__parameterized0_276 |         21 |         21 |       0 |    0 |     0 |      0 |      0 |          0 |
|             dOut_downScaling[17].shifter_right_dOut                 |                         shifter_right__parameterized0_277 |         21 |         21 |       0 |    0 |     0 |      0 |      0 |          0 |
|             dOut_downScaling[18].shifter_right_dOut                 |                         shifter_right__parameterized0_278 |         21 |         21 |       0 |    0 |     0 |      0 |      0 |          0 |
|             dOut_downScaling[19].shifter_right_dOut                 |                         shifter_right__parameterized0_279 |         21 |         21 |       0 |    0 |     0 |      0 |      0 |          0 |
|             dOut_downScaling[1].shifter_right_dOut                  |                         shifter_right__parameterized0_280 |         21 |         21 |       0 |    0 |     0 |      0 |      0 |          0 |
|             dOut_downScaling[2].shifter_right_dOut                  |                         shifter_right__parameterized0_281 |         21 |         21 |       0 |    0 |     0 |      0 |      0 |          0 |
|             dOut_downScaling[3].shifter_right_dOut                  |                         shifter_right__parameterized0_282 |         21 |         21 |       0 |    0 |     0 |      0 |      0 |          0 |
|             dOut_downScaling[4].shifter_right_dOut                  |                         shifter_right__parameterized0_283 |         21 |         21 |       0 |    0 |     0 |      0 |      0 |          0 |
|             dOut_downScaling[5].shifter_right_dOut                  |                         shifter_right__parameterized0_284 |         21 |         21 |       0 |    0 |     0 |      0 |      0 |          0 |
|             dOut_downScaling[6].shifter_right_dOut                  |                         shifter_right__parameterized0_285 |         21 |         21 |       0 |    0 |     0 |      0 |      0 |          0 |
|             dOut_downScaling[7].shifter_right_dOut                  |                         shifter_right__parameterized0_286 |         21 |         21 |       0 |    0 |     0 |      0 |      0 |          0 |
|             dOut_downScaling[8].shifter_right_dOut                  |                         shifter_right__parameterized0_287 |         21 |         21 |       0 |    0 |     0 |      0 |      0 |          0 |
|             dOut_downScaling[9].shifter_right_dOut                  |                         shifter_right__parameterized0_288 |         21 |         21 |       0 |    0 |     0 |      0 |      0 |          0 |
|           Linear_contract                                           |                                           Linear_contract |       3395 |       3395 |       0 |    0 |   501 |      0 |      0 |          0 |
|             (Linear_contract)                                       |                                           Linear_contract |       1578 |       1578 |       0 |    0 |   501 |      0 |      0 |          0 |
|             matMult_40_LinCont                                      |                                        matMult_40_LinCont |       2323 |       2323 |       0 |    0 |     0 |      0 |      0 |          0 |
|               activator_dOut                                        |                                 activator__parameterized0 |       2323 |       2323 |       0 |    0 |     0 |      0 |      0 |          0 |
|                 shifter_right                                       |                            shifter_right__parameterized11 |       2323 |       2323 |       0 |    0 |     0 |      0 |      0 |          0 |
|           Linear_expand_x1                                          |                                             Linear_expand |       1637 |       1637 |       0 |    0 |   494 |      0 |      0 |          0 |
|             (Linear_expand_x1)                                      |                                             Linear_expand |        707 |        707 |       0 |    0 |   494 |      0 |      0 |          0 |
|             saturator_dOut                                          |                             saturator__parameterized1_246 |       1181 |       1181 |       0 |    0 |     0 |      0 |      0 |          0 |
|           Linear_expand_z1                                          |                             Linear_expand__parameterized0 |      10486 |      10486 |       0 |    0 |   493 |      0 |      0 |          0 |
|             (Linear_expand_z1)                                      |                             Linear_expand__parameterized0 |       9537 |       9537 |       0 |    0 |   493 |      0 |      0 |          0 |
|             saturator_dOut                                          |                             saturator__parameterized2_245 |       1190 |       1190 |       0 |    0 |     0 |      0 |      0 |          0 |
|           SSM                                                       |                                                       SSM |      22213 |      22213 |       0 |    0 | 19269 |      0 |      0 |         72 |
|             SSM_Computation                                         |                                           SSM_Computation |       7314 |       7314 |       0 |    0 | 11284 |      0 |      0 |         16 |
|               (SSM_Computation)                                     |                                           SSM_Computation |       6722 |       6722 |       0 |    0 | 11284 |      0 |      0 |          0 |
|               SSM_xkP1_compute                                      |                                      SSM_xkP1_compute_243 |        136 |        136 |       0 |    0 |     0 |      0 |      0 |          8 |
|               SSM_y_compute                                         |                                             SSM_y_compute |        579 |        579 |       0 |    0 |     0 |      0 |      0 |          8 |
|                 (SSM_y_compute)                                     |                                             SSM_y_compute |        495 |        495 |       0 |    0 |     0 |      0 |      0 |          8 |
|                 saturator_dOut                                      |                             saturator__parameterized0_244 |         84 |         84 |       0 |    0 |     0 |      0 |      0 |          0 |
|             SSM_Preprocess                                          |                                            SSM_Preprocess |      14899 |      14899 |       0 |    0 |  7985 |      0 |      0 |         56 |
|               (SSM_Preprocess)                                      |                                            SSM_Preprocess |          8 |          8 |       0 |    0 |   128 |      0 |      0 |          0 |
|               Dim_expand_delta_B                                    |                                    Dim_expand_delta_B_229 |        951 |        951 |       0 |    0 |  2923 |      0 |      0 |          0 |
|                 (Dim_expand_delta_B)                                |                                    Dim_expand_delta_B_229 |         63 |         63 |       0 |    0 |  2923 |      0 |      0 |          0 |
|                 Dim_expand_delta_B_compute                          |                            Dim_expand_delta_B_compute_242 |        888 |        888 |       0 |    0 |     0 |      0 |      0 |          0 |
|               Exp_piecewise                                         |                                             Exp_piecewise |       2917 |       2917 |       0 |    0 |  2858 |      0 |      0 |         56 |
|                 (Exp_piecewise)                                     |                                             Exp_piecewise |        924 |        924 |       0 |    0 |  2858 |      0 |      0 |          0 |
|                 Dim_expand_delta_A_compute                          |                            Dim_expand_delta_A_compute_234 |       1942 |       1942 |       0 |    0 |     0 |      0 |      0 |          0 |
|                 Exp_piecewise_compute                               |                                     Exp_piecewise_compute |        263 |        263 |       0 |    0 |     0 |      0 |      0 |         56 |
|                   (Exp_piecewise_compute)                           |                                     Exp_piecewise_compute |          0 |          0 |       0 |    0 |     0 |      0 |      0 |         56 |
|                   dOut_downScaling[0].shifter_dOut                  |                             shifter_right__parameterized7 |         32 |         32 |       0 |    0 |     0 |      0 |      0 |          0 |
|                   dOut_downScaling[1].shifter_dOut                  |                         shifter_right__parameterized7_235 |         29 |         29 |       0 |    0 |     0 |      0 |      0 |          0 |
|                   dOut_downScaling[2].shifter_dOut                  |                         shifter_right__parameterized7_236 |         32 |         32 |       0 |    0 |     0 |      0 |      0 |          0 |
|                   dOut_downScaling[3].shifter_dOut                  |                         shifter_right__parameterized7_237 |         34 |         34 |       0 |    0 |     0 |      0 |      0 |          0 |
|                   dOut_downScaling[4].shifter_dOut                  |                         shifter_right__parameterized7_238 |         34 |         34 |       0 |    0 |     0 |      0 |      0 |          0 |
|                   dOut_downScaling[5].shifter_dOut                  |                         shifter_right__parameterized7_239 |         34 |         34 |       0 |    0 |     0 |      0 |      0 |          0 |
|                   dOut_downScaling[6].shifter_dOut                  |                         shifter_right__parameterized7_240 |         34 |         34 |       0 |    0 |     0 |      0 |      0 |          0 |
|                   dOut_downScaling[7].shifter_dOut                  |                         shifter_right__parameterized7_241 |         34 |         34 |       0 |    0 |     0 |      0 |      0 |          0 |
|               Linear_expand_dBC_B                                   |                                      Linear_expand_dBC_BC |       2746 |       2746 |       0 |    0 |   441 |      0 |      0 |          0 |
|                 (Linear_expand_dBC_B)                               |                                      Linear_expand_dBC_BC |        582 |        582 |       0 |    0 |   441 |      0 |      0 |          0 |
|                 matMult_40_wo_bias                                  |                                    matMult_40_wo_bias_233 |       2173 |       2173 |       0 |    0 |     0 |      0 |      0 |          0 |
|               Linear_expand_dBC_C                                   |                      Linear_expand_dBC_BC__parameterized0 |       2677 |       2677 |       0 |    0 |   441 |      0 |      0 |          0 |
|                 (Linear_expand_dBC_C)                               |                      Linear_expand_dBC_BC__parameterized0 |        168 |        168 |       0 |    0 |   441 |      0 |      0 |          0 |
|                 matMult_40_wo_bias                                  |                                    matMult_40_wo_bias_232 |       2516 |       2516 |       0 |    0 |     0 |      0 |      0 |          0 |
|               Linear_expand_dBC_delta                               |                                   Linear_expand_dBC_delta |       2901 |       2901 |       0 |    0 |   593 |      0 |      0 |          0 |
|                 (Linear_expand_dBC_delta)                           |                                   Linear_expand_dBC_delta |         57 |         57 |       0 |    0 |   593 |      0 |      0 |          0 |
|                 matMult_40_wo_bias                                  |                                    matMult_40_wo_bias_231 |       2848 |       2848 |       0 |    0 |     0 |      0 |      0 |          0 |
|               Linear_expand_delta                                   |                                       Linear_expand_delta |       2699 |       2699 |       0 |    0 |   601 |      0 |      0 |          0 |
|                 (Linear_expand_delta)                               |                                       Linear_expand_delta |        232 |        232 |       0 |    0 |   601 |      0 |      0 |          0 |
|                 matMult_32                                          |                                            matMult_32_230 |       2471 |       2471 |       0 |    0 |     0 |      0 |      0 |          0 |
|           SiLU_piecewise                                            |                                        SiLU_piecewise_206 |          0 |          0 |       0 |    0 |     0 |      0 |      0 |          0 |
|             dOut_saturation[0].saturator_dOut                       |                             saturator__parameterized2_207 |          0 |          0 |       0 |    0 |     0 |      0 |      0 |          0 |
|             dOut_saturation[10].saturator_dOut                      |                             saturator__parameterized2_208 |          0 |          0 |       0 |    0 |     0 |      0 |      0 |          0 |
|             dOut_saturation[11].saturator_dOut                      |                             saturator__parameterized2_209 |          0 |          0 |       0 |    0 |     0 |      0 |      0 |          0 |
|             dOut_saturation[12].saturator_dOut                      |                             saturator__parameterized2_210 |          0 |          0 |       0 |    0 |     0 |      0 |      0 |          0 |
|             dOut_saturation[14].saturator_dOut                      |                             saturator__parameterized2_211 |          0 |          0 |       0 |    0 |     0 |      0 |      0 |          0 |
|             dOut_saturation[17].saturator_dOut                      |                             saturator__parameterized2_212 |          0 |          0 |       0 |    0 |     0 |      0 |      0 |          0 |
|             dOut_saturation[19].saturator_dOut                      |                             saturator__parameterized2_213 |          0 |          0 |       0 |    0 |     0 |      0 |      0 |          0 |
|             dOut_saturation[1].saturator_dOut                       |                             saturator__parameterized2_214 |          0 |          0 |       0 |    0 |     0 |      0 |      0 |          0 |
|             dOut_saturation[21].saturator_dOut                      |                             saturator__parameterized2_215 |          0 |          0 |       0 |    0 |     0 |      0 |      0 |          0 |
|             dOut_saturation[23].saturator_dOut                      |                             saturator__parameterized2_216 |          0 |          0 |       0 |    0 |     0 |      0 |      0 |          0 |
|             dOut_saturation[24].saturator_dOut                      |                             saturator__parameterized2_217 |          0 |          0 |       0 |    0 |     0 |      0 |      0 |          0 |
|             dOut_saturation[27].saturator_dOut                      |                             saturator__parameterized2_218 |          0 |          0 |       0 |    0 |     0 |      0 |      0 |          0 |
|             dOut_saturation[28].saturator_dOut                      |                             saturator__parameterized2_219 |          0 |          0 |       0 |    0 |     0 |      0 |      0 |          0 |
|             dOut_saturation[29].saturator_dOut                      |                             saturator__parameterized2_220 |          0 |          0 |       0 |    0 |     0 |      0 |      0 |          0 |
|             dOut_saturation[2].saturator_dOut                       |                             saturator__parameterized2_221 |          0 |          0 |       0 |    0 |     0 |      0 |      0 |          0 |
|             dOut_saturation[31].saturator_dOut                      |                             saturator__parameterized2_222 |          0 |          0 |       0 |    0 |     0 |      0 |      0 |          0 |
|             dOut_saturation[32].saturator_dOut                      |                             saturator__parameterized2_223 |          0 |          0 |       0 |    0 |     0 |      0 |      0 |          0 |
|             dOut_saturation[4].saturator_dOut                       |                             saturator__parameterized2_224 |          0 |          0 |       0 |    0 |     0 |      0 |      0 |          0 |
|             dOut_saturation[5].saturator_dOut                       |                             saturator__parameterized2_225 |          0 |          0 |       0 |    0 |     0 |      0 |      0 |          0 |
|             dOut_saturation[6].saturator_dOut                       |                             saturator__parameterized2_226 |          0 |          0 |       0 |    0 |     0 |      0 |      0 |          0 |
|             dOut_saturation[7].saturator_dOut                       |                             saturator__parameterized2_227 |          0 |          0 |       0 |    0 |     0 |      0 |      0 |          0 |
|             dOut_saturation[8].saturator_dOut                       |                             saturator__parameterized2_228 |          0 |          0 |       0 |    0 |     0 |      0 |      0 |          0 |
|         MAMBA_2nd                                                   |                                     MAMBA__parameterized0 |      44761 |      44381 |       0 |  380 | 22756 |      0 |      0 |        144 |
|           (MAMBA_2nd)                                               |                                     MAMBA__parameterized0 |       1149 |        769 |       0 |  380 |   380 |      0 |      0 |          0 |
|           Convolution1D                                             |                             Convolution1D__parameterized0 |       3132 |       3132 |       0 |    0 |   651 |      0 |      0 |          0 |
|             (Convolution1D)                                         |                             Convolution1D__parameterized0 |       1376 |       1376 |       0 |    0 |   651 |      0 |      0 |          0 |
|             matMult_40                                              |                                matMult_40__parameterized0 |       2319 |       2319 |       0 |    0 |     0 |      0 |      0 |          0 |
|               activator_dOut                                        |                                 activator__parameterized1 |       2319 |       2319 |       0 |    0 |     0 |      0 |      0 |          0 |
|                 shifter_right                                       |                            shifter_right__parameterized13 |       2319 |       2319 |       0 |    0 |     0 |      0 |      0 |          0 |
|           ElementWise_Add                                           |                           ElementWise_Add__parameterized0 |        255 |        255 |       0 |    0 |     0 |      0 |      0 |          0 |
|           LightNorm                                                 |                                 LightNorm__parameterized0 |       5280 |       5280 |       0 |    0 |  1317 |      0 |      0 |         40 |
|             (LightNorm)                                             |                                 LightNorm__parameterized0 |          5 |          5 |       0 |    0 |   324 |      0 |      0 |          0 |
|             LightNorm_compute[0].LightNorm_compute                  |                                     LightNorm_compute_116 |        158 |        158 |       0 |    0 |    49 |      0 |      0 |          2 |
|               (LightNorm_compute[0].LightNorm_compute)              |                                     LightNorm_compute_116 |          0 |          0 |       0 |    0 |     0 |      0 |      0 |          2 |
|               divider                                               |                            xil_internal_svlib_divider_205 |        158 |        158 |       0 |    0 |    49 |      0 |      0 |          0 |
|             LightNorm_compute[10].LightNorm_compute                 |                                     LightNorm_compute_117 |        157 |        157 |       0 |    0 |    49 |      0 |      0 |          2 |
|               (LightNorm_compute[10].LightNorm_compute)             |                                     LightNorm_compute_117 |          0 |          0 |       0 |    0 |     0 |      0 |      0 |          2 |
|               divider                                               |                            xil_internal_svlib_divider_204 |        157 |        157 |       0 |    0 |    49 |      0 |      0 |          0 |
|             LightNorm_compute[11].LightNorm_compute                 |                                     LightNorm_compute_118 |        158 |        158 |       0 |    0 |    49 |      0 |      0 |          2 |
|               (LightNorm_compute[11].LightNorm_compute)             |                                     LightNorm_compute_118 |          0 |          0 |       0 |    0 |     0 |      0 |      0 |          2 |
|               divider                                               |                            xil_internal_svlib_divider_203 |        158 |        158 |       0 |    0 |    49 |      0 |      0 |          0 |
|             LightNorm_compute[12].LightNorm_compute                 |                                     LightNorm_compute_119 |        160 |        160 |       0 |    0 |    49 |      0 |      0 |          2 |
|               (LightNorm_compute[12].LightNorm_compute)             |                                     LightNorm_compute_119 |          0 |          0 |       0 |    0 |     0 |      0 |      0 |          2 |
|               divider                                               |                            xil_internal_svlib_divider_202 |        160 |        160 |       0 |    0 |    49 |      0 |      0 |          0 |
|             LightNorm_compute[13].LightNorm_compute                 |                                     LightNorm_compute_120 |        158 |        158 |       0 |    0 |    49 |      0 |      0 |          2 |
|               (LightNorm_compute[13].LightNorm_compute)             |                                     LightNorm_compute_120 |          0 |          0 |       0 |    0 |     0 |      0 |      0 |          2 |
|               divider                                               |                            xil_internal_svlib_divider_201 |        158 |        158 |       0 |    0 |    49 |      0 |      0 |          0 |
|             LightNorm_compute[14].LightNorm_compute                 |                                     LightNorm_compute_121 |        157 |        157 |       0 |    0 |    49 |      0 |      0 |          2 |
|               (LightNorm_compute[14].LightNorm_compute)             |                                     LightNorm_compute_121 |          0 |          0 |       0 |    0 |     0 |      0 |      0 |          2 |
|               divider                                               |                            xil_internal_svlib_divider_200 |        157 |        157 |       0 |    0 |    49 |      0 |      0 |          0 |
|             LightNorm_compute[15].LightNorm_compute                 |                                     LightNorm_compute_122 |        157 |        157 |       0 |    0 |    49 |      0 |      0 |          2 |
|               (LightNorm_compute[15].LightNorm_compute)             |                                     LightNorm_compute_122 |          0 |          0 |       0 |    0 |     0 |      0 |      0 |          2 |
|               divider                                               |                            xil_internal_svlib_divider_199 |        157 |        157 |       0 |    0 |    49 |      0 |      0 |          0 |
|             LightNorm_compute[16].LightNorm_compute                 |                                     LightNorm_compute_123 |        160 |        160 |       0 |    0 |    49 |      0 |      0 |          2 |
|               (LightNorm_compute[16].LightNorm_compute)             |                                     LightNorm_compute_123 |          0 |          0 |       0 |    0 |     0 |      0 |      0 |          2 |
|               divider                                               |                            xil_internal_svlib_divider_198 |        160 |        160 |       0 |    0 |    49 |      0 |      0 |          0 |
|             LightNorm_compute[17].LightNorm_compute                 |                                     LightNorm_compute_124 |        157 |        157 |       0 |    0 |    49 |      0 |      0 |          2 |
|               (LightNorm_compute[17].LightNorm_compute)             |                                     LightNorm_compute_124 |          0 |          0 |       0 |    0 |     0 |      0 |      0 |          2 |
|               divider                                               |                            xil_internal_svlib_divider_197 |        157 |        157 |       0 |    0 |    49 |      0 |      0 |          0 |
|             LightNorm_compute[18].LightNorm_compute                 |                                     LightNorm_compute_125 |        160 |        160 |       0 |    0 |    49 |      0 |      0 |          2 |
|               (LightNorm_compute[18].LightNorm_compute)             |                                     LightNorm_compute_125 |          0 |          0 |       0 |    0 |     0 |      0 |      0 |          2 |
|               divider                                               |                            xil_internal_svlib_divider_196 |        160 |        160 |       0 |    0 |    49 |      0 |      0 |          0 |
|             LightNorm_compute[19].LightNorm_compute                 |                                     LightNorm_compute_126 |        159 |        159 |       0 |    0 |    49 |      0 |      0 |          2 |
|               (LightNorm_compute[19].LightNorm_compute)             |                                     LightNorm_compute_126 |          0 |          0 |       0 |    0 |     0 |      0 |      0 |          2 |
|               divider                                               |                            xil_internal_svlib_divider_195 |        159 |        159 |       0 |    0 |    49 |      0 |      0 |          0 |
|             LightNorm_compute[1].LightNorm_compute                  |                                     LightNorm_compute_127 |        160 |        160 |       0 |    0 |    49 |      0 |      0 |          2 |
|               (LightNorm_compute[1].LightNorm_compute)              |                                     LightNorm_compute_127 |          0 |          0 |       0 |    0 |     0 |      0 |      0 |          2 |
|               divider                                               |                            xil_internal_svlib_divider_194 |        160 |        160 |       0 |    0 |    49 |      0 |      0 |          0 |
|             LightNorm_compute[2].LightNorm_compute                  |                                     LightNorm_compute_128 |        158 |        158 |       0 |    0 |    49 |      0 |      0 |          2 |
|               (LightNorm_compute[2].LightNorm_compute)              |                                     LightNorm_compute_128 |          0 |          0 |       0 |    0 |     0 |      0 |      0 |          2 |
|               divider                                               |                            xil_internal_svlib_divider_193 |        158 |        158 |       0 |    0 |    49 |      0 |      0 |          0 |
|             LightNorm_compute[3].LightNorm_compute                  |                                     LightNorm_compute_129 |        159 |        159 |       0 |    0 |    49 |      0 |      0 |          2 |
|               (LightNorm_compute[3].LightNorm_compute)              |                                     LightNorm_compute_129 |          0 |          0 |       0 |    0 |     0 |      0 |      0 |          2 |
|               divider                                               |                            xil_internal_svlib_divider_192 |        159 |        159 |       0 |    0 |    49 |      0 |      0 |          0 |
|             LightNorm_compute[4].LightNorm_compute                  |                                     LightNorm_compute_130 |        151 |        151 |       0 |    0 |    49 |      0 |      0 |          2 |
|               (LightNorm_compute[4].LightNorm_compute)              |                                     LightNorm_compute_130 |          0 |          0 |       0 |    0 |     0 |      0 |      0 |          2 |
|               divider                                               |                            xil_internal_svlib_divider_191 |        151 |        151 |       0 |    0 |    49 |      0 |      0 |          0 |
|             LightNorm_compute[5].LightNorm_compute                  |                                     LightNorm_compute_131 |        157 |        157 |       0 |    0 |    49 |      0 |      0 |          2 |
|               (LightNorm_compute[5].LightNorm_compute)              |                                     LightNorm_compute_131 |          0 |          0 |       0 |    0 |     0 |      0 |      0 |          2 |
|               divider                                               |                            xil_internal_svlib_divider_190 |        157 |        157 |       0 |    0 |    49 |      0 |      0 |          0 |
|             LightNorm_compute[6].LightNorm_compute                  |                                     LightNorm_compute_132 |        161 |        161 |       0 |    0 |    49 |      0 |      0 |          2 |
|               (LightNorm_compute[6].LightNorm_compute)              |                                     LightNorm_compute_132 |          0 |          0 |       0 |    0 |     0 |      0 |      0 |          2 |
|               divider                                               |                            xil_internal_svlib_divider_189 |        161 |        161 |       0 |    0 |    49 |      0 |      0 |          0 |
|             LightNorm_compute[7].LightNorm_compute                  |                                     LightNorm_compute_133 |        156 |        156 |       0 |    0 |    49 |      0 |      0 |          2 |
|               (LightNorm_compute[7].LightNorm_compute)              |                                     LightNorm_compute_133 |          0 |          0 |       0 |    0 |     0 |      0 |      0 |          2 |
|               divider                                               |                            xil_internal_svlib_divider_188 |        156 |        156 |       0 |    0 |    49 |      0 |      0 |          0 |
|             LightNorm_compute[8].LightNorm_compute                  |                                     LightNorm_compute_134 |        158 |        158 |       0 |    0 |    49 |      0 |      0 |          2 |
|               (LightNorm_compute[8].LightNorm_compute)              |                                     LightNorm_compute_134 |          0 |          0 |       0 |    0 |     0 |      0 |      0 |          2 |
|               divider                                               |                            xil_internal_svlib_divider_187 |        158 |        158 |       0 |    0 |    49 |      0 |      0 |          0 |
|             LightNorm_compute[9].LightNorm_compute                  |                                     LightNorm_compute_135 |        158 |        158 |       0 |    0 |    49 |      0 |      0 |          2 |
|               (LightNorm_compute[9].LightNorm_compute)              |                                     LightNorm_compute_135 |          0 |          0 |       0 |    0 |     0 |      0 |      0 |          2 |
|               divider                                               |                            xil_internal_svlib_divider_186 |        158 |        158 |       0 |    0 |    49 |      0 |      0 |          0 |
|             calculator_mean                                         |                                       calculator_mean_136 |       1776 |       1776 |       0 |    0 |    13 |      0 |      0 |          0 |
|             calculator_range                                        |                                      calculator_range_137 |          0 |          0 |       0 |    0 |     0 |      0 |      0 |          0 |
|               comparator_D_max                                      |                                            comparator_158 |          0 |          0 |       0 |    0 |     0 |      0 |      0 |          0 |
|               comparator_D_min                                      |                                            comparator_159 |          0 |          0 |       0 |    0 |     0 |      0 |      0 |          0 |
|               comparator_final_max                                  |                                            comparator_160 |          0 |          0 |       0 |    0 |     0 |      0 |      0 |          0 |
|               comparator_final_min                                  |                                            comparator_161 |          0 |          0 |       0 |    0 |     0 |      0 |      0 |          0 |
|               stage_A[0].comparator_A                               |                                            comparator_162 |          0 |          0 |       0 |    0 |     0 |      0 |      0 |          0 |
|               stage_A[1].comparator_A                               |                                            comparator_163 |          0 |          0 |       0 |    0 |     0 |      0 |      0 |          0 |
|               stage_A[2].comparator_A                               |                                            comparator_164 |          0 |          0 |       0 |    0 |     0 |      0 |      0 |          0 |
|               stage_A[3].comparator_A                               |                                            comparator_165 |          0 |          0 |       0 |    0 |     0 |      0 |      0 |          0 |
|               stage_A[4].comparator_A                               |                                            comparator_166 |          0 |          0 |       0 |    0 |     0 |      0 |      0 |          0 |
|               stage_A[5].comparator_A                               |                                            comparator_167 |          0 |          0 |       0 |    0 |     0 |      0 |      0 |          0 |
|               stage_A[6].comparator_A                               |                                            comparator_168 |          0 |          0 |       0 |    0 |     0 |      0 |      0 |          0 |
|               stage_A[7].comparator_A                               |                                            comparator_169 |          0 |          0 |       0 |    0 |     0 |      0 |      0 |          0 |
|               stage_A[8].comparator_A                               |                                            comparator_170 |          0 |          0 |       0 |    0 |     0 |      0 |      0 |          0 |
|               stage_A[9].comparator_A                               |                                            comparator_171 |          0 |          0 |       0 |    0 |     0 |      0 |      0 |          0 |
|               stage_B_max[0].comparator_B_max                       |                                            comparator_172 |          0 |          0 |       0 |    0 |     0 |      0 |      0 |          0 |
|               stage_B_max[1].comparator_B_max                       |                                            comparator_173 |          0 |          0 |       0 |    0 |     0 |      0 |      0 |          0 |
|               stage_B_max[2].comparator_B_max                       |                                            comparator_174 |          0 |          0 |       0 |    0 |     0 |      0 |      0 |          0 |
|               stage_B_max[3].comparator_B_max                       |                                            comparator_175 |          0 |          0 |       0 |    0 |     0 |      0 |      0 |          0 |
|               stage_B_max[4].comparator_B_max                       |                                            comparator_176 |          0 |          0 |       0 |    0 |     0 |      0 |      0 |          0 |
|               stage_B_min[0].comparator_B_min                       |                                            comparator_177 |          0 |          0 |       0 |    0 |     0 |      0 |      0 |          0 |
|               stage_B_min[1].comparator_B_min                       |                                            comparator_178 |          0 |          0 |       0 |    0 |     0 |      0 |      0 |          0 |
|               stage_B_min[2].comparator_B_min                       |                                            comparator_179 |          0 |          0 |       0 |    0 |     0 |      0 |      0 |          0 |
|               stage_B_min[3].comparator_B_min                       |                                            comparator_180 |          0 |          0 |       0 |    0 |     0 |      0 |      0 |          0 |
|               stage_B_min[4].comparator_B_min                       |                                            comparator_181 |          0 |          0 |       0 |    0 |     0 |      0 |      0 |          0 |
|               stage_C_max[0].comparator_C_max                       |                                            comparator_182 |          0 |          0 |       0 |    0 |     0 |      0 |      0 |          0 |
|               stage_C_max[1].comparator_C_max                       |                                            comparator_183 |          0 |          0 |       0 |    0 |     0 |      0 |      0 |          0 |
|               stage_C_min[0].comparator_C_min                       |                                            comparator_184 |          0 |          0 |       0 |    0 |     0 |      0 |      0 |          0 |
|               stage_C_min[1].comparator_C_min                       |                                            comparator_185 |          0 |          0 |       0 |    0 |     0 |      0 |      0 |          0 |
|             dOut_downScaling[0].shifter_right_dOut                  |                         shifter_right__parameterized0_138 |         21 |         21 |       0 |    0 |     0 |      0 |      0 |          0 |
|             dOut_downScaling[10].shifter_right_dOut                 |                         shifter_right__parameterized0_139 |         21 |         21 |       0 |    0 |     0 |      0 |      0 |          0 |
|             dOut_downScaling[11].shifter_right_dOut                 |                         shifter_right__parameterized0_140 |         21 |         21 |       0 |    0 |     0 |      0 |      0 |          0 |
|             dOut_downScaling[12].shifter_right_dOut                 |                         shifter_right__parameterized0_141 |         21 |         21 |       0 |    0 |     0 |      0 |      0 |          0 |
|             dOut_downScaling[13].shifter_right_dOut                 |                         shifter_right__parameterized0_142 |         21 |         21 |       0 |    0 |     0 |      0 |      0 |          0 |
|             dOut_downScaling[14].shifter_right_dOut                 |                         shifter_right__parameterized0_143 |         21 |         21 |       0 |    0 |     0 |      0 |      0 |          0 |
|             dOut_downScaling[15].shifter_right_dOut                 |                         shifter_right__parameterized0_144 |         21 |         21 |       0 |    0 |     0 |      0 |      0 |          0 |
|             dOut_downScaling[16].shifter_right_dOut                 |                         shifter_right__parameterized0_145 |         21 |         21 |       0 |    0 |     0 |      0 |      0 |          0 |
|             dOut_downScaling[17].shifter_right_dOut                 |                         shifter_right__parameterized0_146 |         21 |         21 |       0 |    0 |     0 |      0 |      0 |          0 |
|             dOut_downScaling[18].shifter_right_dOut                 |                         shifter_right__parameterized0_147 |         21 |         21 |       0 |    0 |     0 |      0 |      0 |          0 |
|             dOut_downScaling[19].shifter_right_dOut                 |                         shifter_right__parameterized0_148 |         21 |         21 |       0 |    0 |     0 |      0 |      0 |          0 |
|             dOut_downScaling[1].shifter_right_dOut                  |                         shifter_right__parameterized0_149 |         21 |         21 |       0 |    0 |     0 |      0 |      0 |          0 |
|             dOut_downScaling[2].shifter_right_dOut                  |                         shifter_right__parameterized0_150 |         21 |         21 |       0 |    0 |     0 |      0 |      0 |          0 |
|             dOut_downScaling[3].shifter_right_dOut                  |                         shifter_right__parameterized0_151 |         21 |         21 |       0 |    0 |     0 |      0 |      0 |          0 |
|             dOut_downScaling[4].shifter_right_dOut                  |                         shifter_right__parameterized0_152 |         21 |         21 |       0 |    0 |     0 |      0 |      0 |          0 |
|             dOut_downScaling[5].shifter_right_dOut                  |                         shifter_right__parameterized0_153 |         21 |         21 |       0 |    0 |     0 |      0 |      0 |          0 |
|             dOut_downScaling[6].shifter_right_dOut                  |                         shifter_right__parameterized0_154 |         21 |         21 |       0 |    0 |     0 |      0 |      0 |          0 |
|             dOut_downScaling[7].shifter_right_dOut                  |                         shifter_right__parameterized0_155 |         21 |         21 |       0 |    0 |     0 |      0 |      0 |          0 |
|             dOut_downScaling[8].shifter_right_dOut                  |                         shifter_right__parameterized0_156 |         21 |         21 |       0 |    0 |     0 |      0 |      0 |          0 |
|             dOut_downScaling[9].shifter_right_dOut                  |                         shifter_right__parameterized0_157 |         21 |         21 |       0 |    0 |     0 |      0 |      0 |          0 |
|           Linear_contract                                           |                           Linear_contract__parameterized0 |       1221 |       1221 |       0 |    0 |   181 |      0 |      0 |         40 |
|             (Linear_contract)                                       |                           Linear_contract__parameterized0 |        221 |        221 |       0 |    0 |   181 |      0 |      0 |          0 |
|             matMult_40_LinCont                                      |                        matMult_40_LinCont__parameterized0 |       1010 |       1010 |       0 |    0 |     0 |      0 |      0 |         40 |
|               (matMult_40_LinCont)                                  |                        matMult_40_LinCont__parameterized0 |        123 |        123 |       0 |    0 |     0 |      0 |      0 |         40 |
|               activator_dOut                                        |                                 activator__parameterized2 |        897 |        897 |       0 |    0 |     0 |      0 |      0 |          0 |
|                 shifter_right                                       |                            shifter_right__parameterized17 |        897 |        897 |       0 |    0 |     0 |      0 |      0 |          0 |
|           Linear_expand_x1                                          |                             Linear_expand__parameterized1 |       1641 |       1641 |       0 |    0 |   494 |      0 |      0 |          0 |
|             (Linear_expand_x1)                                      |                             Linear_expand__parameterized1 |        707 |        707 |       0 |    0 |   494 |      0 |      0 |          0 |
|             saturator_dOut                                          |                             saturator__parameterized1_115 |       1181 |       1181 |       0 |    0 |     0 |      0 |      0 |          0 |
|           Linear_expand_z1                                          |                             Linear_expand__parameterized2 |      10478 |      10478 |       0 |    0 |   492 |      0 |      0 |          0 |
|             (Linear_expand_z1)                                      |                             Linear_expand__parameterized2 |       9545 |       9545 |       0 |    0 |   492 |      0 |      0 |          0 |
|             saturator_dOut                                          |                             saturator__parameterized1_114 |       1182 |       1182 |       0 |    0 |     0 |      0 |      0 |          0 |
|           SSM                                                       |                                       SSM__parameterized0 |      21632 |      21632 |       0 |    0 | 19241 |      0 |      0 |         64 |
|             SSM_Computation                                         |                           SSM_Computation__parameterized0 |       7113 |       7113 |       0 |    0 | 11270 |      0 |      0 |         16 |
|               (SSM_Computation)                                     |                           SSM_Computation__parameterized0 |       6521 |       6521 |       0 |    0 | 11270 |      0 |      0 |          0 |
|               SSM_xkP1_compute                                      |                                          SSM_xkP1_compute |        136 |        136 |       0 |    0 |     0 |      0 |      0 |          8 |
|               SSM_y_compute                                         |                             SSM_y_compute__parameterized0 |        579 |        579 |       0 |    0 |     0 |      0 |      0 |          8 |
|                 (SSM_y_compute)                                     |                             SSM_y_compute__parameterized0 |        495 |        495 |       0 |    0 |     0 |      0 |      0 |          8 |
|                 saturator_dOut                                      |                                 saturator__parameterized0 |         84 |         84 |       0 |    0 |     0 |      0 |      0 |          0 |
|             SSM_Preprocess                                          |                            SSM_Preprocess__parameterized0 |      14519 |      14519 |       0 |    0 |  7971 |      0 |      0 |         48 |
|               (SSM_Preprocess)                                      |                            SSM_Preprocess__parameterized0 |          8 |          8 |       0 |    0 |   128 |      0 |      0 |          0 |
|               Dim_expand_delta_B                                    |                                        Dim_expand_delta_B |        946 |        946 |       0 |    0 |  2920 |      0 |      0 |          0 |
|                 (Dim_expand_delta_B)                                |                                        Dim_expand_delta_B |         58 |         58 |       0 |    0 |  2920 |      0 |      0 |          0 |
|                 Dim_expand_delta_B_compute                          |                                Dim_expand_delta_B_compute |        889 |        889 |       0 |    0 |     0 |      0 |      0 |          0 |
|               Exp_piecewise                                         |                             Exp_piecewise__parameterized0 |       2783 |       2783 |       0 |    0 |  2848 |      0 |      0 |         48 |
|                 (Exp_piecewise)                                     |                             Exp_piecewise__parameterized0 |       1339 |       1339 |       0 |    0 |  2848 |      0 |      0 |          0 |
|                 Dim_expand_delta_A_compute                          |                                Dim_expand_delta_A_compute |       1718 |       1718 |       0 |    0 |     0 |      0 |      0 |          0 |
|                 Exp_piecewise_compute                               |                     Exp_piecewise_compute__parameterized0 |        322 |        322 |       0 |    0 |     0 |      0 |      0 |         48 |
|                   (Exp_piecewise_compute)                           |                     Exp_piecewise_compute__parameterized0 |          0 |          0 |       0 |    0 |     0 |      0 |      0 |         48 |
|                   dOut_downScaling[0].shifter_dOut                  |                            shifter_right__parameterized16 |         38 |         38 |       0 |    0 |     0 |      0 |      0 |          0 |
|                   dOut_downScaling[1].shifter_dOut                  |                        shifter_right__parameterized16_107 |         41 |         41 |       0 |    0 |     0 |      0 |      0 |          0 |
|                   dOut_downScaling[2].shifter_dOut                  |                        shifter_right__parameterized16_108 |         40 |         40 |       0 |    0 |     0 |      0 |      0 |          0 |
|                   dOut_downScaling[3].shifter_dOut                  |                        shifter_right__parameterized16_109 |         41 |         41 |       0 |    0 |     0 |      0 |      0 |          0 |
|                   dOut_downScaling[4].shifter_dOut                  |                        shifter_right__parameterized16_110 |         40 |         40 |       0 |    0 |     0 |      0 |      0 |          0 |
|                   dOut_downScaling[5].shifter_dOut                  |                        shifter_right__parameterized16_111 |         40 |         40 |       0 |    0 |     0 |      0 |      0 |          0 |
|                   dOut_downScaling[6].shifter_dOut                  |                        shifter_right__parameterized16_112 |         41 |         41 |       0 |    0 |     0 |      0 |      0 |          0 |
|                   dOut_downScaling[7].shifter_dOut                  |                        shifter_right__parameterized16_113 |         41 |         41 |       0 |    0 |     0 |      0 |      0 |          0 |
|               Linear_expand_dBC_B                                   |                      Linear_expand_dBC_BC__parameterized1 |       2682 |       2682 |       0 |    0 |   441 |      0 |      0 |          0 |
|                 (Linear_expand_dBC_B)                               |                      Linear_expand_dBC_BC__parameterized1 |        180 |        180 |       0 |    0 |   441 |      0 |      0 |          0 |
|                 matMult_40_wo_bias                                  |                                    matMult_40_wo_bias_106 |       2506 |       2506 |       0 |    0 |     0 |      0 |      0 |          0 |
|               Linear_expand_dBC_C                                   |                      Linear_expand_dBC_BC__parameterized2 |       2661 |       2661 |       0 |    0 |   441 |      0 |      0 |          0 |
|                 (Linear_expand_dBC_C)                               |                      Linear_expand_dBC_BC__parameterized2 |         49 |         49 |       0 |    0 |   441 |      0 |      0 |          0 |
|                 matMult_40_wo_bias                                  |                                    matMult_40_wo_bias_105 |       2616 |       2616 |       0 |    0 |     0 |      0 |      0 |          0 |
|               Linear_expand_dBC_delta                               |                   Linear_expand_dBC_delta__parameterized0 |       2739 |       2739 |       0 |    0 |   592 |      0 |      0 |          0 |
|                 (Linear_expand_dBC_delta)                           |                   Linear_expand_dBC_delta__parameterized0 |         58 |         58 |       0 |    0 |   592 |      0 |      0 |          0 |
|                 matMult_40_wo_bias                                  |                                        matMult_40_wo_bias |       2686 |       2686 |       0 |    0 |     0 |      0 |      0 |          0 |
|               Linear_expand_delta                                   |                       Linear_expand_delta__parameterized0 |       2701 |       2701 |       0 |    0 |   601 |      0 |      0 |          0 |
|                 (Linear_expand_delta)                               |                       Linear_expand_delta__parameterized0 |        234 |        234 |       0 |    0 |   601 |      0 |      0 |          0 |
|                 matMult_32                                          |                                                matMult_32 |       2471 |       2471 |       0 |    0 |     0 |      0 |      0 |          0 |
|           SiLU_piecewise                                            |                                            SiLU_piecewise |          0 |          0 |       0 |    0 |     0 |      0 |      0 |          0 |
|             dOut_saturation[0].saturator_dOut                       |                                 saturator__parameterized2 |          0 |          0 |       0 |    0 |     0 |      0 |      0 |          0 |
|             dOut_saturation[10].saturator_dOut                      |                              saturator__parameterized2_84 |          0 |          0 |       0 |    0 |     0 |      0 |      0 |          0 |
|             dOut_saturation[11].saturator_dOut                      |                              saturator__parameterized2_85 |          0 |          0 |       0 |    0 |     0 |      0 |      0 |          0 |
|             dOut_saturation[12].saturator_dOut                      |                              saturator__parameterized2_86 |          0 |          0 |       0 |    0 |     0 |      0 |      0 |          0 |
|             dOut_saturation[14].saturator_dOut                      |                              saturator__parameterized2_87 |          0 |          0 |       0 |    0 |     0 |      0 |      0 |          0 |
|             dOut_saturation[17].saturator_dOut                      |                              saturator__parameterized2_88 |          0 |          0 |       0 |    0 |     0 |      0 |      0 |          0 |
|             dOut_saturation[19].saturator_dOut                      |                              saturator__parameterized2_89 |          0 |          0 |       0 |    0 |     0 |      0 |      0 |          0 |
|             dOut_saturation[1].saturator_dOut                       |                              saturator__parameterized2_90 |          0 |          0 |       0 |    0 |     0 |      0 |      0 |          0 |
|             dOut_saturation[21].saturator_dOut                      |                              saturator__parameterized2_91 |          0 |          0 |       0 |    0 |     0 |      0 |      0 |          0 |
|             dOut_saturation[23].saturator_dOut                      |                              saturator__parameterized2_92 |          0 |          0 |       0 |    0 |     0 |      0 |      0 |          0 |
|             dOut_saturation[24].saturator_dOut                      |                              saturator__parameterized2_93 |          0 |          0 |       0 |    0 |     0 |      0 |      0 |          0 |
|             dOut_saturation[27].saturator_dOut                      |                              saturator__parameterized2_94 |          0 |          0 |       0 |    0 |     0 |      0 |      0 |          0 |
|             dOut_saturation[28].saturator_dOut                      |                              saturator__parameterized2_95 |          0 |          0 |       0 |    0 |     0 |      0 |      0 |          0 |
|             dOut_saturation[29].saturator_dOut                      |                              saturator__parameterized2_96 |          0 |          0 |       0 |    0 |     0 |      0 |      0 |          0 |
|             dOut_saturation[2].saturator_dOut                       |                              saturator__parameterized2_97 |          0 |          0 |       0 |    0 |     0 |      0 |      0 |          0 |
|             dOut_saturation[31].saturator_dOut                      |                              saturator__parameterized2_98 |          0 |          0 |       0 |    0 |     0 |      0 |      0 |          0 |
|             dOut_saturation[32].saturator_dOut                      |                              saturator__parameterized2_99 |          0 |          0 |       0 |    0 |     0 |      0 |      0 |          0 |
|             dOut_saturation[4].saturator_dOut                       |                             saturator__parameterized2_100 |          0 |          0 |       0 |    0 |     0 |      0 |      0 |          0 |
|             dOut_saturation[5].saturator_dOut                       |                             saturator__parameterized2_101 |          0 |          0 |       0 |    0 |     0 |      0 |      0 |          0 |
|             dOut_saturation[6].saturator_dOut                       |                             saturator__parameterized2_102 |          0 |          0 |       0 |    0 |     0 |      0 |      0 |          0 |
|             dOut_saturation[7].saturator_dOut                       |                             saturator__parameterized2_103 |          0 |          0 |       0 |    0 |     0 |      0 |      0 |          0 |
|             dOut_saturation[8].saturator_dOut                       |                             saturator__parameterized2_104 |          0 |          0 |       0 |    0 |     0 |      0 |      0 |          0 |
|         Outputhead                                                  |                                                Outputhead |       6942 |       6942 |       0 |    0 |  1949 |      0 |      0 |         40 |
|           OH_LightNorm                                              |                                 LightNorm__parameterized1 |       5278 |       5278 |       0 |    0 |  1317 |      0 |      0 |         40 |
|             (OH_LightNorm)                                          |                                 LightNorm__parameterized1 |          5 |          5 |       0 |    0 |   324 |      0 |      0 |          0 |
|             LightNorm_compute[0].LightNorm_compute                  |                                         LightNorm_compute |        159 |        159 |       0 |    0 |    49 |      0 |      0 |          2 |
|               (LightNorm_compute[0].LightNorm_compute)              |                                         LightNorm_compute |          0 |          0 |       0 |    0 |     0 |      0 |      0 |          2 |
|               divider                                               |                             xil_internal_svlib_divider_83 |        159 |        159 |       0 |    0 |    49 |      0 |      0 |          0 |
|             LightNorm_compute[10].LightNorm_compute                 |                                       LightNorm_compute_0 |        159 |        159 |       0 |    0 |    49 |      0 |      0 |          2 |
|               (LightNorm_compute[10].LightNorm_compute)             |                                       LightNorm_compute_0 |          0 |          0 |       0 |    0 |     0 |      0 |      0 |          2 |
|               divider                                               |                             xil_internal_svlib_divider_82 |        159 |        159 |       0 |    0 |    49 |      0 |      0 |          0 |
|             LightNorm_compute[11].LightNorm_compute                 |                                       LightNorm_compute_1 |        159 |        159 |       0 |    0 |    49 |      0 |      0 |          2 |
|               (LightNorm_compute[11].LightNorm_compute)             |                                       LightNorm_compute_1 |          0 |          0 |       0 |    0 |     0 |      0 |      0 |          2 |
|               divider                                               |                             xil_internal_svlib_divider_81 |        159 |        159 |       0 |    0 |    49 |      0 |      0 |          0 |
|             LightNorm_compute[12].LightNorm_compute                 |                                       LightNorm_compute_2 |        158 |        158 |       0 |    0 |    49 |      0 |      0 |          2 |
|               (LightNorm_compute[12].LightNorm_compute)             |                                       LightNorm_compute_2 |          0 |          0 |       0 |    0 |     0 |      0 |      0 |          2 |
|               divider                                               |                             xil_internal_svlib_divider_80 |        158 |        158 |       0 |    0 |    49 |      0 |      0 |          0 |
|             LightNorm_compute[13].LightNorm_compute                 |                                       LightNorm_compute_3 |        157 |        157 |       0 |    0 |    49 |      0 |      0 |          2 |
|               (LightNorm_compute[13].LightNorm_compute)             |                                       LightNorm_compute_3 |          0 |          0 |       0 |    0 |     0 |      0 |      0 |          2 |
|               divider                                               |                             xil_internal_svlib_divider_79 |        157 |        157 |       0 |    0 |    49 |      0 |      0 |          0 |
|             LightNorm_compute[14].LightNorm_compute                 |                                       LightNorm_compute_4 |        158 |        158 |       0 |    0 |    49 |      0 |      0 |          2 |
|               (LightNorm_compute[14].LightNorm_compute)             |                                       LightNorm_compute_4 |          0 |          0 |       0 |    0 |     0 |      0 |      0 |          2 |
|               divider                                               |                             xil_internal_svlib_divider_78 |        158 |        158 |       0 |    0 |    49 |      0 |      0 |          0 |
|             LightNorm_compute[15].LightNorm_compute                 |                                       LightNorm_compute_5 |        157 |        157 |       0 |    0 |    49 |      0 |      0 |          2 |
|               (LightNorm_compute[15].LightNorm_compute)             |                                       LightNorm_compute_5 |          0 |          0 |       0 |    0 |     0 |      0 |      0 |          2 |
|               divider                                               |                             xil_internal_svlib_divider_77 |        157 |        157 |       0 |    0 |    49 |      0 |      0 |          0 |
|             LightNorm_compute[16].LightNorm_compute                 |                                       LightNorm_compute_6 |        158 |        158 |       0 |    0 |    49 |      0 |      0 |          2 |
|               (LightNorm_compute[16].LightNorm_compute)             |                                       LightNorm_compute_6 |          0 |          0 |       0 |    0 |     0 |      0 |      0 |          2 |
|               divider                                               |                             xil_internal_svlib_divider_76 |        158 |        158 |       0 |    0 |    49 |      0 |      0 |          0 |
|             LightNorm_compute[17].LightNorm_compute                 |                                       LightNorm_compute_7 |        158 |        158 |       0 |    0 |    49 |      0 |      0 |          2 |
|               (LightNorm_compute[17].LightNorm_compute)             |                                       LightNorm_compute_7 |          0 |          0 |       0 |    0 |     0 |      0 |      0 |          2 |
|               divider                                               |                             xil_internal_svlib_divider_75 |        158 |        158 |       0 |    0 |    49 |      0 |      0 |          0 |
|             LightNorm_compute[18].LightNorm_compute                 |                                       LightNorm_compute_8 |        159 |        159 |       0 |    0 |    49 |      0 |      0 |          2 |
|               (LightNorm_compute[18].LightNorm_compute)             |                                       LightNorm_compute_8 |          0 |          0 |       0 |    0 |     0 |      0 |      0 |          2 |
|               divider                                               |                             xil_internal_svlib_divider_74 |        159 |        159 |       0 |    0 |    49 |      0 |      0 |          0 |
|             LightNorm_compute[19].LightNorm_compute                 |                                       LightNorm_compute_9 |        160 |        160 |       0 |    0 |    49 |      0 |      0 |          2 |
|               (LightNorm_compute[19].LightNorm_compute)             |                                       LightNorm_compute_9 |          0 |          0 |       0 |    0 |     0 |      0 |      0 |          2 |
|               divider                                               |                             xil_internal_svlib_divider_73 |        160 |        160 |       0 |    0 |    49 |      0 |      0 |          0 |
|             LightNorm_compute[1].LightNorm_compute                  |                                      LightNorm_compute_10 |        159 |        159 |       0 |    0 |    49 |      0 |      0 |          2 |
|               (LightNorm_compute[1].LightNorm_compute)              |                                      LightNorm_compute_10 |          0 |          0 |       0 |    0 |     0 |      0 |      0 |          2 |
|               divider                                               |                             xil_internal_svlib_divider_72 |        159 |        159 |       0 |    0 |    49 |      0 |      0 |          0 |
|             LightNorm_compute[2].LightNorm_compute                  |                                      LightNorm_compute_11 |        159 |        159 |       0 |    0 |    49 |      0 |      0 |          2 |
|               (LightNorm_compute[2].LightNorm_compute)              |                                      LightNorm_compute_11 |          0 |          0 |       0 |    0 |     0 |      0 |      0 |          2 |
|               divider                                               |                             xil_internal_svlib_divider_71 |        159 |        159 |       0 |    0 |    49 |      0 |      0 |          0 |
|             LightNorm_compute[3].LightNorm_compute                  |                                      LightNorm_compute_12 |        158 |        158 |       0 |    0 |    49 |      0 |      0 |          2 |
|               (LightNorm_compute[3].LightNorm_compute)              |                                      LightNorm_compute_12 |          0 |          0 |       0 |    0 |     0 |      0 |      0 |          2 |
|               divider                                               |                             xil_internal_svlib_divider_70 |        158 |        158 |       0 |    0 |    49 |      0 |      0 |          0 |
|             LightNorm_compute[4].LightNorm_compute                  |                                      LightNorm_compute_13 |        151 |        151 |       0 |    0 |    49 |      0 |      0 |          2 |
|               (LightNorm_compute[4].LightNorm_compute)              |                                      LightNorm_compute_13 |          0 |          0 |       0 |    0 |     0 |      0 |      0 |          2 |
|               divider                                               |                             xil_internal_svlib_divider_69 |        151 |        151 |       0 |    0 |    49 |      0 |      0 |          0 |
|             LightNorm_compute[5].LightNorm_compute                  |                                      LightNorm_compute_14 |        157 |        157 |       0 |    0 |    49 |      0 |      0 |          2 |
|               (LightNorm_compute[5].LightNorm_compute)              |                                      LightNorm_compute_14 |          0 |          0 |       0 |    0 |     0 |      0 |      0 |          2 |
|               divider                                               |                             xil_internal_svlib_divider_68 |        157 |        157 |       0 |    0 |    49 |      0 |      0 |          0 |
|             LightNorm_compute[6].LightNorm_compute                  |                                      LightNorm_compute_15 |        159 |        159 |       0 |    0 |    49 |      0 |      0 |          2 |
|               (LightNorm_compute[6].LightNorm_compute)              |                                      LightNorm_compute_15 |          0 |          0 |       0 |    0 |     0 |      0 |      0 |          2 |
|               divider                                               |                             xil_internal_svlib_divider_67 |        159 |        159 |       0 |    0 |    49 |      0 |      0 |          0 |
|             LightNorm_compute[7].LightNorm_compute                  |                                      LightNorm_compute_16 |        157 |        157 |       0 |    0 |    49 |      0 |      0 |          2 |
|               (LightNorm_compute[7].LightNorm_compute)              |                                      LightNorm_compute_16 |          0 |          0 |       0 |    0 |     0 |      0 |      0 |          2 |
|               divider                                               |                             xil_internal_svlib_divider_66 |        157 |        157 |       0 |    0 |    49 |      0 |      0 |          0 |
|             LightNorm_compute[8].LightNorm_compute                  |                                      LightNorm_compute_17 |        159 |        159 |       0 |    0 |    49 |      0 |      0 |          2 |
|               (LightNorm_compute[8].LightNorm_compute)              |                                      LightNorm_compute_17 |          0 |          0 |       0 |    0 |     0 |      0 |      0 |          2 |
|               divider                                               |                             xil_internal_svlib_divider_65 |        159 |        159 |       0 |    0 |    49 |      0 |      0 |          0 |
|             LightNorm_compute[9].LightNorm_compute                  |                                      LightNorm_compute_18 |        157 |        157 |       0 |    0 |    49 |      0 |      0 |          2 |
|               (LightNorm_compute[9].LightNorm_compute)              |                                      LightNorm_compute_18 |          0 |          0 |       0 |    0 |     0 |      0 |      0 |          2 |
|               divider                                               |                                xil_internal_svlib_divider |        157 |        157 |       0 |    0 |    49 |      0 |      0 |          0 |
|             calculator_mean                                         |                                           calculator_mean |       1776 |       1776 |       0 |    0 |    13 |      0 |      0 |          0 |
|             calculator_range                                        |                                          calculator_range |          0 |          0 |       0 |    0 |     0 |      0 |      0 |          0 |
|               comparator_D_max                                      |                                                comparator |          0 |          0 |       0 |    0 |     0 |      0 |      0 |          0 |
|               comparator_D_min                                      |                                             comparator_38 |          0 |          0 |       0 |    0 |     0 |      0 |      0 |          0 |
|               comparator_final_max                                  |                                             comparator_39 |          0 |          0 |       0 |    0 |     0 |      0 |      0 |          0 |
|               comparator_final_min                                  |                                             comparator_40 |          0 |          0 |       0 |    0 |     0 |      0 |      0 |          0 |
|               stage_A[0].comparator_A                               |                                             comparator_41 |          0 |          0 |       0 |    0 |     0 |      0 |      0 |          0 |
|               stage_A[1].comparator_A                               |                                             comparator_42 |          0 |          0 |       0 |    0 |     0 |      0 |      0 |          0 |
|               stage_A[2].comparator_A                               |                                             comparator_43 |          0 |          0 |       0 |    0 |     0 |      0 |      0 |          0 |
|               stage_A[3].comparator_A                               |                                             comparator_44 |          0 |          0 |       0 |    0 |     0 |      0 |      0 |          0 |
|               stage_A[4].comparator_A                               |                                             comparator_45 |          0 |          0 |       0 |    0 |     0 |      0 |      0 |          0 |
|               stage_A[5].comparator_A                               |                                             comparator_46 |          0 |          0 |       0 |    0 |     0 |      0 |      0 |          0 |
|               stage_A[6].comparator_A                               |                                             comparator_47 |          0 |          0 |       0 |    0 |     0 |      0 |      0 |          0 |
|               stage_A[7].comparator_A                               |                                             comparator_48 |          0 |          0 |       0 |    0 |     0 |      0 |      0 |          0 |
|               stage_A[8].comparator_A                               |                                             comparator_49 |          0 |          0 |       0 |    0 |     0 |      0 |      0 |          0 |
|               stage_A[9].comparator_A                               |                                             comparator_50 |          0 |          0 |       0 |    0 |     0 |      0 |      0 |          0 |
|               stage_B_max[0].comparator_B_max                       |                                             comparator_51 |          0 |          0 |       0 |    0 |     0 |      0 |      0 |          0 |
|               stage_B_max[1].comparator_B_max                       |                                             comparator_52 |          0 |          0 |       0 |    0 |     0 |      0 |      0 |          0 |
|               stage_B_max[2].comparator_B_max                       |                                             comparator_53 |          0 |          0 |       0 |    0 |     0 |      0 |      0 |          0 |
|               stage_B_max[3].comparator_B_max                       |                                             comparator_54 |          0 |          0 |       0 |    0 |     0 |      0 |      0 |          0 |
|               stage_B_max[4].comparator_B_max                       |                                             comparator_55 |          0 |          0 |       0 |    0 |     0 |      0 |      0 |          0 |
|               stage_B_min[0].comparator_B_min                       |                                             comparator_56 |          0 |          0 |       0 |    0 |     0 |      0 |      0 |          0 |
|               stage_B_min[1].comparator_B_min                       |                                             comparator_57 |          0 |          0 |       0 |    0 |     0 |      0 |      0 |          0 |
|               stage_B_min[2].comparator_B_min                       |                                             comparator_58 |          0 |          0 |       0 |    0 |     0 |      0 |      0 |          0 |
|               stage_B_min[3].comparator_B_min                       |                                             comparator_59 |          0 |          0 |       0 |    0 |     0 |      0 |      0 |          0 |
|               stage_B_min[4].comparator_B_min                       |                                             comparator_60 |          0 |          0 |       0 |    0 |     0 |      0 |      0 |          0 |
|               stage_C_max[0].comparator_C_max                       |                                             comparator_61 |          0 |          0 |       0 |    0 |     0 |      0 |      0 |          0 |
|               stage_C_max[1].comparator_C_max                       |                                             comparator_62 |          0 |          0 |       0 |    0 |     0 |      0 |      0 |          0 |
|               stage_C_min[0].comparator_C_min                       |                                             comparator_63 |          0 |          0 |       0 |    0 |     0 |      0 |      0 |          0 |
|               stage_C_min[1].comparator_C_min                       |                                             comparator_64 |          0 |          0 |       0 |    0 |     0 |      0 |      0 |          0 |
|             dOut_downScaling[0].shifter_right_dOut                  |                             shifter_right__parameterized0 |         21 |         21 |       0 |    0 |     0 |      0 |      0 |          0 |
|             dOut_downScaling[10].shifter_right_dOut                 |                          shifter_right__parameterized0_19 |         21 |         21 |       0 |    0 |     0 |      0 |      0 |          0 |
|             dOut_downScaling[11].shifter_right_dOut                 |                          shifter_right__parameterized0_20 |         21 |         21 |       0 |    0 |     0 |      0 |      0 |          0 |
|             dOut_downScaling[12].shifter_right_dOut                 |                          shifter_right__parameterized0_21 |         21 |         21 |       0 |    0 |     0 |      0 |      0 |          0 |
|             dOut_downScaling[13].shifter_right_dOut                 |                          shifter_right__parameterized0_22 |         21 |         21 |       0 |    0 |     0 |      0 |      0 |          0 |
|             dOut_downScaling[14].shifter_right_dOut                 |                          shifter_right__parameterized0_23 |         21 |         21 |       0 |    0 |     0 |      0 |      0 |          0 |
|             dOut_downScaling[15].shifter_right_dOut                 |                          shifter_right__parameterized0_24 |         21 |         21 |       0 |    0 |     0 |      0 |      0 |          0 |
|             dOut_downScaling[16].shifter_right_dOut                 |                          shifter_right__parameterized0_25 |         21 |         21 |       0 |    0 |     0 |      0 |      0 |          0 |
|             dOut_downScaling[17].shifter_right_dOut                 |                          shifter_right__parameterized0_26 |         21 |         21 |       0 |    0 |     0 |      0 |      0 |          0 |
|             dOut_downScaling[18].shifter_right_dOut                 |                          shifter_right__parameterized0_27 |         21 |         21 |       0 |    0 |     0 |      0 |      0 |          0 |
|             dOut_downScaling[19].shifter_right_dOut                 |                          shifter_right__parameterized0_28 |         21 |         21 |       0 |    0 |     0 |      0 |      0 |          0 |
|             dOut_downScaling[1].shifter_right_dOut                  |                          shifter_right__parameterized0_29 |         21 |         21 |       0 |    0 |     0 |      0 |      0 |          0 |
|             dOut_downScaling[2].shifter_right_dOut                  |                          shifter_right__parameterized0_30 |         21 |         21 |       0 |    0 |     0 |      0 |      0 |          0 |
|             dOut_downScaling[3].shifter_right_dOut                  |                          shifter_right__parameterized0_31 |         21 |         21 |       0 |    0 |     0 |      0 |      0 |          0 |
|             dOut_downScaling[4].shifter_right_dOut                  |                          shifter_right__parameterized0_32 |         21 |         21 |       0 |    0 |     0 |      0 |      0 |          0 |
|             dOut_downScaling[5].shifter_right_dOut                  |                          shifter_right__parameterized0_33 |         21 |         21 |       0 |    0 |     0 |      0 |      0 |          0 |
|             dOut_downScaling[6].shifter_right_dOut                  |                          shifter_right__parameterized0_34 |         21 |         21 |       0 |    0 |     0 |      0 |      0 |          0 |
|             dOut_downScaling[7].shifter_right_dOut                  |                          shifter_right__parameterized0_35 |         21 |         21 |       0 |    0 |     0 |      0 |      0 |          0 |
|             dOut_downScaling[8].shifter_right_dOut                  |                          shifter_right__parameterized0_36 |         21 |         21 |       0 |    0 |     0 |      0 |      0 |          0 |
|             dOut_downScaling[9].shifter_right_dOut                  |                          shifter_right__parameterized0_37 |         21 |         21 |       0 |    0 |     0 |      0 |      0 |          0 |
|           OH_Linear_expand                                          |                             Linear_expand__parameterized3 |       1664 |       1664 |       0 |    0 |   632 |      0 |      0 |          0 |
|             (OH_Linear_expand)                                      |                             Linear_expand__parameterized3 |         92 |         92 |       0 |    0 |   632 |      0 |      0 |          0 |
|             matMult_20                                              |                                matMult_20__parameterized0 |       1572 |       1572 |       0 |    0 |     0 |      0 |      0 |          0 |
|             saturator_dOut                                          |                                 saturator__parameterized1 |          4 |          4 |       0 |    0 |     0 |      0 |      0 |          0 |
|         Patchembedding                                              |                                            Patchembedding |        894 |        894 |       0 |    0 |   183 |      0 |      0 |          0 |
|           Patch_Linear                                              |                                              Patch_Linear |        894 |        894 |       0 |    0 |   183 |      0 |      0 |          0 |
|             (Patch_Linear)                                          |                                              Patch_Linear |         58 |         58 |       0 |    0 |   183 |      0 |      0 |          0 |
|             matMult_20                                              |                                                matMult_20 |        823 |        823 |       0 |    0 |     0 |      0 |      0 |          0 |
|             saturator_dOut                                          |                                                 saturator |         13 |         13 |       0 |    0 |     0 |      0 |      0 |          0 |
|         edgeDetector                                                |                                              edgeDetector |          1 |          1 |       0 |    0 |     1 |      0 |      0 |          0 |
+---------------------------------------------------------------------+-----------------------------------------------------------+------------+------------+---------+------+-------+--------+--------+------------+
* Note: The sum of lower-level cells may be larger than their parent cells total, due to cross-hierarchy LUT combining


